price,accommodates,bedrooms,bathrooms,room_type,latitude,longitude,review_scores_rating,number_of_reviews,log_price,wifi,kitchen,air_conditioning
105.0,2,1.0,1.0,Entire home/apt,52.53471,13.4181,4.63,150,4.653960350157523,1,1,0
135.0,7,4.0,2.5,Entire home/apt,52.53269,13.41805,5.0,7,4.90527477843843,1,1,0
75.0,1,0.0,1.0,Entire home/apt,52.54813,13.40366,4.68,26,4.31748811353631,1,1,0
32.0,2,0.0,1.0,Entire home/apt,52.49419,13.42166,4.77,298,3.4657359027997265,1,1,0
202.0,4,2.0,1.0,Entire home/apt,52.53711,13.40888,4.48,140,5.308267697401205,1,1,0
152.0,5,2.0,1.0,Entire home/apt,52.53355,13.40476,4.81,600,5.0238805208462765,1,1,0
65.0,4,1.0,1.0,Entire home/apt,52.49134,13.37975,4.37,98,4.174387269895637,1,1,0
260.0,4,2.0,2.0,Entire home/apt,52.54419,13.41956,4.66,201,5.560681631015528,1,1,0
70.0,1,0.0,1.0,Entire home/apt,52.54804,13.40349,4.66,34,4.248495242049359,1,1,0
172.0,8,2.0,1.0,Entire home/apt,52.54596,13.42291,4.8,503,5.147494476813453,1,1,0
60.0,4,1.0,1.0,Entire home/apt,52.49546,13.30858,5.0,3,4.0943445622221,1,1,0
60.0,2,1.0,1.0,Private room,52.49376,13.36408,4.74,38,4.0943445622221,1,1,0
54.0,5,1.0,1.5,Private room,52.49661,13.44038,4.84,32,3.9889840465642745,1,1,0
200.0,4,2.0,1.0,Entire home/apt,52.51099,13.45642,4.91,201,5.298317366548036,1,1,0
54.0,2,1.0,1.0,Entire home/apt,52.50469,13.29409,4.82,22,3.9889840465642745,1,1,0
290.0,4,2.0,2.0,Entire home/apt,52.54758,13.40632,4.93,148,5.66988092298052,1,1,0
240.0,4,3.0,1.5,Entire home/apt,52.53572,13.42739,4.83,89,5.480638923341991,1,1,0
282.0,4,3.0,2.0,Entire home/apt,52.54059,13.40301,4.8,19,5.641907070938114,1,1,0
144.0,4,1.0,1.0,Entire home/apt,52.49337,13.42555,4.99,100,4.969813299576001,1,1,0
137.0,4,0.0,1.0,Entire home/apt,52.55004,13.41518,4.64,441,4.919980925828125,1,1,0
106.0,1,1.0,1.0,Entire home/apt,52.5488,13.40425,5.0,2,4.663439094112067,1,1,0
99.0,1,0.0,1.0,Entire home/apt,52.48074,13.28903,4.95,185,4.59511985013459,1,1,0
68.0,2,1.0,1.0,Entire home/apt,52.55064,13.41466,4.93,450,4.219507705176107,1,1,0
293.0,6,2.0,1.5,Entire home/apt,52.54720260822955,13.416090488433827,4.87,397,5.680172609017068,1,1,0
94.0,2,2.0,1.0,Entire home/apt,52.53036,13.38137,4.74,213,4.543294782270004,1,1,0
175.0,4,2.0,1.0,Entire home/apt,52.54715,13.42657,4.89,327,5.1647859739235145,1,1,0
131.0,4,1.0,1.0,Entire home/apt,52.54048,13.41087,4.8,72,4.875197323201151,1,1,0
95.0,4,1.0,1.0,Entire home/apt,52.58178,13.3962,4.96,54,4.553876891600541,1,1,0
58.0,4,1.0,1.0,Entire home/apt,52.49989,13.4448,4.72,82,4.060443010546419,1,1,0
113.0,2,1.0,1.0,Entire home/apt,52.52536,13.40488,4.83,761,4.727387818712341,1,1,0
136.0,2,1.0,1.0,Entire home/apt,52.50894,13.46075,4.88,34,4.912654885736052,1,1,0
165.0,4,3.0,1.0,Entire home/apt,52.49944,13.34685,4.45,306,5.10594547390058,1,1,0
100.0,2,1.0,1.0,Entire home/apt,52.48033,13.3609,4.9,336,4.605170185988092,1,1,0
75.0,2,1.0,1.0,Entire home/apt,52.49681,13.41758,4.43,35,4.31748811353631,1,1,0
185.0,5,2.0,1.0,Entire home/apt,52.47844,13.30973,4.88,77,5.220355825078324,1,1,0
49.0,2,1.0,1.0,Entire home/apt,52.58045,13.44398,4.92,38,3.8918202981106265,1,1,0
80.0,5,2.0,2.0,Entire home/apt,52.52889,13.40726,4.81,33,4.382026634673881,1,1,0
340.0,7,3.0,2.0,Entire home/apt,52.50254,13.39134,4.81,149,5.828945617610208,1,1,0
237.0,12,3.0,1.5,Entire home/apt,52.57051,13.39872,4.83,198,5.468060141135132,1,1,0
65.0,1,1.0,1.0,Entire home/apt,52.499,13.30171,4.83,30,4.174387269895637,1,1,0
45.0,2,1.0,1.0,Entire home/apt,52.49281,13.34951,4.66,58,3.80666248977032,1,1,0
120.0,4,2.0,1.0,Entire home/apt,52.53822,13.45771,4.75,103,4.787491742782046,1,1,0
67.0,3,0.0,1.0,Entire home/apt,52.43973,13.46044,4.75,80,4.204692619390966,1,1,0
118.0,4,2.0,1.0,Entire home/apt,52.4766,13.50838,4.15,66,4.770684624465665,1,1,0
110.0,2,1.0,1.0,Private room,52.50301,13.41506,4.6,105,4.700480365792417,1,1,0
50.0,1,1.0,0.0,Private room,52.49713,13.32525,4.67,12,3.912023005428146,1,1,0
100.0,4,3.0,1.0,Entire home/apt,52.41363,13.50172,4.33,3,4.605170185988092,1,1,0
44.0,1,1.0,1.0,Private room,52.5189,13.3009,4.54,99,3.784189633918261,1,0,0
84.0,2,1.0,1.0,Entire home/apt,52.52545,13.29847,4.84,44,4.430816798843313,1,1,0
112.0,4,2.0,1.0,Entire home/apt,52.54223,13.35284,4.81,663,4.718498871295094,1,1,0
49.0,2,1.0,1.0,Entire home/apt,52.52875,13.34062,4.73,211,3.8918202981106265,1,1,0
107.0,2,1.0,1.0,Entire home/apt,52.48609,13.43662,4.45,12,4.672828834461906,1,1,0
106.0,2,1.0,1.0,Entire home/apt,52.52067184448242,13.341280937194824,4.63,178,4.663439094112067,1,1,0
106.0,2,1.0,1.0,Entire home/apt,52.52147674560547,13.342495918273926,4.5,129,4.663439094112067,1,1,0
60.0,2,1.0,1.0,Private room,52.52861,13.40527,4.91,360,4.0943445622221,1,1,0
151.0,7,4.0,2.5,Entire home/apt,52.39095,13.39185,5.0,7,5.017279836814924,1,1,0
28.0,1,1.0,1.0,Entire home/apt,52.51167,13.2852,4.7,26,3.332204510175204,0,1,0
55.0,2,1.0,1.0,Entire home/apt,52.44127,13.46116,4.85,80,4.007333185232471,1,1,0
123.0,2,1.0,1.0,Entire home/apt,52.53218,13.41571,4.83,713,4.812184355372417,1,1,0
146.0,2,1.0,2.0,Entire home/apt,52.51367,13.45527,4.77,100,4.983606621708336,1,1,0
89.0,4,1.0,1.0,Entire home/apt,52.41643,13.16445,5.0,4,4.48863636973214,1,1,0
85.0,2,1.0,1.0,Entire home/apt,52.41618,13.16461,3.0,2,4.442651256490317,1,1,0
89.0,4,0.0,1.0,Entire home/apt,52.52826,13.33044,4.68,314,4.48863636973214,1,1,0
179.0,5,1.0,1.0,Entire home/apt,52.53094,13.33453,4.78,58,5.187385805840755,1,1,0
140.0,6,2.0,1.0,Entire home/apt,52.52983,13.39275,4.72,387,4.941642422609304,1,1,0
77.0,4,2.0,1.5,Entire home/apt,52.44612,13.49829,4.62,277,4.343805421853684,1,1,0
276.0,6,3.0,1.0,Entire home/apt,52.52024,13.3907,4.55,195,5.62040086571715,1,1,0
140.0,4,1.0,1.0,Entire home/apt,52.50974,13.39971,4.53,119,4.941642422609304,1,1,0
92.0,2,1.0,1.0,Entire home/apt,52.54339,13.42615,4.82,194,4.5217885770490405,1,1,0
72.0,4,1.0,1.0,Entire home/apt,52.49512,13.35251,4.83,383,4.276666119016055,1,1,0
127.0,6,2.0,2.0,Entire home/apt,52.51792,13.30729,4.44,108,4.844187086458591,1,1,0
80.0,2,1.0,1.0,Entire home/apt,52.48471,13.35982,4.87,143,4.382026634673881,1,1,0
71.0,4,1.0,1.0,Entire home/apt,52.42191,13.37495,4.95,76,4.262679877041316,1,1,0
111.0,4,1.0,1.0,Entire home/apt,52.51792,13.30729,4.5,51,4.709530201312334,1,1,0
112.0,6,2.0,1.0,Entire home/apt,52.47013,13.34851,4.53,55,4.718498871295094,1,1,0
127.0,6,2.0,1.5,Entire home/apt,52.49953,13.36546,4.64,99,4.844187086458591,1,1,0
82.0,3,0.0,1.0,Entire home/apt,52.48538,13.34681,4.55,47,4.406719247264253,1,1,0
136.0,5,2.0,1.0,Entire home/apt,52.53703,13.39735,4.68,47,4.912654885736052,1,1,0
127.0,5,2.0,1.0,Entire home/apt,52.53867,13.39712,4.56,50,4.844187086458591,1,1,0
104.0,4,2.0,1.0,Entire home/apt,52.53667,13.39505,4.85,99,4.6443908991413725,1,1,0
127.0,4,2.0,1.0,Entire home/apt,52.53881,13.39654,4.77,58,4.844187086458591,1,1,0
89.0,1,1.0,1.0,Private room,52.5008,13.38847,4.92,52,4.48863636973214,1,1,0
55.0,3,2.0,1.0,Entire home/apt,52.49738,13.41322,4.34,108,4.007333185232471,1,1,0
81.0,4,0.0,1.0,Entire home/apt,52.50786,13.46703,4.66,398,4.394449154672439,1,1,0
68.0,4,2.0,1.0,Entire home/apt,52.49707,13.3849,4.59,256,4.219507705176107,1,1,0
135.0,2,0.0,1.5,Entire home/apt,52.53949,13.41615,4.81,368,4.90527477843843,1,1,0
137.0,2,1.0,1.0,Entire home/apt,52.53237,13.41548,4.86,789,4.919980925828125,1,1,0
148.0,4,1.0,1.0,Private room,52.50977,13.44602,4.43,227,4.997212273764115,1,1,0
77.0,1,1.0,0.0,Private room,52.50977,13.44602,3.59,29,4.343805421853684,1,1,0
112.0,2,1.0,0.0,Private room,52.50977,13.44602,4.27,306,4.718498871295094,1,0,0
18.0,3,1.0,0.0,Shared room,52.50977,13.44602,4.36,208,2.8903717578961645,1,0,0
20.0,4,1.0,0.0,Shared room,52.50977,13.44602,4.3,77,2.995732273553991,1,1,0
105.0,4,1.0,1.0,Entire home/apt,52.44987,13.48777,4.73,52,4.653960350157523,1,1,0
157.0,3,1.0,1.0,Entire home/apt,52.53646,13.39858,4.92,106,5.056245805348308,1,1,0
108.0,4,1.0,1.0,Entire home/apt,52.54424,13.42139,4.96,278,4.68213122712422,1,1,0
90.0,4,1.0,1.0,Entire home/apt,52.41975,13.48541,4.98,59,4.499809670330265,1,1,0
144.0,5,2.0,1.5,Entire home/apt,52.49614,13.29501,4.85,119,4.969813299576001,1,1,0
74.0,4,1.0,1.0,Entire home/apt,52.53538,13.4296,4.79,62,4.30406509320417,1,1,0
68.0,2,1.0,1.0,Private room,52.52987,13.4268,4.91,67,4.219507705176107,1,1,0
35.0,2,1.0,1.0,Private room,52.55381,13.40553,4.95,302,3.555348061489413,1,1,0
172.0,4,2.0,1.0,Entire home/apt,52.53961,13.41951,4.87,377,5.147494476813453,1,1,0
306.0,8,3.0,2.0,Entire home/apt,52.496707916259766,13.356289863586426,4.86,352,5.723585101952381,1,1,0
144.0,2,1.0,1.0,Entire home/apt,52.53164,13.40554,4.84,104,4.969813299576001,1,1,0
50.0,2,1.0,1.0,Entire home/apt,52.46353,13.34404,4.75,422,3.912023005428146,1,1,0
60.0,2,1.0,1.0,Entire home/apt,52.46411,13.34383,4.78,172,4.0943445622221,1,1,0
161.0,7,1.0,1.0,Entire home/apt,52.53392,13.40503,4.58,292,5.081404364984463,1,1,0
140.0,4,0.0,1.0,Entire home/apt,52.54094,13.43602,4.64,503,4.941642422609304,1,1,0
146.0,4,0.0,1.0,Entire home/apt,52.5429,13.43628,4.66,506,4.983606621708336,1,1,0
62.0,3,1.0,1.0,Private room,52.48348,13.42909,4.37,322,4.127134385045092,1,1,0
60.0,2,1.0,1.0,Entire home/apt,52.5376,13.41004,4.8,11,4.0943445622221,1,1,0
85.0,5,1.0,1.0,Entire home/apt,52.49885,13.40021,4.5,490,4.442651256490317,0,1,0
84.0,2,1.0,1.0,Entire home/apt,52.5135,13.45802,4.92,543,4.430816798843313,1,1,0
91.0,2,1.0,1.0,Private room,52.53754,13.41968,4.96,275,4.51085950651685,1,1,0
62.0,2,1.0,1.0,Entire home/apt,52.51837,13.31841,4.0,6,4.127134385045092,1,1,0
30.0,2,1.0,1.0,Private room,52.50623,13.30163,4.91,55,3.4011973816621555,1,1,0
56.0,2,1.0,1.0,Entire home/apt,52.52332,13.35737,0.0,1,4.02535169073515,1,1,0
59.0,6,2.0,1.0,Entire home/apt,52.57917,13.44359,4.45,174,4.07753744390572,1,1,0
116.0,2,1.0,1.0,Entire home/apt,52.5028,13.4374,4.92,467,4.7535901911063645,1,1,0
120.0,4,1.0,1.0,Entire home/apt,52.49356460571289,13.412236213684082,4.88,413,4.787491742782046,1,1,0
172.0,2,1.0,1.0,Entire home/apt,52.51133,13.3951,4.94,16,5.147494476813453,1,1,0
100.0,6,2.0,1.0,Entire home/apt,52.53916,13.41008,4.85,410,4.605170185988092,1,1,0
49.0,2,1.0,1.0,Entire home/apt,52.54167,13.37285,4.55,11,3.8918202981106265,1,1,0
85.0,2,1.0,1.0,Entire home/apt,52.43663,13.21023,4.76,21,4.442651256490317,1,1,0
105.0,4,1.0,1.0,Entire home/apt,52.52971,13.38907,4.85,430,4.653960350157523,1,1,0
115.0,5,1.0,1.0,Entire home/apt,52.52961,13.38904,4.84,323,4.74493212836325,1,1,0
65.0,2,1.0,1.0,Entire home/apt,52.54116,13.41449,4.91,293,4.174387269895637,1,1,0
95.0,4,1.0,1.0,Entire home/apt,52.49257,13.41091,4.91,596,4.553876891600541,1,1,0
101.0,4,1.0,1.0,Entire home/apt,52.47919,13.42538,4.77,235,4.61512051684126,1,1,0
125.0,2,1.0,1.0,Entire home/apt,52.5151,13.41369,4.81,292,4.8283137373023015,1,1,0
65.0,2,0.0,1.0,Entire home/apt,52.53609819909791,13.37822039816644,4.75,372,4.174387269895637,1,1,0
65.0,2,1.0,1.0,Entire home/apt,52.53608,13.37843,4.83,343,4.174387269895637,1,1,0
86.0,4,1.0,1.0,Entire home/apt,52.53325,13.40217,5.0,6,4.454347296253507,1,1,0
373.0,12,4.0,2.0,Entire home/apt,52.54407,13.42201,4.93,382,5.921578419643816,1,1,0
259.0,4,2.0,2.5,Entire home/apt,52.48916,13.35058,4.96,96,5.556828061699537,1,1,0
84.0,4,1.0,1.0,Entire home/apt,52.4568,13.38698,4.69,327,4.430816798843313,1,1,0
211.0,4,1.0,1.0,Entire home/apt,52.43286,13.70843,4.95,20,5.351858133476067,1,1,0
89.0,2,1.0,1.0,Entire home/apt,52.48207,13.36099,4.87,495,4.48863636973214,1,1,0
136.0,2,0.0,1.0,Entire home/apt,52.50561957139374,13.42042823702963,4.91,159,4.912654885736052,1,1,0
87.0,4,1.0,1.0,Entire home/apt,52.5475,13.40002,4.72,409,4.465908118654584,1,1,0
51.0,2,1.0,1.0,Private room,52.49081,13.34785,4.87,55,3.9318256327243257,1,0,0
31.0,2,0.0,1.0,Entire home/apt,52.49751663208008,13.349440574645996,4.51,83,3.4339872044851463,1,1,0
77.0,2,1.0,1.0,Entire home/apt,52.45767,13.37887,4.75,35,4.343805421853684,1,1,0
60.0,2,1.0,1.0,Entire home/apt,52.41305,13.47963,4.52,80,4.0943445622221,1,1,0
198.0,5,3.0,1.0,Entire home/apt,52.53229904174805,13.426223754882812,4.89,108,5.288267030694535,1,1,0
37.0,2,1.0,1.0,Entire home/apt,52.48623,13.44967,4.74,97,3.610917912644224,1,1,0
65.0,2,1.0,1.0,Entire home/apt,52.41335,13.47975,4.63,70,4.174387269895637,1,1,0
112.0,6,3.0,1.0,Entire home/apt,52.49739,13.30231,4.63,131,4.718498871295094,1,1,0
29.0,1,1.0,1.0,Private room,52.57379,13.35485,4.67,36,3.367295829986474,1,1,0
135.0,2,1.0,1.0,Entire home/apt,52.49615,13.43335,4.85,61,4.90527477843843,1,1,0
124.0,6,3.0,1.0,Entire home/apt,52.52302,13.45452,4.73,115,4.820281565605037,1,1,0
77.0,4,1.0,1.0,Entire home/apt,52.50081,13.30127,4.76,128,4.343805421853684,1,1,0
49.0,1,1.0,1.5,Private room,52.49765119267812,13.428157359714586,4.72,70,3.8918202981106265,1,1,0
101.0,3,1.0,1.0,Entire home/apt,52.52819,13.39641,4.91,164,4.61512051684126,1,1,0
51.0,3,1.0,1.0,Entire home/apt,52.48512,13.3558,4.67,39,3.9318256327243257,1,1,0
83.0,1,1.0,1.0,Private room,52.48955,13.32265,4.77,242,4.418840607796598,1,1,0
70.0,2,1.0,1.0,Entire home/apt,52.49318,13.43811,4.83,172,4.248495242049359,1,1,0
57.0,2,1.0,1.0,Entire home/apt,52.53088,13.35107,4.57,149,4.04305126783455,1,1,0
160.0,6,3.0,2.0,Entire home/apt,52.50244,13.36344,4.79,440,5.075173815233827,1,1,0
96.0,4,1.0,1.0,Entire home/apt,52.49798,13.39973,4.61,158,4.564348191467836,1,1,0
281.0,4,2.0,1.5,Entire home/apt,52.49485,13.43586,4.86,43,5.638354669333745,1,1,0
45.0,2,1.0,1.0,Entire home/apt,52.48749,13.41877,4.75,182,3.80666248977032,1,1,0
360.0,8,3.0,1.0,Entire home/apt,52.51442,13.45243,4.94,232,5.886104031450156,1,1,0
50.0,2,1.0,1.0,Private room,52.5618,13.49399,4.7,129,3.912023005428146,1,1,0
217.0,9,4.0,1.5,Entire home/apt,52.45308,13.35351,4.9,138,5.37989735354046,1,1,0
63.0,2,1.0,1.0,Private room,52.49211,13.36937,4.88,165,4.143134726391533,1,1,0
167.0,2,1.0,1.0,Entire home/apt,52.51279,13.44946,4.93,94,5.117993812416755,1,1,0
65.0,1,1.0,1.0,Private room,52.48981,13.4216,4.88,100,4.174387269895637,1,1,0
140.0,2,1.0,1.0,Entire home/apt,52.55474,13.41318,4.95,94,4.941642422609304,1,1,0
40.0,1,0.0,1.0,Entire home/apt,52.43166,13.4549,4.65,241,3.688879454113936,0,1,0
51.0,2,1.0,1.0,Private room,52.53533,13.41739,4.86,163,3.9318256327243257,1,1,0
225.0,2,1.0,1.0,Entire home/apt,52.49686,13.33922,4.87,164,5.41610040220442,1,1,0
112.0,5,2.0,1.0,Entire home/apt,52.49068,13.40485,4.58,430,4.718498871295094,1,1,0
65.0,3,1.0,1.0,Entire home/apt,52.49299,13.39633,4.76,141,4.174387269895637,1,1,0
150.0,2,1.0,1.0,Entire home/apt,52.54653,13.40217,4.89,115,5.010635294096256,1,1,0
137.0,4,1.0,1.0,Entire home/apt,52.54401016235352,13.424574851989746,4.94,486,4.919980925828125,1,1,0
62.0,1,2.0,1.5,Entire home/apt,52.57515,13.36888,4.71,72,4.127134385045092,1,1,0
97.0,4,1.0,1.0,Entire home/apt,52.4763,13.4415,4.82,222,4.574710978503383,1,1,0
67.0,1,1.0,1.0,Entire home/apt,52.49487,13.42879,4.73,178,4.204692619390966,1,1,0
141.0,2,1.0,1.0,Entire home/apt,52.53466,13.35154,0.0,0,4.948759890378168,1,1,0
200.0,4,2.0,1.0,Entire home/apt,52.44637,13.44797,4.43,7,5.298317366548036,1,1,0
75.0,2,1.0,1.0,Entire home/apt,52.50439,13.42558,4.59,22,4.31748811353631,1,1,0
75.0,2,1.0,1.0,Entire home/apt,52.50253,13.4258,4.65,20,4.31748811353631,1,1,0
117.0,3,1.0,1.0,Entire home/apt,52.54389,13.42163,4.78,77,4.762173934797756,1,1,0
67.0,2,1.0,1.0,Entire home/apt,52.54266,13.41643,4.5,2,4.204692619390966,1,1,0
128.0,6,2.0,1.0,Entire home/apt,52.54498,13.4156,4.55,273,4.852030263919617,1,1,0
165.0,2,1.0,1.0,Entire home/apt,52.49823,13.43371,4.93,56,5.10594547390058,1,1,0
129.0,5,2.0,1.0,Entire home/apt,52.47714,13.45189,4.84,92,4.859812404361672,1,1,0
109.0,2,1.0,1.0,Entire home/apt,52.53326,13.43433,4.63,70,4.691347882229144,1,1,0
95.0,4,1.0,3.0,Entire home/apt,52.53631,13.40655,4.91,22,4.553876891600541,1,1,0
96.0,2,1.0,1.0,Entire home/apt,52.51455,13.45987,4.77,31,4.564348191467836,1,1,0
96.0,2,1.0,1.0,Entire home/apt,52.51481,13.45843,4.85,34,4.564348191467836,1,1,0
33.0,1,1.0,1.5,Private room,52.46483,13.51275,4.45,11,3.49650756146648,1,1,0
100.0,2,1.0,1.0,Entire home/apt,52.49705,13.43411,5.0,2,4.605170185988092,1,1,0
96.0,2,1.0,1.0,Entire home/apt,52.51474,13.46143,4.93,31,4.564348191467836,1,1,0
136.0,3,2.0,2.0,Entire home/apt,52.55218,13.40415,4.85,103,4.912654885736052,1,1,0
117.0,5,1.0,1.0,Entire home/apt,52.50954,13.40504,4.48,54,4.762173934797756,1,1,0
44.0,3,1.0,2.0,Private room,52.56078,13.49243,4.75,139,3.784189633918261,1,1,0
39.0,1,1.0,1.0,Private room,52.58814,13.39598,4.95,37,3.6635616461296463,1,0,0
100.0,3,1.0,1.0,Entire home/apt,52.50113,13.43176,4.86,548,4.605170185988092,1,1,0
28.0,1,1.0,1.0,Private room,52.52011,13.35889,4.85,13,3.332204510175204,1,1,0
184.0,2,1.0,1.0,Entire home/apt,52.53321,13.42556,4.96,182,5.214935757608986,1,1,0
80.0,2,1.0,1.0,Private room,52.48851,13.34912,4.93,41,4.382026634673881,1,1,0
32.0,2,1.0,1.0,Entire home/apt,52.50865,13.24357,4.61,18,3.4657359027997265,1,1,0
47.0,3,2.0,1.0,Entire home/apt,52.51576,13.26434,4.86,38,3.8501476017100575,1,1,0
307.0,5,3.0,2.0,Entire home/apt,52.53741,13.45873,4.91,325,5.726847747587197,1,1,1
693.0,6,2.0,2.0,Entire home/apt,52.47022,13.31133,4.35,23,6.541029999189903,1,1,0
123.0,3,1.0,1.0,Entire home/apt,52.53558,13.42542,4.88,386,4.812184355372417,1,1,0
171.0,4,1.0,1.0,Entire home/apt,52.47084644080307,13.30977998859106,5.0,1,5.14166355650266,1,1,0
112.0,4,2.0,1.0,Entire home/apt,52.54013,13.35249,4.84,668,4.718498871295094,1,1,0
195.0,4,3.0,1.5,Entire home/apt,52.52853,13.38713,4.96,350,5.272999558563747,1,1,0
59.0,3,1.0,1.0,Private room,52.39198,13.40816,4.78,18,4.07753744390572,1,1,0
60.0,3,1.0,1.0,Entire home/apt,52.51637,13.47122,4.86,14,4.0943445622221,1,1,0
62.0,4,1.0,1.0,Private room,52.40838,13.53149,4.9,168,4.127134385045092,1,1,0
63.0,3,1.0,1.0,Private room,52.40868,13.53306,4.65,54,4.143134726391533,1,1,0
139.0,3,0.0,1.0,Entire home/apt,52.54213,13.43838,4.61,464,4.934473933130692,1,1,0
60.0,3,1.0,1.0,Private room,52.63905,13.2752,4.84,250,4.0943445622221,1,0,0
68.0,2,0.0,0.0,Entire home/apt,52.54689,13.42632,4.86,177,4.219507705176107,1,1,0
55.0,1,1.0,1.0,Private room,52.51248,13.31687,4.68,57,4.007333185232471,1,1,0
55.0,2,1.0,1.0,Private room,52.48648,13.35029,4.86,100,4.007333185232471,1,1,0
102.0,4,1.0,1.0,Entire home/apt,52.53994,13.40936,4.82,156,4.624972813284271,1,1,0
41.0,2,1.0,1.0,Private room,52.53615,13.42204,4.87,101,3.713572066704308,1,1,0
58.0,1,1.0,1.0,Private room,52.49158,13.42327,4.91,219,4.060443010546419,1,1,0
62.0,4,2.0,1.5,Entire home/apt,52.49457,13.39525,4.76,166,4.127134385045092,1,1,0
45.0,2,1.0,1.0,Entire home/apt,52.48754,13.42052,4.74,162,3.80666248977032,1,1,0
47.0,1,1.0,1.5,Private room,52.4338,13.55078,4.93,42,3.8501476017100575,1,0,0
82.0,2,1.0,1.0,Entire home/apt,52.50386,13.37007,4.79,564,4.406719247264253,1,1,0
49.0,3,1.0,1.0,Private room,52.52537,13.63342,4.99,77,3.8918202981106265,1,1,1
57.0,2,1.0,1.0,Entire home/apt,52.44656,13.61662,4.81,257,4.04305126783455,1,1,0
58.0,2,1.0,1.0,Entire home/apt,52.5475,13.40584,5.0,3,4.060443010546419,1,1,0
99.0,2,1.0,1.0,Shared room,52.50017,13.423,4.81,26,4.59511985013459,1,1,0
69.0,2,1.0,1.0,Entire home/apt,52.49256,13.43667,4.83,167,4.23410650459726,1,1,0
403.0,4,3.0,2.0,Entire home/apt,52.52746,13.40781,5.0,23,5.998936561946683,1,1,0
65.0,1,1.0,1.0,Private room,52.50059,13.34231,4.91,109,4.174387269895637,1,1,0
112.0,2,1.0,1.0,Entire home/apt,52.53979,13.35207,4.86,75,4.718498871295094,1,1,0
208.0,3,1.0,1.0,Entire home/apt,52.5313,13.39461,4.53,197,5.337538079701318,1,1,0
77.0,3,1.0,1.0,Entire home/apt,52.47974395751953,13.422286987304688,4.47,33,4.343805421853684,1,1,0
93.0,4,1.0,1.0,Entire home/apt,52.53413,13.39945,4.29,9,4.532599493153256,1,1,1
108.0,1,1.0,2.0,Private room,52.48021,13.31437,5.0,3,4.68213122712422,1,1,0
80.0,2,1.0,1.0,Entire home/apt,52.52436447143555,13.407642364501951,4.5,13,4.382026634673881,0,1,0
65.0,4,2.0,1.0,Entire home/apt,52.56169,13.37297,4.37,277,4.174387269895637,1,1,0
65.0,2,1.0,1.0,Private room,52.50376,13.41032,4.87,284,4.174387269895637,1,1,0
60.0,2,1.0,1.0,Private room,52.58711,13.40013,4.88,159,4.0943445622221,1,1,0
82.0,3,2.0,1.0,Entire home/apt,52.55423,13.36646,4.76,33,4.406719247264253,1,1,0
127.0,7,3.0,1.0,Entire home/apt,52.49451,13.38537,4.7,485,4.844187086458591,1,1,0
78.0,1,1.0,1.0,Private room,52.52725,13.39153,4.92,115,4.356708826689592,1,1,0
145.0,4,1.0,1.0,Entire home/apt,52.53434,13.40217,4.78,391,4.976733742420574,1,1,0
190.0,6,2.0,1.0,Entire home/apt,52.491261,13.392341,4.92,399,5.247024072160486,1,1,0
51.0,1,1.0,1.0,Private room,52.50467,13.29144,4.98,132,3.9318256327243257,1,1,0
112.0,4,2.0,1.0,Entire home/apt,52.538,13.40886,4.81,433,4.718498871295094,1,1,0
41.0,2,1.0,1.0,Entire home/apt,52.55474,13.34739,4.95,22,3.713572066704308,1,1,0
162.0,5,2.0,1.0,Entire home/apt,52.51595,13.45704,4.91,67,5.087596335232384,1,1,0
117.0,4,2.0,1.0,Entire home/apt,52.56467,13.39204,4.84,38,4.762173934797756,1,1,0
107.0,2,1.0,1.0,Entire home/apt,52.48667,13.39064,5.0,6,4.672828834461906,1,1,0
169.0,6,3.0,1.0,Entire home/apt,52.51515,13.46967,4.39,144,5.1298987149230735,1,1,0
79.0,1,1.0,1.0,Entire home/apt,52.52275,13.40259,4.69,126,4.3694478524670215,1,1,0
84.0,2,1.0,1.0,Entire home/apt,52.5516,13.41688,4.81,334,4.430816798843313,1,1,0
46.0,2,1.0,1.0,Entire home/apt,52.5157,13.30468,4.93,28,3.828641396489095,1,1,0
80.0,2,1.0,2.0,Entire home/apt,52.52403,13.44403,5.0,2,4.382026634673881,1,1,0
82.0,2,1.0,1.0,Entire home/apt,52.47177,13.46855,4.74,29,4.406719247264253,1,1,0
46.0,2,1.0,1.0,Private room,52.51229,13.31165,4.81,217,3.828641396489095,1,1,0
208.0,3,1.0,1.0,Entire home/apt,52.53159,13.39474,4.62,107,5.337538079701318,1,1,0
260.0,4,1.0,1.0,Entire home/apt,52.53159,13.39487,4.65,92,5.560681631015528,1,1,0
260.0,4,1.0,1.0,Entire home/apt,52.5313,13.39461,4.54,122,5.560681631015528,1,1,0
208.0,3,1.0,1.0,Entire home/apt,52.5313,13.39461,4.58,156,5.337538079701318,1,1,0
13.0,3,2.0,1.0,Private room,52.52146,13.30163,4.77,220,2.5649493574615367,1,1,0
24.0,2,1.0,1.0,Private room,52.52334,13.30312,4.6,179,3.1780538303479458,1,1,0
95.0,2,1.0,1.0,Entire home/apt,52.489639,13.31773,4.91,32,4.553876891600541,1,1,0
84.0,3,1.0,1.0,Entire home/apt,52.49155,13.39364,4.73,470,4.430816798843313,1,1,0
51.0,6,2.0,2.5,Entire home/apt,52.47927,13.44402,4.76,159,3.9318256327243257,1,1,0
72.0,4,1.0,1.0,Entire home/apt,52.51893,13.45023,4.38,21,4.276666119016055,1,1,0
51.0,1,1.0,1.0,Private room,52.51373,13.47125,4.88,90,3.9318256327243257,1,1,0
210.0,2,1.0,1.0,Entire home/apt,52.49789,13.36843,4.47,91,5.3471075307174685,1,1,0
89.0,2,1.0,1.0,Entire home/apt,52.53844,13.40199,4.84,291,4.48863636973214,1,1,0
57.0,2,1.0,1.0,Entire home/apt,52.53659,13.40283,4.78,83,4.04305126783455,1,1,0
51.0,2,1.0,1.0,Entire home/apt,52.54301,13.42187,0.0,0,3.9318256327243257,0,1,0
97.0,2,1.0,1.0,Entire home/apt,52.5033,13.2944,4.79,241,4.574710978503383,1,0,0
75.0,2,1.0,1.0,Entire home/apt,52.49905,13.36702,4.14,7,4.31748811353631,1,1,0
77.0,2,1.0,1.0,Entire home/apt,52.54709,13.34999,4.81,360,4.343805421853684,1,1,0
126.0,2,1.0,2.0,Entire home/apt,52.54475,13.365,5.0,16,4.836281906951478,1,1,0
105.0,2,1.0,1.0,Entire home/apt,52.5325,13.35108,4.76,117,4.653960350157523,1,1,0
59.0,2,1.0,1.0,Entire home/apt,52.49011,13.38901,4.88,75,4.07753744390572,1,1,0
54.0,2,1.0,1.0,Private room,52.5508,13.42457,5.0,8,3.9889840465642745,1,1,0
159.0,2,1.0,1.5,Entire home/apt,52.49341,13.42055,4.93,41,5.068904202220232,1,1,0
38.0,2,1.0,1.0,Entire home/apt,52.49485,13.42794,4.88,93,3.6375861597263857,1,1,0
53.0,2,1.0,1.0,Entire home/apt,52.46912,13.43153,5.0,7,3.970291913552122,1,1,0
67.0,6,1.0,1.0,Entire home/apt,52.46545,13.43719,4.43,384,4.204692619390966,1,1,0
432.0,6,3.0,2.0,Entire home/apt,52.49822,13.47007,4.83,117,6.068425588244111,1,1,0
145.0,2,1.0,1.0,Entire home/apt,52.47737,13.45633,4.87,112,4.976733742420574,1,1,0
190.0,4,2.0,1.5,Entire home/apt,52.54971,13.35013,4.77,35,5.247024072160486,1,1,0
260.0,8,4.0,2.0,Entire home/apt,52.54554,13.41483,4.88,329,5.560681631015528,1,1,0
93.0,4,1.0,1.0,Entire home/apt,52.54078,13.39049,4.56,345,4.532599493153256,0,1,0
54.0,1,1.0,1.0,Entire home/apt,52.53165,13.42133,4.89,36,3.9889840465642745,1,1,0
89.0,2,0.0,1.0,Entire home/apt,52.4971,13.35878,4.78,164,4.48863636973214,1,1,0
92.0,4,2.0,1.0,Private room,52.52485,13.40795,4.71,138,4.5217885770490405,1,1,0
268.0,5,2.0,1.0,Entire home/apt,52.5473,13.4264,4.83,86,5.5909869805108565,1,1,0
72.0,4,1.0,1.0,Entire home/apt,52.40228,13.39025,4.84,25,4.276666119016055,1,1,0
65.0,2,1.0,1.0,Entire home/apt,52.47602,13.42197,0.0,0,4.174387269895637,1,1,0
135.0,2,0.0,2.0,Entire home/apt,52.49396,13.43438,4.96,24,4.90527477843843,1,1,0
133.0,2,1.0,1.0,Private room,52.51579,13.42598,4.49,170,4.890349128221754,1,1,0
44.0,4,1.0,1.0,Shared room,52.51598,13.42581,4.63,271,3.784189633918261,1,1,0
37.0,6,1.0,1.0,Shared room,52.5159,13.42421,4.54,297,3.610917912644224,1,1,0
76.0,2,1.0,1.0,Shared room,52.51779,13.4258,4.6,166,4.330733340286331,1,1,0
88.0,4,1.0,1.0,Entire home/apt,52.52837,13.29842,4.7,287,4.477336814478207,1,1,0
68.0,2,1.0,1.0,Private room,52.53229,13.39691,4.63,730,4.219507705176107,1,1,0
111.0,5,3.0,1.5,Entire home/apt,52.48285,13.4416,4.88,48,4.709530201312334,1,1,0
80.0,2,1.0,1.0,Entire home/apt,52.48889,13.39046,4.65,76,4.382026634673881,1,1,0
100.0,2,1.0,1.0,Entire home/apt,52.53675,13.40963,4.97,32,4.605170185988092,1,1,0
80.0,2,2.0,1.0,Entire home/apt,52.52235,13.44928,4.69,50,4.382026634673881,1,1,0
73.0,2,1.0,1.0,Private room,52.4599,13.28277,4.68,228,4.290459441148391,1,1,0
95.0,1,1.0,1.5,Private room,52.5365,13.42684,4.86,177,4.553876891600541,1,1,0
68.0,2,1.0,1.0,Private room,52.50669,13.29048,4.94,71,4.219507705176107,1,1,0
98.0,2,1.0,1.0,Private room,52.50155,13.44245,4.83,29,4.584967478670572,1,1,0
71.0,2,1.0,1.0,Entire home/apt,52.48481,13.45038,4.56,117,4.262679877041316,1,1,0
313.0,6,3.0,2.0,Entire home/apt,52.50256,13.39141,4.72,99,5.746203190540153,1,1,0
46.0,1,1.0,1.0,Entire home/apt,52.4926,13.34359,4.85,46,3.828641396489095,1,1,0
79.0,1,1.0,2.0,Private room,52.513069,13.456415,4.9,21,4.3694478524670215,1,1,1
238.0,4,2.0,1.0,Entire home/apt,52.48762,13.43185,4.68,84,5.472270673671475,1,1,0
236.0,4,2.0,1.0,Entire home/apt,52.5232,13.40074,4.83,406,5.4638318050256105,1,1,0
302.0,5,3.0,1.0,Entire home/apt,52.47177,13.32162,5.0,31,5.71042701737487,1,1,0
81.0,2,1.0,1.0,Private room,52.50171,13.33642,5.0,2,4.394449154672439,1,1,0
84.0,2,0.0,1.0,Entire home/apt,52.51312,13.4582,4.94,568,4.430816798843313,1,1,0
61.0,1,1.0,1.0,Private room,52.55709,13.37707,4.92,50,4.110873864173311,1,1,0
94.0,5,1.0,1.0,Entire home/apt,52.51085,13.39771,4.78,544,4.543294782270004,1,1,0
123.0,6,2.0,1.0,Entire home/apt,52.54584,13.41458,4.58,290,4.812184355372417,1,1,0
253.0,2,1.0,1.0,Entire home/apt,52.53182,13.40978,4.93,153,5.53338948872752,1,1,0
365.0,15,4.0,4.5,Entire home/apt,52.48666,13.35915,4.79,415,5.899897353582492,1,1,0
290.0,4,3.0,2.0,Entire home/apt,52.48638,13.38007,4.97,86,5.66988092298052,1,1,0
69.0,3,1.0,1.0,Entire home/apt,52.45529,13.34999,4.9,159,4.23410650459726,1,1,0
320.0,4,3.0,2.0,Entire home/apt,52.5347,13.40798,4.98,49,5.768320995793772,1,1,0
155.0,2,1.0,1.0,Entire home/apt,52.43495,13.23064,4.75,81,5.043425116919247,1,1,0
57.0,1,1.0,1.0,Private room,52.50142,13.30076,4.91,81,4.04305126783455,1,1,0
65.0,2,1.0,1.0,Private room,52.48232,13.35897,4.88,558,4.174387269895637,1,0,0
25.0,3,2.0,1.0,Private room,52.52137,13.30139,4.74,138,3.218875824868201,1,1,0
85.0,2,1.0,1.0,Entire home/apt,52.49266,13.38215,4.47,62,4.442651256490317,1,1,1
165.0,2,1.0,1.0,Entire home/apt,52.53588,13.42384,4.91,165,5.10594547390058,1,1,0
63.0,1,1.0,1.0,Private room,52.54542,13.41963,4.94,16,4.143134726391533,1,1,0
34.0,1,1.0,1.0,Private room,52.52032,13.35772,4.82,17,3.5263605246161616,1,1,0
138.0,2,1.0,1.0,Entire home/apt,52.5471,13.40757,4.91,336,4.927253685157205,1,1,0
90.0,2,0.0,1.0,Entire home/apt,52.48466,13.44007,4.29,48,4.499809670330265,1,1,0
56.0,2,1.0,1.0,Entire home/apt,52.48057938,13.372179985046388,4.7,10,4.02535169073515,1,1,0
300.0,5,2.0,2.0,Entire home/apt,52.49354,13.33474,4.97,144,5.703782474656201,1,1,1
100.0,4,2.0,1.0,Entire home/apt,52.49986,13.40904,4.41,153,4.605170185988092,1,1,0
162.0,2,1.0,1.0,Entire home/apt,52.54504,13.42075,4.93,67,5.087596335232384,1,1,0
95.0,2,1.0,1.5,Entire home/apt,52.49227,13.44922,4.96,28,4.553876891600541,1,1,0
131.0,2,1.0,1.0,Entire home/apt,52.49902,13.3515,4.97,34,4.875197323201151,1,1,0
100.0,8,2.0,1.0,Entire home/apt,52.45572,13.72139,4.5,44,4.605170185988092,1,1,0
111.0,2,1.0,1.0,Entire home/apt,52.51037,13.46105,4.92,166,4.709530201312334,1,1,0
124.0,3,1.0,1.0,Entire home/apt,52.53496,13.40607,4.86,205,4.820281565605037,1,1,0
38.0,4,1.0,1.0,Entire home/apt,52.47757,13.42276,4.8,5,3.6375861597263857,1,1,0
70.0,2,1.0,1.0,Entire home/apt,52.48218,13.35418,5.0,27,4.248495242049359,1,1,0
137.0,2,0.0,1.0,Entire home/apt,52.53218,13.42432,4.96,441,4.919980925828125,1,1,1
191.0,5,3.0,2.5,Entire home/apt,52.4956,13.48233,0.0,0,5.25227342804663,1,1,0
154.0,4,1.0,1.0,Entire home/apt,52.51257,13.41061,4.84,148,5.0369526024136295,1,1,0
51.0,4,1.0,1.0,Entire home/apt,52.47085,13.43277,4.86,22,3.9318256327243257,1,1,0
76.0,4,2.0,1.0,Entire home/apt,52.51163864135742,13.287308692932127,4.66,167,4.330733340286331,1,1,0
54.0,4,1.0,1.0,Entire home/apt,52.54998,13.42401,4.68,78,3.9889840465642745,1,1,0
51.0,2,0.0,1.0,Entire home/apt,52.49448,13.42242,4.87,63,3.9318256327243257,1,1,0
76.0,4,1.0,1.0,Entire home/apt,52.49103,13.37631,4.8,361,4.330733340286331,1,1,0
80.0,2,2.0,1.0,Entire home/apt,52.52524,13.41196,4.51,73,4.382026634673881,1,1,0
49.0,2,1.0,1.0,Entire home/apt,52.49139,13.41524,4.81,27,3.8918202981106265,1,1,0
130.0,2,1.0,1.5,Entire home/apt,52.49433,13.43273,0.0,0,4.867534450455582,1,1,0
74.0,5,1.0,1.0,Entire home/apt,52.53334,13.38104,4.73,495,4.30406509320417,1,1,0
158.0,5,2.0,1.0,Entire home/apt,52.48873,13.39298,4.91,321,5.062595033026967,1,1,0
76.0,4,1.0,1.5,Entire home/apt,52.4898,13.41917,4.85,392,4.330733340286331,1,1,0
63.0,2,1.0,1.0,Entire home/apt,52.54845,13.40299,4.3,74,4.143134726391533,1,1,0
73.0,3,1.0,1.0,Entire home/apt,52.53494,13.34055,4.85,301,4.290459441148391,1,1,1
49.0,3,1.0,1.0,Private room,52.48348,13.36133,4.84,136,3.8918202981106265,1,1,0
77.0,4,1.0,1.0,Entire home/apt,52.48592,13.45138,4.37,269,4.343805421853684,1,1,0
79.0,4,0.0,1.0,Entire home/apt,52.52825,13.33051,4.72,359,4.3694478524670215,1,1,0
50.0,2,1.0,1.0,Entire home/apt,52.54745,13.40981,4.92,26,3.912023005428146,1,1,0
40.0,2,0.0,0.0,Entire home/apt,52.49067,13.41728,0.0,0,3.688879454113936,1,1,0
42.0,4,1.0,1.0,Entire home/apt,52.53928,13.41521,4.67,15,3.737669618283368,1,1,0
79.0,2,1.0,1.0,Entire home/apt,52.52391,13.39991,4.61,204,4.3694478524670215,1,1,0
57.0,2,1.0,1.0,Private room,52.49056,13.36427,4.79,52,4.04305126783455,1,1,0
222.0,11,5.0,2.0,Entire home/apt,52.55385,13.41736,4.87,314,5.402677381872279,1,1,0
86.0,2,1.0,1.0,Entire home/apt,52.53355,13.35271,4.26,19,4.454347296253507,1,1,0
73.0,4,2.0,1.0,Entire home/apt,52.52431,13.40781,4.76,95,4.290459441148391,1,1,0
72.0,2,1.0,1.0,Entire home/apt,52.5322,13.3489,4.67,382,4.276666119016055,1,0,0
66.0,1,1.0,1.0,Private room,52.55217,13.37994,4.96,25,4.189654742026425,1,1,0
62.0,2,0.0,1.0,Entire home/apt,52.50719,13.34687,4.42,12,4.127134385045092,1,1,0
149.0,6,2.0,1.0,Entire home/apt,52.5377,13.39574,4.72,72,5.003946305945459,1,1,0
54.0,4,1.0,0.5,Private room,52.48595,13.36483,4.85,27,3.9889840465642745,1,1,0
140.0,3,1.0,1.0,Entire home/apt,52.53439,13.40774,4.89,467,4.941642422609304,1,1,0
276.0,4,3.0,1.5,Entire home/apt,52.53809,13.41177,4.89,9,5.62040086571715,1,1,0
170.0,6,2.0,1.0,Entire home/apt,52.516956,13.425152,4.66,291,5.135798437050262,1,1,0
53.0,2,1.0,1.0,Entire home/apt,52.55544,13.4167,4.82,93,3.970291913552122,1,1,0
140.0,3,2.0,1.0,Entire home/apt,52.46706,13.34146,4.93,99,4.941642422609304,1,1,0
75.0,3,1.0,1.0,Entire home/apt,52.49194,13.32181,5.0,8,4.31748811353631,1,1,0
69.0,4,3.0,1.0,Entire home/apt,52.46614,13.5775,5.0,3,4.23410650459726,0,1,0
78.0,1,1.0,1.5,Private room,52.53401,13.39813,4.9,88,4.356708826689592,1,1,0
208.0,4,2.0,1.0,Entire home/apt,52.5402,13.41741,4.92,149,5.337538079701318,1,1,0
225.0,4,2.0,2.0,Entire home/apt,52.49736,13.31029,4.96,25,5.41610040220442,1,1,0
173.0,4,2.0,1.0,Entire home/apt,52.5434,13.35451,4.65,340,5.153291594497779,1,1,0
95.0,4,1.0,1.0,Entire home/apt,52.53335,13.34266,4.26,66,4.553876891600541,1,1,0
95.0,2,1.0,1.0,Private room,52.51169,13.39975,4.98,81,4.553876891600541,1,1,0
225.0,4,2.0,2.5,Entire home/apt,52.4914838,13.4033043,0.0,0,5.41610040220442,1,1,0
45.0,2,1.0,1.0,Private room,52.52157,13.335,4.67,273,3.80666248977032,1,1,0
71.0,2,1.0,1.0,Private room,52.51436,13.46202,4.89,160,4.262679877041316,1,1,0
35.0,1,1.0,1.0,Private room,52.52134,13.40691,4.75,309,3.555348061489413,1,1,0
79.0,2,0.0,2.0,Entire home/apt,52.49393,13.29503,4.33,3,4.3694478524670215,0,0,0
131.0,2,1.0,1.0,Entire home/apt,52.49956,13.34323,4.87,483,4.875197323201151,1,1,1
163.0,5,3.0,2.0,Entire home/apt,52.48534,13.3919,4.88,41,5.093750200806762,1,1,0
37.0,2,1.0,1.0,Private room,52.51283,13.47796,4.89,513,3.610917912644224,1,1,0
161.0,10,4.0,2.0,Entire home/apt,52.52597,13.34367,4.6,522,5.081404364984463,1,1,0
66.0,4,2.0,1.0,Entire home/apt,52.60048,13.33013,4.9,296,4.189654742026425,1,1,0
109.0,5,2.0,1.0,Entire home/apt,52.53579,13.39367,4.71,17,4.691347882229144,1,1,0
110.0,4,1.0,1.0,Entire home/apt,52.5464,13.4175,4.84,535,4.700480365792417,1,1,0
65.0,4,1.0,1.0,Entire home/apt,52.50205,13.33455,4.61,18,4.174387269895637,1,1,0
59.0,1,1.0,1.5,Private room,52.49978,13.26957,4.85,310,4.07753744390572,1,1,0
161.0,4,3.0,1.0,Entire home/apt,52.53234,13.42974,5.0,5,5.081404364984463,1,1,0
106.0,3,1.0,1.0,Entire home/apt,52.5086,13.25592,4.9,252,4.663439094112067,1,1,0
86.0,2,1.0,1.0,Entire home/apt,52.50404,13.38809,4.76,350,4.454347296253507,1,0,0
189.0,4,1.0,1.0,Entire home/apt,52.52933,13.38442,4.92,215,5.241747015059643,1,1,0
54.0,2,1.0,1.0,Private room,52.51049,13.45919,4.82,456,3.9889840465642745,1,0,0
140.0,2,1.0,1.0,Entire home/apt,52.5183449,13.2967635,5.0,10,4.941642422609304,1,1,0
30.0,1,1.0,1.0,Private room,52.40048,13.53965,4.71,176,3.4011973816621555,1,1,0
127.0,2,1.0,1.0,Entire home/apt,52.53466,13.4011,4.39,36,4.844187086458591,1,1,0
66.0,1,1.0,1.0,Private room,52.46798,13.42307,4.97,68,4.189654742026425,1,1,0
72.0,3,1.0,1.0,Entire home/apt,52.4337,13.24956,4.74,109,4.276666119016055,1,1,0
63.0,2,1.0,1.0,Private room,52.49869,13.41415,4.79,82,4.143134726391533,1,1,0
48.0,2,1.0,1.0,Entire home/apt,52.49937438964844,13.561747550964355,4.58,69,3.871201010907891,1,1,0
120.0,2,1.0,1.0,Private room,52.41028477864688,13.266350291669369,0.0,0,4.787491742782046,1,1,1
63.0,6,3.0,1.0,Entire home/apt,52.53277,13.46521,4.43,63,4.143134726391533,1,1,0
91.0,2,0.0,1.0,Entire home/apt,52.4895,13.37683,4.59,128,4.51085950651685,1,1,0
2500.0,15,0.0,2.0,Entire home/apt,52.49185,13.41961,5.0,18,7.824046010856292,1,0,0
34.0,1,1.0,1.0,Private room,52.51006,13.31131,4.65,84,3.5263605246161616,1,0,0
89.0,2,1.0,1.0,Entire home/apt,52.53966,13.41953,4.75,48,4.48863636973214,1,1,0
182.0,2,1.0,1.0,Entire home/apt,52.54814,13.41108,4.89,66,5.204006687076795,1,1,0
171.0,2,1.0,1.0,Entire home/apt,52.50703,13.31983,4.67,85,5.14166355650266,1,1,0
120.0,4,2.0,1.0,Entire home/apt,52.48114,13.34004,4.73,358,4.787491742782046,1,1,0
90.0,2,1.0,1.0,Entire home/apt,52.47405,13.42505,4.6,10,4.499809670330265,1,1,0
42.0,1,2.0,1.0,Private room,52.44662,13.33084,4.62,26,3.737669618283368,1,1,0
326.0,6,2.0,2.0,Entire home/apt,52.50391,13.4251,4.95,20,5.786897381366708,1,1,0
70.0,3,1.0,1.0,Private room,52.47305,13.45449,4.84,140,4.248495242049359,1,1,0
171.0,5,2.0,1.0,Entire home/apt,52.50637,13.30523,4.85,115,5.14166355650266,1,1,0
17.0,6,1.0,0.0,Shared room,52.50968,13.44616,4.37,188,2.833213344056216,1,0,0
15.0,5,1.0,0.0,Shared room,52.50976,13.4461,4.35,74,2.70805020110221,1,1,0
12.0,8,1.0,0.0,Shared room,52.50985,13.44612,4.33,117,2.4849066497880004,1,1,0
105.0,2,1.0,1.0,Private room,52.50985,13.44612,4.06,66,4.653960350157523,1,1,0
100.0,3,2.0,1.0,Entire home/apt,52.37573,13.6519,4.93,120,4.605170185988092,1,1,0
68.0,4,1.0,1.0,Entire home/apt,52.55518,13.43056,4.63,8,4.219507705176107,1,1,0
50.0,2,1.0,1.0,Entire home/apt,52.53076,13.39741,4.89,36,3.912023005428146,1,1,0
93.0,2,0.0,1.0,Entire home/apt,52.53325,13.43314,4.86,738,4.532599493153256,1,1,0
164.0,5,2.0,2.0,Entire home/apt,52.51182,13.40104,4.83,830,5.099866427824199,1,1,0
41.0,2,1.0,1.0,Private room,52.51542,13.30101,4.84,19,3.713572066704308,1,1,0
90.0,3,1.0,1.0,Entire home/apt,52.51196,13.45647,4.7,71,4.499809670330265,1,1,0
130.0,2,2.0,1.0,Entire home/apt,52.50973,13.39547,4.83,166,4.867534450455582,1,1,0
190.0,6,2.0,1.0,Entire home/apt,52.54318,13.36352,4.78,416,5.247024072160486,1,1,0
153.0,5,3.0,1.5,Entire home/apt,52.50692,13.42411,4.94,18,5.030437921392435,1,1,0
57.0,2,1.0,1.0,Private room,52.53283,13.43439,4.93,117,4.04305126783455,1,1,0
58.0,2,1.0,1.0,Entire home/apt,52.39896,13.52932,4.7,304,4.060443010546419,1,1,0
60.0,1,1.0,1.5,Private room,52.49189,13.38204,4.95,20,4.0943445622221,1,1,0
156.0,6,2.0,2.0,Entire home/apt,52.54629,13.40733,4.88,449,5.049856007249537,1,1,0
68.0,3,1.0,1.0,Entire home/apt,52.5411,13.41497,4.59,243,4.219507705176107,1,1,0
128.0,4,3.0,1.5,Entire home/apt,52.48959594594567,13.419607016401017,4.78,9,4.852030263919617,1,1,0
42.0,2,1.0,1.0,Entire home/apt,52.47262,13.37944,4.87,75,3.737669618283368,1,1,0
69.0,2,2.0,1.5,Entire home/apt,52.52909,13.34518,4.78,23,4.23410650459726,1,1,0
71.0,2,1.0,1.0,Entire home/apt,52.472,13.38008,4.83,52,4.262679877041316,1,1,0
75.0,2,1.0,1.0,Entire home/apt,52.52427291870117,13.402703285217283,4.79,29,4.31748811353631,1,1,0
85.0,2,1.0,1.0,Entire home/apt,52.49547,13.39586,0.0,0,4.442651256490317,1,1,0
62.0,2,1.0,1.0,Entire home/apt,52.47367,13.45389,4.9,10,4.127134385045092,0,1,0
77.0,2,1.0,1.0,Private room,52.51504,13.45506,4.91,34,4.343805421853684,1,1,0
91.0,3,2.0,1.0,Entire home/apt,52.53735,13.39806,5.0,2,4.51085950651685,1,1,0
117.0,4,1.0,1.0,Entire home/apt,52.55158,13.44919,4.81,59,4.762173934797756,1,1,1
105.0,4,2.0,1.0,Entire home/apt,52.51409099118249,13.454794633868396,0.0,0,4.653960350157523,1,1,0
65.0,2,0.0,1.0,Entire home/apt,52.44835626833664,13.512279377843816,4.97,86,4.174387269895637,1,1,0
95.0,2,2.0,1.0,Entire home/apt,52.53244,13.405394,4.94,36,4.553876891600541,1,1,0
180.0,6,1.0,1.0,Entire home/apt,52.53579,13.39592,4.47,196,5.19295685089021,1,1,0
81.0,2,1.0,1.0,Private room,52.53589,13.39421,4.87,670,4.394449154672439,1,0,0
65.0,2,1.0,1.0,Entire home/apt,52.4493,13.51294,4.9,62,4.174387269895637,1,1,0
65.0,2,1.0,1.0,Entire home/apt,52.44832,13.51374,4.85,27,4.174387269895637,1,1,0
83.0,3,1.0,1.0,Private room,52.471,13.45235,4.87,143,4.418840607796598,1,1,0
133.0,4,1.0,1.0,Entire home/apt,52.53466,13.42364,4.79,58,4.890349128221754,1,1,0
98.0,2,1.0,1.0,Entire home/apt,52.49294,13.41096,4.86,21,4.584967478670572,1,1,0
90.0,3,2.0,1.0,Private room,52.50318,13.41825,4.94,167,4.499809670330265,1,1,0
157.0,7,3.0,1.0,Entire home/apt,52.42185,13.39202,4.56,34,5.056245805348308,1,1,0
43.0,2,1.0,1.0,Entire home/apt,52.48223,13.32025,4.92,49,3.7612001156935615,1,1,0
150.0,5,3.0,1.0,Entire home/apt,52.47318,13.31894,5.0,9,5.010635294096256,1,1,0
44.0,2,1.0,1.0,Private room,52.548228205898056,13.439219355165385,4.6,163,3.784189633918261,1,1,0
89.0,3,1.0,1.0,Entire home/apt,52.47063,13.4248,4.83,12,4.48863636973214,1,1,0
45.0,2,1.0,1.0,Private room,52.52872,13.43339,4.97,120,3.80666248977032,1,1,0
65.0,2,2.0,1.0,Private room,52.54065,13.40602,4.9,143,4.174387269895637,1,1,0
80.0,3,1.0,1.0,Entire home/apt,52.53791,13.42504,4.85,257,4.382026634673881,1,1,0
103.0,3,1.0,1.0,Entire home/apt,52.49173,13.42922,4.77,26,4.634728988229636,1,1,0
88.0,2,1.0,1.0,Entire home/apt,52.53197,13.39689,4.48,21,4.477336814478207,1,1,0
148.0,5,1.0,1.0,Entire home/apt,52.5117,13.26801,4.82,201,4.997212273764115,1,1,0
650.0,2,4.0,1.5,Entire home/apt,52.53129,13.28565,5.0,6,6.476972362889683,1,1,0
68.0,2,1.0,1.0,Entire home/apt,52.54854,13.34752,4.54,694,4.219507705176107,1,0,0
126.0,5,1.0,1.0,Entire home/apt,52.52039,13.43531,4.93,281,4.836281906951478,1,1,0
101.0,4,1.0,1.0,Entire home/apt,52.48075,13.36271,4.92,452,4.61512051684126,1,1,1
103.0,2,0.0,1.0,Entire home/apt,52.51147,13.42611,4.91,221,4.634728988229636,1,0,0
207.0,4,2.0,1.5,Entire home/apt,52.50114,13.30765,4.92,251,5.332718793265369,1,1,1
48.0,1,1.0,1.0,Entire home/apt,52.54884,13.34743,4.68,608,3.871201010907891,1,0,0
60.0,2,1.0,1.0,Entire home/apt,52.49085,13.41559,4.75,12,4.0943445622221,1,1,0
59.0,2,1.0,1.0,Private room,52.54448,13.3786,4.7,10,4.07753744390572,1,1,0
57.0,2,1.0,1.0,Entire home/apt,52.52796,13.40549,4.91,33,4.04305126783455,1,1,0
255.0,4,2.0,2.0,Entire home/apt,52.53059237315674,13.373520491176626,5.0,11,5.541263545158426,1,1,0
65.0,2,1.0,1.0,Entire home/apt,52.55384,13.37455,5.0,2,4.174387269895637,1,1,0
89.0,2,1.0,1.0,Entire home/apt,52.48054,13.44778,4.91,88,4.48863636973214,1,1,0
272.0,8,2.0,2.0,Entire home/apt,52.49378,13.41109,4.85,407,5.605802066295998,1,1,0
292.0,12,3.0,2.0,Entire home/apt,52.48599,13.3574,4.87,247,5.676753802268282,1,1,0
59.0,2,1.0,1.5,Private room,52.50101,13.26197,4.83,189,4.07753744390572,1,1,0
62.0,1,1.0,1.0,Private room,52.50156,13.26243,4.9,210,4.127134385045092,1,1,0
77.0,2,1.0,1.0,Private room,52.49788,13.39771,4.97,340,4.343805421853684,1,1,0
102.0,2,0.0,1.0,Entire home/apt,52.531624,13.38153,4.76,91,4.624972813284271,1,1,1
209.0,6,2.0,1.0,Entire home/apt,52.50252,13.55676,4.91,76,5.342334251964811,1,1,0
28.0,1,1.0,1.0,Private room,52.52687,13.39991,0.0,0,3.332204510175204,1,1,0
40.0,4,2.0,1.0,Entire home/apt,52.48751,13.33166,4.61,74,3.688879454113936,1,1,0
120.0,2,1.0,1.0,Entire home/apt,52.54176,13.35694,4.94,36,4.787491742782046,1,1,0
130.0,6,3.0,1.0,Entire home/apt,52.37924,13.65091,4.52,56,4.867534450455582,1,1,0
171.0,9,4.0,1.5,Entire home/apt,52.5448,13.37508,4.63,569,5.14166355650266,1,1,0
270.0,6,3.0,1.0,Entire home/apt,52.53126758764975,13.421525001525886,4.86,289,5.598421958998375,1,0,0
203.0,6,3.0,1.0,Entire home/apt,52.49009,13.39371,4.89,396,5.313205979041787,1,1,0
176.0,2,1.0,1.0,Private room,52.47720853877755,13.420971772083954,4.87,31,5.170483995038151,1,1,0
144.0,5,2.0,1.0,Private room,52.48415,13.35152,4.92,49,4.969813299576001,1,1,0
81.0,2,1.0,1.0,Entire home/apt,52.52018,13.33145,4.62,81,4.394449154672439,1,1,0
126.0,2,1.0,1.0,Private room,52.52504,13.39436,4.99,87,4.836281906951478,1,1,0
85.0,2,1.0,1.0,Entire home/apt,52.4959,13.4458,4.73,106,4.442651256490317,1,1,0
115.0,4,2.0,1.0,Entire home/apt,52.63302,13.50115,4.59,91,4.74493212836325,1,1,0
90.0,2,1.0,2.5,Entire home/apt,52.46269,13.42416,0.0,0,4.499809670330265,1,1,0
111.0,3,1.0,1.0,Entire home/apt,52.63244,13.50076,4.79,33,4.709530201312334,1,1,0
58.0,5,1.0,1.0,Entire home/apt,52.46978,13.43038,4.53,382,4.060443010546419,1,1,0
193.0,6,2.0,1.0,Entire home/apt,52.52526,13.40895,4.76,670,5.262690188904886,1,1,0
88.0,3,1.0,1.0,Private room,52.51243,13.45166,4.79,339,4.477336814478207,1,1,0
68.0,2,1.0,1.5,Private room,52.5335,13.40624,4.82,225,4.219507705176107,1,0,0
67.0,2,1.0,1.0,Private room,52.50582,13.40005,4.9,343,4.204692619390966,1,1,0
121.0,4,2.0,1.0,Entire home/apt,52.63336,13.50118,4.56,45,4.795790545596741,1,1,0
55.0,1,1.0,1.0,Private room,52.53995,13.39632,4.9,21,4.007333185232471,1,1,0
78.0,2,1.0,1.0,Entire home/apt,52.49868,13.33598,4.92,103,4.356708826689592,1,1,0
317.0,7,3.0,2.0,Entire home/apt,52.50119,13.3616,4.79,229,5.75890177387728,1,1,0
203.0,5,2.0,1.0,Entire home/apt,52.52271,13.38408,4.51,294,5.313205979041787,1,1,0
64.0,2,1.0,1.0,Entire home/apt,52.5477,13.41106,4.84,45,4.158883083359672,1,1,0
99.0,2,1.0,1.0,Entire home/apt,52.50848,13.30952,4.79,280,4.59511985013459,1,1,0
82.0,3,1.0,1.0,Entire home/apt,52.5284967778868,13.409468866674285,4.67,3,4.406719247264253,1,1,0
64.0,1,1.0,1.5,Private room,52.506001,13.39886,4.94,80,4.158883083359672,1,1,0
131.0,4,1.0,1.0,Entire home/apt,52.4590307,13.3161177,5.0,17,4.875197323201151,1,1,0
297.0,9,4.0,1.5,Entire home/apt,52.49961471557617,13.43396282196045,4.89,28,5.6937321388027,1,1,0
70.0,1,0.0,1.0,Private room,52.53023965135683,13.4079157,4.9,133,4.248495242049359,1,1,0
74.0,3,1.0,1.0,Entire home/apt,52.56727,13.39122,4.82,250,4.30406509320417,1,1,0
102.0,7,2.0,1.0,Entire home/apt,52.49029,13.45233,4.92,39,4.624972813284271,1,1,0
75.0,2,1.0,1.0,Entire home/apt,52.52753,13.44648,4.89,345,4.31748811353631,1,0,1
177.0,5,2.0,1.0,Entire home/apt,52.38054,13.65153,5.0,1,5.176149732573829,0,1,0
127.0,4,2.0,1.0,Entire home/apt,52.52641,13.4422,4.84,61,4.844187086458591,1,1,0
136.0,4,1.0,1.0,Entire home/apt,52.52251877745493,13.383566674777562,4.58,262,4.912654885736052,1,1,0
30.0,1,1.0,2.0,Private room,52.44291,13.41464,5.0,5,3.4011973816621555,1,1,0
51.0,2,1.0,1.0,Entire home/apt,52.53258,13.3388,4.75,12,3.9318256327243257,1,1,0
99.0,2,1.0,1.0,Entire home/apt,52.42018,13.42365,4.21,48,4.59511985013459,1,1,0
90.0,2,1.0,1.0,Entire home/apt,52.48977,13.32905,4.74,65,4.499809670330265,1,1,0
76.0,1,1.0,1.0,Private room,52.477430881588255,13.422756943022112,5.0,4,4.330733340286331,1,1,0
54.0,2,1.0,1.0,Entire home/apt,52.43157,13.31094,4.6,193,3.9889840465642745,1,1,0
85.0,2,1.0,1.0,Entire home/apt,52.52675,13.39817,4.83,217,4.442651256490317,1,1,0
38.0,2,1.0,1.0,Entire home/apt,52.56274,13.34238,4.67,6,3.6375861597263857,1,1,0
60.0,2,1.0,1.0,Private room,52.49864,13.41325,4.79,97,4.0943445622221,1,1,0
60.0,4,1.0,1.0,Entire home/apt,52.52857,13.38372,4.74,46,4.0943445622221,1,1,0
60.0,2,1.0,1.0,Entire home/apt,52.532661,13.405394,4.83,24,4.0943445622221,1,1,0
26.0,1,1.0,1.0,Private room,52.49958,13.44539,4.7,299,3.258096538021482,1,1,0
121.0,6,1.0,1.0,Entire home/apt,52.55529,13.37598,4.8,75,4.795790545596741,1,1,0
129.0,2,1.0,1.0,Entire home/apt,52.52735,13.39749,4.93,232,4.859812404361672,1,1,0
114.0,4,3.0,1.5,Entire home/apt,52.47173,13.45247,4.91,75,4.736198448394496,1,1,0
95.0,2,1.0,1.0,Entire home/apt,52.49341,13.39472,4.65,772,4.553876891600541,1,1,0
139.0,4,2.0,1.5,Entire home/apt,52.50392,13.40024,4.92,13,4.934473933130692,1,1,0
112.0,3,1.0,1.0,Entire home/apt,52.55031,13.42178,4.76,276,4.718498871295094,1,1,0
50.0,1,2.0,1.0,Private room,52.5722,13.39336,5.0,22,3.912023005428146,1,1,0
84.0,2,1.0,1.5,Private room,52.52906,13.39031,4.9,29,4.430816798843313,1,1,0
93.0,2,0.0,1.0,Entire home/apt,52.49145,13.42459,4.88,33,4.532599493153256,1,1,0
27.0,2,1.0,1.0,Private room,52.4689,13.49179,4.94,258,3.295836866004329,1,1,0
76.0,2,1.0,1.5,Entire home/apt,52.48678,13.38892,4.92,12,4.330733340286331,1,1,0
125.0,2,1.0,1.0,Entire home/apt,52.49626,13.40495,4.5,2,4.8283137373023015,1,1,0
120.0,4,1.0,1.0,Entire home/apt,52.53581,13.40437,4.65,233,4.787491742782046,1,1,0
90.0,4,2.0,1.0,Entire home/apt,52.46511,13.56983,4.74,190,4.499809670330265,1,1,0
194.0,4,2.0,1.0,Entire home/apt,52.49085,13.4356,4.96,71,5.267858159063328,1,1,0
62.0,2,1.0,1.0,Private room,52.54311,13.41963,5.0,4,4.127134385045092,1,1,0
40.0,1,1.0,2.0,Private room,52.46767,13.48765,4.91,47,3.688879454113936,1,1,0
108.0,4,2.0,2.0,Private room,52.49339,13.27431,4.85,148,4.68213122712422,1,1,0
81.0,2,1.0,1.0,Private room,52.49272,13.27426,4.8,80,4.394449154672439,1,1,0
149.0,2,1.0,1.0,Entire home/apt,52.47213,13.31566,4.67,15,5.003946305945459,1,1,0
130.0,2,1.0,1.5,Entire home/apt,52.52063,13.39481,4.96,49,4.867534450455582,1,1,0
49.0,2,1.0,1.5,Private room,52.51560422716497,13.292092956728013,4.8,494,3.8918202981106265,1,0,0
151.0,4,1.0,1.0,Entire home/apt,52.49315,13.34435,4.92,283,5.017279836814924,1,1,1
115.0,4,2.0,1.0,Entire home/apt,52.43237,13.27842,4.96,211,4.74493212836325,1,1,0
191.0,2,2.0,1.5,Entire home/apt,52.49843,13.35094,5.0,10,5.25227342804663,1,1,0
79.0,2,1.0,1.0,Entire home/apt,52.49153,13.31882,4.92,206,4.3694478524670215,1,1,0
140.0,6,3.0,1.0,Entire home/apt,52.50899,13.45636,4.73,156,4.941642422609304,1,1,0
47.0,2,1.0,1.0,Entire home/apt,52.53335,13.33597,4.79,89,3.8501476017100575,1,1,0
203.0,6,2.0,1.0,Entire home/apt,52.52951,13.40824,4.91,461,5.313205979041787,1,1,0
18.0,1,1.0,1.0,Private room,52.50196,13.43834,4.9,51,2.8903717578961645,1,1,0
62.0,3,1.0,1.0,Entire home/apt,52.46106,13.37888,4.83,260,4.127134385045092,1,1,0
101.0,2,1.0,1.0,Private room,52.52363,13.40821,4.93,151,4.61512051684126,1,1,0
85.0,2,0.0,1.0,Entire home/apt,52.49864,13.33466,4.97,266,4.442651256490317,1,1,0
110.0,2,1.0,1.0,Entire home/apt,52.61530699999999,13.3376801,5.0,4,4.700480365792417,1,1,0
46.0,2,1.0,1.0,Entire home/apt,52.53262,13.33486,4.7,23,3.828641396489095,1,1,0
150.0,6,3.0,2.0,Entire home/apt,52.49136,13.3784,4.94,33,5.010635294096256,1,1,0
38.0,2,1.0,1.0,Private room,52.48906,13.42529,4.67,120,3.6375861597263857,1,0,0
203.0,5,2.0,1.0,Entire home/apt,52.48762,13.28528,4.7,115,5.313205979041787,1,1,0
68.0,2,1.0,1.0,Entire home/apt,52.49228,13.39335,4.83,477,4.219507705176107,1,1,0
41.0,1,1.0,1.0,Entire home/apt,52.4807,13.42227,4.85,27,3.713572066704308,1,1,0
34.0,1,1.0,1.0,Private room,52.53109,13.34106,4.07,72,3.5263605246161616,1,1,0
207.0,5,2.0,1.0,Entire home/apt,52.44271,13.71461,4.87,94,5.332718793265369,1,1,1
161.0,8,3.0,2.0,Entire home/apt,52.53531,13.35244,4.78,403,5.081404364984463,1,1,0
196.0,2,0.0,1.0,Entire home/apt,52.498642,13.205566,4.88,113,5.278114659230517,1,1,1
78.0,1,1.0,1.0,Private room,52.50719,13.31322,4.95,220,4.356708826689592,1,0,0
43.0,2,1.0,1.0,Private room,52.53148,13.46963,5.0,1,3.7612001156935615,1,1,0
72.0,2,1.0,1.5,Entire home/apt,52.51719,13.30849,4.5,14,4.276666119016055,1,1,0
98.0,2,1.0,1.0,Private room,52.50752,13.3152,4.91,193,4.584967478670572,1,0,0
95.0,2,1.0,1.0,Entire home/apt,52.49875,13.30299,4.7,33,4.553876891600541,1,1,0
149.0,2,1.0,1.5,Entire home/apt,52.47406,13.31603,4.15,13,5.003946305945459,1,1,0
65.0,3,1.0,1.0,Entire home/apt,52.47351,13.37554,0.0,0,4.174387269895637,1,1,0
131.0,1,1.0,1.0,Shared room,52.5174,13.42648,4.71,143,4.875197323201151,1,1,0
132.0,2,1.0,1.0,Private room,52.51756,13.42422,4.47,125,4.882801922586371,1,1,0
190.0,6,1.0,1.0,Shared room,52.51584,13.42619,4.64,106,5.247024072160486,1,1,0
43.0,4,1.0,1.0,Shared room,52.51771,13.42569,4.55,156,3.7612001156935615,1,1,0
92.0,4,1.0,1.0,Entire home/apt,52.51853,13.28745,4.57,111,4.5217885770490405,1,1,0
99.0,3,1.0,1.0,Shared room,52.51567,13.42618,4.49,43,4.59511985013459,1,1,0
193.0,4,1.0,1.0,Entire home/apt,52.48635,13.43417,4.73,440,5.262690188904886,1,1,0
31.0,6,1.0,1.0,Shared room,52.51744,13.42645,4.55,280,3.4339872044851463,1,1,0
31.0,6,1.0,1.0,Shared room,52.51582,13.42462,4.58,309,3.4339872044851463,1,1,0
66.0,1,1.0,1.0,Private room,52.52669,13.39334,4.93,129,4.189654742026425,1,1,0
55.0,1,1.0,1.0,Private room,52.54866,13.40328,4.71,164,4.007333185232471,1,1,0
65.0,2,1.0,1.5,Private room,52.49482,13.41392,4.7,480,4.174387269895637,1,0,0
86.0,4,2.0,1.0,Entire home/apt,52.53822,13.40531,4.85,52,4.454347296253507,1,1,0
83.0,6,2.0,1.0,Entire home/apt,52.52301,13.40595,4.68,430,4.418840607796598,1,1,0
123.0,4,1.0,1.0,Entire home/apt,52.54661,13.41481,4.76,114,4.812184355372417,1,1,0
98.0,6,3.0,2.0,Entire home/apt,52.52244,13.40427,4.64,446,4.584967478670572,1,1,0
40.0,2,1.0,1.5,Private room,52.46312,13.51503,4.13,24,3.688879454113936,1,1,0
81.0,6,2.0,1.0,Entire home/apt,52.60701,13.46567,4.93,203,4.394449154672439,1,1,1
77.0,4,1.0,1.0,Entire home/apt,52.478,13.4487,4.7,576,4.343805421853684,1,1,1
199.0,3,2.0,2.0,Entire home/apt,52.53398,13.42222,4.97,114,5.293304824724492,1,1,1
147.0,6,1.0,1.0,Entire home/apt,52.54516,13.42491,4.84,121,4.990432586778736,1,1,0
29.0,3,1.0,1.0,Entire home/apt,52.6065,13.42121,4.14,7,3.367295829986474,1,1,0
82.0,2,1.0,1.0,Entire home/apt,52.52257,13.41321,4.55,20,4.406719247264253,1,1,0
85.0,4,2.0,1.0,Entire home/apt,52.4848,13.36123,5.0,24,4.442651256490317,1,1,0
93.0,5,2.0,1.0,Entire home/apt,52.50297,13.4359,4.38,13,4.532599493153256,1,1,0
56.0,3,1.0,1.0,Entire home/apt,52.49284,13.35301,0.0,0,4.02535169073515,1,1,0
480.0,4,3.0,1.0,Entire home/apt,52.49619,13.45933,0.0,0,6.173786103901937,1,1,1
43.0,2,1.0,1.0,Entire home/apt,52.52587,13.45213,4.86,28,3.7612001156935615,1,1,0
90.0,2,1.0,1.5,Private room,52.50534,13.37588,4.88,50,4.499809670330265,1,1,0
69.0,2,1.0,1.0,Private room,52.52564,13.4173,4.87,183,4.23410650459726,1,0,0
71.0,2,1.0,1.0,Entire home/apt,52.49686,13.3471,4.5,28,4.262679877041316,1,1,0
90.0,6,1.0,1.0,Entire home/apt,52.49198,13.38946,4.77,436,4.499809670330265,1,1,0
68.0,2,1.0,1.0,Private room,52.49309,13.42794,4.91,22,4.219507705176107,1,1,0
32.0,1,1.0,1.0,Private room,52.48632,13.42795,4.39,41,3.4657359027997265,1,1,0
52.0,4,3.0,1.0,Entire home/apt,52.4530932,13.5172944,0.0,0,3.951243718581428,1,1,0
58.0,2,1.0,1.0,Entire home/apt,52.47924,13.31092,5.0,13,4.060443010546419,1,1,0
180.0,8,1.0,1.0,Shared room,52.51602,13.42417,4.67,514,5.19295685089021,1,1,0
37.0,6,1.0,1.0,Shared room,52.51566,13.42594,4.56,70,3.610917912644224,1,1,0
45.0,2,1.0,1.0,Entire home/apt,52.51152,13.47803,4.6,5,3.80666248977032,1,1,0
172.0,2,1.0,1.0,Private room,52.51577,13.42567,4.59,655,5.147494476813453,1,1,0
248.0,8,3.0,1.0,Entire home/apt,52.53896,13.41608,4.62,329,5.513428746164983,1,1,0
165.0,2,1.0,1.0,Entire home/apt,52.43708,13.22954,4.87,102,5.10594547390058,1,1,0
112.0,4,2.0,1.0,Entire home/apt,52.49017,13.42515,4.7,143,4.718498871295094,1,1,0
135.0,6,2.0,1.5,Entire home/apt,52.54532,13.17168,4.69,55,4.90527477843843,1,1,0
77.0,2,1.0,1.0,Private room,52.53509,13.40739,5.0,3,4.343805421853684,1,1,0
150.0,5,1.0,1.5,Entire home/apt,52.4602,13.31925,4.85,188,5.010635294096256,1,1,0
68.0,2,1.0,1.5,Entire home/apt,52.56937,13.43955,4.74,364,4.219507705176107,1,1,0
360.0,7,4.0,1.5,Entire home/apt,52.5246,13.40579,4.94,47,5.886104031450156,1,1,0
69.0,6,2.0,1.0,Entire home/apt,52.52694,13.32604,4.38,24,4.23410650459726,1,1,0
123.0,1,1.0,1.0,Shared room,52.51771,13.42564,4.56,327,4.812184355372417,1,1,0
97.0,4,1.0,1.0,Entire home/apt,52.54863,13.40571,4.76,93,4.574710978503383,1,1,0
60.0,1,1.0,1.0,Private room,52.53272,13.335,4.98,442,4.0943445622221,1,1,0
98.0,4,2.0,1.0,Entire home/apt,52.49367,13.32282,4.87,69,4.584967478670572,1,1,0
122.0,4,1.0,1.0,Entire home/apt,52.47275,13.45386,4.77,13,4.804021044733257,0,1,0
22.0,1,1.0,1.0,Private room,52.53077,13.59501,4.81,126,3.091042453358316,1,1,0
45.0,3,1.0,1.0,Private room,52.5329,13.39373,4.81,181,3.80666248977032,1,0,0
38.0,1,1.0,1.0,Private room,52.50287,13.42074,4.87,38,3.6375861597263857,1,1,0
370.0,12,5.0,3.0,Entire home/apt,52.5379,13.20669,4.89,120,5.91350300563827,1,1,0
162.0,5,2.0,1.0,Entire home/apt,52.44728,13.41104,4.86,21,5.087596335232384,1,1,0
86.0,3,1.0,1.0,Entire home/apt,52.55454,13.38555,4.75,16,4.454347296253507,1,1,0
63.0,2,1.0,1.0,Private room,52.4998,13.36315,4.82,243,4.143134726391533,1,1,0
142.0,7,2.0,2.0,Entire home/apt,52.50981,13.57857,4.97,87,4.955827057601261,1,1,0
172.0,4,2.0,1.0,Entire home/apt,52.52664,13.3928,4.86,71,5.147494476813453,1,1,0
174.0,6,2.0,1.0,Entire home/apt,52.48274,13.44081,4.96,69,5.159055299214529,1,1,0
64.0,4,1.0,1.0,Entire home/apt,52.49866,13.29326,5.0,3,4.158883083359672,1,1,0
190.0,5,3.0,2.5,Entire home/apt,52.55064,13.40334,4.9,40,5.247024072160486,1,1,0
200.0,10,4.0,2.0,Entire home/apt,52.47216,13.38634,4.61,49,5.298317366548036,1,1,0
55.0,1,1.0,1.0,Entire home/apt,52.56175,13.40347,5.0,11,4.007333185232471,1,1,0
54.0,2,1.0,1.0,Entire home/apt,52.48632,13.35499,4.86,359,3.9889840465642745,1,1,0
152.0,3,1.0,1.0,Entire home/apt,52.53197,13.38892,4.89,255,5.0238805208462765,1,1,0
121.0,3,3.0,1.5,Entire home/apt,52.54873,13.40443,4.81,31,4.795790545596741,1,1,0
123.0,4,1.0,1.0,Entire home/apt,52.48960114,13.38070011,4.79,504,4.812184355372417,1,1,0
87.0,3,1.0,1.0,Entire home/apt,52.52212905883789,13.345120429992676,4.44,59,4.465908118654584,1,1,0
150.0,13,5.0,3.0,Entire home/apt,52.47385,13.38592,4.75,69,5.010635294096256,1,1,0
310.0,10,3.0,2.0,Entire home/apt,52.47417,13.38614,4.47,45,5.736572297479192,1,1,0
58.0,2,1.0,2.0,Private room,52.51898,13.40392,4.87,76,4.060443010546419,1,1,0
63.0,2,1.0,1.0,Entire home/apt,52.53389739990234,13.413122177124023,4.5,6,4.143134726391533,1,1,0
74.0,4,2.0,1.0,Entire home/apt,52.49083,13.37835,4.75,620,4.30406509320417,1,1,0
68.0,4,1.0,1.0,Entire home/apt,52.46698,13.44006,4.68,374,4.219507705176107,1,1,0
113.0,4,0.0,1.0,Entire home/apt,52.50476,13.39732,4.61,232,4.727387818712341,1,1,0
36.0,2,1.0,1.0,Entire home/apt,52.49639,13.31273,4.36,14,3.58351893845611,1,1,0
63.0,2,1.0,1.0,Private room,52.5036,13.42588,4.83,54,4.143134726391533,1,1,0
28.0,2,0.0,1.0,Entire home/apt,52.55112,13.37245,5.0,2,3.332204510175204,1,1,0
33.0,1,1.0,1.0,Private room,52.47606,13.37243,4.95,637,3.49650756146648,1,1,0
3429.0,2,0.0,1.0,Entire home/apt,52.487,13.36565,4.8,5,8.14002395246292,1,1,0
48.0,2,1.0,2.0,Private room,52.51049,13.28835,4.63,543,3.871201010907891,1,1,0
47.0,2,1.0,2.0,Private room,52.51029,13.29012,4.51,581,3.8501476017100575,1,1,0
231.0,3,1.0,1.0,Entire home/apt,52.51669,13.41257,4.95,524,5.442417710521793,1,1,0
112.0,6,2.0,1.0,Entire home/apt,52.52118,13.45307,4.61,299,4.718498871295094,1,1,0
45.0,2,1.0,2.0,Private room,52.51097,13.28811,4.63,557,3.80666248977032,1,1,0
58.0,2,0.0,1.0,Entire home/apt,52.52503,13.30802,4.64,273,4.060443010546419,1,0,0
77.0,4,1.0,1.0,Entire home/apt,52.52148,13.45298,4.45,281,4.343805421853684,1,1,0
35.0,2,1.0,1.0,Private room,52.48278,13.44126,4.92,36,3.555348061489413,1,1,0
85.0,6,2.0,1.0,Entire home/apt,52.48694992,13.344579696655272,4.48,334,4.442651256490317,1,1,0
70.0,2,1.0,1.0,Private room,52.49442,13.41443,4.92,494,4.248495242049359,1,0,0
85.0,6,3.0,1.0,Entire home/apt,52.48830032348633,13.33152961730957,4.45,295,4.442651256490317,1,1,0
85.0,6,2.0,1.0,Entire home/apt,52.49047470092773,13.330714225769045,4.61,299,4.442651256490317,1,1,0
251.0,6,3.0,2.0,Entire home/apt,52.47025,13.30977,4.37,19,5.525452939131784,1,1,0
69.0,3,1.0,1.0,Entire home/apt,52.47111,13.43285,4.78,465,4.23410650459726,1,1,0
95.0,5,2.0,1.0,Entire home/apt,52.47268,13.45228,5.0,1,4.553876891600541,1,1,0
77.0,2,1.0,1.5,Entire home/apt,52.55259,13.41648,4.48,48,4.343805421853684,1,1,0
135.0,2,1.0,1.0,Entire home/apt,52.52797,13.39288,4.79,33,4.90527477843843,1,1,0
165.0,7,2.0,1.0,Entire home/apt,52.53823,13.40174,4.59,300,5.10594547390058,1,1,0
35.0,3,1.0,1.0,Private room,52.4042,13.57112,4.94,118,3.555348061489413,1,1,0
183.0,6,3.0,2.0,Entire home/apt,52.49773,13.42677,4.76,493,5.209486152841421,1,1,0
99.0,5,1.0,1.0,Shared room,52.51772,13.42416,4.59,46,4.59511985013459,1,1,0
115.0,2,1.0,1.0,Entire home/apt,52.49207,13.33515,4.94,50,4.74493212836325,1,1,0
90.0,2,0.0,1.0,Entire home/apt,52.54461,13.37889,5.0,17,4.499809670330265,1,1,0
108.0,4,2.0,1.5,Entire home/apt,52.59436,13.29766,0.0,0,4.68213122712422,1,1,0
148.0,2,1.0,1.0,Entire home/apt,52.51212,13.45309,4.57,127,4.997212273764115,1,1,0
46.0,2,1.0,1.0,Private room,52.50268,13.49005,4.84,164,3.828641396489095,1,1,0
100.0,2,1.0,1.0,Entire home/apt,52.53165,13.39663,0.0,0,4.605170185988092,1,1,0
44.0,2,1.0,1.0,Private room,52.56198,13.49392,4.71,134,3.784189633918261,1,1,0
60.0,2,2.0,1.0,Private room,52.61389,13.23327,4.94,52,4.0943445622221,1,1,0
100.0,2,1.0,1.0,Entire home/apt,52.50592,13.30931,4.97,68,4.605170185988092,1,1,0
54.0,1,1.0,1.0,Private room,52.52499,13.32712,4.78,92,3.9889840465642745,1,1,0
81.0,3,1.0,1.0,Entire home/apt,52.57394,13.3097,0.0,0,4.394449154672439,1,1,0
100.0,2,3.0,1.0,Entire home/apt,52.44708251953125,13.289677619934082,5.0,8,4.605170185988092,1,1,1
50.0,3,1.0,1.0,Private room,52.48778,13.31109,4.94,267,3.912023005428146,1,1,0
150.0,4,2.0,1.0,Entire home/apt,52.55213,13.41877,4.71,56,5.010635294096256,1,1,0
79.0,4,1.0,1.5,Entire home/apt,52.48743282615128,13.420140307723347,4.84,307,4.3694478524670215,1,1,0
208.0,2,1.0,1.0,Entire home/apt,52.49925,13.44574,4.87,45,5.337538079701318,1,1,0
242.0,4,2.0,2.0,Entire home/apt,52.53985,13.40478,4.82,158,5.488937726156687,1,1,0
120.0,2,1.0,1.0,Entire home/apt,52.49372121824897,13.198032234918228,0.0,0,4.787491742782046,1,1,0
62.0,2,1.0,1.5,Private room,52.47094,13.43347,4.98,42,4.127134385045092,1,1,0
86.0,2,1.0,1.0,Entire home/apt,52.47101,13.43899,4.92,52,4.454347296253507,1,1,0
96.0,2,1.0,1.0,Entire home/apt,52.5341,13.43366,4.94,481,4.564348191467836,1,1,0
105.0,2,1.0,1.0,Entire home/apt,52.43672,13.22219,4.86,37,4.653960350157523,1,1,0
169.0,2,1.0,1.0,Entire home/apt,52.49827,13.43595,4.93,91,5.1298987149230735,1,1,0
90.0,2,1.0,1.0,Entire home/apt,52.44684,13.57933,4.94,180,4.499809670330265,1,1,0
246.0,4,1.0,1.0,Entire home/apt,52.48248,13.42306,4.9,29,5.5053315359323625,1,1,0
79.0,3,1.0,1.0,Entire home/apt,52.49679,13.33425,4.53,30,4.3694478524670215,1,1,0
147.0,2,1.0,1.5,Private room,52.52971,13.40452,4.91,79,4.990432586778736,1,1,0
198.0,5,3.0,1.0,Entire home/apt,52.49166,13.38973,4.85,378,5.288267030694535,1,1,0
66.0,2,1.0,1.0,Entire home/apt,52.54878,13.42623,4.88,109,4.189654742026425,1,1,0
100.0,6,3.0,1.0,Entire home/apt,52.47804,13.56161,4.77,115,4.605170185988092,1,1,0
225.0,6,3.0,2.0,Entire home/apt,52.56314,13.40089,4.97,31,5.41610040220442,1,1,1
72.0,1,1.0,1.0,Private room,52.53511,13.41051,4.95,363,4.276666119016055,1,1,0
113.0,6,2.0,2.0,Entire home/apt,52.51213,13.41282,4.63,238,4.727387818712341,1,1,0
144.0,5,2.0,1.0,Entire home/apt,52.53271,13.39955,4.95,43,4.969813299576001,1,1,0
273.0,7,2.0,1.5,Entire home/apt,52.54721593302182,13.416069657464638,4.94,341,5.60947179518496,1,1,0
215.0,3,2.0,1.5,Entire home/apt,52.53103,13.41465,4.76,68,5.3706380281276624,1,1,0
171.0,4,2.0,1.0,Entire home/apt,52.49155,13.4305,4.9,39,5.14166355650266,1,1,0
176.0,4,1.0,1.0,Entire home/apt,52.46819,13.38999,4.87,144,5.170483995038151,1,1,0
80.0,2,2.0,1.5,Private room,52.44747,13.63412,4.96,354,4.382026634673881,1,1,0
40.0,2,1.0,1.0,Entire home/apt,52.54344,13.42128,4.47,43,3.688879454113936,1,1,0
204.0,4,3.0,2.0,Entire home/apt,52.5006,13.37112,5.0,10,5.318119993844216,1,1,0
148.0,4,2.0,1.0,Entire home/apt,52.53059,13.4248,4.65,81,4.997212273764115,1,1,0
170.0,3,2.0,1.0,Entire home/apt,52.53137,13.41679,4.76,207,5.135798437050262,1,1,0
45.0,7,1.0,1.5,Private room,52.48707,13.32742,4.65,137,3.80666248977032,1,1,0
37.0,2,1.0,1.0,Private room,52.5878,13.28053,4.91,263,3.610917912644224,1,1,0
94.0,4,2.0,1.0,Entire home/apt,52.48921,13.37654,4.83,40,4.543294782270004,1,1,0
228.0,5,1.0,2.0,Entire home/apt,52.49676,13.42627,4.88,26,5.429345628954441,1,1,0
92.0,3,1.0,1.0,Entire home/apt,52.49541,13.33774,4.75,53,4.5217885770490405,1,1,0
250.0,5,4.0,2.0,Entire home/apt,52.56907,13.39956,4.85,139,5.521460917862246,1,1,0
582.0,10,5.0,3.0,Entire home/apt,52.4854,13.42446,4.91,425,6.366470447731438,1,1,0
418.0,13,6.0,2.0,Entire home/apt,52.5057,13.46895,4.76,162,6.035481432524756,1,1,0
599.0,14,6.0,4.5,Entire home/apt,52.46824,13.38998,4.88,153,6.395261598115449,1,1,0
230.0,4,2.0,1.5,Entire home/apt,52.53743,13.39948,4.79,28,5.438079308923196,1,1,0
196.0,4,1.0,1.0,Entire home/apt,52.52921,13.41145,4.72,578,5.278114659230517,1,1,0
112.0,4,2.0,2.0,Entire home/apt,52.50973,13.45418,5.0,1,4.718498871295094,1,1,0
72.0,3,1.0,1.0,Entire home/apt,52.58342,13.36478,4.76,135,4.276666119016055,1,1,0
42.0,2,1.0,1.0,Entire home/apt,52.55403,13.40076,4.85,26,3.737669618283368,1,1,0
102.0,2,1.0,1.0,Entire home/apt,52.5327509,13.3680953,4.7,20,4.624972813284271,1,1,0
99.0,2,1.0,1.0,Entire home/apt,52.53413,13.33386,4.47,30,4.59511985013459,1,1,0
171.0,6,0.0,1.0,Entire home/apt,52.54673,13.42491,4.91,209,5.14166355650266,1,1,0
58.0,2,1.0,1.0,Private room,52.50022,13.41494,4.7,46,4.060443010546419,1,0,0
300.0,2,2.0,2.0,Entire home/apt,52.53584,13.42879,4.99,104,5.703782474656201,1,1,0
49.0,2,1.0,1.0,Entire home/apt,52.49446,13.42269,0.0,0,3.8918202981106265,1,1,0
120.0,2,1.0,1.0,Entire home/apt,52.54427,13.4225,4.67,24,4.787491742782046,1,1,0
69.0,1,1.0,1.0,Private room,52.47248,13.44945,4.86,49,4.23410650459726,1,1,0
67.0,2,1.0,1.0,Entire home/apt,52.47317,13.48275,4.58,38,4.204692619390966,1,1,0
48.0,6,1.0,1.0,Shared room,52.51599,13.42483,4.62,372,3.871201010907891,1,1,0
340.0,14,4.0,1.5,Entire home/apt,52.53292,13.32682,4.91,512,5.828945617610208,1,1,0
150.0,4,1.0,1.0,Shared room,52.51713,13.42679,4.61,209,5.010635294096256,1,1,0
72.0,2,1.0,1.5,Entire home/apt,52.43544,13.58195,4.65,256,4.276666119016055,1,1,1
81.0,2,1.0,1.0,Entire home/apt,52.50141,13.44178,4.67,36,4.394449154672439,1,1,0
57.0,3,1.0,1.5,Private room,52.51061,13.28859,4.52,178,4.04305126783455,1,1,0
366.0,7,6.0,3.5,Entire home/apt,52.52187,13.23923,5.0,17,5.902633333401366,1,1,0
94.0,2,1.0,1.0,Entire home/apt,52.52815,13.39856,4.88,266,4.543294782270004,1,1,0
210.0,4,1.0,1.0,Entire home/apt,52.52592,13.39594,4.1,77,5.3471075307174685,1,1,0
164.0,5,2.0,1.0,Entire home/apt,52.53758,13.43836,4.87,70,5.099866427824199,1,1,0
55.0,2,1.0,1.0,Entire home/apt,52.53577,13.37986,4.93,15,4.007333185232471,1,1,0
52.0,2,0.0,1.0,Entire home/apt,52.4914,13.40621,4.84,380,3.951243718581428,1,1,0
142.0,4,1.0,1.0,Entire home/apt,52.52633,13.39379,4.87,539,4.955827057601261,1,1,0
86.0,2,1.0,1.0,Private room,52.49003,13.34934,4.93,55,4.454347296253507,1,1,0
71.0,4,1.0,2.0,Private room,52.51108,13.44616,4.58,118,4.262679877041316,1,1,0
119.0,3,1.0,1.0,Entire home/apt,52.49172,13.43589,4.92,13,4.77912349311153,1,1,0
80.0,3,1.0,1.5,Entire home/apt,52.52541,13.30535,4.67,119,4.382026634673881,1,1,0
45.0,1,1.0,1.5,Private room,52.60165,13.42608,4.0,1,3.80666248977032,1,1,0
69.0,3,1.0,1.0,Private room,52.47019,13.43104,4.89,120,4.23410650459726,1,1,0
80.0,2,1.0,1.0,Entire home/apt,52.52114,13.44997,5.0,3,4.382026634673881,1,1,0
32.0,1,1.0,1.0,Private room,52.52183,13.38445,4.63,35,3.4657359027997265,1,1,0
187.0,5,2.0,1.0,Entire home/apt,52.49179,13.39229,4.9,87,5.231108616854587,1,1,0
247.0,6,2.0,1.0,Entire home/apt,52.51201248168945,13.459357261657717,4.9,258,5.5093883366279774,1,1,1
148.0,4,1.0,1.0,Private room,52.51712,13.426,4.47,57,4.997212273764115,1,1,0
96.0,4,2.0,1.0,Entire home/apt,52.49842,13.30412,5.0,1,4.564348191467836,1,1,0
65.0,2,1.0,1.0,Private room,52.51379,13.45904,4.97,224,4.174387269895637,1,1,0
77.0,4,2.0,1.0,Entire home/apt,52.49869,13.29315,5.0,1,4.343805421853684,1,0,0
148.0,4,2.0,1.0,Entire home/apt,52.44755,13.61793,4.49,39,4.997212273764115,1,1,0
123.0,4,1.0,1.0,Entire home/apt,52.50360107,13.3774004,4.86,669,4.812184355372417,1,1,0
125.0,2,1.0,1.0,Entire home/apt,52.517,13.41422,4.82,278,4.8283137373023015,1,1,0
102.0,4,2.0,1.0,Entire home/apt,52.528502863244725,13.389017901937244,4.95,256,4.624972813284271,1,1,0
300.0,9,3.0,1.5,Entire home/apt,52.5422,13.41787,4.9,545,5.703782474656201,1,1,0
81.0,3,2.0,1.5,Private room,52.53283,13.41586,4.75,12,4.394449154672439,1,1,0
132.0,4,1.0,1.0,Entire home/apt,52.50360107,13.3774004,4.86,669,4.882801922586371,1,1,0
121.0,4,1.0,1.0,Entire home/apt,52.50379944,13.37720013,4.88,706,4.795790545596741,1,1,0
74.0,1,1.0,1.0,Private room,52.47928,13.41955,4.74,121,4.30406509320417,1,1,0
70.0,2,1.0,1.0,Entire home/apt,52.51565,13.46096,4.92,100,4.248495242049359,1,0,0
167.0,2,0.0,1.0,Entire home/apt,52.49944,13.369,4.93,342,5.117993812416755,1,1,0
70.0,3,1.0,1.0,Entire home/apt,52.52132,13.63387,4.77,105,4.248495242049359,1,1,0
46.0,3,1.0,1.0,Private room,52.48375,13.35831,4.82,259,3.828641396489095,1,1,0
139.0,5,3.0,1.0,Entire home/apt,52.48875,13.39216,4.71,21,4.934473933130692,1,1,0
150.0,2,1.0,1.0,Entire home/apt,52.53778,13.40261,4.71,155,5.010635294096256,1,1,0
43.0,2,1.0,1.0,Entire home/apt,52.4636,13.3185,4.67,6,3.7612001156935615,1,1,0
593.0,7,5.0,2.0,Entire home/apt,52.48488,13.43471,4.54,147,6.385194398997726,1,1,0
110.0,2,1.0,1.0,Entire home/apt,52.540451,13.418901,5.0,16,4.700480365792417,1,1,0
142.0,4,2.0,2.0,Entire home/apt,52.48954,13.36323,4.83,372,4.955827057601261,1,1,0
536.0,8,4.0,2.0,Hotel room,52.53707,13.40958,4.95,81,6.284134161070802,1,1,0
245.0,7,2.0,1.0,Entire home/apt,52.52983,13.39711,4.42,252,5.501258210544727,1,1,0
69.0,2,1.0,1.0,Private room,52.48919,13.42583,4.9,42,4.23410650459726,1,0,0
103.0,4,1.0,1.0,Entire home/apt,52.53057722217836,13.401063175115446,4.81,330,4.634728988229636,1,1,0
85.0,3,1.0,1.0,Entire home/apt,52.51326,13.30424,4.81,253,4.442651256490317,1,1,0
68.0,2,1.0,2.0,Private room,52.54946,13.34943,5.0,12,4.219507705176107,1,1,0
124.0,2,1.0,1.0,Private room,52.51703,13.4242,4.57,115,4.820281565605037,1,1,0
35.0,1,1.0,1.0,Private room,52.50585,13.29635,4.67,63,3.555348061489413,1,1,0
52.0,2,2.0,1.0,Private room,52.49268,13.42872,4.95,59,3.951243718581428,1,1,0
105.0,6,2.0,1.0,Entire home/apt,52.41358,13.5054,4.85,330,4.653960350157523,1,1,0
253.0,5,2.0,1.0,Entire home/apt,52.55618,13.22459,4.94,17,5.53338948872752,0,1,0
66.0,2,1.0,1.5,Private room,52.49622,13.33853,4.83,176,4.189654742026425,1,0,0
227.0,8,5.0,2.0,Entire home/apt,52.52021026611328,13.558789253234863,4.8,61,5.424950017481403,1,1,0
90.0,2,1.0,1.0,Entire home/apt,52.50233,13.43841,4.8,236,4.499809670330265,1,1,0
207.0,3,1.0,1.0,Entire home/apt,52.54005,13.42165,4.89,385,5.332718793265369,1,1,0
302.0,5,3.0,2.0,Entire home/apt,52.49653,13.33829,5.0,19,5.71042701737487,1,1,0
207.0,4,2.0,1.5,Entire home/apt,52.52633,13.39379,4.91,590,5.332718793265369,1,1,1
153.0,4,1.0,1.0,Entire home/apt,52.55508,13.42078,4.0,4,5.030437921392435,1,1,0
77.0,2,1.0,1.0,Entire home/apt,52.49077,13.38776,4.52,361,4.343805421853684,1,1,0
351.0,13,6.0,2.0,Entire home/apt,52.50605,13.47,4.67,66,5.860786223465865,1,1,0
50.0,2,1.0,1.0,Private room,52.49142,13.25683,4.8,253,3.912023005428146,1,1,0
167.0,5,2.0,1.5,Entire home/apt,52.49858,13.44746,4.95,22,5.117993812416755,1,1,0
131.0,4,3.0,2.0,Entire home/apt,52.44735,13.61821,4.6,20,4.875197323201151,1,1,0
100.0,2,1.0,1.0,Entire home/apt,52.513973028983614,13.501927488671884,4.89,19,4.605170185988092,0,1,0
93.0,3,2.0,1.0,Entire home/apt,52.49297,13.31822,4.54,203,4.532599493153256,1,1,0
46.0,1,1.0,1.5,Private room,52.49459,13.31773,5.0,2,3.828641396489095,1,1,0
59.0,2,1.0,1.5,Private room,52.49277,13.31754,5.0,1,4.07753744390572,1,1,0
199.0,4,1.0,1.0,Entire home/apt,52.50958,13.39033,4.44,50,5.293304824724492,1,1,0
78.0,4,1.0,1.0,Entire home/apt,52.55248,13.41577,4.68,409,4.356708826689592,1,1,0
38.0,6,1.0,1.0,Shared room,52.5177,13.42561,4.61,66,3.6375861597263857,1,1,0
128.0,6,1.0,1.0,Entire home/apt,52.53886,13.40583,4.66,252,4.852030263919617,1,1,0
70.0,1,1.0,1.0,Private room,52.49531,13.38333,4.9,62,4.248495242049359,0,1,0
83.0,6,2.0,1.0,Entire home/apt,52.41878,13.42549,4.69,390,4.418840607796598,1,1,0
114.0,3,0.0,1.0,Entire home/apt,52.55112,13.41683,4.8,348,4.736198448394496,1,1,0
139.0,4,1.0,1.0,Entire home/apt,52.53803,13.4048,4.58,249,4.934473933130692,1,1,0
44.0,2,1.0,1.0,Entire home/apt,52.48394,13.38285,5.0,15,3.784189633918261,1,1,0
99.0,4,1.0,1.0,Entire home/apt,52.51187,13.28503,4.78,283,4.59511985013459,1,1,0
72.0,2,1.0,1.0,Entire home/apt,52.60322,13.31717,4.96,203,4.276666119016055,1,1,0
55.0,1,1.0,1.0,Private room,52.51652,13.41803,4.79,611,4.007333185232471,1,1,0
95.0,4,1.0,1.5,Entire home/apt,52.49001,13.38447,4.59,353,4.553876891600541,1,1,0
112.0,2,1.0,1.0,Entire home/apt,52.50321,13.32533,4.64,22,4.718498871295094,1,1,0
103.0,3,1.0,1.0,Entire home/apt,52.51289,13.30239,4.67,285,4.634728988229636,1,1,0
151.0,4,2.0,1.0,Entire home/apt,52.53585,13.38077,4.72,201,5.017279836814924,1,1,0
138.0,3,1.0,1.0,Entire home/apt,52.53314,13.40158,4.7,156,4.927253685157205,1,1,0
80.0,1,0.0,1.0,Entire home/apt,52.45883,13.37892,4.4,15,4.382026634673881,1,1,0
429.0,6,3.0,2.0,Entire home/apt,52.53087,13.38241,4.94,330,6.061456918928017,1,1,1
175.0,5,3.0,1.5,Entire home/apt,52.53634,13.40628,5.0,4,5.1647859739235145,1,1,0
105.0,2,1.0,1.0,Entire home/apt,52.50093,13.3248,4.45,20,4.653960350157523,1,1,0
64.0,2,1.0,1.5,Private room,52.49084,13.41575,4.81,483,4.158883083359672,1,1,0
196.0,9,2.0,1.5,Entire home/apt,52.52407114460903,13.409150280520176,4.8,464,5.278114659230517,1,1,0
134.0,4,1.0,1.0,Entire home/apt,52.48127,13.34995,4.63,41,4.897839799950911,1,1,0
149.0,8,2.0,1.0,Entire home/apt,52.482,13.34883,4.71,52,5.003946305945459,1,1,0
49.0,1,1.0,1.0,Entire home/apt,52.50054,13.34972,5.0,14,3.8918202981106265,1,1,0
60.0,1,1.0,1.0,Private room,52.460129299196055,13.378782453272583,4.85,27,4.0943445622221,1,0,0
243.0,4,2.0,1.0,Entire home/apt,52.52465,13.29989,4.83,114,5.493061443340548,1,1,0
35.0,1,1.0,1.0,Private room,52.58521,13.3919,4.7,162,3.555348061489413,1,1,0
275.0,8,3.0,2.0,Entire home/apt,52.48025,13.34804,4.78,237,5.616771097666572,1,1,0
127.0,4,1.0,1.0,Entire home/apt,52.51051,13.40695,4.85,471,4.844187086458591,1,1,0
110.0,4,1.0,1.0,Entire home/apt,52.53311,13.43321,4.86,350,4.700480365792417,1,1,0
112.0,2,1.0,1.0,Entire home/apt,52.50313,13.3249,4.73,15,4.718498871295094,1,1,0
140.0,4,2.0,1.0,Entire home/apt,52.55082,13.41603,4.87,293,4.941642422609304,1,1,0
65.0,1,0.0,1.0,Entire home/apt,52.49764,13.32304,4.62,29,4.174387269895637,1,1,0
126.0,2,0.0,1.0,Entire home/apt,52.5331,13.40159,4.77,146,4.836281906951478,1,1,0
261.0,8,3.0,1.0,Entire home/apt,52.55079,13.41312,4.74,104,5.564520407322694,1,1,0
86.0,2,1.0,1.0,Entire home/apt,52.51051,13.46502,4.82,17,4.454347296253507,1,1,0
182.0,9,2.0,1.0,Entire home/apt,52.52632,13.41084,4.66,323,5.204006687076795,1,1,0
97.0,4,1.0,1.0,Entire home/apt,52.50737,13.47654,4.85,311,4.574710978503383,1,1,0
171.0,5,3.0,2.5,Entire home/apt,52.55077,13.40424,4.97,38,5.14166355650266,1,1,0
43.0,2,1.0,2.0,Private room,52.39563,13.57844,4.33,3,3.7612001156935615,1,1,0
82.0,4,0.0,1.0,Entire home/apt,52.50885,13.4772,4.87,326,4.406719247264253,1,1,0
46.0,2,0.0,1.0,Entire home/apt,52.50443,13.41827,4.52,21,3.828641396489095,1,1,0
115.0,4,0.0,1.0,Entire home/apt,52.51801,13.46882,4.92,418,4.74493212836325,1,1,0
83.0,3,1.0,1.0,Entire home/apt,52.50826,13.44691,4.95,202,4.418840607796598,1,1,0
293.0,6,2.0,2.0,Entire home/apt,52.48537,13.42459,4.89,362,5.680172609017068,1,1,0
80.0,2,1.0,1.0,Entire home/apt,52.46943,13.42779,4.94,213,4.382026634673881,1,1,0
85.0,2,1.0,1.0,Entire home/apt,52.4689,13.43282,4.92,48,4.442651256490317,1,1,0
157.0,6,2.0,1.0,Entire home/apt,52.47558,13.42254,4.77,520,5.056245805348308,1,1,0
45.0,3,2.0,1.0,Private room,52.52915,13.16387,4.77,39,3.80666248977032,1,1,0
128.0,2,1.0,1.0,Entire home/apt,52.49305,13.42533,4.7,116,4.852030263919617,1,1,0
48.0,1,0.0,1.0,Entire home/apt,52.49226,13.42937,4.56,9,3.871201010907891,1,1,0
61.0,4,2.0,1.0,Entire home/apt,52.49533,13.2842,4.67,3,4.110873864173311,1,1,0
84.0,4,2.0,1.0,Entire home/apt,52.50268,13.30325,4.75,4,4.430816798843313,1,1,0
168.0,4,3.0,1.0,Entire home/apt,52.58332328,13.412242104408016,4.69,13,5.123963979403259,1,1,0
57.0,2,1.0,1.0,Entire home/apt,52.53562,13.41877,4.76,17,4.04305126783455,1,1,0
289.0,6,2.0,1.0,Entire home/apt,52.53982162475586,13.398756980895996,4.72,72,5.666426688112432,1,1,0
279.0,6,3.0,1.5,Entire home/apt,52.54434,13.42272,4.85,291,5.631211781821365,1,1,0
125.0,2,1.0,1.0,Entire home/apt,52.52483,13.40746,4.81,234,4.8283137373023015,1,1,0
82.0,3,2.0,1.0,Entire home/apt,52.50268,13.30325,4.38,8,4.406719247264253,1,1,0
45.0,4,1.0,1.0,Entire home/apt,52.52474,13.28623,3.0,1,3.80666248977032,1,1,0
157.0,6,2.0,1.5,Entire home/apt,52.48738,13.32589,4.67,258,5.056245805348308,1,1,0
146.0,4,1.0,1.0,Entire home/apt,52.53002166748047,13.404840469360352,4.63,57,4.983606621708336,1,1,0
155.0,4,1.0,1.0,Entire home/apt,52.53002166748047,13.404840469360352,4.69,89,5.043425116919247,1,1,0
257.0,6,2.0,1.0,Entire home/apt,52.53002166748047,13.404840469360352,4.63,117,5.54907608489522,1,1,0
167.0,4,1.0,1.0,Entire home/apt,52.49394989013672,13.426309585571287,4.85,39,5.117993812416755,1,1,0
316.0,8,3.0,2.0,Entire home/apt,52.53002166748047,13.404840469360352,4.73,222,5.755742213586912,1,1,0
100.0,2,1.0,1.0,Entire home/apt,52.4959,13.44082,4.86,285,4.605170185988092,1,1,0
55.0,3,1.0,1.0,Entire home/apt,52.49557,13.28482,5.0,1,4.007333185232471,1,1,0
72.0,2,1.0,1.0,Entire home/apt,52.52418640230548,13.348735347390177,0.0,0,4.276666119016055,1,1,0
85.0,4,2.0,1.0,Entire home/apt,52.48014,13.56488,4.88,152,4.442651256490317,1,1,0
487.0,6,3.0,1.5,Entire home/apt,52.54066,13.40971,4.95,201,6.18826412308259,1,1,0
153.0,2,2.0,1.0,Entire home/apt,52.50063,13.43983,4.94,32,5.030437921392435,1,1,0
99.0,4,3.0,2.0,Entire home/apt,52.63834,13.29662,4.9,87,4.59511985013459,1,1,0
42.0,2,1.0,2.0,Private room,52.39404,13.57648,4.4,5,3.737669618283368,1,1,0
43.0,2,1.0,2.0,Private room,52.39328,13.57814,5.0,2,3.7612001156935615,1,1,0
168.0,2,1.0,1.0,Entire home/apt,52.53483,13.39383,5.0,271,5.123963979403259,1,1,0
45.0,2,1.0,1.0,Entire home/apt,52.52766,13.44942,4.64,22,3.80666248977032,1,1,0
70.0,1,1.0,1.0,Private room,52.50161,13.30992,4.97,245,4.248495242049359,1,1,0
59.0,2,1.0,1.0,Private room,52.53046,13.55442,4.96,340,4.07753744390572,1,0,0
185.0,5,1.0,1.0,Entire home/apt,52.5063,13.41735,4.92,152,5.220355825078324,1,1,0
106.0,7,2.0,1.0,Entire home/apt,52.50525,13.29473,4.81,217,4.663439094112067,1,1,0
191.0,2,1.0,1.0,Entire home/apt,52.53344,13.39628,4.84,19,5.25227342804663,1,1,0
45.0,2,1.0,2.0,Private room,52.39329,13.58013,4.63,8,3.80666248977032,1,1,0
66.0,2,0.0,1.0,Entire home/apt,52.52788,13.34985,4.76,93,4.189654742026425,1,1,0
267.0,10,3.0,1.0,Entire home/apt,52.51427,13.44885,4.35,158,5.58724865840025,1,1,0
243.0,6,2.0,2.0,Entire home/apt,52.50791,13.42072,4.78,82,5.493061443340548,1,1,0
104.0,2,1.0,1.0,Entire home/apt,52.47389,13.42451,4.82,11,4.6443908991413725,1,1,0
65.0,1,1.0,0.5,Private room,52.55588,13.34397,4.93,91,4.174387269895637,1,1,0
273.0,4,3.0,2.0,Entire home/apt,52.48735,13.37941,5.0,30,5.60947179518496,1,1,0
59.0,3,1.0,1.0,Entire home/apt,52.50183,13.35122,4.0,2,4.07753744390572,1,1,0
153.0,4,1.0,1.0,Entire home/apt,52.53926086425781,13.42212963104248,4.7,109,5.030437921392435,1,1,0
133.0,3,2.0,1.0,Entire home/apt,52.48283,13.42775,4.69,16,4.890349128221754,1,1,0
250.0,2,1.0,1.0,Entire home/apt,52.49179,13.41354,4.98,50,5.521460917862246,1,1,0
95.0,7,1.0,1.0,Entire home/apt,52.50967,13.45462,4.57,222,4.553876891600541,1,1,0
70.0,2,1.0,1.0,Private room,52.49716,13.42685,4.88,65,4.248495242049359,1,1,0
109.0,2,1.0,1.0,Entire home/apt,52.48543,13.43267,4.76,17,4.691347882229144,1,1,0
75.0,3,0.0,1.0,Entire home/apt,52.54337,13.35619,4.7,356,4.31748811353631,1,1,0
141.0,6,2.0,1.0,Entire home/apt,52.54704,13.34645,4.65,63,4.948759890378168,1,1,0
96.0,2,1.0,1.0,Private room,52.5247,13.3529,4.98,640,4.564348191467836,1,0,1
45.0,2,1.0,1.0,Private room,52.54595,13.41199,4.42,12,3.80666248977032,1,1,0
37.0,2,1.0,1.5,Private room,52.44704,13.50579,4.73,86,3.610917912644224,1,0,0
81.0,2,1.0,1.0,Entire home/apt,52.48966,13.42797,4.78,223,4.394449154672439,1,1,0
28.0,1,1.0,1.0,Private room,52.6368,13.29466,5.0,8,3.332204510175204,1,1,0
106.0,1,1.0,1.0,Entire home/apt,52.46097,13.51984,4.7,10,4.663439094112067,0,0,0
1153.0,6,3.0,1.5,Entire home/apt,52.55621,13.51681,4.76,49,7.050122520269059,1,1,0
135.0,2,0.0,1.0,Entire home/apt,52.53143,13.41997,4.92,48,4.90527477843843,1,1,1
36.0,2,1.0,1.0,Private room,52.46872,13.58635,4.92,209,3.58351893845611,1,1,0
156.0,6,2.0,1.5,Entire home/apt,52.49524,13.38387,4.86,216,5.049856007249537,1,1,0
80.0,2,1.0,1.0,Entire home/apt,52.44589,13.62913,4.8,51,4.382026634673881,1,1,0
106.0,2,1.0,1.0,Entire home/apt,52.46097,13.51984,4.81,36,4.663439094112067,1,1,0
46.0,1,1.0,1.0,Entire home/apt,52.52211,13.35257,4.81,48,3.828641396489095,1,1,0
125.0,2,1.0,1.0,Entire home/apt,52.45842,13.379,4.58,12,4.8283137373023015,1,1,0
89.0,2,1.0,1.0,Entire home/apt,52.48521,13.32831,4.29,7,4.48863636973214,1,1,0
49.0,1,1.0,1.0,Private room,52.4893,13.31117,4.94,269,3.8918202981106265,1,1,0
53.0,1,1.0,1.0,Private room,52.51184,13.3096,4.9,481,3.970291913552122,1,0,0
60.0,2,1.0,1.0,Private room,52.55135,13.37948,4.86,404,4.0943445622221,1,0,1
110.0,2,1.0,1.0,Entire home/apt,52.50559,13.41225,4.9,30,4.700480365792417,1,1,0
64.0,2,1.0,1.0,Private room,52.5651,13.4128,4.95,217,4.158883083359672,1,0,0
135.0,5,2.0,2.5,Entire home/apt,52.49398,13.29505,4.84,168,4.90527477843843,1,1,0
59.0,2,1.0,1.0,Private room,52.49156,13.37725,4.95,112,4.07753744390572,1,0,0
86.0,1,1.0,1.0,Entire home/apt,52.46097,13.51984,4.3,20,4.454347296253507,0,0,0
152.0,7,4.0,2.0,Entire home/apt,52.47871,13.51488,5.0,20,5.0238805208462765,1,1,0
318.0,8,3.0,1.5,Entire home/apt,52.52874,13.38034,4.95,598,5.762051382780177,1,1,0
53.0,2,1.0,1.0,Entire home/apt,52.5358,13.42041,5.0,56,3.970291913552122,1,1,0
280.0,6,4.0,2.0,Entire home/apt,52.5557,13.43748,4.94,18,5.634789603169249,1,1,0
95.0,3,2.0,1.5,Entire home/apt,52.48144,13.42575,4.9,48,4.553876891600541,1,1,1
119.0,4,2.0,1.0,Entire home/apt,52.53252020314492,13.40520941,4.71,94,4.77912349311153,1,1,1
38.0,2,1.0,1.0,Private room,52.42640988461098,13.568091563779747,4.79,169,3.6375861597263857,1,1,0
300.0,8,4.0,2.0,Entire home/apt,52.50412,13.41618,4.96,25,5.703782474656201,1,1,0
100.0,4,2.0,1.0,Entire home/apt,52.47902,13.44875,4.07,15,4.605170185988092,1,1,0
131.0,4,0.0,1.0,Entire home/apt,52.52241,13.45147,4.63,355,4.875197323201151,1,1,0
208.0,4,2.0,1.0,Entire home/apt,52.52241,13.45147,4.61,340,5.337538079701318,1,1,0
75.0,2,1.0,1.5,Private room,52.49633,13.34968,4.89,136,4.31748811353631,1,1,0
77.0,4,1.0,1.0,Entire home/apt,52.53802,13.41835,4.64,229,4.343805421853684,1,1,0
106.0,4,2.0,1.0,Entire home/apt,52.47601,13.43022,4.88,26,4.663439094112067,0,1,0
423.0,12,5.0,2.0,Entire home/apt,52.46824,13.38998,4.93,147,6.0473721790462776,1,1,0
80.0,2,1.0,1.0,Private room,52.53122,13.42263,4.89,219,4.382026634673881,1,1,0
92.0,2,1.0,1.0,Private room,52.48684,13.37901,4.95,41,4.5217885770490405,1,1,0
241.0,6,3.0,1.0,Entire home/apt,52.51024,13.41684,4.89,374,5.484796933490655,1,1,0
241.0,6,3.0,1.0,Entire home/apt,52.51024,13.41684,4.89,418,5.484796933490655,1,1,0
662.0,16,7.0,5.0,Entire home/apt,52.46866,13.38938,4.93,187,6.495265555937008,1,1,0
85.0,2,1.0,1.0,Entire home/apt,52.53118,13.34138,4.49,226,4.442651256490317,1,1,0
90.0,2,1.0,1.0,Entire home/apt,52.53127,13.34039,4.55,236,4.499809670330265,1,1,0
54.0,1,1.0,1.0,Private room,52.50463,13.37896,4.86,443,3.9889840465642745,1,1,0
62.0,1,1.0,1.0,Private room,52.50213,13.3571,4.74,38,4.127134385045092,1,1,0
68.0,3,1.0,1.0,Private room,52.51527,13.4621,4.71,231,4.219507705176107,1,1,0
162.0,4,2.0,1.0,Entire home/apt,52.53491,13.43944,4.96,402,5.087596335232384,1,1,0
162.0,7,3.0,1.0,Entire home/apt,52.50227,13.48134,4.97,36,5.087596335232384,1,1,0
40.0,2,0.0,1.0,Private room,52.41253,13.50654,4.83,110,3.688879454113936,1,1,0
243.0,6,3.0,1.0,Entire home/apt,52.50999,13.41652,4.9,403,5.493061443340548,1,1,0
126.0,4,0.0,1.0,Entire home/apt,52.46955,13.45443,4.4,194,4.836281906951478,1,1,0
129.0,2,1.0,1.0,Private room,52.47341,13.31587,4.38,8,4.859812404361672,1,0,0
201.0,6,2.0,1.0,Entire home/apt,52.51024,13.41684,4.88,401,5.303304908059076,1,1,0
120.0,2,2.0,1.0,Entire home/apt,52.56091,13.36576,0.0,0,4.787491742782046,1,1,0
201.0,6,2.0,1.0,Entire home/apt,52.50999,13.41652,4.81,385,5.303304908059076,1,1,0
241.0,6,3.0,1.0,Entire home/apt,52.51024,13.41684,4.87,403,5.484796933490655,1,1,0
846.0,10,3.0,2.0,Entire home/apt,52.48995,13.39508,0.0,0,6.740519359606223,1,1,1
73.0,1,1.0,1.0,Private room,52.49139,13.36852,4.83,163,4.290459441148391,1,1,0
96.0,2,0.0,1.5,Entire home/apt,52.52006,13.44441,0.0,0,4.564348191467836,1,1,0
107.0,6,0.0,1.0,Entire home/apt,52.49775,13.46641,4.6,453,4.672828834461906,1,1,0
130.0,3,1.0,1.0,Entire home/apt,52.51039,13.39764,4.79,164,4.867534450455582,1,1,0
162.0,3,1.0,1.0,Entire home/apt,52.51816,13.45592,4.23,52,5.087596335232384,1,1,0
570.0,11,5.0,3.0,Entire home/apt,52.48537,13.42459,4.91,309,6.345636360828596,1,1,0
130.0,4,2.0,1.0,Entire home/apt,52.51436,13.26465,4.98,116,4.867534450455582,1,1,0
70.0,3,2.0,1.0,Entire home/apt,52.49076,13.43185,0.0,0,4.248495242049359,1,1,0
117.0,4,1.0,1.0,Entire home/apt,52.51917,13.46819,4.88,269,4.762173934797756,1,1,0
29.0,2,1.0,1.0,Private room,52.50921030844959,13.548126524507325,4.5,8,3.367295829986474,1,1,0
68.0,4,1.0,1.0,Private room,52.50865,13.44577,4.91,100,4.219507705176107,1,1,0
53.0,2,1.0,1.0,Entire home/apt,52.49832,13.29251,5.0,1,3.970291913552122,1,1,0
172.0,6,2.0,1.0,Entire home/apt,52.54255,13.43893,4.84,110,5.147494476813453,1,1,0
176.0,2,1.0,1.0,Entire home/apt,52.51136,13.39806,4.97,147,5.170483995038151,1,1,0
45.0,1,1.0,1.0,Private room,52.48759,13.4375,5.0,7,3.80666248977032,1,1,0
67.0,2,1.0,1.0,Entire home/apt,52.49829,13.29253,5.0,3,4.204692619390966,1,1,0
213.0,4,2.0,1.5,Entire home/apt,52.52451,13.40452,4.97,179,5.3612921657094255,1,1,0
55.0,2,1.0,1.0,Private room,52.53118,13.40528,4.91,636,4.007333185232471,1,1,0
40.0,2,1.0,1.0,Private room,52.59546,13.45603,4.97,296,3.688879454113936,1,1,0
50.0,2,1.0,0.0,Entire home/apt,52.50515,13.34505,4.68,37,3.912023005428146,1,1,0
117.0,3,1.0,1.0,Entire home/apt,52.46604,13.48825,4.91,34,4.762173934797756,1,1,0
89.0,2,0.0,1.0,Entire home/apt,52.45883,13.37776,4.43,23,4.48863636973214,1,1,0
72.0,1,1.0,1.0,Private room,52.49388,13.4338,4.93,132,4.276666119016055,1,1,0
45.0,1,1.0,1.5,Private room,52.43306,13.28069,4.97,35,3.80666248977032,1,1,0
69.0,2,0.0,1.0,Entire home/apt,52.48686,13.32818,4.83,6,4.23410650459726,1,1,0
306.0,8,4.0,2.0,Entire home/apt,52.5339,13.35175,4.91,256,5.723585101952381,1,1,0
49.0,1,1.0,1.0,Private room,52.48422,13.45549,5.0,2,3.8918202981106265,1,1,0
85.0,2,1.0,1.0,Private room,52.4742,13.42266,4.98,123,4.442651256490317,1,1,0
286.0,6,3.0,2.0,Entire home/apt,52.5337,13.3515,4.96,306,5.655991810819852,1,1,0
328.0,8,4.0,2.0,Entire home/apt,52.5337,13.3515,4.89,283,5.793013608384144,1,1,0
296.0,6,3.0,2.0,Entire home/apt,52.5337,13.3515,4.92,236,5.69035945432406,1,1,0
65.0,2,1.0,1.5,Private room,52.49597,13.42632,4.7,37,4.174387269895637,1,1,0
88.0,2,1.0,1.0,Entire home/apt,52.4865,13.44696,4.91,11,4.477336814478207,1,1,0
216.0,2,1.0,1.5,Entire home/apt,52.49945,13.34352,4.92,364,5.375278407684165,1,1,0
157.0,8,2.0,1.0,Entire home/apt,52.48004,13.34429,4.7,146,5.056245805348308,1,1,0
67.0,2,1.0,1.0,Entire home/apt,52.535,13.34887,4.12,26,4.204692619390966,0,1,0
152.0,2,0.0,1.0,Entire home/apt,52.54254,13.40883,4.77,52,5.0238805208462765,1,1,0
75.0,4,1.0,2.0,Entire home/apt,52.55245,13.4572,4.84,50,4.31748811353631,1,1,0
289.0,4,1.0,1.0,Entire home/apt,52.49914,13.43436,4.84,19,5.666426688112432,1,1,0
68.0,2,1.0,1.0,Private room,52.5015345,13.4563658,5.0,6,4.219507705176107,1,1,0
55.0,1,1.0,1.0,Private room,52.51036,13.45714,4.88,40,4.007333185232471,1,1,0
112.0,4,0.0,1.0,Entire home/apt,52.50905,13.50392,4.51,167,4.718498871295094,1,1,0
273.0,15,4.0,2.0,Entire home/apt,52.50221,13.36164,4.66,317,5.60947179518496,1,1,0
48.0,2,0.0,1.0,Entire home/apt,52.49005,13.39899,4.5,4,3.871201010907891,1,1,0
149.0,4,3.0,1.0,Entire home/apt,52.53129,13.34033,4.6,299,5.003946305945459,1,1,0
80.0,4,1.0,1.0,Entire home/apt,52.41796,13.33055,4.74,155,4.382026634673881,1,1,1
82.0,2,0.0,1.0,Entire home/apt,52.48523,13.45119,4.67,153,4.406719247264253,1,1,0
60.0,2,1.0,1.0,Entire home/apt,52.51267,13.40171,4.33,184,4.0943445622221,1,1,0
218.0,6,3.0,2.0,Entire home/apt,52.497658,13.425216,4.82,495,5.384495062789089,1,1,0
75.0,2,1.0,1.0,Private room,52.51885,13.40964,4.71,58,4.31748811353631,1,1,0
60.0,1,1.0,1.0,Private room,52.57441,13.28101,4.91,103,4.0943445622221,1,1,0
105.0,4,1.0,1.0,Entire home/apt,52.50859,13.50501,4.64,97,4.653960350157523,1,1,0
229.0,4,2.0,1.0,Entire home/apt,52.51596,13.26869,4.82,148,5.43372200355424,1,1,0
97.0,2,1.0,1.0,Private room,52.50452,13.31904,4.98,173,4.574710978503383,1,1,0
40.0,1,1.0,1.0,Entire home/apt,52.427811,13.58347,4.6,5,3.688879454113936,1,1,0
40.0,4,1.0,1.0,Entire home/apt,52.54367,13.41521,4.87,15,3.688879454113936,1,1,0
244.0,5,2.0,1.0,Entire home/apt,52.46202,13.30721,4.93,27,5.497168225293202,1,1,0
111.0,2,1.0,1.0,Entire home/apt,52.49353027,13.401280403137209,4.85,511,4.709530201312334,1,1,0
110.0,2,1.0,1.0,Entire home/apt,52.47731,13.42394,5.0,2,4.700480365792417,1,1,0
40.0,2,0.0,1.0,Private room,52.41285,13.50623,4.9,72,3.688879454113936,1,1,0
207.0,5,2.0,2.0,Entire home/apt,52.5326,13.35215,4.96,300,5.332718793265369,1,1,0
65.0,2,1.0,1.0,Entire home/apt,52.50676,13.41224,5.0,13,4.174387269895637,1,1,0
50.0,1,1.0,1.0,Private room,52.49762,13.51272,4.97,74,3.912023005428146,1,1,0
159.0,2,1.0,1.0,Entire home/apt,52.48566,13.32617,4.0,2,5.068904202220232,1,1,0
38.0,1,1.0,1.5,Private room,52.55595,13.37343,5.0,12,3.6375861597263857,1,1,0
63.0,2,1.0,1.0,Entire home/apt,52.53307,13.34114,4.43,161,4.143134726391533,1,1,0
187.0,5,2.0,1.0,Entire home/apt,52.53273,13.35231,4.91,269,5.231108616854587,1,1,0
125.0,2,1.0,1.0,Entire home/apt,52.45678,13.37775,4.63,8,4.8283137373023015,1,1,0
54.0,2,1.0,1.0,Private room,52.54674,13.45307,4.7,99,3.9889840465642745,1,0,0
309.0,6,3.0,2.0,Entire home/apt,52.53473,13.35206,4.93,273,5.733341276897746,1,1,0
250.0,4,2.0,2.5,Entire home/apt,52.52857,13.38587,4.86,43,5.521460917862246,1,1,0
78.0,3,1.0,1.0,Entire home/apt,52.52882,13.33305,4.81,59,4.356708826689592,1,1,0
78.0,2,2.0,1.0,Entire home/apt,52.51787,13.45892,4.85,13,4.356708826689592,1,1,0
89.0,4,1.0,1.0,Entire home/apt,52.53039,13.29887,4.66,388,4.48863636973214,1,1,0
70.0,2,1.0,1.0,Private room,52.58392,13.39985,4.89,120,4.248495242049359,1,1,0
43.0,3,2.0,1.0,Entire home/apt,52.52366,13.24084,4.67,3,3.7612001156935615,0,1,0
224.0,6,1.0,1.0,Private room,52.51618,13.42614,4.58,144,5.41164605185504,1,1,0
165.0,6,1.0,1.0,Private room,52.51571,13.42512,4.61,514,5.10594547390058,1,1,0
170.0,6,1.0,1.0,Private room,52.51748,13.42419,4.58,83,5.135798437050262,1,1,0
113.0,2,1.0,1.0,Entire home/apt,52.49739,13.30736,5.0,1,4.727387818712341,1,1,0
85.0,4,1.0,1.0,Entire home/apt,52.4606547,13.3198331,4.89,44,4.442651256490317,1,1,0
88.0,3,2.0,1.0,Entire home/apt,52.52793,13.35066,4.79,39,4.477336814478207,1,1,0
86.0,2,1.0,1.0,Entire home/apt,52.53315,13.40085,4.84,19,4.454347296253507,1,1,0
63.0,4,2.0,1.0,Entire home/apt,52.52698,13.3363,4.69,68,4.143134726391533,1,1,0
119.0,3,1.0,1.0,Entire home/apt,52.50011,13.3656,4.93,74,4.77912349311153,1,1,0
28.0,4,2.0,1.5,Entire home/apt,52.49684,13.38109,4.83,6,3.332204510175204,1,1,0
65.0,1,1.0,1.0,Private room,52.45941,13.28455,4.74,120,4.174387269895637,1,1,0
79.0,2,1.0,1.0,Entire home/apt,52.50762,13.45248,4.5,12,4.3694478524670215,1,1,0
74.0,2,1.0,1.0,Entire home/apt,52.49665,13.4862,4.74,117,4.30406509320417,1,1,0
159.0,1,1.0,1.0,Private room,52.51764,13.42457,4.64,75,5.068904202220232,1,1,0
80.0,2,0.0,1.0,Entire home/apt,52.48937,13.36251,4.84,146,4.382026634673881,1,1,0
81.0,1,1.0,1.0,Entire home/apt,52.57367,13.31861,4.88,17,4.394449154672439,1,1,0
186.0,2,1.0,1.0,Entire home/apt,52.47507,13.42371,4.93,41,5.225746673713202,1,1,0
50.0,4,0.0,1.0,Entire home/apt,52.52068,13.29104,4.83,6,3.912023005428146,1,1,0
70.0,3,3.0,2.0,Entire home/apt,52.49172,13.44887,5.0,9,4.248495242049359,1,1,0
136.0,9,3.0,3.0,Entire home/apt,52.5262,13.34928,4.76,171,4.912654885736052,1,1,0
79.0,1,1.0,1.5,Private room,52.47449,13.31564,4.63,24,4.3694478524670215,1,0,0
48.0,2,1.0,1.0,Entire home/apt,52.53069,13.38571,4.91,23,3.871201010907891,1,1,0
90.0,5,2.0,1.0,Entire home/apt,52.45411,13.35426,4.78,40,4.499809670330265,1,1,0
45.0,2,1.0,1.0,Entire home/apt,52.531,13.4001,0.0,0,3.80666248977032,1,1,0
113.0,3,1.0,1.5,Entire home/apt,52.59276,13.34356,5.0,8,4.727387818712341,1,1,1
67.0,2,1.0,1.0,Entire home/apt,52.50985,13.39017,4.7,10,4.204692619390966,1,1,0
149.0,6,3.0,1.0,Entire home/apt,52.53161,13.40552,4.91,46,5.003946305945459,1,1,0
54.0,1,1.0,1.0,Entire home/apt,52.48034,13.42877,4.5,2,3.9889840465642745,1,1,0
97.0,2,1.0,1.0,Entire home/apt,52.54048,13.40667,4.98,250,4.574710978503383,1,1,0
52.0,2,1.0,1.0,Private room,52.51896,13.31818,4.88,510,3.951243718581428,1,1,0
87.0,4,1.0,1.0,Private room,52.52092,13.45683,4.73,191,4.465908118654584,1,1,0
119.0,4,2.0,1.0,Entire home/apt,52.48825,13.3529,4.98,190,4.77912349311153,1,1,0
37.0,2,0.0,1.0,Entire home/apt,52.49873,13.29119,4.2,5,3.610917912644224,1,1,0
93.0,2,1.0,1.0,Entire home/apt,52.51495991579116,13.47434489806798,0.0,0,4.532599493153256,1,1,0
55.0,2,2.0,1.5,Entire home/apt,52.49989,13.33362,0.0,0,4.007333185232471,1,1,0
79.0,4,1.0,1.0,Entire home/apt,52.54038,13.40378,4.83,98,4.3694478524670215,1,1,0
125.0,2,1.0,1.0,Entire home/apt,52.53593,13.42249,4.5,16,4.8283137373023015,1,1,0
59.0,2,1.0,1.0,Private room,52.5345,13.39583,4.79,168,4.07753744390572,1,1,0
91.0,4,1.0,1.0,Entire home/apt,52.52139,13.34492,4.61,303,4.51085950651685,1,1,0
40.0,2,1.0,1.0,Entire home/apt,52.48872,13.31623,4.5,2,3.688879454113936,1,1,0
125.0,2,1.0,1.0,Entire home/apt,52.45812,13.37933,4.87,15,4.8283137373023015,1,1,0
46.0,2,1.0,1.0,Entire home/apt,52.55008,13.41415,4.93,15,3.828641396489095,1,1,0
110.0,3,1.0,1.0,Entire home/apt,52.54859,13.41513,4.92,341,4.700480365792417,1,1,0
68.0,4,1.0,1.0,Entire home/apt,52.46682,13.44004,4.75,387,4.219507705176107,1,1,0
240.0,6,3.0,1.5,Entire home/apt,52.53379,13.33611,4.86,58,5.480638923341991,1,1,0
120.0,2,1.0,1.0,Entire home/apt,52.49184,13.3949,5.0,13,4.787491742782046,1,1,0
158.0,2,0.0,1.0,Entire home/apt,52.53175,13.39496,4.68,259,5.062595033026967,1,1,0
145.0,8,3.0,1.5,Entire home/apt,52.50119,13.36315,4.52,128,4.976733742420574,1,1,0
90.0,1,1.0,1.0,Entire home/apt,52.54565,13.37449,4.94,53,4.499809670330265,1,1,0
85.0,3,2.0,1.0,Entire home/apt,52.51059,13.3856,0.0,0,4.442651256490317,1,1,0
158.0,2,0.0,1.0,Entire home/apt,52.53144,13.39471,4.6,171,5.062595033026967,1,1,0
85.0,2,1.0,1.0,Entire home/apt,52.48678,13.43863,4.72,339,4.442651256490317,1,1,0
98.0,2,1.0,1.0,Entire home/apt,52.53962,13.40483,4.75,28,4.584967478670572,1,1,0
28.0,1,1.0,1.0,Private room,52.5248,13.45198,5.0,5,3.332204510175204,1,1,0
52.0,2,1.0,1.0,Private room,52.53819,13.41988,4.83,275,3.951243718581428,1,1,0
380.0,4,2.0,2.0,Entire home/apt,52.51197,13.41226,4.95,144,5.940171252720432,1,1,0
30.0,2,1.0,2.0,Private room,52.3949,13.57624,4.67,3,3.4011973816621555,1,1,0
43.0,1,1.0,1.0,Private room,52.56583,13.39931,5.0,46,3.7612001156935615,1,0,0
93.0,3,1.0,1.0,Entire home/apt,52.50932,13.45385,4.85,89,4.532599493153256,1,1,0
76.0,2,1.0,1.0,Private room,52.49041,13.37889,4.86,437,4.330733340286331,1,0,0
57.0,4,1.0,1.0,Entire home/apt,52.50686,13.34816,4.6,25,4.04305126783455,1,1,0
158.0,5,1.0,1.0,Entire home/apt,52.52946,13.40562,4.86,136,5.062595033026967,1,1,0
356.0,6,3.0,2.0,Entire home/apt,52.5314,13.43131,4.89,47,5.87493073085203,1,1,0
73.0,2,1.0,1.0,Private room,52.53014,13.39445,4.89,703,4.290459441148391,1,0,0
141.0,4,1.0,1.0,Entire home/apt,52.5299,13.40643,4.73,182,4.948759890378168,1,1,0
138.0,4,1.0,1.0,Entire home/apt,52.52813,13.4058,4.85,156,4.927253685157205,1,1,0
89.0,2,0.0,1.0,Entire home/apt,52.45669,13.37745,4.67,12,4.48863636973214,1,1,0
180.0,6,3.0,1.5,Entire home/apt,52.61811,13.22689,4.72,25,5.19295685089021,1,1,0
98.0,2,1.0,1.0,Entire home/apt,52.54226,13.42562,4.85,39,4.584967478670572,1,1,0
84.0,2,0.0,1.0,Entire home/apt,52.4929,13.41654,4.77,173,4.430816798843313,1,1,0
320.0,10,5.0,2.0,Entire home/apt,52.5337,13.3515,4.92,276,5.768320995793772,1,1,0
265.0,3,3.0,1.0,Entire home/apt,52.52735,13.39497,0.0,0,5.579729825986222,1,1,1
125.0,2,1.0,1.0,Entire home/apt,52.45881,13.37697,4.75,4,4.8283137373023015,1,1,0
281.0,6,3.0,1.0,Entire home/apt,52.53426,13.35165,4.9,249,5.638354669333745,1,1,0
73.0,2,1.0,1.0,Entire home/apt,52.53892,13.40863,4.81,144,4.290459441148391,1,1,0
60.0,4,1.0,1.0,Entire home/apt,52.52987,13.44547,4.74,635,4.0943445622221,1,1,0
312.0,11,3.0,1.0,Entire home/apt,52.533,13.32688,4.92,277,5.7430031878094825,1,1,0
366.0,6,3.0,2.0,Entire home/apt,52.48537,13.42457,4.87,340,5.902633333401366,1,1,0
443.0,6,3.0,2.0,Entire home/apt,52.48537,13.42457,4.98,257,6.093569770045136,1,1,0
247.0,10,2.0,1.0,Entire home/apt,52.533,13.32688,4.89,320,5.5093883366279774,1,1,0
237.0,11,3.0,1.0,Entire home/apt,52.533,13.32688,4.93,320,5.468060141135132,1,1,0
258.0,10,2.0,1.0,Entire home/apt,52.533,13.32688,4.92,389,5.552959584921617,1,1,0
90.0,5,2.0,1.0,Private room,52.53864,13.40677,4.92,91,4.499809670330265,1,1,0
284.0,12,3.0,1.0,Entire home/apt,52.533,13.32688,4.9,327,5.648974238161206,1,1,0
107.0,4,1.0,1.0,Entire home/apt,52.49788,13.42398,4.86,632,4.672828834461906,1,1,0
108.0,1,1.0,1.0,Private room,52.49077,13.36252,5.0,10,4.68213122712422,1,0,0
120.0,2,1.0,1.0,Private room,52.50637,13.34468,4.9,117,4.787491742782046,1,1,0
137.0,6,2.0,1.0,Entire home/apt,52.53751,13.42317,4.48,164,4.919980925828125,1,1,0
96.0,5,1.0,1.0,Entire home/apt,52.53771,13.42268,4.71,233,4.564348191467836,1,1,0
88.0,3,1.0,1.0,Entire home/apt,52.53768,13.42229,4.57,198,4.477336814478207,1,1,0
117.0,5,2.0,1.0,Entire home/apt,52.53961,13.4226,4.64,245,4.762173934797756,1,1,0
116.0,5,1.0,1.0,Entire home/apt,52.53946,13.42388,4.49,179,4.7535901911063645,1,1,0
156.0,6,3.0,1.5,Entire home/apt,52.53792,13.42441,4.65,328,5.049856007249537,1,1,0
52.0,2,1.0,1.0,Entire home/apt,52.47728,13.37818,4.82,780,3.951243718581428,1,1,0
126.0,2,0.0,1.0,Entire home/apt,52.5331,13.40236,4.85,184,4.836281906951478,1,1,0
151.0,2,1.0,1.5,Entire home/apt,52.53335,13.37946,5.0,5,5.017279836814924,1,1,0
116.0,5,3.0,2.0,Entire home/apt,52.53984,13.40147,0.0,0,4.7535901911063645,1,1,0
79.0,3,0.0,1.0,Private room,52.50577,13.46718,0.0,0,4.3694478524670215,1,1,0
135.0,6,3.0,1.0,Entire home/apt,52.48985,13.38848,4.9,40,4.90527477843843,1,1,1
68.0,4,1.0,1.0,Entire home/apt,52.46884,13.43992,4.71,390,4.219507705176107,1,1,0
80.0,2,1.0,1.0,Private room,52.491,13.45167,4.88,120,4.382026634673881,1,1,0
186.0,3,1.0,1.0,Entire home/apt,52.46781,13.43172,4.74,88,5.225746673713202,1,1,0
143.0,4,1.0,1.0,Entire home/apt,52.49543,13.39984,4.87,284,4.962844630259907,1,1,0
320.0,5,4.0,2.0,Entire home/apt,52.51318,13.25831,4.94,115,5.768320995793772,1,1,0
100.0,2,1.0,1.0,Entire home/apt,52.4566,13.38817,5.0,2,4.605170185988092,1,1,0
89.0,2,1.0,1.0,Private room,52.52438,13.35316,4.97,536,4.48863636973214,1,0,1
389.0,4,2.0,1.0,Entire home/apt,52.52438,13.40921,4.87,159,5.963579343618446,1,1,0
37.0,2,1.0,1.0,Private room,52.46872,13.58635,4.88,189,3.610917912644224,1,1,0
99.0,3,1.0,1.0,Entire home/apt,52.52655,13.2982,4.93,218,4.59511985013459,1,1,0
83.0,3,1.0,1.0,Private room,52.49313,13.41115,4.95,126,4.418840607796598,1,1,0
68.0,2,1.0,2.0,Private room,52.53431,13.34934,4.94,154,4.219507705176107,1,1,0
122.0,2,1.0,1.0,Entire home/apt,52.55347,13.4194,4.98,61,4.804021044733257,1,1,0
115.0,4,1.0,1.0,Entire home/apt,52.51896,13.432,4.78,306,4.74493212836325,1,1,0
150.0,2,1.0,1.0,Entire home/apt,52.52617,13.40203,4.88,42,5.010635294096256,1,1,0
285.0,4,2.0,1.5,Entire home/apt,52.49786,13.43335,4.96,25,5.652489180268651,1,1,0
130.0,4,0.0,1.5,Entire home/apt,52.50132,13.41714,4.75,392,4.867534450455582,1,1,0
108.0,4,1.0,1.0,Entire home/apt,52.55628,13.37589,4.2,5,4.68213122712422,1,1,0
146.0,4,1.0,1.0,Entire home/apt,52.52347865601963,13.385477767922104,4.81,236,4.983606621708336,1,1,0
1285.0,16,14.0,8.5,Entire home/apt,52.46866,13.39204,5.0,41,7.158513997329321,1,1,0
147.0,4,2.0,1.0,Entire home/apt,52.49348274996541,13.424285242000272,0.0,0,4.990432586778736,1,1,0
148.0,2,1.0,1.5,Entire home/apt,52.50258,13.39151,4.88,330,4.997212273764115,1,1,0
118.0,4,1.0,1.0,Entire home/apt,52.50137,13.41688,4.79,325,4.770684624465665,1,1,0
86.0,2,1.0,1.0,Private room,52.52047,13.45161,4.92,26,4.454347296253507,1,1,0
90.0,1,1.0,1.0,Private room,52.5135,13.42495,4.71,41,4.499809670330265,1,1,0
99.0,5,2.0,1.0,Entire home/apt,52.58741,13.39189,4.89,286,4.59511985013459,1,1,0
105.0,2,1.0,1.0,Entire home/apt,52.54512,13.41947,4.79,28,4.653960350157523,1,1,0
197.0,7,3.0,2.0,Entire home/apt,52.40424,13.65893,4.91,216,5.2832037287379885,1,1,0
71.0,2,0.0,1.0,Private room,52.50086,13.4421,4.83,112,4.262679877041316,1,1,0
56.0,3,1.0,1.0,Entire home/apt,52.49777,13.46146,4.5,8,4.02535169073515,1,1,0
195.0,6,2.0,1.0,Entire home/apt,52.50971,13.39089,4.85,143,5.272999558563747,1,1,0
118.0,4,1.0,1.0,Entire home/apt,52.50147,13.41693,4.8,350,4.770684624465665,1,1,0
99.0,4,2.0,1.0,Entire home/apt,52.49121,13.18206,4.69,377,4.59511985013459,1,1,0
118.0,4,1.0,1.0,Entire home/apt,52.50147,13.41668,4.71,292,4.770684624465665,1,1,0
118.0,4,2.0,1.0,Entire home/apt,52.50152,13.41693,4.63,267,4.770684624465665,1,1,0
216.0,2,1.0,1.0,Entire home/apt,52.503838,13.438722,4.96,113,5.375278407684165,1,1,0
145.0,4,2.0,1.0,Entire home/apt,52.48188,13.36246,4.94,98,4.976733742420574,1,1,0
294.0,5,1.0,1.0,Entire home/apt,52.53202,13.42343,4.71,45,5.683579767338681,1,1,0
60.0,2,2.0,1.0,Entire home/apt,52.55638,13.41494,5.0,19,4.0943445622221,1,1,0
412.0,5,3.0,1.0,Entire home/apt,52.50499,13.31019,4.97,38,6.021023349349527,1,1,1
79.0,2,1.0,1.0,Entire home/apt,52.48123,13.33888,4.88,405,4.3694478524670215,1,1,0
363.0,16,5.0,1.5,Entire home/apt,52.52513,13.32768,4.47,179,5.8944028342648505,1,1,0
118.0,4,1.0,1.0,Entire home/apt,52.50179,13.41697,4.82,229,4.770684624465665,1,1,0
102.0,5,2.0,1.0,Entire home/apt,52.42782,13.70485,4.4,42,4.624972813284271,1,1,0
61.0,1,1.0,1.0,Private room,52.57628,13.42138,4.95,19,4.110873864173311,1,1,0
156.0,3,1.0,1.0,Entire home/apt,52.50971,13.39064,4.84,113,5.049856007249537,1,1,0
105.0,3,2.0,1.5,Entire home/apt,52.50459,13.30644,5.0,9,4.653960350157523,1,1,0
238.0,3,2.0,1.0,Entire home/apt,52.49899,13.38622,4.92,75,5.472270673671475,1,1,0
79.0,2,1.0,1.0,Entire home/apt,52.55343,13.41656,4.81,314,4.3694478524670215,1,1,0
163.0,3,1.0,1.0,Entire home/apt,52.50971,13.39064,4.84,92,5.093750200806762,1,1,0
271.0,10,3.0,1.5,Entire home/apt,52.47572,13.42255,4.95,442,5.602118820879701,1,1,0
50.0,4,2.0,1.0,Private room,52.62002,13.22691,4.9,134,3.912023005428146,1,1,0
60.0,2,1.0,2.0,Private room,52.51786,13.29357,4.44,564,4.0943445622221,1,1,0
64.0,2,0.0,1.0,Entire home/apt,52.55865,13.38725,4.7,326,4.158883083359672,1,1,0
66.0,2,1.0,1.0,Private room,52.50001,13.41432,4.93,133,4.189654742026425,1,1,0
86.0,2,1.0,1.0,Entire home/apt,52.51496,13.45874,0.0,0,4.454347296253507,1,1,0
163.0,4,2.0,1.0,Entire home/apt,52.50974,13.39119,4.77,209,5.093750200806762,1,1,0
144.0,5,3.0,2.0,Entire home/apt,52.5396,13.41304,4.92,36,4.969813299576001,1,1,0
125.0,2,1.0,1.0,Entire home/apt,52.45695,13.37716,4.46,13,4.8283137373023015,1,1,0
229.0,6,2.0,1.0,Entire home/apt,52.49362,13.41258,4.87,76,5.43372200355424,1,1,0
71.0,1,1.0,1.0,Private room,52.49829,13.34028,4.83,103,4.262679877041316,1,1,0
213.0,8,3.0,1.0,Entire home/apt,52.47342,13.42719,4.67,398,5.3612921657094255,1,1,0
118.0,4,1.0,1.0,Entire home/apt,52.50121,13.41705,4.78,274,4.770684624465665,1,1,0
107.0,3,0.0,1.0,Entire home/apt,52.50095,13.41748,4.74,253,4.672828834461906,1,1,0
59.0,2,1.0,1.0,Private room,52.44222,13.24521,4.82,158,4.07753744390572,1,1,0
130.0,5,0.0,1.0,Entire home/apt,52.50095,13.41611,4.74,358,4.867534450455582,1,1,0
272.0,12,3.0,2.0,Entire home/apt,52.54884,13.41474,4.94,138,5.605802066295998,1,1,0
130.0,2,1.0,1.0,Entire home/apt,52.5075,13.31913,4.8,15,4.867534450455582,1,1,0
167.0,6,3.0,1.0,Entire home/apt,52.51743,13.45493,4.82,104,5.117993812416755,1,1,0
35.0,4,1.0,1.0,Private room,52.47736,13.51518,4.8,40,3.555348061489413,1,1,0
76.0,1,1.0,1.0,Private room,52.5307,13.42921,4.85,34,4.330733340286331,1,1,0
81.0,1,1.0,1.0,Private room,52.52059,13.45638,4.97,58,4.394449154672439,1,1,0
125.0,2,1.0,1.0,Private room,52.506813,13.313672,4.96,46,4.8283137373023015,0,1,0
140.0,2,1.0,2.5,Entire home/apt,52.5006,13.37488,5.0,22,4.941642422609304,1,1,0
105.0,2,1.0,1.0,Private room,52.43392,13.33124,0.0,0,4.653960350157523,1,1,0
124.0,3,1.0,1.0,Entire home/apt,52.52465,13.29989,4.8,151,4.820281565605037,1,1,0
165.0,2,1.0,1.0,Entire home/apt,52.4817156,13.4251887,5.0,24,5.10594547390058,1,1,1
131.0,2,1.0,1.0,Entire home/apt,52.480920991732944,13.424202115380124,4.91,35,4.875197323201151,1,1,0
84.0,3,1.0,1.5,Entire home/apt,52.52402,13.33733,4.73,198,4.430816798843313,1,1,0
141.0,3,0.0,1.0,Entire home/apt,52.52402,13.33733,4.77,217,4.948759890378168,1,1,0
85.0,2,1.0,1.0,Entire home/apt,52.48319,13.52928,4.91,23,4.442651256490317,1,1,0
114.0,3,1.0,1.0,Entire home/apt,52.50872,13.40398,4.85,306,4.736198448394496,0,1,0
50.0,2,1.0,2.0,Private room,52.51631,13.29454,4.6,188,3.912023005428146,1,1,0
138.0,5,0.0,1.0,Entire home/apt,52.54544,13.42368,4.95,182,4.927253685157205,1,1,0
57.0,2,1.0,2.0,Private room,52.51789,13.2926,4.54,368,4.04305126783455,1,1,0
175.0,4,1.0,1.0,Entire home/apt,52.53804,13.4105,4.91,217,5.1647859739235145,1,1,0
95.0,2,1.0,1.0,Entire home/apt,52.53113,13.35238,4.79,67,4.553876891600541,1,1,0
113.0,8,3.0,1.5,Entire home/apt,52.54832,13.34811,4.8,15,4.727387818712341,1,1,0
57.0,2,1.0,1.0,Entire home/apt,52.52168,13.5529,4.9,189,4.04305126783455,1,1,0
40.0,2,0.0,1.0,Private room,52.50693,13.32631,4.79,47,3.688879454113936,1,1,0
201.0,7,2.0,1.0,Entire home/apt,52.48901098903045,13.422006186438749,4.6,241,5.303304908059076,1,1,0
54.0,2,1.0,1.0,Private room,52.52909,13.55272,4.96,341,3.9889840465642745,1,0,0
306.0,5,3.0,1.0,Entire home/apt,52.52309,13.45869,4.73,143,5.723585101952381,1,1,0
75.0,2,1.0,1.0,Entire home/apt,52.60302,13.43274,4.84,196,4.31748811353631,1,1,0
216.0,5,2.0,2.0,Entire home/apt,52.50223,13.4374,4.79,220,5.375278407684165,1,1,0
70.0,2,1.0,1.0,Entire home/apt,52.49896,13.29961,4.93,491,4.248495242049359,1,1,0
71.0,2,1.0,2.0,Private room,52.45406,13.62377,4.97,95,4.262679877041316,1,1,0
189.0,5,4.0,2.0,Entire home/apt,52.42667007446289,13.280202865600586,4.92,12,5.241747015059643,1,1,1
67.0,3,1.0,1.0,Private room,52.47451,13.44714,4.84,240,4.204692619390966,1,1,0
44.0,2,1.0,2.0,Private room,52.51749,13.29475,4.44,505,3.784189633918261,1,1,0
60.0,2,1.0,1.0,Entire home/apt,52.4741,13.34316,4.95,245,4.0943445622221,1,1,0
63.0,2,1.0,1.0,Private room,52.49724,13.29368,4.82,118,4.143134726391533,1,1,0
61.0,2,1.0,1.0,Entire home/apt,52.5183,13.31443,4.64,50,4.110873864173311,1,1,0
89.0,2,1.0,1.0,Entire home/apt,52.45772,13.37813,4.55,11,4.48863636973214,1,1,0
118.0,4,1.0,1.0,Entire home/apt,52.50095,13.41611,4.76,282,4.770684624465665,1,1,0
119.0,4,1.0,1.0,Entire home/apt,52.46985,13.42322,4.98,106,4.77912349311153,1,1,0
70.0,4,1.0,1.0,Entire home/apt,52.55571,13.3483,4.38,248,4.248495242049359,1,1,0
90.0,3,1.0,1.0,Entire home/apt,52.50707439333571,13.414740534265142,4.86,81,4.499809670330265,1,1,0
148.0,2,2.0,1.0,Entire home/apt,52.54963,13.42277,4.8,125,4.997212273764115,1,1,0
105.0,4,2.0,2.0,Entire home/apt,52.53545,13.37829,4.94,34,4.653960350157523,1,1,0
117.0,5,3.0,2.0,Entire home/apt,52.43754,13.30715,5.0,2,4.762173934797756,1,1,0
74.0,4,1.0,1.0,Entire home/apt,52.45973,13.32189,4.87,55,4.30406509320417,1,1,0
364.0,9,3.0,2.0,Entire home/apt,52.50466,13.31007,4.61,174,5.8971538676367405,1,1,0
57.0,2,1.0,2.0,Private room,52.51774,13.2947,4.46,428,4.04305126783455,1,1,0
62.0,4,1.0,1.0,Private room,52.53654,13.29024,4.86,56,4.127134385045092,0,1,0
126.0,2,0.0,1.0,Entire home/apt,52.532825,13.401807,4.75,224,4.836281906951478,1,1,0
1200.0,1,2.0,1.0,Entire home/apt,52.46107,13.3836,0.0,0,7.090076835776092,1,1,1
108.0,2,1.0,1.0,Entire home/apt,52.493694,13.396867,4.74,573,4.68213122712422,1,1,0
87.0,2,1.0,1.0,Entire home/apt,52.5476,13.34375,4.91,117,4.465908118654584,1,1,0
173.0,5,2.0,1.5,Entire home/apt,52.48284,13.59389,4.88,59,5.153291594497779,1,1,0
114.0,5,2.0,1.0,Entire home/apt,52.48012,13.42009,4.61,229,4.736198448394496,1,1,0
61.0,3,1.0,1.0,Entire home/apt,52.52471,13.44657,4.74,214,4.110873864173311,1,1,0
83.0,2,1.0,1.0,Entire home/apt,52.5498,13.41488,4.92,357,4.418840607796598,1,1,0
45.0,2,1.0,1.0,Private room,52.52497,13.61103,4.9,142,3.80666248977032,1,0,0
190.0,7,2.0,1.0,Entire home/apt,52.45629,13.58236,4.77,81,5.247024072160486,1,1,0
107.0,4,2.0,1.0,Entire home/apt,52.48798,13.37292,4.91,23,4.672828834461906,1,1,0
53.0,2,1.0,1.0,Entire home/apt,52.49206,13.38196,4.73,407,3.970291913552122,1,1,0
52.0,2,1.0,1.5,Private room,52.621937,13.487898,4.56,34,3.951243718581428,1,0,0
62.0,1,1.0,1.0,Private room,52.43025,13.18979,4.88,92,4.127134385045092,1,0,0
220.0,5,3.0,2.0,Entire home/apt,52.58261,13.41008,5.0,21,5.393627546352362,1,1,1
138.0,4,2.0,1.0,Entire home/apt,52.48058,13.34757,4.88,329,4.927253685157205,1,1,0
90.0,4,2.0,1.5,Entire home/apt,52.51305,13.42094,5.0,13,4.499809670330265,1,1,0
47.0,2,1.0,2.0,Private room,52.51656,13.29496,4.4,346,3.8501476017100575,1,1,0
130.0,2,1.0,1.0,Entire home/apt,52.49171,13.4043,5.0,3,4.867534450455582,1,1,0
130.0,4,1.0,1.0,Entire home/apt,52.50288,13.45387,4.92,306,4.867534450455582,1,1,0
175.0,4,2.0,1.0,Entire home/apt,52.57378,13.39661,4.96,160,5.1647859739235145,1,1,0
119.0,4,2.0,1.0,Entire home/apt,52.57471,13.40393,4.81,377,4.77912349311153,1,1,0
110.0,4,1.0,1.0,Entire home/apt,52.45592,13.37911,4.95,61,4.700480365792417,1,1,0
105.0,5,2.0,1.5,Entire home/apt,52.48797,13.35641,4.93,120,4.653960350157523,1,1,0
58.0,3,1.0,1.0,Entire home/apt,52.5222,13.45346,4.6,5,4.060443010546419,1,1,0
52.0,2,1.0,1.0,Entire home/apt,52.52986,13.40275,5.0,2,3.951243718581428,1,1,0
75.0,4,1.0,1.0,Entire home/apt,52.55377,13.35029,4.34,129,4.31748811353631,1,1,0
40.0,1,0.0,1.5,Private room,52.41989,13.32772,4.69,13,3.688879454113936,1,1,0
55.0,4,1.0,1.0,Entire home/apt,52.55383,13.3476,4.92,118,4.007333185232471,1,1,0
200.0,4,3.0,2.0,Entire home/apt,52.49414,13.41851,4.96,24,5.298317366548036,1,1,0
35.0,1,1.0,1.0,Private room,52.46835,13.33463,4.76,259,3.555348061489413,1,0,0
80.0,2,1.0,1.0,Private room,52.55455,13.43833,4.91,55,4.382026634673881,1,1,0
105.0,4,1.0,1.0,Entire home/apt,52.54992,13.34843,4.71,241,4.653960350157523,1,1,0
518.0,6,4.0,2.0,Entire home/apt,52.55255,13.41619,4.99,82,6.249975242259483,1,1,0
58.0,2,1.0,1.0,Private room,52.53418,13.34631,4.8,15,4.060443010546419,1,1,0
252.0,6,3.0,1.0,Entire home/apt,52.55137,13.41219,4.58,86,5.529429087511423,1,1,0
76.0,2,0.0,1.0,Entire home/apt,52.54692,13.14341,4.94,141,4.330733340286331,1,1,0
125.0,4,1.0,1.0,Private room,52.47224,13.29445,4.9,230,4.8283137373023015,1,0,0
54.0,3,1.0,1.0,Private room,52.50412,13.46457,4.99,188,3.9889840465642745,1,1,0
97.0,1,1.0,1.0,Private room,52.51624,13.44688,4.95,104,4.574710978503383,1,1,0
73.0,2,0.0,1.0,Private room,52.44985,13.25611,4.82,28,4.290459441148391,1,0,0
162.0,3,2.0,1.0,Entire home/apt,52.51209,13.27781,4.95,22,5.087596335232384,1,1,0
200.0,6,2.0,2.0,Entire home/apt,52.51028,13.39731,4.79,215,5.298317366548036,1,1,0
120.0,4,2.0,1.0,Entire home/apt,52.532333,13.326129,4.74,192,4.787491742782046,1,1,0
140.0,6,3.0,1.5,Entire home/apt,52.44767,13.28848,4.92,83,4.941642422609304,1,1,0
120.0,4,1.0,1.0,Entire home/apt,52.51731,13.47028,4.78,290,4.787491742782046,1,1,0
507.0,16,5.0,2.0,Entire home/apt,52.53299,13.32684,4.92,96,6.228511003591184,1,1,0
200.0,8,3.0,2.0,Entire home/apt,52.49545,13.42734,4.65,289,5.298317366548036,1,1,0
52.0,2,1.0,1.0,Private room,52.5294,13.51481,4.93,265,3.951243718581428,1,1,0
98.0,4,1.0,1.0,Entire home/apt,52.55284,13.40172,4.83,145,4.584967478670572,1,1,0
80.0,2,1.0,1.0,Private room,52.48923,13.45118,4.87,141,4.382026634673881,1,1,0
77.0,1,1.0,1.0,Private room,52.52726,13.39382,4.94,35,4.343805421853684,1,1,0
95.0,2,1.0,1.0,Entire home/apt,52.50362,13.3432,5.0,7,4.553876891600541,1,0,0
101.0,3,2.0,1.0,Entire home/apt,52.54453,13.3759,4.81,127,4.61512051684126,1,1,0
194.0,5,2.0,1.5,Entire home/apt,52.53443,13.38106,4.77,326,5.267858159063328,1,1,0
64.0,2,2.0,1.0,Private room,52.53764,13.38949,4.58,233,4.158883083359672,1,1,0
162.0,4,2.0,2.0,Entire home/apt,52.47755,13.41946,5.0,11,5.087596335232384,1,1,0
175.0,4,1.0,1.0,Entire home/apt,52.49188,13.36494,4.92,72,5.1647859739235145,1,1,0
405.0,4,2.0,1.0,Entire home/apt,52.54291,13.41965,4.94,290,6.003887067106539,1,1,0
226.0,4,1.0,1.0,Entire home/apt,52.53122,13.42055,4.92,39,5.420534999272286,1,1,0
122.0,4,2.0,1.0,Entire home/apt,52.43718,13.30259,4.86,269,4.804021044733257,1,1,0
167.0,5,3.0,1.5,Entire home/apt,52.52572,13.45694,4.94,17,5.117993812416755,1,1,0
176.0,4,2.0,1.5,Entire home/apt,52.4603,13.52413,4.83,125,5.170483995038151,1,1,0
63.0,2,1.0,1.0,Entire home/apt,52.45056,13.29391,4.42,26,4.143134726391533,1,1,0
70.0,4,2.0,1.0,Private room,52.55550373575793,13.430829598825534,4.83,132,4.248495242049359,1,0,0
270.0,4,3.0,2.0,Entire home/apt,52.5126,13.24946,4.86,7,5.598421958998375,1,1,0
74.0,2,1.0,1.5,Private room,52.52444,13.40916,5.0,1,4.30406509320417,1,1,0
46.0,2,1.0,2.0,Private room,52.51586,13.29327,4.48,149,3.828641396489095,1,1,0
45.0,3,1.0,1.5,Private room,52.56806,13.30228,4.95,421,3.80666248977032,1,1,0
91.0,2,0.0,1.0,Entire home/apt,52.60449,13.31374,4.91,223,4.51085950651685,1,1,0
130.0,4,2.0,1.0,Entire home/apt,52.49203,13.41351,4.89,176,4.867534450455582,1,1,0
137.0,4,2.0,1.0,Entire home/apt,52.49014,13.41431,4.87,164,4.919980925828125,1,1,0
80.0,2,1.0,1.0,Entire home/apt,52.53277,13.34181,4.54,179,4.382026634673881,1,1,0
139.0,4,1.0,1.0,Entire home/apt,52.49196,13.41398,4.95,228,4.934473933130692,1,1,0
44.0,2,1.0,1.5,Entire home/apt,52.501087,13.351026,5.0,7,3.784189633918261,0,1,0
142.0,4,1.0,1.0,Entire home/apt,52.49211,13.41577,4.91,169,4.955827057601261,1,1,0
60.0,2,0.0,1.0,Entire home/apt,52.47319137426626,13.44733400057099,4.89,18,4.0943445622221,1,1,0
41.0,2,1.0,1.5,Private room,52.49318,13.39896,4.77,201,3.713572066704308,1,0,0
340.0,5,3.0,3.0,Entire home/apt,52.5174,13.438,4.93,27,5.828945617610208,1,1,0
67.0,2,1.0,1.0,Private room,52.47513,13.44256,4.93,84,4.204692619390966,1,0,0
77.0,2,1.0,1.0,Private room,52.52273,13.35554,4.8,120,4.343805421853684,1,1,0
55.0,2,1.0,1.0,Private room,52.47948,13.45149,4.9,20,4.007333185232471,1,1,0
163.0,5,2.0,2.0,Entire home/apt,52.5412,13.54908,4.97,69,5.093750200806762,1,1,0
145.0,8,4.0,2.0,Entire home/apt,52.51665,13.44516,0.0,0,4.976733742420574,1,1,0
252.0,5,3.0,2.5,Entire home/apt,52.51476,13.50746,4.85,52,5.529429087511423,1,1,0
145.0,4,1.0,1.0,Entire home/apt,52.50909,13.44958,4.8,64,4.976733742420574,1,1,0
167.0,5,3.0,2.0,Entire home/apt,52.54781,13.35209,4.98,40,5.117993812416755,1,1,0
72.0,2,0.0,1.0,Entire home/apt,52.49742,13.34932,4.7,190,4.276666119016055,1,1,0
82.0,2,0.0,1.0,Entire home/apt,52.49742,13.34932,4.63,186,4.406719247264253,1,1,0
105.0,3,1.0,1.0,Entire home/apt,52.49887,13.43762,4.91,333,4.653960350157523,1,1,0
218.0,10,2.0,2.0,Entire home/apt,52.53651,13.48261,4.85,151,5.384495062789089,1,1,0
49.0,2,0.0,1.0,Entire home/apt,52.54541,13.41139,4.2,5,3.8918202981106265,1,1,0
348.0,12,3.0,1.5,Entire home/apt,52.54862,13.45904,4.57,46,5.8522024797744745,1,1,0
33.0,1,1.0,1.0,Private room,52.51653,13.44398,4.92,12,3.49650756146648,1,1,0
30.0,1,1.0,2.0,Private room,52.51817,13.44526,5.0,8,3.4011973816621555,1,1,0
27.0,1,1.0,2.0,Private room,52.51645,13.44598,4.75,8,3.295836866004329,1,1,0
30.0,1,1.0,2.0,Private room,52.51655,13.44367,4.83,6,3.4011973816621555,1,1,0
74.0,2,1.0,1.0,Entire home/apt,52.49205997394601,13.382730893254095,4.62,21,4.30406509320417,1,0,0
209.0,4,2.0,1.0,Entire home/apt,52.5314,13.38219,4.64,270,5.342334251964811,1,1,0
132.0,4,1.0,1.0,Entire home/apt,52.4922,13.4152,4.86,189,4.882801922586371,1,1,0
938.0,6,3.0,3.5,Entire home/apt,52.52267,13.39935,5.0,11,6.843749949006225,1,1,1
70.0,2,1.0,1.0,Entire home/apt,52.537189,13.39626,4.86,381,4.248495242049359,1,1,1
60.0,2,2.0,1.0,Entire home/apt,52.54839,13.42618,4.67,6,4.0943445622221,1,1,0
120.0,2,1.0,1.0,Entire home/apt,52.51428,13.31793,5.0,19,4.787491742782046,1,1,0
151.0,2,1.0,1.0,Entire home/apt,52.53164,13.42317,4.74,23,5.017279836814924,1,1,0
100.0,4,1.0,1.0,Entire home/apt,52.4975,13.42214,4.87,625,4.605170185988092,1,1,0
35.0,2,1.0,1.0,Private room,52.54468013361733,13.201966385727893,4.83,115,3.555348061489413,1,0,0
9999.0,4,2.0,1.0,Entire home/apt,52.5392,13.45652,1.5,2,9.21024036697585,0,1,0
9999.0,8,4.0,2.5,Entire home/apt,52.4229953,13.6926588,4.33,3,9.21024036697585,1,1,0
143.0,9,2.0,1.5,Entire home/apt,52.54964649999999,13.3474358,4.65,190,4.962844630259907,1,1,0
103.0,4,1.0,1.0,Entire home/apt,52.50833,13.461,4.91,22,4.634728988229636,1,1,0
95.0,3,1.0,1.0,Entire home/apt,52.507101278359045,13.414742523612835,4.87,84,4.553876891600541,1,1,0
202.0,5,2.0,2.0,Private room,52.53366,13.3792,4.91,75,5.308267697401205,1,1,0
258.0,10,4.0,2.0,Entire home/apt,52.53295,13.37859,4.62,235,5.552959584921617,1,1,0
153.0,2,1.0,1.5,Entire home/apt,52.50451,13.32592,4.71,21,5.030437921392435,1,1,0
52.0,2,1.0,2.0,Private room,52.51016,13.28991,4.52,180,3.951243718581428,1,1,0
41.0,2,1.0,1.0,Private room,52.58087,13.30206,4.59,37,3.713572066704308,1,1,0
109.0,2,1.0,1.0,Entire home/apt,52.48794,13.29613,4.79,48,4.691347882229144,1,1,0
180.0,6,2.0,1.5,Entire home/apt,52.56856,13.39621,4.85,118,5.19295685089021,1,1,0
31.0,1,1.0,1.0,Entire home/apt,52.42887,13.49283,4.77,22,3.4339872044851463,1,1,0
95.0,3,1.0,1.0,Entire home/apt,52.52903,13.41308,4.76,485,4.553876891600541,1,1,0
81.0,3,1.0,1.0,Entire home/apt,52.49615,13.27973,4.7,40,4.394449154672439,1,1,0
90.0,2,1.0,1.0,Entire home/apt,52.38866,13.42217,4.82,110,4.499809670330265,1,1,0
75.0,2,1.0,1.0,Private room,52.50109,13.43744,4.81,62,4.31748811353631,1,1,0
43.0,2,1.0,1.0,Private room,52.45028,13.25763,4.89,344,3.7612001156935615,1,1,0
153.0,2,1.0,1.0,Entire home/apt,52.5117,13.27823,4.85,20,5.030437921392435,1,1,0
50.0,2,1.0,1.0,Entire home/apt,52.42950081385182,13.218885090158595,5.0,1,3.912023005428146,1,1,0
101.0,4,1.0,1.0,Entire home/apt,52.49593,13.42293,4.83,628,4.61512051684126,1,1,1
187.0,2,1.0,1.0,Private room,52.52328,13.38539,5.0,1,5.231108616854587,1,1,0
212.0,4,2.0,1.0,Entire home/apt,52.52873410796756,13.433160552652362,4.96,72,5.356586274672012,1,1,0
46.0,2,1.0,1.5,Private room,52.47579,13.37459,4.61,44,3.828641396489095,1,1,0
99.0,2,1.0,1.0,Entire home/apt,52.50993,13.2787,4.9,10,4.59511985013459,1,1,0
300.0,3,1.0,1.0,Entire home/apt,52.51621,13.47238,5.0,7,5.703782474656201,1,1,0
80.0,2,1.0,1.0,Private room,52.49615,13.38385,4.88,92,4.382026634673881,1,1,0
79.0,2,0.0,1.0,Entire home/apt,52.5094,13.62155,4.85,87,4.3694478524670215,1,1,0
348.0,6,3.0,2.0,Entire home/apt,52.51756,13.41168,4.9,148,5.8522024797744745,1,1,0
136.0,4,2.0,1.5,Entire home/apt,52.52116,13.4657,4.82,28,4.912654885736052,1,1,0
240.0,4,2.0,1.0,Entire home/apt,52.52739,13.39254,4.89,18,5.480638923341991,1,1,0
125.0,2,2.0,1.0,Private room,52.50104,13.31796,4.5,8,4.8283137373023015,1,0,0
138.0,2,2.0,1.0,Private room,52.50056,13.31792,4.78,9,4.927253685157205,1,0,0
187.0,4,1.0,1.0,Private room,52.5013,13.31867,4.58,12,5.231108616854587,1,0,0
73.0,2,0.0,1.0,Entire home/apt,52.49742,13.34932,4.72,225,4.290459441148391,1,1,0
75.0,1,1.0,1.0,Private room,52.4112,13.25338,4.31,13,4.31748811353631,1,1,0
62.0,2,2.0,1.0,Private room,52.51775,13.27841,4.82,141,4.127134385045092,1,1,0
82.0,4,1.0,1.0,Entire home/apt,52.49057,13.39671,4.89,332,4.406719247264253,1,1,0
82.0,2,0.0,1.0,Entire home/apt,52.49742,13.34932,4.57,141,4.406719247264253,1,1,0
203.0,7,2.0,1.5,Entire home/apt,52.51811,13.52535,4.38,37,5.313205979041787,1,1,0
63.0,2,1.0,1.0,Private room,52.49236,13.39452,4.96,179,4.143134726391533,1,1,0
120.0,4,1.0,1.0,Entire home/apt,52.5734,13.55712,4.9,174,4.787491742782046,1,1,0
513.0,6,3.0,3.0,Entire home/apt,52.48917,13.38509,5.0,19,6.240275845170769,1,1,0
92.0,2,1.0,1.0,Entire home/apt,52.536243523044384,13.378738907326616,4.82,17,4.5217885770490405,1,1,0
85.0,2,1.0,1.0,Private room,52.50415,13.47838,4.87,46,4.442651256490317,1,1,0
64.0,3,0.0,2.0,Private room,52.51527,13.45642,4.51,217,4.158883083359672,1,1,0
108.0,2,1.0,1.5,Entire home/apt,52.53146,13.34057,4.74,141,4.68213122712422,1,1,0
65.0,4,1.0,4.0,Private room,52.51527,13.45642,4.25,105,4.174387269895637,1,1,0
40.0,2,1.0,1.0,Private room,52.48607,13.44504,4.69,272,3.688879454113936,1,1,1
156.0,4,1.0,1.0,Entire home/apt,52.50504,13.34674,5.0,5,5.049856007249537,1,1,0
86.0,1,1.0,1.0,Private room,52.51392,13.26486,4.6,15,4.454347296253507,0,0,0
72.0,4,0.0,1.0,Entire home/apt,52.47874,13.42482,4.85,193,4.276666119016055,1,1,0
105.0,2,1.0,1.0,Entire home/apt,52.48632,13.43201,4.96,23,4.653960350157523,1,1,0
32.0,2,1.0,1.0,Entire home/apt,52.49108,13.3841,4.98,46,3.4657359027997265,1,0,0
82.0,2,0.0,1.0,Entire home/apt,52.53349,13.35195,4.85,350,4.406719247264253,1,1,0
81.0,2,0.0,1.0,Entire home/apt,52.53349,13.35195,4.82,365,4.394449154672439,1,1,0
81.0,1,1.0,1.0,Private room,52.50869,13.45654,4.76,76,4.394449154672439,1,1,0
179.0,10,4.0,3.5,Entire home/apt,52.52782,13.35088,4.85,187,5.187385805840755,1,1,1
71.0,2,0.0,1.0,Entire home/apt,52.53349,13.35195,4.83,313,4.262679877041316,1,1,0
86.0,2,0.0,1.0,Entire home/apt,52.53349,13.35195,4.86,322,4.454347296253507,1,1,0
95.0,3,0.0,1.0,Entire home/apt,52.5324,13.3796,4.72,239,4.553876891600541,1,1,0
95.0,2,1.0,1.0,Entire home/apt,52.53334,13.35138,4.64,42,4.553876891600541,1,1,0
103.0,2,1.0,1.0,Private room,52.49671,13.30799,4.81,96,4.634728988229636,1,0,0
210.0,6,2.0,1.0,Entire home/apt,52.51161,13.46221,4.9,165,5.3471075307174685,1,1,0
106.0,4,1.0,1.0,Hotel room,52.52983,13.44453,4.83,670,4.663439094112067,1,1,0
97.0,6,3.0,1.0,Entire home/apt,52.52431,13.40961,4.75,4,4.574710978503383,1,1,0
78.0,2,0.0,1.0,Entire home/apt,52.53349,13.35195,4.88,347,4.356708826689592,1,1,0
59.0,2,1.0,1.0,Private room,52.49246,13.42462,4.94,129,4.07753744390572,1,1,0
319.0,7,3.0,2.0,Entire home/apt,52.49225345524236,13.390195743925473,4.66,245,5.765191102784844,1,1,0
228.0,10,2.0,2.0,Entire home/apt,52.51203,13.45969,4.91,101,5.429345628954441,1,1,0
69.0,2,1.0,1.0,Private room,52.49959,13.4083,5.0,242,4.23410650459726,1,1,1
108.0,3,1.0,1.0,Entire home/apt,52.49808,13.32365,5.0,3,4.68213122712422,1,1,0
250.0,6,3.0,1.0,Entire home/apt,52.528953552246094,13.341082572937012,4.67,43,5.521460917862246,1,1,0
55.0,2,1.0,1.0,Private room,52.49894,13.44156,4.82,277,4.007333185232471,1,1,0
60.0,2,1.0,1.0,Private room,52.48737,13.35198,4.96,27,4.0943445622221,1,1,0
53.0,1,1.0,1.0,Private room,52.48234881443327,13.361650661212268,4.83,100,3.970291913552122,1,1,0
193.0,4,1.0,1.0,Entire home/apt,52.52009079959922,13.427658469827351,4.83,93,5.262690188904886,1,1,0
28.0,2,1.0,2.0,Private room,52.51538,13.16667,4.9,69,3.332204510175204,1,1,0
41.0,1,0.0,1.0,Private room,52.47319,13.37802,4.88,25,3.713572066704308,1,0,0
66.0,2,1.0,1.0,Private room,52.54168,13.41805,4.0,3,4.189654742026425,1,1,0
55.0,1,1.0,1.0,Private room,52.63284,13.27773,4.98,57,4.007333185232471,1,1,0
230.0,1,1.0,2.0,Entire home/apt,52.52946,13.41456,5.0,8,5.438079308923196,1,1,0
129.0,4,2.0,1.5,Entire home/apt,52.48722,13.36242,4.89,262,4.859812404361672,1,1,0
160.0,6,2.0,1.0,Entire home/apt,52.5698,13.39763,4.72,127,5.075173815233827,1,1,0
116.0,3,1.0,1.0,Entire home/apt,52.51258,13.47053,4.43,218,4.7535901911063645,1,1,0
110.0,2,1.0,1.0,Entire home/apt,52.48905,13.33565,4.98,102,4.700480365792417,1,1,0
110.0,4,2.0,1.0,Entire home/apt,52.51093,13.4607,4.89,262,4.700480365792417,1,1,0
65.0,2,1.0,1.0,Entire home/apt,52.49751,13.33721,4.47,230,4.174387269895637,1,1,0
92.0,4,1.0,1.0,Entire home/apt,52.55241,13.41557,4.84,234,4.5217885770490405,1,1,0
65.0,2,1.0,1.0,Hotel room,52.52966,13.44308,4.88,192,4.174387269895637,1,1,0
56.0,2,2.0,1.0,Entire home/apt,52.53333,13.42292,5.0,20,4.02535169073515,1,1,0
49.0,1,0.0,1.0,Entire home/apt,52.50404,13.44199,4.4,10,3.8918202981106265,0,1,0
64.0,1,1.0,1.0,Private room,52.53332,13.42025,4.9,70,4.158883083359672,1,1,0
249.0,2,2.0,2.5,Entire home/apt,52.51598,13.454,5.0,13,5.517452896464707,1,1,0
155.0,6,2.0,1.0,Entire home/apt,52.4432,13.7059,4.98,42,5.043425116919247,1,1,0
40.0,1,1.0,1.0,Private room,52.49056,13.4213,4.74,370,3.688879454113936,1,1,0
282.0,9,4.0,2.0,Entire home/apt,52.511,13.28853,4.81,247,5.641907070938114,1,1,0
179.0,7,2.0,1.0,Entire home/apt,52.511,13.28853,4.71,134,5.187385805840755,1,1,0
159.0,6,2.0,1.0,Entire home/apt,52.50148,13.30005,4.73,164,5.068904202220232,1,1,0
123.0,4,1.0,1.0,Entire home/apt,52.52229,13.34316,4.59,222,4.812184355372417,1,1,0
25.0,2,1.0,2.0,Private room,52.51578,13.16603,4.86,102,3.218875824868201,1,1,0
75.0,2,1.0,2.0,Private room,52.56793,13.34781,4.92,12,4.31748811353631,1,1,0
166.0,4,0.0,1.0,Entire home/apt,52.47161,13.44504,4.95,44,5.111987788356544,1,1,0
111.0,2,1.0,1.0,Entire home/apt,52.50974,13.39119,4.75,118,4.709530201312334,1,1,0
111.0,2,1.0,1.0,Entire home/apt,52.50974,13.39119,4.82,114,4.709530201312334,1,1,0
126.0,10,2.0,1.0,Entire home/apt,52.51943,13.46925,4.25,224,4.836281906951478,1,1,0
141.0,1,1.0,1.0,Private room,52.53539,13.42172,0.0,0,4.948759890378168,1,1,0
252.0,4,2.0,1.0,Entire home/apt,52.50302,13.4309,4.92,95,5.529429087511423,1,1,0
110.0,4,2.0,1.0,Entire home/apt,52.48935,13.44332,4.9,29,4.700480365792417,1,1,0
110.0,2,1.0,1.0,Entire home/apt,52.53135,13.3906,4.85,39,4.700480365792417,1,1,0
75.0,2,0.0,1.0,Entire home/apt,52.54457,13.37747,4.74,69,4.31748811353631,1,1,0
171.0,4,0.0,1.0,Entire home/apt,52.53843,13.48327,4.89,168,5.14166355650266,1,1,0
39.0,1,1.0,1.0,Private room,52.48931,13.34364,4.93,68,3.6635616461296463,1,0,0
105.0,4,2.0,1.0,Entire home/apt,52.55581,13.49614,4.96,200,4.653960350157523,1,1,1
122.0,3,1.0,1.0,Entire home/apt,52.53908,13.40045,4.73,226,4.804021044733257,1,1,0
50.0,2,1.0,1.0,Entire home/apt,52.51435,13.31256,4.33,3,3.912023005428146,1,1,0
225.0,7,3.0,3.0,Entire home/apt,52.5046,13.31211,4.68,74,5.41610040220442,1,1,0
29.0,2,3.0,1.0,Private room,52.46718,13.31454,4.0,4,3.367295829986474,1,1,0
119.0,6,1.0,1.0,Entire home/apt,52.51311,13.46123,4.86,200,4.77912349311153,1,1,0
67.0,3,2.0,1.0,Entire home/apt,52.49917,13.33728,0.0,0,4.204692619390966,0,1,0
101.0,4,1.0,1.0,Entire home/apt,52.4963,13.42239,4.88,476,4.61512051684126,1,1,0
89.0,2,1.0,1.0,Entire home/apt,52.49546,13.38082,4.88,468,4.48863636973214,1,1,0
69.0,2,1.0,1.0,Private room,52.52636,13.40337,4.69,147,4.23410650459726,1,1,0
95.0,4,2.0,1.0,Entire home/apt,52.55122,13.4173,4.78,313,4.553876891600541,1,1,0
40.0,2,1.0,1.0,Entire home/apt,52.44075,13.38526,5.0,11,3.688879454113936,1,1,0
114.0,2,2.0,1.0,Entire home/apt,52.54179000854492,13.41681957244873,4.84,67,4.736198448394496,1,1,0
652.0,4,2.0,2.0,Entire home/apt,52.51511,13.2958,0.0,0,6.480044561926653,1,1,0
88.0,3,1.0,1.0,Entire home/apt,52.54303,13.41809,4.94,238,4.477336814478207,1,1,0
89.0,3,1.0,1.0,Entire home/apt,52.49719,13.33487,4.86,125,4.48863636973214,1,1,0
42.0,2,1.0,1.0,Entire home/apt,52.42479,13.50317,5.0,3,3.737669618283368,1,1,0
70.0,4,1.0,1.0,Private room,52.42437611424565,13.674922949674295,0.0,0,4.248495242049359,0,1,0
122.0,4,1.0,1.0,Entire home/apt,52.4954,13.42163,4.95,175,4.804021044733257,1,1,0
317.0,6,3.0,2.5,Entire home/apt,52.51859,13.38466,5.0,13,5.75890177387728,1,1,0
422.0,6,3.0,2.0,Entire home/apt,52.48547,13.42455,4.93,271,6.045005314036012,1,1,0
50.0,2,1.0,1.0,Entire home/apt,52.50158,13.55791,5.0,11,3.912023005428146,1,1,1
31.0,3,2.0,1.0,Entire home/apt,52.37517,13.64984,4.52,135,3.4339872044851463,1,1,0
65.0,2,1.0,1.0,Entire home/apt,52.55797,13.47554,4.97,382,4.174387269895637,1,1,0
64.0,5,2.0,1.0,Entire home/apt,52.56108,13.36278,4.77,257,4.158883083359672,1,1,0
270.0,4,0.0,1.0,Entire home/apt,52.49158,13.33577,0.0,0,5.598421958998375,1,1,0
55.0,1,1.0,1.0,Private room,52.4607943,13.4326558,5.0,11,4.007333185232471,1,1,0
154.0,3,1.0,1.0,Entire home/apt,52.48178,13.42783,4.99,68,5.0369526024136295,1,1,0
256.0,5,2.0,1.5,Entire home/apt,52.50866699,13.31363296508789,4.52,48,5.545177444479562,1,1,0
89.0,4,2.0,1.0,Entire home/apt,52.42782,13.70366,4.36,28,4.48863636973214,1,1,0
140.0,4,1.0,1.0,Entire home/apt,52.5675,13.39849,4.72,74,4.941642422609304,1,1,0
100.0,4,1.0,1.0,Entire home/apt,52.50511,13.30288,4.29,21,4.605170185988092,1,1,0
62.0,2,1.0,1.0,Entire home/apt,52.47662,13.48345,4.58,81,4.127134385045092,1,1,0
69.0,2,1.0,1.0,Entire home/apt,52.51106,13.40767,4.73,11,4.23410650459726,1,1,0
170.0,6,2.0,1.0,Entire home/apt,52.511,13.28853,4.81,150,5.135798437050262,1,1,0
282.0,9,4.0,2.0,Entire home/apt,52.51126,13.28892,4.75,180,5.641907070938114,1,1,0
184.0,6,2.0,1.5,Entire home/apt,52.54997,13.45898,4.43,28,5.214935757608986,1,1,0
196.0,6,2.0,1.5,Entire home/apt,52.54992,13.45924,4.59,71,5.278114659230517,1,1,0
77.0,1,1.0,1.0,Entire home/apt,52.46005,13.52059,4.36,11,4.343805421853684,1,1,0
112.0,4,2.0,1.0,Entire home/apt,52.49904,13.42724,4.86,218,4.718498871295094,1,1,0
63.0,2,1.0,1.0,Entire home/apt,52.4295,13.34792,0.0,0,4.143134726391533,0,1,0
116.0,2,1.0,1.0,Entire home/apt,52.49453,13.36728,5.0,10,4.7535901911063645,1,1,0
43.0,1,1.0,1.0,Private room,52.49033,13.44508,4.93,140,3.7612001156935615,1,1,0
48.0,3,2.0,1.0,Entire home/apt,52.56316,13.34997,4.75,250,3.871201010907891,1,1,0
90.0,4,1.0,1.0,Entire home/apt,52.49695,13.30503,4.8,5,4.499809670330265,1,1,0
95.0,2,1.0,1.0,Private room,52.52231,13.45895,4.87,60,4.553876891600541,1,1,0
99.0,2,2.0,1.0,Entire home/apt,52.51351,13.43243,4.82,11,4.59511985013459,1,1,0
50.0,2,1.0,1.0,Entire home/apt,52.47823,13.42368,5.0,26,3.912023005428146,1,1,0
67.0,4,2.0,1.0,Entire home/apt,52.4905,13.38691,4.82,17,4.204692619390966,1,1,0
199.0,4,2.0,1.0,Entire home/apt,52.53284,13.38133,4.81,309,5.293304824724492,1,1,0
222.0,14,4.0,3.0,Entire home/apt,52.51364,13.45051,4.59,244,5.402677381872279,1,1,0
226.0,4,1.0,1.0,Entire home/apt,52.49875,13.3511,4.96,96,5.420534999272286,1,1,0
59.0,2,0.0,1.0,Entire home/apt,52.53588,13.41157,4.83,12,4.07753744390572,1,1,0
42.0,1,1.0,1.0,Private room,52.43524,13.32261,5.0,3,3.737669618283368,1,1,0
54.0,3,1.0,1.0,Entire home/apt,52.56127,13.36399,4.74,226,3.9889840465642745,1,1,0
166.0,2,1.0,1.0,Entire home/apt,52.49019,13.48482,4.7,455,5.111987788356544,0,1,0
107.0,4,2.0,1.0,Entire home/apt,52.49679,13.30564,4.96,97,4.672828834461906,1,1,0
65.0,2,1.0,1.0,Entire home/apt,52.5038,13.43601,5.0,5,4.174387269895637,1,1,0
153.0,5,2.0,1.0,Entire home/apt,52.53612,13.39646,4.32,187,5.030437921392435,1,1,0
156.0,4,0.0,1.0,Entire home/apt,52.52512,13.45764,4.39,33,5.049856007249537,1,1,0
209.0,6,1.0,1.0,Private room,52.51575,13.42496,4.64,44,5.342334251964811,1,1,0
103.0,2,1.0,1.5,Entire home/apt,52.48672,13.43838,4.67,33,4.634728988229636,1,1,0
229.0,8,3.0,2.0,Entire home/apt,52.55241,13.41557,4.79,104,5.43372200355424,1,1,0
68.0,1,1.0,1.0,Private room,52.4864,13.36212,5.0,163,4.219507705176107,1,0,0
78.0,1,1.0,1.0,Private room,52.41365,13.33523,4.97,60,4.356708826689592,1,1,0
94.0,3,0.0,1.0,Entire home/apt,52.51508,13.41844,4.87,501,4.543294782270004,1,1,0
155.0,4,1.0,1.0,Entire home/apt,52.49875,13.3511,4.9,42,5.043425116919247,1,1,0
147.0,4,1.0,1.0,Entire home/apt,52.53313,13.42394,4.66,157,4.990432586778736,1,1,0
301.0,14,5.0,3.0,Entire home/apt,52.4821,13.32068,4.82,129,5.707110264748875,1,1,0
163.0,2,1.0,1.0,Entire home/apt,52.50301,13.39231,4.94,285,5.093750200806762,1,1,0
44.0,2,1.0,1.0,Private room,52.47771,13.41911,4.54,521,3.784189633918261,1,1,0
56.0,1,1.0,1.0,Entire home/apt,52.51214,13.29887,4.88,159,4.02535169073515,1,0,0
33.0,1,1.0,1.0,Private room,52.43575,13.32163,4.8,5,3.49650756146648,1,1,0
70.0,1,1.0,1.0,Entire home/apt,52.47502,13.44319,5.0,1,4.248495242049359,1,1,1
54.0,3,1.0,1.0,Private room,52.5,13.34333,4.91,295,3.9889840465642745,1,1,0
48.0,3,1.0,1.0,Entire home/apt,52.56184,13.34921,4.68,265,3.871201010907891,1,1,0
52.0,3,1.0,1.0,Entire home/apt,52.56192,13.36238,4.66,297,3.951243718581428,1,1,0
79.0,2,1.0,1.0,Entire home/apt,52.48686,13.32805,4.88,8,4.3694478524670215,1,1,0
51.0,1,1.0,1.0,Private room,52.52239,13.33902,4.91,159,3.9318256327243257,1,1,0
144.0,3,1.0,1.0,Entire home/apt,52.53978,13.41228,5.0,5,4.969813299576001,1,1,0
96.0,2,2.0,1.0,Entire home/apt,52.51576,13.44786,4.81,16,4.564348191467836,1,1,0
52.0,2,2.0,1.5,Private room,52.5218,13.4099,5.0,7,3.951243718581428,1,1,0
101.0,3,1.0,1.0,Entire home/apt,52.54997,13.41458,4.59,17,4.61512051684126,1,1,0
40.0,3,2.0,1.0,Entire home/apt,52.50134,13.41887,4.96,25,3.688879454113936,1,1,0
127.0,2,1.0,1.0,Entire home/apt,52.54654,13.41297,4.95,19,4.844187086458591,1,1,0
60.0,3,1.0,1.0,Private room,52.46267,13.59637,4.94,103,4.0943445622221,1,0,0
127.0,2,1.0,1.0,Entire home/apt,52.54532,13.41387,4.94,31,4.844187086458591,1,1,0
528.0,16,5.0,2.0,Entire home/apt,52.53331,13.32675,4.93,150,6.269096283706261,1,1,0
92.0,2,1.0,1.0,Private room,52.52295,13.40912,4.98,126,4.5217885770490405,1,1,0
159.0,4,1.0,1.0,Entire home/apt,52.52877,13.40771,4.88,159,5.068904202220232,1,1,0
74.0,2,1.0,1.0,Entire home/apt,52.53158,13.30389,4.86,22,4.30406509320417,1,1,0
76.0,2,1.0,1.0,Private room,52.54982,13.42419,4.96,68,4.330733340286331,1,1,0
52.0,1,1.0,1.0,Private room,52.48676,13.43667,4.8,5,3.951243718581428,1,1,0
160.0,4,2.0,1.0,Entire home/apt,52.52917,13.39248,4.91,45,5.075173815233827,1,1,0
75.0,6,2.0,1.0,Entire home/apt,52.52655,13.45275,4.3,562,4.31748811353631,1,1,0
223.0,4,2.0,1.5,Entire home/apt,52.50551,13.32657,4.92,275,5.407171771460119,1,1,0
192.0,4,1.0,1.0,Entire home/apt,52.49875,13.3511,4.92,90,5.2574953720277815,1,1,0
62.0,2,1.0,1.0,Entire home/apt,52.51133,13.27256,4.95,151,4.127134385045092,1,1,0
38.0,2,1.0,1.0,Private room,52.51221,13.52914,4.76,382,3.6375861597263857,1,0,0
85.0,3,0.0,1.0,Entire home/apt,52.49428176879883,13.328143119812012,4.59,96,4.442651256490317,1,1,0
154.0,2,1.0,1.0,Entire home/apt,52.5371,13.39757,4.97,32,5.0369526024136295,1,1,0
347.0,6,3.0,0.0,Entire home/apt,52.54151,13.40904,4.0,2,5.849324779946859,1,1,0
115.0,2,1.0,1.0,Entire home/apt,52.52891,13.4484,4.79,33,4.74493212836325,1,1,0
214.0,9,3.0,1.0,Entire home/apt,52.53429,13.43129,4.69,255,5.365976015021851,1,1,1
68.0,2,1.0,1.0,Private room,52.48406,13.42572,4.91,160,4.219507705176107,1,1,0
40.0,2,1.0,1.0,Entire home/apt,52.50778,13.42218,4.33,9,3.688879454113936,1,1,1
68.0,2,1.0,1.0,Private room,52.45304,13.15218,4.98,47,4.219507705176107,1,1,0
149.0,3,2.0,1.0,Entire home/apt,52.48535,13.32798,5.0,4,5.003946305945459,1,1,0
149.0,3,2.0,1.0,Entire home/apt,52.48686,13.32802,4.5,4,5.003946305945459,1,1,0
149.0,2,1.0,2.0,Entire home/apt,52.54051,13.41221,4.99,90,5.003946305945459,1,1,0
64.0,2,1.0,1.0,Entire home/apt,52.47583,13.37711,5.0,21,4.158883083359672,1,1,0
79.0,3,2.0,2.0,Entire home/apt,52.51038,13.62382,4.96,82,4.3694478524670215,1,1,0
161.0,4,1.0,1.0,Entire home/apt,52.53705,13.42613,4.78,86,5.081404364984463,1,0,0
42.0,2,1.0,1.0,Private room,52.49504,13.34398,4.7,120,3.737669618283368,1,1,0
174.0,7,3.0,2.0,Entire home/apt,52.52877,13.34067,4.92,361,5.159055299214529,1,1,0
54.0,2,1.0,1.0,Private room,52.50386,13.47741,4.91,334,3.9889840465642745,1,1,0
62.0,2,1.0,1.5,Private room,52.53679,13.39718,4.91,35,4.127134385045092,1,1,0
175.0,4,2.0,1.0,Entire home/apt,52.5358,13.42467,4.8,242,5.1647859739235145,1,0,0
57.0,5,2.0,1.0,Entire home/apt,52.56154,13.36258,4.73,306,4.04305126783455,1,1,0
98.0,6,2.0,1.0,Entire home/apt,52.41013,13.3964,4.75,77,4.584967478670572,1,1,0
76.0,4,1.0,1.0,Entire home/apt,52.41228,13.39587,4.68,34,4.330733340286331,1,1,0
108.0,2,1.0,1.0,Entire home/apt,52.51177,13.46686,4.69,29,4.68213122712422,1,1,0
81.0,4,1.0,1.0,Entire home/apt,52.5136,13.20225,4.8,69,4.394449154672439,1,1,0
155.0,6,4.0,2.0,Entire home/apt,52.56931,13.20635,4.25,16,5.043425116919247,1,1,0
72.0,1,1.0,1.0,Private room,52.4285,13.30317,4.85,27,4.276666119016055,1,0,0
89.0,2,0.0,1.0,Entire home/apt,52.5343,13.39988,4.35,54,4.48863636973214,1,1,0
103.0,2,1.0,1.0,Entire home/apt,52.53073,13.43008,4.6,337,4.634728988229636,1,0,0
79.0,2,0.0,1.0,Entire home/apt,52.42343,13.71918,4.83,6,4.3694478524670215,1,1,0
186.0,2,1.0,1.0,Hotel room,52.50066,13.36388,4.55,29,5.225746673713202,1,1,0
74.0,2,1.0,1.0,Private room,52.5194,13.43629,4.8,25,4.30406509320417,1,1,0
55.0,2,1.0,1.0,Private room,52.4919,13.39658,4.93,29,4.007333185232471,1,1,0
163.0,6,0.0,1.0,Entire home/apt,52.49301,13.38895,4.9,116,5.093750200806762,1,1,0
119.0,2,1.0,1.0,Entire home/apt,52.52343,13.35807,4.81,86,4.77912349311153,1,1,0
475.0,6,4.0,3.5,Entire home/apt,52.64109,13.29847,5.0,16,6.163314804034641,1,1,0
68.0,4,2.0,1.0,Entire home/apt,52.46495,13.57935,4.57,235,4.219507705176107,1,0,0
82.0,3,1.0,1.0,Entire home/apt,52.5399,13.42226,4.2,117,4.406719247264253,1,1,0
102.0,4,2.0,1.0,Entire home/apt,52.52531,13.40808,4.99,94,4.624972813284271,1,1,0
63.0,2,1.0,1.0,Private room,52.55017,13.34975,4.93,15,4.143134726391533,1,1,0
73.0,2,1.0,1.5,Private room,52.55069,13.41693,4.96,133,4.290459441148391,1,1,0
546.0,6,3.0,2.0,Entire home/apt,52.54612,13.42312,4.98,135,6.302618975744905,1,1,0
188.0,5,2.0,1.0,Entire home/apt,52.53273,13.35203,4.93,255,5.236441962829949,1,1,0
175.0,4,2.0,2.0,Entire home/apt,52.53696,13.42929,4.94,207,5.1647859739235145,1,1,0
133.0,4,2.0,1.0,Entire home/apt,52.52829,13.39701,4.45,318,4.890349128221754,1,1,0
76.0,2,1.0,1.0,Private room,52.49738,13.43716,4.99,67,4.330733340286331,1,1,0
199.0,4,2.0,2.0,Entire home/apt,52.47489,13.42593,5.0,2,5.293304824724492,1,1,0
31.0,2,1.0,1.0,Private room,52.51227,13.52739,4.78,418,3.4339872044851463,1,0,0
61.0,5,2.0,1.0,Entire home/apt,52.56135,13.36443,4.74,214,4.110873864173311,1,1,0
69.0,4,1.0,1.0,Entire home/apt,52.47173,13.38462,4.8,297,4.23410650459726,1,1,0
171.0,6,3.0,2.0,Entire home/apt,52.51015,13.62729,5.0,3,5.14166355650266,1,1,0
235.0,8,4.0,1.0,Entire home/apt,52.5407,13.42002,4.53,148,5.459585514144159,1,1,0
53.0,2,1.0,1.0,Entire home/apt,52.56285,13.36429,4.85,181,3.970291913552122,1,1,0
77.0,3,1.0,1.0,Private room,52.42871,13.48516,4.81,215,4.343805421853684,1,0,0
61.0,2,1.0,1.0,Private room,52.42887,13.48655,4.84,177,4.110873864173311,1,0,0
41.0,3,1.0,1.0,Private room,52.44815,13.38335,4.94,141,3.713572066704308,1,1,0
40.0,3,1.0,1.0,Entire home/apt,52.47571,13.42606,4.78,54,3.688879454113936,1,1,0
97.0,2,1.0,1.0,Private room,52.53249,13.37873,4.92,155,4.574710978503383,1,1,1
129.0,7,1.0,1.0,Entire home/apt,52.49902,13.42829,4.55,29,4.859812404361672,1,1,0
128.0,2,1.0,1.0,Private room,52.50239,13.4526,4.95,383,4.852030263919617,1,0,0
45.0,2,1.0,1.0,Private room,52.53922,13.41933,4.86,262,3.80666248977032,1,0,0
42.0,1,1.0,1.0,Private room,52.48576,13.26359,4.96,190,3.737669618283368,1,0,0
90.0,3,2.0,1.0,Entire home/apt,52.5526,13.40648,4.91,299,4.499809670330265,1,1,0
26.0,1,1.0,1.0,Private room,52.46841,13.31339,4.93,15,3.258096538021482,1,1,0
70.0,2,1.0,1.0,Entire home/apt,52.52744,13.33464,4.62,325,4.248495242049359,1,1,0
67.0,2,1.0,1.0,Entire home/apt,52.52937,13.40946,4.88,8,4.204692619390966,1,1,0
68.0,2,1.0,1.5,Entire home/apt,52.47143,13.43123,5.0,5,4.219507705176107,1,1,0
90.0,2,1.0,1.0,Private room,52.55283,13.40656,4.69,108,4.499809670330265,1,0,0
59.0,5,2.0,1.0,Entire home/apt,52.56137,13.36443,4.61,285,4.07753744390572,1,1,0
108.0,4,1.0,1.0,Entire home/apt,52.54906,13.39563,4.72,191,4.68213122712422,1,1,0
113.0,4,2.0,2.0,Entire home/apt,52.5551,13.37415,4.87,38,4.727387818712341,1,1,0
190.0,7,2.0,1.0,Entire home/apt,52.48902,13.36221,4.74,179,5.247024072160486,1,1,0
181.0,5,1.0,1.0,Hotel room,52.50091,13.36569,4.78,72,5.198497031265826,1,1,0
279.0,7,2.0,1.0,Hotel room,52.5007,13.36568,4.7,70,5.631211781821365,1,1,0
375.0,8,3.0,2.0,Entire home/apt,52.50053,13.36421,4.63,59,5.926926025970411,1,1,0
217.0,4,1.0,1.0,Entire home/apt,52.54245,13.4219,4.96,69,5.37989735354046,1,1,0
83.0,3,1.0,1.0,Entire home/apt,52.48518,13.26749,4.96,79,4.418840607796598,1,1,0
256.0,4,2.0,2.0,Entire home/apt,52.5169,13.47207,4.98,125,5.545177444479562,1,1,0
45.0,1,1.0,1.0,Private room,52.54327,13.35859,4.89,158,3.80666248977032,1,1,0
85.0,2,1.0,1.0,Entire home/apt,52.58973,13.43181,5.0,2,4.442651256490317,1,1,0
79.0,2,1.0,1.0,Entire home/apt,52.43508,13.20789,4.93,195,4.3694478524670215,1,1,0
149.0,6,3.0,1.0,Entire home/apt,52.5056,13.46958,4.92,119,5.003946305945459,1,1,1
103.0,2,1.0,1.0,Private room,52.49308,13.27565,4.8,5,4.634728988229636,1,1,0
111.0,2,1.0,1.0,Entire home/apt,52.49176,13.42179,4.88,340,4.709530201312334,1,1,0
90.0,3,1.0,1.0,Entire home/apt,52.5333,13.39809,5.0,2,4.499809670330265,1,1,0
80.0,2,1.0,1.0,Private room,52.5473955,13.400721546113902,4.91,74,4.382026634673881,1,0,0
85.0,2,4.0,1.0,Entire home/apt,52.53125,13.39954,5.0,2,4.442651256490317,1,1,0
36.0,2,1.0,1.0,Entire home/apt,52.48884,13.52281,5.0,4,3.58351893845611,1,1,0
42.0,2,1.0,1.0,Private room,52.56196,13.49406,4.57,51,3.737669618283368,1,1,0
94.0,2,1.0,1.0,Entire home/apt,52.47703,13.46434,4.65,31,4.543294782270004,1,1,0
35.0,2,1.0,1.0,Private room,52.47097,13.30863,4.89,260,3.555348061489413,1,0,0
69.0,2,1.0,1.0,Private room,52.51045,13.29866,4.97,64,4.23410650459726,1,1,0
103.0,4,1.0,1.0,Entire home/apt,52.47824,13.45016,4.66,175,4.634728988229636,1,1,0
105.0,2,1.0,1.0,Entire home/apt,52.49016952514648,13.413654327392578,4.98,208,4.653960350157523,1,1,0
85.0,2,0.0,1.0,Entire home/apt,52.49769,13.35918,4.82,169,4.442651256490317,1,1,0
130.0,2,0.0,1.0,Entire home/apt,52.50668,13.2078,4.74,34,4.867534450455582,1,1,0
89.0,3,0.0,1.0,Entire home/apt,52.53094,13.41263,4.76,421,4.48863636973214,1,1,0
166.0,3,1.0,1.0,Entire home/apt,52.4144,13.39733,4.96,82,5.111987788356544,1,1,1
60.0,3,1.0,1.0,Entire home/apt,52.56317,13.36407,4.75,171,4.0943445622221,1,1,0
23.0,1,0.0,1.0,Private room,52.46939,13.49215,4.62,76,3.1354942159291497,1,1,0
59.0,1,1.0,1.0,Private room,52.48693,13.34545,4.85,41,4.07753744390572,1,1,0
51.0,2,1.0,1.0,Private room,52.54072,13.41716,4.95,156,3.9318256327243257,1,1,0
71.0,2,1.0,1.0,Private room,52.53304,13.40619,4.94,300,4.262679877041316,1,1,0
56.0,2,1.0,1.0,Private room,52.49487,13.43572,4.84,43,4.02535169073515,0,1,0
67.0,1,1.0,1.5,Entire home/apt,52.49199,13.34726,4.76,46,4.204692619390966,1,1,0
87.0,3,1.0,1.0,Entire home/apt,52.41844,13.54647,4.91,56,4.465908118654584,1,1,0
52.0,3,0.0,1.0,Entire home/apt,52.56321,13.36373,4.8,161,3.951243718581428,1,1,0
49.0,2,1.0,1.0,Private room,52.55441,13.41519,4.93,398,3.8918202981106265,1,1,0
63.0,2,1.0,1.0,Entire home/apt,52.533,13.37808,4.83,6,4.143134726391533,1,1,0
34.0,6,1.0,1.0,Shared room,52.51587,13.4247,4.68,77,3.5263605246161616,1,1,0
68.0,2,1.0,1.0,Private room,52.4952044,13.365526,4.89,55,4.219507705176107,1,1,0
165.0,3,1.0,1.0,Entire home/apt,52.50261,13.32202,4.97,37,5.10594547390058,1,1,0
61.0,2,1.0,1.0,Entire home/apt,52.51787,13.30897,4.93,15,4.110873864173311,1,1,0
120.0,2,1.0,1.0,Entire home/apt,52.49036,13.37877,4.35,23,4.787491742782046,1,1,0
119.0,2,1.0,1.0,Entire home/apt,52.5372,13.39467,4.83,6,4.77912349311153,1,1,0
104.0,2,1.0,1.0,Entire home/apt,52.51971,13.52619,4.56,95,4.6443908991413725,1,1,0
115.0,4,2.0,1.0,Entire home/apt,52.50251,13.47834,5.0,15,4.74493212836325,1,1,0
155.0,5,1.0,1.0,Entire home/apt,52.51971,13.52619,4.34,32,5.043425116919247,1,1,0
101.0,2,1.0,1.0,Entire home/apt,52.4969297,13.291007789281611,4.64,11,4.61512051684126,1,1,0
49.0,2,1.0,1.0,Private room,52.49284,13.4009,4.78,166,3.8918202981106265,1,0,0
30.0,1,1.0,1.0,Private room,52.47496,13.32876,4.89,71,3.4011973816621555,1,1,0
120.0,2,0.0,1.0,Entire home/apt,52.50603,13.20293,4.87,63,4.787491742782046,0,1,0
44.0,1,1.0,1.0,Private room,52.43712,13.24166,4.9,161,3.784189633918261,1,0,0
130.0,4,1.0,1.0,Entire home/apt,52.5134,13.44685,4.74,345,4.867534450455582,1,1,0
114.0,4,1.0,1.0,Entire home/apt,52.517834,13.447094,4.84,293,4.736198448394496,1,1,0
94.0,2,1.0,1.0,Entire home/apt,52.47404,13.4555,4.83,6,4.543294782270004,1,1,0
96.0,2,0.0,1.0,Entire home/apt,52.51783,13.44709,4.81,357,4.564348191467836,1,1,0
361.0,5,3.0,2.0,Entire home/apt,52.53069,13.40489,4.82,17,5.8888779583328805,1,1,1
53.0,2,1.0,2.0,Private room,52.64087,13.29433,4.9,91,3.970291913552122,1,1,0
200.0,3,2.0,2.0,Entire home/apt,52.5099,13.4029,4.93,71,5.298317366548036,1,1,0
131.0,3,1.0,1.0,Entire home/apt,52.53351,13.37995,4.76,76,4.875197323201151,1,1,0
406.0,3,1.0,1.5,Entire home/apt,52.51527,13.45403,5.0,21,6.0063531596017325,1,1,1
209.0,4,2.0,1.0,Private room,52.55951,13.37819,4.71,240,5.342334251964811,1,0,0
130.0,2,1.0,1.0,Entire home/apt,52.5453,13.41718,4.85,52,4.867534450455582,1,1,0
89.0,2,0.0,1.0,Entire home/apt,52.49651,13.48278,4.99,241,4.48863636973214,1,1,0
45.0,2,1.0,1.0,Entire home/apt,52.56157,13.37893,4.75,4,3.80666248977032,1,1,0
129.0,7,3.0,2.5,Entire home/apt,52.43986,13.3311,4.75,8,4.859812404361672,1,1,0
145.0,4,2.0,1.5,Entire home/apt,52.48501,13.37998,4.95,60,4.976733742420574,1,1,0
42.0,3,1.0,1.0,Private room,52.46514,13.38281,4.73,63,3.737669618283368,1,0,0
71.0,2,1.0,1.0,Entire home/apt,52.48595,13.46477,4.97,76,4.262679877041316,1,1,0
35.0,2,1.0,1.0,Private room,52.50149,13.58119,4.75,126,3.555348061489413,1,0,0
130.0,3,1.0,1.0,Private room,52.51588,13.43648,4.97,404,4.867534450455582,1,0,0
110.0,2,1.0,1.0,Private room,52.49605,13.42776,4.91,67,4.700480365792417,1,1,0
60.0,3,1.0,1.0,Private room,52.49919,13.42869,4.0,20,4.0943445622221,1,1,0
99.0,2,1.0,1.0,Entire home/apt,52.45131,13.29671,4.92,189,4.59511985013459,1,1,0
172.0,6,3.0,1.0,Entire home/apt,52.52671,13.3331,5.0,3,5.147494476813453,1,1,0
157.0,4,1.0,1.0,Entire home/apt,52.56734,13.41919,4.93,67,5.056245805348308,1,1,0
80.0,2,1.0,1.0,Private room,52.48974,13.42551,4.86,154,4.382026634673881,1,1,0
70.0,2,1.0,1.0,Private room,52.4974,13.38503,4.94,260,4.248495242049359,1,1,0
123.0,1,1.0,1.0,Private room,52.54171,13.42349,4.68,22,4.812184355372417,1,1,0
248.0,6,3.0,2.5,Entire home/apt,52.54817,13.40361,4.91,11,5.513428746164983,1,1,0
38.0,3,1.0,1.0,Entire home/apt,52.48918914794922,13.362016677856444,4.72,93,3.6375861597263857,1,1,0
85.0,3,1.0,1.0,Entire home/apt,52.52288,13.35075,4.72,112,4.442651256490317,1,1,0
217.0,4,2.0,2.5,Entire home/apt,52.54942,13.4152,4.89,54,5.37989735354046,1,1,0
40.0,3,0.0,1.0,Private room,52.47868,13.44389,4.89,210,3.688879454113936,1,0,1
145.0,6,2.0,1.0,Entire home/apt,52.53966,13.39878,4.98,46,4.976733742420574,1,1,0
243.0,4,2.0,1.0,Entire home/apt,52.53175,13.42968,5.0,4,5.493061443340548,1,1,1
179.0,2,1.0,1.5,Entire home/apt,52.51124,13.42278,4.96,76,5.187385805840755,1,1,0
348.0,6,3.0,2.0,Entire home/apt,52.53009,13.40922,4.79,257,5.8522024797744745,1,1,0
67.0,4,2.0,1.0,Entire home/apt,52.60058,13.44889,4.79,400,4.204692619390966,1,1,0
257.0,2,1.0,1.0,Hotel room,52.54808,13.21755,5.0,4,5.54907608489522,1,1,0
67.0,5,1.0,1.0,Entire home/apt,52.53466,13.37785,4.4,216,4.204692619390966,1,1,0
57.0,2,1.0,1.0,Entire home/apt,52.53356,13.40696,4.6,5,4.04305126783455,1,1,0
95.0,4,1.0,1.0,Entire home/apt,52.54924,13.36996,4.59,59,4.553876891600541,1,1,1
278.0,3,2.0,1.0,Hotel room,52.54890823364258,13.216869354248049,4.65,17,5.627621113690637,1,1,0
115.0,2,1.0,1.0,Entire home/apt,52.49176,13.42179,4.86,309,4.74493212836325,1,1,0
123.0,3,1.0,1.0,Entire home/apt,52.51912,13.32058,4.9,134,4.812184355372417,1,1,0
81.0,4,1.0,1.0,Entire home/apt,52.49122,13.39381,4.78,325,4.394449154672439,1,1,0
52.0,3,0.0,1.0,Entire home/apt,52.56262,13.36452,4.84,207,3.951243718581428,1,1,0
187.0,3,2.0,1.0,Entire home/apt,52.50194,13.3475,4.98,116,5.231108616854587,1,1,0
63.0,2,0.0,1.0,Entire home/apt,52.49482,13.40043,4.88,444,4.143134726391533,1,1,0
80.0,4,1.0,1.0,Entire home/apt,52.52466,13.44837,4.72,257,4.382026634673881,1,1,0
56.0,2,1.0,1.0,Private room,52.48026,13.44505,4.91,106,4.02535169073515,1,1,0
168.0,8,3.0,2.0,Entire home/apt,52.44004,13.23757,4.6,42,5.123963979403259,1,1,0
159.0,4,1.0,1.0,Entire home/apt,52.49691,13.29525,4.54,35,5.068904202220232,1,1,0
582.0,4,2.0,1.0,Entire home/apt,52.54115,13.41151,4.71,31,6.366470447731438,1,1,0
177.0,6,2.0,1.0,Entire home/apt,52.55151,13.41523,4.64,227,5.176149732573829,1,1,0
102.0,1,1.0,1.0,Hotel room,52.55076,13.41129,4.31,39,4.624972813284271,1,1,0
86.0,1,1.0,1.0,Hotel room,52.55076,13.41129,4.59,78,4.454347296253507,1,1,0
116.0,2,1.0,1.0,Hotel room,52.55076,13.41129,4.38,129,4.7535901911063645,1,1,0
75.0,2,1.0,1.0,Private room,52.55402,13.40654,4.77,22,4.31748811353631,1,0,0
407.0,6,3.0,3.0,Entire home/apt,52.48175,13.34953,5.0,20,6.008813185442595,1,1,0
77.0,2,0.0,1.0,Entire home/apt,52.50895,13.30779,4.73,51,4.343805421853684,1,1,0
75.0,1,1.0,1.0,Private room,52.4211,13.22914,4.96,23,4.31748811353631,1,1,0
216.0,7,2.0,1.0,Entire home/apt,52.53314,13.42999,4.82,193,5.375278407684165,1,1,0
220.0,2,1.0,1.0,Entire home/apt,52.53122,13.41364,4.96,137,5.393627546352362,1,1,0
39.0,2,1.0,1.5,Private room,52.52403,13.62852,4.91,246,3.6635616461296463,1,1,0
134.0,2,1.0,1.0,Entire home/apt,52.53185,13.4189,5.0,8,4.897839799950911,1,1,0
170.0,4,2.0,1.5,Entire home/apt,52.41254,13.14324,0.0,0,5.135798437050262,1,1,0
115.0,2,2.0,1.0,Entire home/apt,52.52271,13.45236,4.9,20,4.74493212836325,1,1,0
77.0,3,1.0,0.0,Private room,52.5121,13.52418,4.76,477,4.343805421853684,1,1,0
44.0,1,1.0,1.0,Private room,52.5128,13.52043,4.75,409,3.784189633918261,1,1,0
62.0,2,1.0,1.0,Private room,52.51341,13.52419,4.72,461,4.127134385045092,1,1,0
135.0,2,1.0,1.0,Entire home/apt,52.54087,13.41737,5.0,60,4.90527477843843,1,1,0
188.0,2,1.0,1.0,Private room,52.55768,13.37863,4.56,34,5.236441962829949,1,0,0
186.0,2,1.0,1.0,Private room,52.55576,13.37812,0.0,0,5.225746673713202,1,0,0
142.0,6,2.0,1.0,Entire home/apt,52.50778579711914,13.467029571533203,4.47,112,4.955827057601261,1,1,0
155.0,7,2.0,1.0,Entire home/apt,52.50778579711914,13.467029571533203,4.41,179,5.043425116919247,1,1,0
156.0,6,2.0,1.0,Entire home/apt,52.50778579711914,13.467029571533203,4.42,160,5.049856007249537,1,1,0
280.0,7,2.0,2.0,Entire home/apt,52.50778579711914,13.467029571533203,4.52,167,5.634789603169249,1,1,0
225.0,6,2.0,2.0,Entire home/apt,52.50778579711914,13.467029571533203,4.64,211,5.41610040220442,1,1,0
190.0,7,2.0,2.0,Entire home/apt,52.50778579711914,13.467029571533203,4.63,255,5.247024072160486,1,1,0
102.0,4,0.0,1.0,Entire home/apt,52.50778579711914,13.467029571533203,4.56,88,4.624972813284271,1,1,0
144.0,5,1.0,1.0,Entire home/apt,52.50778579711914,13.467029571533203,4.51,162,4.969813299576001,1,1,0
105.0,5,1.0,1.0,Entire home/apt,52.50778579711914,13.467029571533203,4.44,129,4.653960350157523,1,1,0
157.0,6,2.0,1.0,Entire home/apt,52.50778579711914,13.467029571533203,4.4,134,5.056245805348308,1,1,0
143.0,6,2.0,1.0,Entire home/apt,52.50778579711914,13.467029571533203,4.4,165,4.962844630259907,1,1,0
136.0,6,2.0,1.0,Entire home/apt,52.50778579711914,13.467029571533203,4.61,190,4.912654885736052,1,1,0
333.0,4,2.0,1.0,Entire home/apt,52.46518,13.43556,5.0,9,5.808142489980444,1,1,0
110.0,2,1.0,1.0,Entire home/apt,52.48054,13.44499,4.8,91,4.700480365792417,1,1,0
129.0,5,1.0,1.0,Entire home/apt,52.52742,13.38816,4.57,130,4.859812404361672,1,1,0
46.0,2,1.0,1.0,Entire home/apt,52.43812,13.32956,5.0,2,3.828641396489095,1,1,0
56.0,1,1.0,1.0,Private room,52.53640793,13.438294246866132,4.99,109,4.02535169073515,1,1,0
137.0,4,2.0,1.0,Entire home/apt,52.54798,13.42601,4.8,255,4.919980925828125,1,1,0
67.0,3,0.0,1.0,Entire home/apt,52.51742,13.41828,4.84,376,4.204692619390966,1,1,0
47.0,2,1.0,1.5,Private room,52.49604,13.43637,4.94,232,3.8501476017100575,1,1,0
83.0,4,1.0,1.0,Entire home/apt,52.5110558,13.4569464,5.0,5,4.418840607796598,1,1,0
188.0,5,1.0,1.5,Entire home/apt,52.49402,13.42914,4.92,491,5.236441962829949,1,1,0
253.0,6,3.0,1.0,Entire home/apt,52.51006,13.41667,4.9,315,5.53338948872752,1,1,0
172.0,6,3.0,1.0,Entire home/apt,52.39641,13.16114,4.88,17,5.147494476813453,1,1,0
91.0,2,1.0,1.0,Entire home/apt,52.54127,13.3528,4.89,114,4.51085950651685,1,1,0
111.0,5,2.0,1.0,Entire home/apt,52.49502,13.39798,4.7,537,4.709530201312334,1,1,0
270.0,6,2.0,1.0,Entire home/apt,52.54838,13.21224,4.73,11,5.598421958998375,1,1,0
30.0,6,1.0,1.0,Shared room,52.51765,13.42428,4.62,124,3.4011973816621555,1,1,0
252.0,11,8.0,2.0,Entire home/apt,52.55341,13.38895,5.0,3,5.529429087511423,1,1,0
56.0,2,1.0,1.0,Private room,52.51567840576172,13.45944118499756,4.9,316,4.02535169073515,1,1,0
244.0,8,2.0,1.5,Entire home/apt,52.52502,13.45103,4.66,157,5.497168225293202,1,1,0
76.0,2,1.0,1.0,Private room,52.49087,13.38541,4.92,167,4.330733340286331,1,1,0
80.0,4,2.0,2.0,Entire home/apt,52.51117013692426,13.418347847382297,0.0,0,4.382026634673881,1,1,0
42.0,1,1.0,1.0,Private room,52.54885,13.4194,5.0,36,3.737669618283368,1,1,0
402.0,8,3.0,2.0,Entire home/apt,52.52854,13.40982,4.76,266,5.996452088619021,1,1,0
62.0,2,1.0,1.0,Entire home/apt,52.53413,13.42447,5.0,14,4.127134385045092,1,1,0
153.0,4,1.0,1.5,Entire home/apt,52.49652862548828,13.312649726867676,4.33,54,5.030437921392435,1,1,0
90.0,6,1.0,1.0,Entire home/apt,52.51970091303327,13.355576873519889,4.52,316,4.499809670330265,1,1,0
129.0,4,1.0,1.0,Entire home/apt,52.51183,13.46657,4.98,103,4.859812404361672,1,1,0
132.0,2,1.0,1.0,Entire home/apt,52.46374,13.31721,4.64,101,4.882801922586371,1,1,0
72.0,2,1.0,1.0,Entire home/apt,52.49223659736885,13.397574614680474,0.0,0,4.276666119016055,1,1,0
76.0,3,1.0,1.0,Private room,52.49887,13.42957,4.18,17,4.330733340286331,1,1,0
71.0,3,1.0,1.0,Private room,52.4971,13.42946,4.29,7,4.262679877041316,1,0,0
75.0,1,1.0,1.0,Private room,52.50216,13.44024,4.9,201,4.31748811353631,1,1,0
198.0,4,2.0,1.5,Entire home/apt,52.52384948730469,13.380672454833984,4.86,272,5.288267030694535,1,1,0
114.0,6,1.0,1.0,Entire home/apt,52.49661,13.44224,4.59,293,4.736198448394496,1,1,0
108.0,4,1.0,1.0,Entire home/apt,52.54772,13.34435,4.55,11,4.68213122712422,1,1,0
135.0,2,2.0,1.0,Entire home/apt,52.55354,13.41345,5.0,18,4.90527477843843,1,1,0
57.0,2,1.0,1.0,Private room,52.41632,13.28283,4.96,52,4.04305126783455,1,0,0
5.0,4,1.0,1.0,Private room,52.48933,13.41399,4.0,1,1.6094379124341005,1,1,0
40.0,1,1.0,1.0,Private room,52.46922,13.32142,4.85,26,3.688879454113936,1,1,0
150.0,3,3.0,1.0,Private room,52.49315,13.43364,4.42,12,5.010635294096256,1,1,0
180.0,4,2.0,1.0,Entire home/apt,52.49443,13.34393,4.98,47,5.19295685089021,1,1,1
54.0,2,1.0,1.0,Private room,52.53923,13.44256,4.9,196,3.9889840465642745,1,1,0
85.0,4,1.0,1.0,Entire home/apt,52.50363,13.34318,4.42,200,4.442651256490317,1,1,0
96.0,4,1.0,1.0,Entire home/apt,52.50271,13.34247,4.54,214,4.564348191467836,1,1,0
109.0,4,1.0,1.0,Entire home/apt,52.50253,13.34397,4.39,140,4.691347882229144,1,1,0
118.0,4,1.0,1.0,Entire home/apt,52.50259,13.3436,4.46,282,4.770684624465665,1,1,0
106.0,4,0.0,1.0,Entire home/apt,52.50252,13.34275,4.35,150,4.663439094112067,1,1,0
113.0,4,1.0,1.0,Entire home/apt,52.50389,13.34222,4.56,134,4.727387818712341,1,1,0
53.0,1,1.0,1.0,Private room,52.53961,13.40607,4.82,11,3.970291913552122,1,1,0
112.0,4,1.0,1.0,Entire home/apt,52.44414,13.70197,4.8,81,4.718498871295094,1,1,0
272.0,4,3.0,2.0,Entire home/apt,52.50109,13.4388,4.96,23,5.605802066295998,1,1,0
148.0,4,2.0,2.0,Entire home/apt,52.51123,13.40232,5.0,1,4.997212273764115,1,1,0
201.0,4,2.0,1.5,Entire home/apt,52.52474,13.38523,4.59,194,5.303304908059076,1,1,0
840.0,3,1.0,1.0,Hotel room,52.52964,13.40878,4.8,183,6.733401891837359,1,1,1
115.0,4,1.0,1.0,Entire home/apt,52.49845,13.31923,4.94,160,4.74493212836325,1,1,0
55.0,2,1.0,1.0,Private room,52.50571,13.51949,4.7,456,4.007333185232471,1,1,0
59.0,1,1.0,1.0,Private room,52.508,13.36852,4.81,85,4.07753744390572,1,1,0
128.0,3,1.0,1.0,Entire home/apt,52.47444,13.44951,4.88,109,4.852030263919617,1,1,0
219.0,2,1.0,1.0,Hotel room,52.49885,13.30422,5.0,3,5.389071729816501,1,1,1
248.0,2,0.0,1.0,Entire home/apt,52.53148,13.38848,4.96,122,5.513428746164983,1,1,0
219.0,2,1.0,1.0,Hotel room,52.50168,13.32773,4.93,29,5.389071729816501,1,0,0
245.0,2,1.0,1.0,Hotel room,52.50202,13.32762,4.78,9,5.501258210544727,1,0,0
265.0,2,1.0,1.0,Hotel room,52.50202,13.32773,4.0,1,5.579729825986222,1,0,0
79.0,4,1.0,1.0,Entire home/apt,52.50598,13.23213,4.97,74,4.3694478524670215,1,1,0
81.0,1,1.0,1.5,Private room,52.47418551557308,13.424119220335468,4.97,66,4.394449154672439,1,1,0
384.0,5,3.0,1.0,Entire home/apt,52.4934,13.2919,4.89,66,5.950642552587727,1,1,0
106.0,2,1.0,1.0,Entire home/apt,52.52146,13.40511,4.88,306,4.663439094112067,1,1,0
95.0,4,1.0,1.0,Entire home/apt,52.51731,13.45522,4.76,564,4.553876891600541,1,1,0
203.0,6,3.0,1.5,Entire home/apt,52.49048,13.39128,4.84,167,5.313205979041787,1,1,0
69.0,1,1.0,1.0,Private room,52.50317,13.36248,4.92,171,4.23410650459726,1,1,0
187.0,5,2.0,1.5,Private room,52.51082,13.22754,4.0,14,5.231108616854587,1,1,0
25.0,1,1.0,1.0,Private room,52.51604,13.44653,5.0,5,3.218875824868201,1,1,0
30.0,1,1.0,1.0,Private room,52.51831,13.44737,4.75,4,3.4011973816621555,1,1,0
75.0,2,2.0,1.0,Entire home/apt,52.51776,13.44832,0.0,0,4.31748811353631,1,1,0
64.0,2,1.0,1.0,Entire home/apt,52.48607,13.36403,5.0,1,4.158883083359672,1,1,0
75.0,3,1.0,1.0,Entire home/apt,52.50201,13.4914,4.0,4,4.31748811353631,1,1,0
58.0,2,1.0,1.0,Private room,52.50793,13.31323,4.92,91,4.060443010546419,1,1,0
200.0,1,1.0,1.5,Entire home/apt,52.58467,13.40149,5.0,5,5.298317366548036,1,1,0
121.0,6,1.0,1.0,Entire home/apt,52.49629,13.44417,4.74,321,4.795790545596741,1,1,0
114.0,8,1.0,1.0,Entire home/apt,52.49668,13.44389,4.69,299,4.736198448394496,1,1,0
244.0,3,1.0,1.0,Hotel room,52.49841,13.30479,0.0,0,5.497168225293202,1,1,1
274.0,4,1.0,1.0,Hotel room,52.49896,13.30428,5.0,3,5.613128106388071,1,1,1
304.0,4,1.0,1.0,Hotel room,52.49829,13.30496,5.0,2,5.717027701406222,1,1,1
260.0,2,1.0,1.0,Hotel room,52.52935,13.45589,4.59,924,5.560681631015528,1,1,0
197.0,2,1.0,1.0,Hotel room,52.48076,13.52557,4.62,299,5.2832037287379885,1,1,0
226.0,2,1.0,1.0,Hotel room,52.48074,13.52555,4.0,2,5.420534999272286,1,1,0
123.0,2,1.0,1.5,Entire home/apt,52.53072,13.40267,4.98,122,4.812184355372417,1,1,0
196.0,2,1.0,1.0,Hotel room,52.48074,13.52555,4.67,3,5.278114659230517,1,1,0
124.0,2,1.0,2.0,Private room,52.51681,13.27262,4.96,82,4.820281565605037,1,0,0
169.0,2,1.0,1.0,Hotel room,52.50771,13.32803,4.75,64,5.1298987149230735,1,1,1
183.0,2,1.0,1.0,Hotel room,52.50771,13.32803,4.64,56,5.209486152841421,1,1,1
91.0,6,3.0,1.0,Entire home/apt,52.40546,13.58223,4.88,215,4.51085950651685,1,1,0
79.0,3,1.0,1.0,Entire home/apt,52.51599,13.41879,4.85,346,4.3694478524670215,1,1,0
114.0,6,1.0,1.0,Entire home/apt,52.49672,13.44228,4.74,302,4.736198448394496,1,1,0
132.0,7,1.0,2.0,Entire home/apt,52.49558,13.44213,4.71,283,4.882801922586371,1,1,0
943.0,2,1.0,1.0,Private room,52.53247,13.38105,4.97,67,6.849066282633458,1,1,0
117.0,4,1.0,1.0,Entire home/apt,52.49473,13.44422,4.61,257,4.762173934797756,1,1,0
44.0,2,0.0,1.0,Entire home/apt,52.52127,13.40606,4.5,6,3.784189633918261,1,1,0
79.0,3,1.0,1.0,Entire home/apt,52.61029,13.42698,4.98,53,4.3694478524670215,1,1,0
216.0,4,1.0,1.0,Hotel room,52.52646,13.39011,4.85,226,5.375278407684165,1,0,0
185.0,2,1.0,1.0,Hotel room,52.52644,13.3901,4.8,153,5.220355825078324,1,0,0
176.0,2,1.0,1.0,Hotel room,52.52644,13.39012,4.83,766,5.170483995038151,1,0,0
171.0,2,1.0,1.0,Hotel room,52.52652,13.38988,4.75,156,5.14166355650266,1,0,0
99.0,4,1.0,1.0,Entire home/apt,52.43897,13.29421,4.92,256,4.59511985013459,1,1,0
188.0,2,1.0,1.0,Hotel room,52.49379,13.36134,4.79,231,5.236441962829949,1,0,1
179.0,2,1.0,1.0,Hotel room,52.49379,13.36134,4.77,13,5.187385805840755,1,0,1
192.0,4,1.0,1.0,Hotel room,52.49379,13.36134,4.71,107,5.2574953720277815,1,0,1
188.0,2,1.0,1.0,Hotel room,52.49379,13.36134,4.93,15,5.236441962829949,1,0,1
165.0,2,1.0,1.0,Hotel room,52.49379,13.36134,4.65,182,5.10594547390058,1,0,1
170.0,2,1.0,1.0,Hotel room,52.49379,13.36134,4.73,561,5.135798437050262,1,0,1
165.0,2,1.0,1.0,Hotel room,52.49379,13.36134,4.8,40,5.10594547390058,1,0,1
226.0,2,1.0,1.0,Hotel room,52.50329,13.37034,4.7,43,5.420534999272286,1,0,0
226.0,2,1.0,1.0,Hotel room,52.50329,13.37034,5.0,24,5.420534999272286,1,0,0
199.0,4,1.0,1.0,Hotel room,52.50329,13.37034,4.74,133,5.293304824724492,1,0,0
184.0,2,1.0,1.0,Hotel room,52.50329,13.37034,4.8,82,5.214935757608986,1,0,0
175.0,2,1.0,1.0,Hotel room,52.50329,13.37034,4.77,430,5.1647859739235145,1,0,0
240.0,4,1.0,1.0,Hotel room,52.46545,13.32632,4.74,57,5.480638923341991,1,0,0
222.0,4,1.0,1.0,Hotel room,52.46545,13.32632,4.85,104,5.402677381872279,1,0,0
207.0,2,1.0,1.0,Hotel room,52.46545,13.32632,4.74,27,5.332718793265369,1,0,0
198.0,2,1.0,1.0,Hotel room,52.46545,13.32632,4.84,83,5.288267030694535,1,0,0
194.0,2,1.0,1.0,Hotel room,52.46545,13.32632,5.0,13,5.267858159063328,1,0,0
140.0,4,1.0,1.0,Entire home/apt,52.53527,13.42125,4.91,190,4.941642422609304,1,1,0
165.0,2,1.0,1.0,Hotel room,52.50414,13.49835,3.0,5,5.10594547390058,1,0,0
184.0,2,1.0,1.0,Hotel room,52.50497,13.4965,4.0,1,5.214935757608986,1,0,0
259.0,4,1.0,1.0,Hotel room,52.50357,13.49666,5.0,2,5.556828061699537,1,0,0
55.0,2,1.0,1.0,Entire home/apt,52.53144,13.43041,5.0,4,4.007333185232471,1,1,0
70.0,3,2.0,1.0,Entire home/apt,52.53196,13.40191,4.0,5,4.248495242049359,1,1,0
232.0,3,1.0,1.5,Entire home/apt,52.53532,13.39993,4.92,26,5.44673737166631,1,1,0
73.0,2,1.0,1.5,Entire home/apt,52.43434,13.32605,4.91,117,4.290459441148391,1,1,0
39.0,2,1.0,1.0,Private room,52.48014,13.35161,4.41,34,3.6635616461296463,1,1,0
62.0,2,1.0,1.0,Private room,52.51709747314453,13.279301643371582,4.83,35,4.127134385045092,1,1,0
487.0,2,1.0,1.0,Entire home/apt,52.53179,13.40069,5.0,3,6.18826412308259,1,1,0
104.0,2,1.0,1.0,Entire home/apt,52.4967,13.39953,4.93,97,4.6443908991413725,1,1,0
79.0,1,1.0,0.5,Private room,52.54406,13.4122,4.43,14,4.3694478524670215,1,0,0
102.0,4,1.0,1.0,Private room,52.54416,13.41119,4.58,71,4.624972813284271,1,0,0
120.0,2,1.0,1.0,Entire home/apt,52.53732817506748,13.397006934579563,5.0,1,4.787491742782046,1,1,0
97.0,3,1.0,1.0,Entire home/apt,52.45994,13.43257,4.91,163,4.574710978503383,1,1,0
196.0,4,2.0,2.0,Entire home/apt,52.49689,13.34894,4.85,193,5.278114659230517,1,1,0
104.0,2,1.0,1.0,Private room,52.52058,13.46337,4.95,155,4.6443908991413725,1,1,0
185.0,3,0.0,1.0,Entire home/apt,52.52903,13.40206,4.46,13,5.220355825078324,1,1,1
61.0,2,0.0,1.0,Entire home/apt,52.54749,13.45852,4.9,136,4.110873864173311,1,1,0
84.0,2,1.0,1.0,Entire home/apt,52.47557,13.42264,4.84,148,4.430816798843313,1,1,0
63.0,3,0.0,1.0,Entire home/apt,52.51764,13.41993,4.9,315,4.143134726391533,1,1,0
264.0,3,0.0,1.0,Entire home/apt,52.53148,13.38848,4.95,21,5.575949103146316,1,1,1
285.0,3,1.0,1.0,Entire home/apt,52.53148,13.38848,5.0,10,5.652489180268651,1,1,1
155.0,4,2.0,2.0,Entire home/apt,52.5355,13.4047,4.69,89,5.043425116919247,1,1,0
152.0,3,2.0,1.0,Entire home/apt,52.49371,13.26455,4.86,112,5.0238805208462765,1,1,0
396.0,2,1.0,1.0,Entire home/apt,52.530643463134766,13.40178394317627,4.73,11,5.981414211254481,1,1,0
396.0,2,1.0,1.0,Entire home/apt,52.5295,13.40229,5.0,1,5.981414211254481,1,1,0
1371.0,4,2.0,2.0,Entire home/apt,52.53124,13.40085,5.0,2,7.223295679562314,1,1,0
1697.0,6,3.0,2.0,Entire home/apt,52.5315,13.40227,4.93,15,7.436617265234227,1,1,0
328.0,2,1.0,1.0,Entire home/apt,52.53182,13.40237,4.94,49,5.793013608384144,0,0,0
18.0,1,1.0,1.0,Private room,52.49242,13.37955,4.0,5,2.8903717578961645,1,0,0
56.0,2,0.0,1.0,Entire home/apt,52.41669,13.14036,4.86,70,4.02535169073515,1,1,0
195.0,2,1.0,1.0,Entire home/apt,52.49793,13.43445,4.98,63,5.272999558563747,1,1,1
97.0,1,1.0,1.0,Entire home/apt,52.4813,13.42308,4.86,14,4.574710978503383,1,1,0
143.0,2,1.0,1.0,Entire home/apt,52.53312,13.34997,4.93,27,4.962844630259907,1,1,0
127.0,3,1.0,1.0,Entire home/apt,52.42234,13.40164,4.96,69,4.844187086458591,1,1,0
268.0,2,0.0,1.0,Hotel room,52.53148,13.38848,0.0,0,5.5909869805108565,1,1,0
293.0,2,0.0,1.0,Entire home/apt,52.53148,13.38848,5.0,3,5.680172609017068,1,1,0
301.0,3,1.0,1.0,Entire home/apt,52.53148,13.38848,4.84,25,5.707110264748875,1,1,0
309.0,3,1.0,1.0,Entire home/apt,52.53148,13.38848,4.86,7,5.733341276897746,1,1,0
431.0,5,2.0,2.0,Entire home/apt,52.53148,13.38848,4.81,124,6.066108090103747,1,1,0
341.0,3,1.0,1.0,Entire home/apt,52.53148,13.38848,4.82,11,5.831882477283517,1,1,1
700.0,6,3.0,2.5,Entire home/apt,52.53148,13.38848,4.96,55,6.551080335043404,1,1,1
89.0,2,0.0,1.0,Entire home/apt,52.45879,13.37717,4.54,13,4.48863636973214,1,1,0
140.0,4,4.0,1.0,Entire home/apt,52.53531,13.39488,5.0,1,4.941642422609304,1,1,0
128.0,4,3.0,1.0,Entire home/apt,52.59160614013672,13.394713401794434,4.88,104,4.852030263919617,1,1,0
216.0,2,1.0,1.5,Hotel room,52.50147,13.32171,4.91,54,5.375278407684165,1,0,0
89.0,2,1.0,1.0,Private room,52.54575,13.4176,4.82,376,4.48863636973214,1,0,0
78.0,2,1.0,1.0,Entire home/apt,52.522863808440206,13.348474209449806,4.63,8,4.356708826689592,1,1,1
116.0,2,0.0,1.0,Entire home/apt,52.53654,13.4418,4.86,312,4.7535901911063645,1,1,0
91.0,2,1.0,1.0,Entire home/apt,52.48513,13.32665,4.8,5,4.51085950651685,1,1,0
107.0,4,2.0,1.0,Entire home/apt,52.54185,13.3571,4.72,347,4.672828834461906,1,1,0
97.0,2,1.0,1.0,Private room,52.52653121948242,13.402429580688477,5.0,14,4.574710978503383,1,1,0
298.0,4,2.0,1.0,Entire home/apt,52.47405,13.42017,4.93,30,5.697093486505405,1,1,0
86.0,2,1.0,1.0,Entire home/apt,52.49728,13.2865,4.8,97,4.454347296253507,1,1,0
67.0,2,0.0,1.0,Entire home/apt,52.49728,13.2865,4.82,73,4.204692619390966,1,1,0
180.0,2,1.0,1.5,Entire home/apt,52.50688,13.4685,5.0,25,5.19295685089021,1,1,0
178.0,4,1.0,1.0,Hotel room,52.52845,13.40322,4.69,106,5.181783550292085,1,1,1
240.0,6,2.0,1.0,Hotel room,52.52826,13.40147,4.67,144,5.480638923341991,1,1,1
360.0,7,3.0,1.0,Hotel room,52.53012,13.40295,4.85,181,5.886104031450156,1,1,1
429.0,10,2.0,2.0,Hotel room,52.52875,13.40316,4.83,136,6.061456918928017,1,1,1
116.0,4,1.0,1.0,Entire home/apt,52.49664,13.44427,4.68,255,4.7535901911063645,1,1,0
355.0,5,3.0,1.0,Entire home/apt,52.4900323,13.3888461,4.85,48,5.872117789475416,1,1,0
57.0,2,1.0,1.0,Entire home/apt,52.54621,13.367,4.72,344,4.04305126783455,1,1,0
131.0,4,1.0,1.0,Entire home/apt,52.5193,13.52603,4.3,76,4.875197323201151,1,1,0
60.0,4,1.0,1.5,Entire home/apt,52.47613,13.42463,4.92,60,4.0943445622221,1,1,0
68.0,2,1.0,1.0,Private room,52.44062,13.29496,4.89,35,4.219507705176107,1,0,0
69.0,2,1.0,1.0,Private room,52.49258,13.39866,4.88,155,4.23410650459726,1,1,0
98.0,6,3.0,1.0,Entire home/apt,52.47338,13.42563,4.71,238,4.584967478670572,1,1,0
83.0,2,2.0,1.0,Entire home/apt,52.51829,13.43054,5.0,8,4.418840607796598,1,1,0
110.0,6,1.0,1.0,Shared room,52.51623,13.42435,4.7,211,4.700480365792417,1,1,0
162.0,6,1.0,1.0,Private room,52.51623,13.42432,4.75,16,5.087596335232384,1,0,0
97.0,5,2.0,1.0,Entire home/apt,52.47438,13.42448,4.74,254,4.574710978503383,1,1,0
93.0,5,2.0,1.0,Entire home/apt,52.4867247,13.4232451,4.71,225,4.532599493153256,1,1,0
58.0,4,1.0,1.0,Entire home/apt,52.49853,13.38848,4.73,352,4.060443010546419,1,1,0
47.0,2,0.0,1.0,Entire home/apt,52.53098,13.35099,4.78,123,3.8501476017100575,1,1,1
50.0,2,1.0,1.0,Private room,52.52048,13.39015,4.9,437,3.912023005428146,1,1,0
38.0,3,1.0,1.0,Private room,52.50087,13.58152,4.7,109,3.6375861597263857,1,0,0
57.0,2,2.0,1.0,Entire home/apt,52.51757,13.46686,4.57,7,4.04305126783455,1,1,0
194.0,4,1.0,1.0,Private room,52.51627,13.4266,4.65,131,5.267858159063328,1,0,0
40.0,2,1.0,1.0,Private room,52.46983,13.32352,4.8,20,3.688879454113936,0,1,0
116.0,2,1.0,1.0,Entire home/apt,52.46097,13.51984,4.71,7,4.7535901911063645,0,0,0
136.0,2,1.0,1.0,Private room,52.51625,13.42463,4.68,78,4.912654885736052,1,1,0
228.0,5,1.0,1.0,Private room,52.51719,13.4265,4.54,13,5.429345628954441,1,0,0
80.0,2,1.0,1.0,Private room,52.53631,13.40705,4.85,91,4.382026634673881,1,0,0
170.0,3,1.0,1.0,Private room,52.49293,13.42725,4.84,81,5.135798437050262,1,1,0
29.0,1,1.0,1.0,Private room,52.48785,13.3912,4.43,7,3.367295829986474,1,1,0
42.0,1,1.0,1.5,Private room,52.48799,13.3921,3.25,8,3.737669618283368,1,1,0
29.0,1,1.0,1.0,Private room,52.48986,13.39333,3.75,8,3.367295829986474,1,1,0
36.0,2,1.0,1.5,Private room,52.49018,13.39417,4.67,3,3.58351893845611,1,1,0
56.0,2,0.0,1.0,Entire home/apt,52.53376,13.40471,5.0,4,4.02535169073515,1,1,0
119.0,5,2.0,1.0,Entire home/apt,52.51416,13.30659,4.86,227,4.77912349311153,1,1,0
131.0,2,1.0,1.0,Entire home/apt,52.43621,13.40164,4.91,85,4.875197323201151,1,1,0
197.0,5,1.0,1.0,Entire home/apt,52.53163,13.40598,4.96,47,5.2832037287379885,1,1,0
70.0,2,1.0,1.0,Private room,52.48418,13.46402,5.0,9,4.248495242049359,1,1,0
135.0,2,0.0,1.0,Entire home/apt,52.5369,13.39864,4.75,36,4.90527477843843,1,1,0
60.0,2,1.0,1.0,Private room,52.4853,13.43664,4.9,58,4.0943445622221,1,1,0
51.0,2,1.0,1.0,Private room,52.55598831176758,13.377829551696776,4.77,194,3.9318256327243257,1,1,0
216.0,8,3.0,2.0,Entire home/apt,52.45657,13.43885,4.75,4,5.375278407684165,1,1,0
450.0,12,4.0,2.0,Entire home/apt,52.45473,13.4366,4.5,6,6.1092475827643655,1,1,0
47.0,2,1.0,1.0,Private room,52.55598831176758,13.377829551696776,4.74,174,3.8501476017100575,1,1,0
209.0,6,3.0,1.0,Entire home/apt,52.52857,13.3869,4.89,237,5.342334251964811,1,1,0
60.0,2,1.0,1.0,Entire home/apt,52.51180430244035,13.455710196315335,0.0,0,4.0943445622221,1,1,0
232.0,7,3.0,2.0,Entire home/apt,52.48592,13.37625,4.86,151,5.44673737166631,1,1,0
217.0,2,1.0,1.0,Entire home/apt,52.53894,13.40671,4.95,75,5.37989735354046,1,1,0
300.0,4,2.0,1.0,Entire home/apt,52.52841,13.38432,0.0,0,5.703782474656201,1,1,1
80.0,1,0.0,1.0,Entire home/apt,52.4586,13.37691,4.6,10,4.382026634673881,1,1,0
200.0,6,1.0,1.0,Entire home/apt,52.49649,13.43271,5.0,23,5.298317366548036,1,1,0
40.0,4,0.0,1.0,Entire home/apt,52.55368,13.43685,4.72,365,3.688879454113936,1,1,0
110.0,3,0.0,1.0,Entire home/apt,52.52821,13.38099,4.72,151,4.700480365792417,1,1,0
62.0,2,1.0,1.0,Entire home/apt,52.52225,13.38571,4.67,6,4.127134385045092,1,1,0
120.0,2,1.0,1.0,Entire home/apt,52.54022,13.40581,5.0,35,4.787491742782046,1,1,0
80.0,3,1.0,1.0,Entire home/apt,52.53548,13.4374,4.6,283,4.382026634673881,1,1,0
135.0,2,1.0,1.0,Entire home/apt,52.49254,13.43878,5.0,11,4.90527477843843,1,1,0
79.0,2,1.0,1.0,Entire home/apt,52.48716,13.3281,4.5,2,4.3694478524670215,1,1,0
74.0,2,1.0,1.0,Private room,52.50069,13.45774,4.97,69,4.30406509320417,1,1,0
91.0,2,1.0,1.0,Entire home/apt,52.55384,13.43834,4.68,357,4.51085950651685,1,1,0
197.0,6,1.0,1.0,Private room,52.51704,13.42458,4.71,34,5.2832037287379885,1,0,0
65.0,2,1.0,1.0,Private room,52.55378,13.43771,4.67,133,4.174387269895637,1,1,0
244.0,2,1.0,1.0,Hotel room,52.54118,13.40997,5.0,8,5.497168225293202,1,0,0
244.0,2,1.0,1.0,Hotel room,52.54238,13.40867,5.0,3,5.497168225293202,1,0,0
86.0,2,1.0,1.0,Entire home/apt,52.53161,13.42552,4.91,173,4.454347296253507,1,1,0
50.0,4,1.0,1.0,Entire home/apt,52.55206,13.43651,4.73,451,3.912023005428146,1,1,1
147.0,6,1.0,1.0,Entire home/apt,52.53158,13.43206,4.78,352,4.990432586778736,1,1,0
149.0,2,1.0,1.0,Hotel room,52.54062,13.40986,4.67,3,5.003946305945459,1,0,0
206.0,2,1.0,1.0,Hotel room,52.5413,13.41015,5.0,7,5.327876168789581,1,0,0
311.0,4,2.0,1.0,Hotel room,52.54088,13.41006,4.91,43,5.739792912179234,1,0,0
88.0,3,1.0,1.0,Private room,52.49875,13.46071,4.92,26,4.477336814478207,1,1,0
95.0,2,1.0,1.0,Entire home/apt,52.52513,13.44771,4.98,64,4.553876891600541,1,1,0
37.0,2,1.0,1.0,Private room,52.55272,13.36332,5.0,11,3.610917912644224,1,1,0
80.0,4,1.0,1.0,Entire home/apt,52.56543,13.45903,4.94,141,4.382026634673881,1,1,0
47.0,2,1.0,2.0,Private room,52.64093,13.29608,4.85,87,3.8501476017100575,1,1,0
130.0,4,1.0,1.0,Entire home/apt,52.5263,13.32507,4.84,160,4.867534450455582,1,1,0
134.0,4,0.0,1.0,Entire home/apt,52.5299,13.3808,4.63,87,4.897839799950911,1,1,0
138.0,3,0.0,1.0,Entire home/apt,52.52968,13.37934,4.82,90,4.927253685157205,1,1,0
172.0,4,2.0,1.0,Entire home/apt,52.54084,13.43598,4.84,67,5.147494476813453,1,1,0
134.0,5,2.0,1.0,Entire home/apt,52.51109,13.41214,4.79,127,4.897839799950911,1,1,1
142.0,2,1.0,1.0,Hotel room,52.49906,13.37152,4.76,258,4.955827057601261,1,1,0
77.0,2,1.0,1.0,Entire home/apt,52.39625,13.1508,4.64,139,4.343805421853684,1,1,0
60.0,4,1.0,1.0,Entire home/apt,52.54407,13.4381,4.78,433,4.0943445622221,1,1,0
145.0,4,2.0,1.0,Entire home/apt,52.48657989716661,13.350608870387076,5.0,18,4.976733742420574,1,1,0
102.0,8,2.0,1.0,Entire home/apt,52.52141,13.35052,4.65,201,4.624972813284271,1,1,0
126.0,2,1.0,1.0,Private room,52.51047,13.44726,4.03,38,4.836281906951478,1,1,0
25.0,4,1.0,1.0,Shared room,52.51054,13.44691,4.34,152,3.218875824868201,1,1,0
25.0,3,1.0,1.0,Shared room,52.51069,13.44513,4.51,248,3.218875824868201,1,1,0
20.0,6,1.0,0.0,Shared room,52.50882,13.44502,4.47,159,2.995732273553991,1,1,0
56.0,1,1.0,1.0,Private room,52.47062,13.44463,4.78,27,4.02535169073515,1,1,0
71.0,2,1.0,1.0,Entire home/apt,52.53032,13.43365,4.86,14,4.262679877041316,1,1,0
36.0,2,1.0,1.0,Private room,52.50504,13.44633,4.71,38,3.58351893845611,1,1,0
137.0,2,1.0,1.0,Hotel room,52.48098,13.52658,3.0,1,4.919980925828125,1,1,0
138.0,1,1.0,1.0,Hotel room,52.47976,13.52455,4.7,74,4.927253685157205,1,1,0
133.0,2,1.0,1.0,Hotel room,52.48168,13.52481,4.53,74,4.890349128221754,1,1,0
164.0,2,1.0,1.0,Hotel room,52.47987,13.52475,5.0,2,5.099866427824199,1,1,0
99.0,2,1.0,1.0,Entire home/apt,52.42144,13.42353,4.15,33,4.59511985013459,1,1,0
195.0,2,1.0,1.0,Hotel room,52.5315,13.45604,4.69,265,5.272999558563747,1,1,0
124.0,2,1.0,1.0,Entire home/apt,52.51076,13.39217,4.88,48,4.820281565605037,1,1,0
163.0,4,1.0,1.0,Private room,52.51778,13.42569,4.62,13,5.093750200806762,1,0,0
115.0,5,2.0,1.0,Entire home/apt,52.41474,13.64709,4.93,14,4.74493212836325,1,1,0
156.0,2,1.0,1.0,Hotel room,52.50708,13.32721,4.67,3,5.049856007249537,1,1,1
127.0,1,1.0,1.0,Hotel room,52.50707,13.32886,4.93,42,4.844187086458591,1,1,1
138.0,2,1.0,1.0,Hotel room,52.50728,13.32711,4.76,33,4.927253685157205,1,1,1
152.0,3,1.0,1.0,Entire home/apt,52.50987,13.43341,4.87,82,5.0238805208462765,1,1,0
72.0,4,1.0,1.0,Entire home/apt,52.47989,13.42504,4.81,21,4.276666119016055,1,1,0
48.0,4,1.0,1.0,Entire home/apt,52.55184,13.43678,4.76,377,3.871201010907891,1,1,0
120.0,2,1.0,1.0,Entire home/apt,52.42119,13.42565,4.24,49,4.787491742782046,1,1,0
200.0,7,3.0,1.0,Entire home/apt,52.54244,13.41712,4.8,15,5.298317366548036,1,1,0
164.0,6,2.0,1.5,Entire home/apt,52.5187,13.43605,4.82,308,5.099866427824199,1,1,0
207.0,7,2.0,4.0,Entire home/apt,52.47945,13.43551,4.62,13,5.332718793265369,1,1,0
207.0,8,3.0,2.0,Entire home/apt,52.49463,13.42636,4.85,241,5.332718793265369,1,1,0
110.0,2,1.0,1.0,Entire home/apt,52.57086,13.39948,4.69,229,4.700480365792417,1,0,0
152.0,2,1.0,1.5,Entire home/apt,52.53242,13.39441,4.95,19,5.0238805208462765,1,1,1
50.0,2,1.0,1.0,Private room,52.58725,13.36651,4.8,20,3.912023005428146,1,0,1
195.0,4,1.0,1.5,Entire home/apt,52.53373,13.395,5.0,4,5.272999558563747,1,1,1
97.0,2,1.0,1.0,Entire home/apt,52.5348,13.42774,4.94,79,4.574710978503383,1,1,0
45.0,4,1.0,1.0,Private room,52.552719,13.437499,4.65,279,3.80666248977032,1,1,0
60.0,2,1.0,1.5,Private room,52.4912,13.2878,4.81,127,4.0943445622221,1,0,0
208.0,2,1.0,1.0,Entire home/apt,52.47390144248696,13.44072338193655,5.0,13,5.337538079701318,1,1,0
31.0,1,1.0,1.0,Private room,52.41191,13.3942,4.76,526,3.4339872044851463,1,0,0
149.0,8,1.0,1.0,Entire home/apt,52.5323,13.42537,4.83,150,5.003946305945459,1,1,0
97.0,2,0.0,1.0,Entire home/apt,52.5356,13.40854,4.85,213,4.574710978503383,1,0,0
202.0,8,2.0,2.5,Entire home/apt,52.50163,13.49022,4.92,131,5.308267697401205,1,1,1
328.0,12,2.0,2.0,Entire home/apt,52.49677,13.44406,4.69,36,5.793013608384144,1,1,0
89.0,2,1.0,1.0,Entire home/apt,52.55537,13.42775,4.96,50,4.48863636973214,1,1,0
90.0,2,1.0,1.0,Entire home/apt,52.51785,13.3015,4.5,493,4.499809670330265,1,1,0
88.0,2,1.0,1.0,Entire home/apt,52.51795,13.30124,4.63,432,4.477336814478207,1,1,0
341.0,14,2.0,2.0,Entire home/apt,52.4964,13.44573,4.91,47,5.831882477283517,1,1,0
50.0,2,1.0,1.0,Private room,52.54499,13.4212,4.82,98,3.912023005428146,1,0,0
140.0,6,2.0,1.0,Entire home/apt,52.51694,13.41869,4.63,94,4.941642422609304,1,1,0
174.0,6,2.0,1.0,Entire home/apt,52.517,13.41995,4.69,90,5.159055299214529,1,1,0
237.0,8,3.0,2.0,Entire home/apt,52.49209,13.56488,4.93,60,5.468060141135132,1,1,0
50.0,2,1.0,1.5,Private room,52.61695,13.31845,4.96,72,3.912023005428146,1,1,0
54.0,1,1.0,1.0,Private room,52.44437,13.2984,4.98,60,3.9889840465642745,1,0,0
35.0,1,1.0,1.0,Private room,52.49243,13.32324,5.0,1,3.555348061489413,1,1,0
727.0,16,3.0,4.0,Entire home/apt,52.49727,13.44359,4.76,45,6.588926477533519,1,1,0
225.0,8,4.0,2.5,Entire home/apt,52.53252,13.32607,4.92,157,5.41610040220442,1,1,0
63.0,2,1.0,0.0,Private room,52.48474,13.43345,4.76,203,4.143134726391533,1,1,0
149.0,8,2.0,1.0,Entire home/apt,52.51166,13.45113,4.85,39,5.003946305945459,1,1,0
49.0,2,1.0,1.0,Entire home/apt,52.49819,13.32269,4.83,40,3.8918202981106265,1,1,0
90.0,5,1.0,1.0,Entire home/apt,52.48905,13.37843,4.92,172,4.499809670330265,1,1,0
97.0,2,1.0,1.0,Entire home/apt,52.46947,13.42776,4.9,339,4.574710978503383,1,1,0
130.0,5,2.0,1.0,Entire home/apt,52.50904,13.46521,4.71,377,4.867534450455582,1,0,0
291.0,4,2.0,1.0,Entire home/apt,52.45327,13.51924,5.0,49,5.673323267171493,0,1,0
92.0,3,1.0,1.0,Entire home/apt,52.52388671742564,13.452607597051866,4.87,276,4.5217885770490405,1,0,0
75.0,2,1.0,1.0,Private room,52.42598,13.25587,4.82,68,4.31748811353631,1,0,0
95.0,2,1.0,1.0,Hotel room,52.54593,13.20978,4.6,104,4.553876891600541,1,0,0
181.0,4,1.0,1.0,Entire home/apt,52.4865023,13.2954714,4.89,18,5.198497031265826,1,1,0
143.0,5,2.0,1.0,Entire home/apt,52.60813,13.464,4.86,146,4.962844630259907,1,1,0
87.0,2,1.0,1.0,Private room,52.49523,13.29752,4.61,38,4.465908118654584,1,1,0
40.0,2,2.0,1.5,Private room,52.52419,13.42285,4.97,333,3.688879454113936,1,1,0
221.0,6,3.0,1.0,Entire home/apt,52.49971,13.4394,4.71,368,5.3981627015177525,1,1,0
119.0,5,2.0,1.0,Entire home/apt,52.55035,13.42178,4.88,306,4.77912349311153,1,1,0
266.0,14,3.0,2.0,Entire home/apt,52.44817,13.38651,4.36,33,5.583496308781699,1,1,0
125.0,2,0.0,1.0,Entire home/apt,52.50996,13.4605,4.95,57,4.8283137373023015,1,1,0
70.0,3,1.0,1.0,Entire home/apt,52.52477,13.45048,4.82,88,4.248495242049359,1,1,0
80.0,2,1.0,1.0,Entire home/apt,52.57135,13.28144,4.91,58,4.382026634673881,1,1,0
58.0,4,1.0,1.0,Entire home/apt,52.49989,13.38656,4.61,343,4.060443010546419,1,1,0
54.0,1,1.0,1.0,Private room,52.53429,13.42425,4.97,166,3.9889840465642745,1,1,0
272.0,12,3.0,2.0,Entire home/apt,52.44911,13.3864,4.05,22,5.605802066295998,1,1,0
95.0,2,1.0,1.0,Private room,52.53158,13.36112,4.96,160,4.553876891600541,1,1,0
69.0,2,1.0,1.0,Entire home/apt,52.4851,13.44518,5.0,1,4.23410650459726,1,1,0
13.0,10,1.0,0.0,Shared room,52.50907,13.44713,4.52,241,2.5649493574615367,1,0,0
20.0,1,0.0,1.0,Entire home/apt,52.5091,13.31823,0.0,0,2.995732273553991,1,1,0
238.0,4,2.0,2.0,Entire home/apt,52.53625,13.40263,4.92,73,5.472270673671475,1,1,0
176.0,6,2.0,1.0,Entire home/apt,52.46817,13.32625,4.94,16,5.170483995038151,1,1,0
76.0,2,1.0,1.0,Private room,52.53887,13.4076,4.79,97,4.330733340286331,1,1,0
80.0,4,2.0,1.0,Entire home/apt,52.4855,13.44228,4.9,10,4.382026634673881,1,1,0
367.0,5,2.0,1.0,Entire home/apt,52.54068,13.40625,4.98,127,5.905361848054571,1,1,0
113.0,6,2.0,1.0,Entire home/apt,52.55606,13.4674,4.69,45,4.727387818712341,1,1,0
206.0,3,2.0,1.5,Entire home/apt,52.50396,13.41832,4.76,41,5.327876168789581,1,1,1
54.0,2,1.0,1.0,Private room,52.47335,13.4535,4.92,234,3.9889840465642745,1,1,0
181.0,1,1.0,1.0,Entire home/apt,52.54795,13.40721,5.0,12,5.198497031265826,1,1,0
119.0,3,1.0,1.0,Entire home/apt,52.49322,13.418,4.92,89,4.77912349311153,1,1,0
167.0,4,2.0,1.0,Hotel room,52.51756,13.46978,4.78,125,5.117993812416755,1,1,0
454.0,16,6.0,4.0,Entire home/apt,52.49626,13.42624,4.81,26,6.118097198041348,1,1,0
142.0,2,1.0,1.0,Entire home/apt,52.50925,13.46682,4.75,28,4.955827057601261,1,1,0
51.0,2,1.0,1.0,Private room,52.56064987182617,13.371756553649902,4.74,35,3.9318256327243257,1,1,0
98.0,2,1.0,1.0,Entire home/apt,52.53508,13.35074,4.85,330,4.584967478670572,1,1,0
148.0,4,2.0,1.0,Entire home/apt,52.53444,13.42436,4.9,30,4.997212273764115,1,1,0
330.0,4,2.0,1.0,Entire home/apt,52.5282,13.3979,4.86,144,5.799092654460526,1,1,0
42.0,2,1.0,1.0,Private room,52.60169,13.33985,4.82,164,3.737669618283368,1,0,0
113.0,2,1.0,1.0,Entire home/apt,52.53659,13.39798,4.92,194,4.727387818712341,1,1,0
97.0,1,1.0,1.0,Entire home/apt,52.51611,13.33723,0.0,0,4.574710978503383,1,1,0
145.0,9,4.0,2.0,Entire home/apt,52.58181,13.37847,4.87,149,4.976733742420574,1,1,0
62.0,2,1.0,1.0,Private room,52.5165,13.27813,4.96,24,4.127134385045092,1,1,0
79.0,4,1.0,1.0,Entire home/apt,52.54882,13.40788,4.71,62,4.3694478524670215,1,1,0
88.0,2,1.0,1.0,Entire home/apt,52.5206,13.44394,4.99,82,4.477336814478207,1,1,0
155.0,5,3.0,2.0,Entire home/apt,52.4472,13.26186,5.0,1,5.043425116919247,1,1,0
184.0,9,2.0,1.0,Entire home/apt,52.44799,13.38431,4.38,21,5.214935757608986,1,1,0
184.0,9,2.0,1.0,Entire home/apt,52.44795,13.38458,4.16,31,5.214935757608986,1,1,0
289.0,13,3.0,2.0,Entire home/apt,52.44955,13.38458,4.43,23,5.666426688112432,1,1,0
184.0,7,2.0,1.0,Entire home/apt,52.44783,13.3142,4.29,7,5.214935757608986,1,1,0
184.0,7,2.0,1.0,Entire home/apt,52.4456,13.31452,4.63,24,5.214935757608986,1,1,0
194.0,6,1.0,1.0,Entire home/apt,52.53265,13.35075,4.59,108,5.267858159063328,1,1,0
132.0,6,2.0,1.0,Entire home/apt,52.45667,13.59452,4.77,62,4.882801922586371,1,1,0
95.0,2,0.0,1.0,Entire home/apt,52.49488,13.41091,5.0,13,4.553876891600541,1,1,0
161.0,2,1.0,1.0,Entire home/apt,52.50925,13.46682,4.86,58,5.081404364984463,1,1,0
142.0,2,1.0,1.0,Entire home/apt,52.50925,13.46682,4.74,1193,4.955827057601261,1,1,0
171.0,3,1.0,1.0,Private room,52.47350846956376,13.313997534205097,3.0,2,5.14166355650266,1,0,0
132.0,2,1.0,1.0,Private room,52.47155,13.31453,4.23,13,4.882801922586371,1,0,0
355.0,8,2.0,2.0,Entire home/apt,52.45841,13.32086,5.0,5,5.872117789475416,1,1,0
96.0,2,0.0,1.0,Entire home/apt,52.49441,13.4169,4.99,92,4.564348191467836,1,1,0
216.0,1,1.0,1.0,Hotel room,52.49842,13.32624,4.58,24,5.375278407684165,1,0,0
41.0,2,1.0,1.0,Entire home/apt,52.52429,13.45161,5.0,6,3.713572066704308,1,1,0
98.0,4,1.0,1.0,Entire home/apt,52.49613,13.42537,4.83,438,4.584967478670572,1,1,0
111.0,4,1.0,1.0,Entire home/apt,52.48936,13.43106,4.96,45,4.709530201312334,1,1,0
64.0,2,1.0,1.0,Private room,52.60992,13.29807,4.89,169,4.158883083359672,1,0,0
67.0,1,1.0,1.5,Private room,52.50487,13.39933,5.0,14,4.204692619390966,1,1,0
80.0,3,3.0,1.0,Entire home/apt,52.52616,13.39257,0.0,0,4.382026634673881,1,1,0
250.0,2,1.0,1.0,Private room,52.49947,13.3258,4.56,32,5.521460917862246,1,0,0
171.0,4,2.0,1.0,Entire home/apt,52.51791,13.44797,4.91,81,5.14166355650266,1,1,0
99.0,2,1.0,1.0,Entire home/apt,52.48129,13.43182,5.0,28,4.59511985013459,1,1,0
107.0,2,1.0,1.0,Entire home/apt,52.49254,13.45032,4.81,21,4.672828834461906,1,1,0
75.0,2,0.0,1.0,Entire home/apt,52.51988,13.31986,1.0,1,4.31748811353631,1,1,0
90.0,2,1.0,1.5,Entire home/apt,52.53534,13.40658,4.8,5,4.499809670330265,1,1,0
79.0,2,1.0,1.0,Entire home/apt,52.49413,13.47049,4.75,4,4.3694478524670215,1,1,0
105.0,2,1.0,1.0,Entire home/apt,52.50292,13.32393,4.56,9,4.653960350157523,1,1,0
105.0,2,1.0,1.0,Private room,52.39320292412854,13.631778270004013,5.0,39,4.653960350157523,1,1,0
130.0,2,1.0,1.0,Private room,52.49791,13.47129,4.96,71,4.867534450455582,1,1,0
82.0,2,1.0,1.0,Entire home/apt,52.50413,13.39532,4.27,11,4.406719247264253,1,1,0
205.0,6,2.0,1.0,Entire home/apt,52.50999,13.41652,4.89,273,5.3230099791384085,1,1,0
87.0,2,1.0,1.0,Private room,52.48318,13.35958,5.0,18,4.465908118654584,1,1,0
95.0,4,1.0,1.0,Entire home/apt,52.53296,13.35117,4.94,32,4.553876891600541,1,1,0
148.0,4,1.0,1.0,Entire home/apt,52.50298,13.39392,4.88,133,4.997212273764115,1,1,0
215.0,6,2.0,1.0,Entire home/apt,52.50266425499937,13.393887596345785,4.78,67,5.3706380281276624,1,1,0
310.0,3,1.0,1.5,Entire home/apt,52.51224,13.41603,5.0,1,5.736572297479192,1,1,0
278.0,4,1.0,1.0,Entire home/apt,52.50401941180853,13.391637799310288,4.95,66,5.627621113690637,1,1,0
117.0,3,1.0,1.0,Entire home/apt,52.50375,13.31699,4.58,12,4.762173934797756,1,1,0
81.0,2,1.0,1.0,Entire home/apt,52.37518,13.64946,5.0,7,4.394449154672439,1,1,0
190.0,2,1.0,1.0,Entire home/apt,52.5303798,13.4021531,5.0,17,5.247024072160486,1,1,0
135.0,2,1.0,2.0,Entire home/apt,52.53368,13.42941,0.0,0,4.90527477843843,1,1,0
53.0,2,1.0,1.0,Entire home/apt,52.62891,13.27641,5.0,5,3.970291913552122,1,1,0
55.0,3,0.0,1.0,Entire home/apt,52.54889,13.45063,4.75,202,4.007333185232471,1,1,0
168.0,6,2.0,1.5,Entire home/apt,52.5149,13.44745,4.63,324,5.123963979403259,1,1,0
150.0,4,2.0,2.0,Entire home/apt,52.48263,13.42821,5.0,16,5.010635294096256,1,1,0
150.0,4,1.0,1.0,Entire home/apt,52.48169366562362,13.443253510841233,5.0,18,5.010635294096256,1,1,0
103.0,5,1.0,2.0,Private room,52.48938,13.36176,4.82,44,4.634728988229636,1,1,0
77.0,4,1.0,1.0,Entire home/apt,52.51463,13.47035,0.0,0,4.343805421853684,1,1,0
274.0,4,2.0,1.0,Entire home/apt,52.508146,13.213562,5.0,16,5.613128106388071,1,1,1
88.0,2,1.0,1.0,Entire home/apt,52.54828,13.40397,4.94,18,4.477336814478207,1,1,0
68.0,2,1.0,1.0,Private room,52.51322,13.44234,4.59,34,4.219507705176107,1,1,0
96.0,2,1.0,1.0,Entire home/apt,52.5301,13.43031,0.0,0,4.564348191467836,1,1,0
367.0,3,1.0,1.0,Entire home/apt,52.54038,13.40517,5.0,31,5.905361848054571,1,1,0
404.0,4,1.0,1.0,Hotel room,52.53774,13.41029,5.0,3,6.001414877961151,1,1,0
254.0,2,1.0,1.0,Private room,52.53879,13.41114,4.55,11,5.537334267018537,1,1,0
95.0,2,1.0,1.0,Entire home/apt,52.45253,13.52273,4.88,16,4.553876891600541,1,1,0
177.0,4,2.0,1.0,Entire home/apt,52.480567932128906,13.435243606567385,4.3,54,5.176149732573829,1,1,0
287.0,3,1.0,1.0,Entire home/apt,52.53858289131716,13.407041788972831,4.98,96,5.659482215759621,1,1,0
54.0,2,1.0,1.0,Private room,52.54735,13.37594,0.0,0,3.9889840465642745,1,1,0
21.0,1,1.0,1.0,Private room,52.54917,13.37398,4.0,5,3.044522437723423,1,1,0
186.0,2,1.0,1.0,Entire home/apt,52.48934397400648,13.427284278491332,4.85,20,5.225746673713202,1,1,0
90.0,1,1.0,1.0,Private room,52.52426524,13.40087814038663,4.95,110,4.499809670330265,1,1,0
87.0,1,1.0,1.0,Private room,52.48889439979899,13.347857132467956,5.0,3,4.465908118654584,1,1,0
211.0,8,2.0,1.0,Entire home/apt,52.5287,13.39599,4.63,139,5.351858133476067,1,1,0
150.0,5,2.0,1.0,Private room,52.42658,13.48907,4.63,75,5.010635294096256,1,0,0
25.0,1,1.0,1.0,Private room,52.50789,13.54325,4.92,12,3.218875824868201,1,1,0
123.0,2,1.0,1.0,Entire home/apt,52.53785,13.40968,4.88,26,4.812184355372417,1,1,0
154.0,4,2.0,1.5,Entire home/apt,52.50876,13.31767,0.0,0,5.0369526024136295,1,1,0
140.0,2,1.0,1.0,Entire home/apt,52.54927,13.41339,4.85,86,4.941642422609304,1,1,0
63.0,4,2.0,1.0,Entire home/apt,52.51841,13.25307,4.71,41,4.143134726391533,0,1,0
51.0,3,1.0,1.0,Entire home/apt,52.50023,13.2931,0.0,0,3.9318256327243257,1,1,0
161.0,6,2.0,1.0,Entire home/apt,52.52385,13.44513,4.84,161,5.081404364984463,1,1,0
45.0,3,1.0,1.0,Entire home/apt,52.52386566283036,13.43380367606558,0.0,0,3.80666248977032,1,1,0
120.0,2,1.0,1.0,Entire home/apt,52.52787,13.40945,5.0,3,4.787491742782046,1,1,0
67.0,2,2.0,1.5,Private room,52.56556,13.39138,4.9,281,4.204692619390966,1,1,0
76.0,2,1.0,1.0,Entire home/apt,52.48649,13.43347,5.0,2,4.330733340286331,1,1,0
96.0,2,0.0,1.0,Entire home/apt,52.54625,13.41335,4.89,18,4.564348191467836,1,1,0
45.0,1,1.0,1.0,Private room,52.53096,13.42742,4.88,67,3.80666248977032,1,1,0
88.0,3,1.0,1.0,Entire home/apt,52.52613,13.41216,0.0,0,4.477336814478207,1,1,0
38.0,1,1.0,1.0,Private room,52.60295,13.34095,4.85,176,3.6375861597263857,1,0,0
95.0,4,1.0,1.0,Entire home/apt,52.49664,13.42678,4.83,386,4.553876891600541,1,1,0
48.0,2,1.0,1.0,Entire home/apt,52.49029,13.41431,5.0,15,3.871201010907891,1,1,0
103.0,2,0.0,1.0,Entire home/apt,52.54442,13.4077,4.81,16,4.634728988229636,1,1,0
63.0,1,0.0,1.5,Private room,52.6189,13.23735,4.83,18,4.143134726391533,1,1,0
71.0,2,1.0,1.0,Private room,52.48415,13.42786,4.89,158,4.262679877041316,1,1,0
83.0,2,0.0,1.0,Entire home/apt,52.49514,13.468947,4.93,105,4.418840607796598,1,1,0
90.0,4,2.0,1.0,Entire home/apt,52.52333,13.23903,4.0,2,4.499809670330265,0,1,0
125.0,4,2.0,1.0,Entire home/apt,52.51706,13.41974,4.64,137,4.8283137373023015,1,1,0
77.0,2,1.0,1.0,Entire home/apt,52.49874,13.43973,4.91,79,4.343805421853684,1,1,0
104.0,2,1.0,1.0,Hotel room,52.53729,13.4018,4.47,17,4.6443908991413725,1,0,0
104.0,2,1.0,1.0,Hotel room,52.53573,13.39987,4.93,15,4.6443908991413725,1,0,0
104.0,2,1.0,1.0,Hotel room,52.53626,13.39973,4.79,57,4.6443908991413725,1,0,0
104.0,3,1.0,1.0,Entire home/apt,52.53352,13.43449,4.8,5,4.6443908991413725,1,1,0
66.0,2,0.0,1.0,Entire home/apt,52.49608,13.48271,4.89,367,4.189654742026425,1,1,0
135.0,2,0.0,1.0,Entire home/apt,52.50229189360275,13.393050639140773,4.89,96,4.90527477843843,1,1,0
214.0,4,2.0,1.5,Entire home/apt,52.51253,13.41286,4.61,573,5.365976015021851,1,1,0
160.0,2,1.0,1.0,Entire home/apt,52.51253,13.41286,4.54,2895,5.075173815233827,1,1,0
200.0,6,3.0,2.0,Entire home/apt,52.46473,13.39321,3.0,2,5.298317366548036,1,1,0
233.0,6,3.0,1.5,Entire home/apt,52.49165,13.33541,5.0,2,5.4510384535657,1,1,0
236.0,6,2.0,1.0,Entire home/apt,52.55409,13.22446,4.86,7,5.4638318050256105,0,1,0
47.0,2,0.0,1.0,Entire home/apt,52.54146194458008,13.419615745544434,4.78,81,3.8501476017100575,1,1,0
126.0,2,0.0,1.0,Entire home/apt,52.503129355830936,13.39161769594137,4.9,88,4.836281906951478,1,1,0
191.0,4,2.0,2.0,Entire home/apt,52.56683,13.40008,4.89,9,5.25227342804663,1,1,0
66.0,2,0.0,1.0,Entire home/apt,52.49648,13.30909,4.82,205,4.189654742026425,1,1,0
108.0,3,2.0,1.0,Entire home/apt,52.5324,13.43546,4.8,5,4.68213122712422,1,1,0
113.0,3,1.0,1.0,Entire home/apt,52.48256863,13.444156594127591,4.91,23,4.727387818712341,1,1,0
95.0,2,1.0,1.0,Entire home/apt,52.53889,13.41704,5.0,16,4.553876891600541,1,1,0
48.0,1,1.0,0.0,Entire home/apt,52.4942,13.43877,5.0,7,3.871201010907891,1,1,0
169.0,3,1.0,1.0,Entire home/apt,52.48057,13.42574,4.46,37,5.1298987149230735,1,1,0
94.0,5,1.0,1.0,Entire home/apt,52.46496,13.34261,4.73,89,4.543294782270004,1,1,0
245.0,2,1.0,1.0,Entire home/apt,52.54049744563218,13.405531767552493,4.78,23,5.501258210544727,1,1,0
146.0,3,0.0,1.0,Entire home/apt,52.52816664479316,13.379172865222372,4.88,59,4.983606621708336,1,1,0
54.0,3,1.0,1.0,Private room,52.54826,13.15052,4.73,44,3.9889840465642745,1,1,0
163.0,5,1.0,1.0,Entire home/apt,52.49432,13.40469,4.83,132,5.093750200806762,1,1,0
76.0,3,2.0,1.0,Entire home/apt,52.43137,13.69566,5.0,113,4.330733340286331,1,1,0
52.0,2,1.0,1.0,Private room,52.54799,13.15011,4.87,77,3.951243718581428,1,1,0
192.0,2,1.0,1.0,Entire home/apt,52.49836,13.43441,4.77,26,5.2574953720277815,1,1,0
39.0,3,1.0,1.0,Private room,52.47139,13.34488,4.93,69,3.6635616461296463,1,1,0
170.0,5,3.0,1.0,Entire home/apt,52.4717,13.5842,4.55,29,5.135798437050262,1,1,0
200.0,2,0.0,1.0,Entire home/apt,52.51358,13.46599,4.87,68,5.298317366548036,1,1,0
95.0,2,2.0,1.0,Private room,52.52742,13.33777,5.0,3,4.553876891600541,1,1,0
113.0,2,1.0,1.0,Entire home/apt,52.4754084,13.4264254,5.0,1,4.727387818712341,1,1,0
810.0,2,1.0,1.0,Hotel room,52.51024,13.26808,0.0,0,6.697034247666484,1,1,1
135.0,4,2.0,1.0,Entire home/apt,52.5577,13.39151,4.77,98,4.90527477843843,1,1,0
193.0,5,1.0,1.0,Private room,52.50398,13.33347,4.28,334,5.262690188904886,1,0,0
270.0,6,3.0,1.0,Hotel room,52.53772,13.40117,4.78,36,5.598421958998375,1,1,0
119.0,3,1.0,1.0,Entire home/apt,52.51043,13.3441,0.0,0,4.77912349311153,1,1,0
169.0,4,2.0,1.0,Entire home/apt,52.45045,13.33131,4.87,90,5.1298987149230735,1,1,0
91.0,2,1.0,1.0,Entire home/apt,52.48663,13.32845,3.67,3,4.51085950651685,1,1,0
125.0,2,0.0,1.0,Entire home/apt,52.50420535130687,13.391816223341843,4.69,83,4.8283137373023015,1,1,0
179.0,4,2.0,2.0,Entire home/apt,52.5274,13.40698,4.95,126,5.187385805840755,1,1,1
28.0,2,1.0,0.5,Private room,52.47133086129568,13.309682679867707,4.94,18,3.332204510175204,1,0,0
136.0,4,2.0,1.5,Entire home/apt,52.43725,13.30091,4.85,261,4.912654885736052,1,1,0
326.0,7,3.0,1.5,Entire home/apt,52.53531,13.42036,4.87,171,5.786897381366708,1,1,0
99.0,1,1.0,1.0,Entire home/apt,52.5235,13.40508,5.0,5,4.59511985013459,1,1,0
54.0,2,1.0,1.0,Entire home/apt,52.57327628063376,13.418150454723856,4.88,8,3.9889840465642745,1,1,0
149.0,9,4.0,1.5,Entire home/apt,52.57947,13.34372,4.92,72,5.003946305945459,1,0,0
26.0,3,1.0,1.0,Private room,52.46493,13.3328,4.77,26,3.258096538021482,1,1,0
84.0,2,1.0,1.0,Entire home/apt,52.49656,13.44391,4.6,92,4.430816798843313,1,1,0
102.0,2,1.0,1.0,Entire home/apt,52.5598,13.4755,4.79,192,4.624972813284271,1,1,0
697.0,10,2.0,1.0,Entire home/apt,52.51269,13.46648,4.29,31,6.546785410760524,1,1,1
62.0,2,1.0,1.0,Entire home/apt,52.53005,13.42669,5.0,4,4.127134385045092,1,1,0
66.0,2,1.0,1.0,Entire home/apt,52.54169,13.37114,0.0,0,4.189654742026425,1,1,0
75.0,2,0.0,1.0,Entire home/apt,52.48914,13.33451,4.93,61,4.31748811353631,1,1,0
88.0,2,1.0,1.0,Hotel room,52.50712,13.19241,4.71,7,4.477336814478207,1,1,0
222.0,4,2.0,1.0,Entire home/apt,52.45303,13.62875,4.83,47,5.402677381872279,1,1,0
256.0,4,2.0,1.0,Entire home/apt,52.52232,13.40029,4.62,285,5.545177444479562,1,1,0
181.0,4,2.0,1.0,Entire home/apt,52.47418,13.45482,4.89,9,5.198497031265826,1,1,0
55.0,2,0.0,1.0,Entire home/apt,52.49742,13.34733,4.2,5,4.007333185232471,1,1,0
67.0,2,1.0,1.0,Entire home/apt,52.49076,13.39643,5.0,3,4.204692619390966,1,1,0
61.0,2,1.0,1.0,Entire home/apt,52.48638,13.43034,4.75,4,4.110873864173311,1,1,0
72.0,2,1.0,1.0,Entire home/apt,52.37699,13.65213,4.74,68,4.276666119016055,1,1,0
52.0,4,0.0,1.5,Private room,52.59329,13.40055,4.92,299,3.951243718581428,1,0,0
38.0,4,1.0,1.0,Private room,52.50174,13.48982,4.8,260,3.6375861597263857,1,0,0
32.0,2,1.0,1.0,Private room,52.50231,13.49192,4.77,262,3.4657359027997265,1,0,0
65.0,3,2.0,1.0,Entire home/apt,52.49762,13.34929,4.33,3,4.174387269895637,1,1,0
37.0,2,1.0,0.5,Private room,52.46339,13.57038,4.76,37,3.610917912644224,1,1,0
68.0,2,1.0,1.0,Private room,52.5523,13.43654,4.76,228,4.219507705176107,1,1,0
287.0,4,1.0,1.0,Hotel room,52.53845,13.40962,4.86,22,5.659482215759621,1,0,0
65.0,3,2.0,1.0,Entire home/apt,52.49581,13.34928,5.0,1,4.174387269895637,1,1,0
55.0,2,0.0,1.0,Entire home/apt,52.49669,13.34917,5.0,2,4.007333185232471,1,1,0
65.0,3,2.0,1.0,Entire home/apt,52.49581,13.34921,4.5,2,4.174387269895637,1,1,0
55.0,2,0.0,1.0,Entire home/apt,52.49516,13.34755,4.67,3,4.007333185232471,1,1,0
46.0,1,1.0,1.0,Private room,52.43455,13.47199,5.0,31,3.828641396489095,1,1,0
42.0,1,1.0,1.0,Private room,52.4922,13.44435,5.0,5,3.737669618283368,1,1,0
62.0,1,1.0,1.0,Private room,52.552719,13.437499,4.77,95,4.127134385045092,1,1,0
133.0,5,2.0,2.0,Entire home/apt,52.5826,13.39597,4.99,99,4.890349128221754,1,1,0
86.0,2,1.0,1.0,Entire home/apt,52.48281,13.38492,4.97,65,4.454347296253507,1,1,0
171.0,4,3.0,1.5,Entire home/apt,52.49207,13.39651,4.92,39,5.14166355650266,1,1,0
80.0,2,1.0,1.0,Hotel room,52.5596,13.38387,3.56,9,4.382026634673881,1,0,0
80.0,2,1.0,1.0,Hotel room,52.55817,13.38217,3.82,11,4.382026634673881,1,0,0
240.0,4,2.0,2.0,Entire home/apt,52.48015,13.428,4.98,50,5.480638923341991,1,1,0
64.0,2,1.0,1.0,Entire home/apt,52.38762,13.41705,4.95,75,4.158883083359672,1,1,0
290.0,8,3.0,2.0,Entire home/apt,52.5193,13.52603,4.64,39,5.66988092298052,1,1,0
55.0,2,0.0,1.0,Entire home/apt,52.49563,13.34857,4.67,3,4.007333185232471,1,1,0
55.0,2,0.0,1.0,Entire home/apt,52.49547,13.3475,5.0,2,4.007333185232471,1,1,0
65.0,3,2.0,1.0,Entire home/apt,52.49723,13.34895,0.0,0,4.174387269895637,1,1,0
65.0,3,2.0,1.0,Entire home/apt,52.49537,13.34934,0.0,0,4.174387269895637,1,1,0
49.0,2,0.0,1.0,Entire home/apt,52.52577,13.40357,4.83,6,3.8918202981106265,1,1,0
54.0,2,0.0,1.0,Entire home/apt,52.49441,13.43734,5.0,13,3.9889840465642745,1,1,0
172.0,4,2.0,2.0,Entire home/apt,52.55034,13.42565,5.0,7,5.147494476813453,1,1,0
97.0,2,1.0,1.0,Entire home/apt,52.54371,13.35852,5.0,1,4.574710978503383,1,1,0
79.0,2,1.0,1.0,Entire home/apt,52.55209732055664,13.413092613220217,4.83,292,4.3694478524670215,1,1,1
50.0,2,0.0,1.0,Entire home/apt,52.39011,13.63241,4.79,75,3.912023005428146,1,0,0
495.0,8,3.0,2.0,Entire home/apt,52.52294540908369,13.40342923277249,4.8,41,6.20455776256869,1,1,1
130.0,5,3.0,2.0,Entire home/apt,52.56195,13.41426,5.0,9,4.867534450455582,1,1,0
105.0,2,1.0,1.0,Entire home/apt,52.58562088012695,13.369759559631348,5.0,1,4.653960350157523,1,1,0
129.0,1,1.0,1.0,Hotel room,52.52368,13.39092,4.33,15,4.859812404361672,1,0,0
285.0,6,1.0,1.0,Hotel room,52.52368,13.39092,4.59,69,5.652489180268651,1,0,0
40.0,1,1.0,1.0,Hotel room,52.52368,13.39092,4.56,1025,3.688879454113936,1,0,0
204.0,4,1.0,1.0,Hotel room,52.52368,13.39092,4.53,90,5.318119993844216,1,0,0
105.0,3,1.0,1.0,Entire home/apt,52.5702,13.31292,4.91,88,4.653960350157523,1,1,0
132.0,4,0.0,1.0,Private room,52.5376,13.40768,4.73,11,4.882801922586371,1,1,0
65.0,3,2.0,1.0,Entire home/apt,52.49681,13.34842,4.33,6,4.174387269895637,1,1,0
65.0,3,2.0,1.0,Entire home/apt,52.49574,13.34972,0.0,0,4.174387269895637,1,1,0
65.0,3,2.0,1.0,Entire home/apt,52.49535,13.34743,0.0,0,4.174387269895637,1,1,0
65.0,3,2.0,1.0,Entire home/apt,52.49716,13.34777,5.0,2,4.174387269895637,1,1,0
65.0,3,2.0,1.0,Entire home/apt,52.49749,13.34923,4.75,4,4.174387269895637,1,1,0
55.0,2,0.0,1.0,Entire home/apt,52.49574,13.34792,4.67,3,4.007333185232471,1,1,0
55.0,2,0.0,1.0,Entire home/apt,52.4958,13.34961,4.33,3,4.007333185232471,1,1,0
55.0,2,0.0,1.0,Entire home/apt,52.49553,13.34747,0.0,0,4.007333185232471,1,1,0
55.0,2,0.0,1.0,Entire home/apt,52.49699,13.34797,5.0,1,4.007333185232471,1,1,0
108.0,2,1.0,1.0,Entire home/apt,52.52282,13.30144,5.0,2,4.68213122712422,1,1,0
70.0,3,1.0,1.0,Entire home/apt,52.5178,13.30377,0.0,0,4.248495242049359,1,1,0
253.0,5,2.0,1.0,Entire home/apt,52.53527,13.42028,4.82,147,5.53338948872752,1,1,0
68.0,1,1.0,1.0,Private room,52.52789,13.41027,4.9,10,4.219507705176107,1,1,0
68.0,2,1.0,1.0,Private room,52.45256543995501,13.324315289259584,0.0,0,4.219507705176107,1,1,0
352.0,8,4.0,2.0,Entire home/apt,52.53508,13.35088,4.95,187,5.863631175598097,1,1,0
72.0,2,1.0,1.5,Entire home/apt,52.45211,13.2922,4.68,31,4.276666119016055,1,1,0
380.0,10,5.0,2.5,Entire home/apt,52.4474,13.48196,4.67,176,5.940171252720432,1,1,0
70.0,2,1.0,1.0,Private room,52.48171,13.43455,4.97,59,4.248495242049359,1,1,0
78.0,2,1.0,1.0,Entire home/apt,52.53492,13.42585,5.0,4,4.356708826689592,1,1,0
171.0,2,0.0,1.0,Entire home/apt,52.48766,13.38616,0.0,0,5.14166355650266,1,1,0
132.0,2,1.0,1.0,Hotel room,52.53217,13.42798,4.73,308,4.882801922586371,1,0,0
134.0,2,1.0,1.0,Hotel room,52.53217,13.42798,4.71,73,4.897839799950911,1,0,0
145.0,3,1.0,1.0,Hotel room,52.53217,13.42798,4.75,432,4.976733742420574,1,0,0
67.0,2,1.0,1.0,Entire home/apt,52.55954,13.50625,4.88,132,4.204692619390966,1,0,0
85.0,4,1.0,1.0,Entire home/apt,52.40876,13.48963,4.84,85,4.442651256490317,1,1,0
110.0,4,2.0,1.5,Entire home/apt,52.53002,13.38497,5.0,4,4.700480365792417,1,1,0
97.0,2,1.0,2.0,Private room,52.51376,13.45425,4.19,21,4.574710978503383,1,0,0
94.0,2,1.0,2.0,Private room,52.51376,13.45425,4.13,8,4.543294782270004,1,0,0
96.0,2,1.0,2.0,Private room,52.51376,13.45425,4.41,17,4.564348191467836,1,0,0
96.0,2,1.0,2.0,Private room,52.51376,13.45425,4.42,12,4.564348191467836,1,0,0
117.0,1,1.0,1.0,Private room,52.52669,13.41062,4.29,84,4.762173934797756,1,0,0
141.0,2,0.0,1.0,Private room,52.52669,13.41062,4.37,71,4.948759890378168,1,1,0
141.0,2,1.0,1.0,Private room,52.52669,13.41062,4.25,110,4.948759890378168,1,1,0
217.0,5,2.0,2.5,Entire home/apt,52.50221,13.43824,4.81,175,5.37989735354046,1,1,0
57.0,2,1.0,1.0,Private room,52.5269,13.47922,4.93,147,4.04305126783455,1,1,1
68.0,4,2.0,1.0,Entire home/apt,52.468713288830045,13.439305333323173,4.72,336,4.219507705176107,1,1,0
191.0,2,1.0,1.0,Private room,52.52589,13.3903,4.33,277,5.25227342804663,1,0,0
172.0,4,1.0,1.0,Private room,52.52591,13.39078,4.28,762,5.147494476813453,1,0,0
36.0,1,1.0,1.0,Shared room,52.52568,13.39258,4.3,439,3.58351893845611,1,0,0
114.0,5,2.0,1.0,Entire home/apt,52.39625,13.1508,4.85,416,4.736198448394496,1,1,0
57.0,4,1.0,1.0,Entire home/apt,52.49986,13.29076,0.0,0,4.04305126783455,1,1,0
50.0,2,0.0,1.0,Entire home/apt,52.45244,13.57038,0.0,0,3.912023005428146,0,0,0
106.0,3,1.0,1.0,Entire home/apt,52.53228,13.38138,4.63,170,4.663439094112067,1,1,0
117.0,5,2.0,1.0,Entire home/apt,52.52347,13.40552,4.62,130,4.762173934797756,1,1,0
124.0,5,2.0,1.0,Entire home/apt,52.51597,13.41897,4.65,113,4.820281565605037,1,1,0
108.0,4,2.0,1.0,Entire home/apt,52.47354,13.36766,4.88,196,4.68213122712422,0,0,0
108.0,4,1.0,1.0,Entire home/apt,52.47391,13.36962,4.93,181,4.68213122712422,1,1,0
55.0,5,3.0,1.0,Entire home/apt,52.4358,13.55825,5.0,2,4.007333185232471,1,1,0
95.0,2,1.0,1.0,Entire home/apt,52.55533,13.4168,4.93,30,4.553876891600541,1,1,0
62.0,2,0.0,1.0,Entire home/apt,52.53332,13.38224,4.8,10,4.127134385045092,1,1,0
81.0,2,1.0,1.0,Entire home/apt,52.60041,13.42112,4.73,135,4.394449154672439,1,1,0
67.0,2,1.0,1.0,Private room,52.50897,13.50586,4.85,41,4.204692619390966,1,1,0
126.0,3,1.0,1.0,Entire home/apt,52.53273,13.37947,4.71,103,4.836281906951478,1,1,0
389.0,6,3.0,2.5,Entire home/apt,52.53427,13.37919,4.95,74,5.963579343618446,1,1,0
116.0,4,0.0,1.0,Entire home/apt,52.53234,13.38122,4.73,179,4.7535901911063645,1,1,0
44.0,2,1.0,1.0,Private room,52.51924,13.35528,4.9,135,3.784189633918261,0,1,0
85.0,2,0.0,1.0,Entire home/apt,52.51374,13.45043,5.0,18,4.442651256490317,1,1,1
118.0,3,1.0,1.0,Entire home/apt,52.54848,13.36728,4.82,11,4.770684624465665,1,1,0
77.0,3,1.0,1.0,Entire home/apt,52.42429,13.57377,4.54,57,4.343805421853684,1,1,0
370.0,4,2.0,2.0,Entire home/apt,52.49102783203125,13.489139556884766,4.71,7,5.91350300563827,1,1,0
154.0,2,1.0,1.0,Private room,52.53825,13.41078,4.73,287,5.0369526024136295,1,0,0
72.0,2,1.0,1.0,Entire home/apt,52.49637,13.46952,4.8,5,4.276666119016055,1,1,0
57.0,1,1.0,1.0,Private room,52.51655,13.46068,4.87,126,4.04305126783455,1,1,0
252.0,2,0.0,1.0,Entire home/apt,52.53148,13.38848,5.0,2,5.529429087511423,1,1,0
124.0,4,2.0,1.0,Entire home/apt,52.52981,13.3961,4.59,226,4.820281565605037,1,1,0
1299.0,8,2.0,2.0,Private room,52.525131,13.39148,4.44,16,7.1693500166706,1,1,0
178.0,7,3.0,1.5,Entire home/apt,52.43666,13.19808,4.9,20,5.181783550292085,1,1,0
48.0,2,1.0,1.0,Entire home/apt,52.50406,13.36111,2.0,1,3.871201010907891,1,1,0
650.0,4,1.0,2.0,Private room,52.52422,13.39045,4.29,28,6.476972362889683,1,0,1
90.0,3,1.0,1.0,Private room,52.53125,13.41549,4.83,52,4.499809670330265,1,1,0
170.0,6,2.0,1.0,Entire home/apt,52.45153,13.32927,4.9,61,5.135798437050262,1,1,0
77.0,2,1.0,1.0,Private room,52.493770874684806,13.427376549759687,5.0,15,4.343805421853684,0,0,0
113.0,2,1.0,1.0,Entire home/apt,52.45877,13.37994,4.81,151,4.727387818712341,1,1,0
63.0,2,1.0,1.0,Private room,52.51258469,13.448652267456056,4.64,11,4.143134726391533,1,1,0
170.0,5,2.0,1.0,Private room,52.54947,13.41197,4.33,6,5.135798437050262,1,1,0
114.0,4,1.0,1.5,Entire home/apt,52.48218,13.36229,4.57,212,4.736198448394496,1,1,0
211.0,4,2.0,1.5,Entire home/apt,52.53422,13.37952,4.76,190,5.351858133476067,1,1,0
76.0,2,1.0,1.0,Entire home/apt,52.54157,13.41169,4.39,186,4.330733340286331,1,0,0
94.0,2,1.0,1.0,Entire home/apt,52.49828,13.4242,4.83,363,4.543294782270004,1,1,0
56.0,1,1.0,1.0,Private room,52.46138,13.48313,4.96,50,4.02535169073515,1,1,0
76.0,2,1.0,1.0,Entire home/apt,52.54157,13.41169,4.5,270,4.330733340286331,1,0,0
79.0,2,1.0,1.0,Entire home/apt,52.51095,13.4495,4.9,482,4.3694478524670215,1,1,0
116.0,2,1.0,1.5,Entire home/apt,52.50613539239261,13.425938423278824,4.94,49,4.7535901911063645,0,1,0
116.0,5,2.0,1.5,Entire home/apt,52.42576,13.49873,4.8,41,4.7535901911063645,1,0,0
112.0,4,1.0,1.0,Entire home/apt,52.4896,13.3178,4.62,34,4.718498871295094,1,1,0
170.0,3,1.0,1.0,Entire home/apt,52.48982,13.45053,4.54,13,5.135798437050262,1,1,0
126.0,2,1.0,1.0,Entire home/apt,52.490091667920126,13.40793093671157,4.92,39,4.836281906951478,1,1,0
70.0,2,1.0,2.5,Private room,52.48841,13.36211,4.85,61,4.248495242049359,1,1,0
85.0,2,1.0,1.0,Entire home/apt,52.51778,13.3011,4.6,260,4.442651256490317,1,1,0
85.0,2,1.0,1.0,Entire home/apt,52.51792,13.30107,4.63,251,4.442651256490317,1,1,0
180.0,6,2.0,1.0,Entire home/apt,52.49083,13.3915,4.89,163,5.19295685089021,1,1,0
153.0,3,1.0,1.0,Entire home/apt,52.54134,13.42157,5.0,204,5.030437921392435,1,1,0
112.0,3,1.0,1.0,Entire home/apt,52.52409,13.38381,4.68,165,4.718498871295094,1,1,0
61.0,2,1.0,1.0,Private room,52.5169,13.43227,4.82,227,4.110873864173311,1,1,0
58.0,2,1.0,1.0,Entire home/apt,52.52998,13.40718,4.96,164,4.060443010546419,1,1,0
106.0,2,1.0,1.0,Entire home/apt,52.49862,13.46165,4.96,24,4.663439094112067,1,1,0
52.0,2,1.0,1.0,Private room,52.52749,13.33765,4.8,35,3.951243718581428,1,1,0
65.0,2,1.0,1.0,Entire home/apt,52.416691260535934,13.54765555668324,4.84,177,4.174387269895637,1,1,0
461.0,2,1.0,1.5,Private room,52.50942993164063,13.452059745788574,4.6,119,6.133398042996649,1,1,1
37.0,2,1.0,1.0,Private room,52.57811,13.31768,4.9,756,3.610917912644224,1,0,0
47.0,2,1.0,1.0,Private room,52.572201087932775,13.418538551168597,4.0,1,3.8501476017100575,1,1,0
67.0,1,1.0,1.0,Private room,52.6425,13.51446,4.2,5,4.204692619390966,0,0,1
76.0,2,1.0,1.0,Entire home/apt,52.54218,13.41181,4.33,236,4.330733340286331,1,0,0
65.0,1,1.0,1.0,Entire home/apt,52.49221,13.45014,4.82,17,4.174387269895637,1,1,0
101.0,5,2.0,1.0,Entire home/apt,52.55187,13.44292,4.52,25,4.61512051684126,0,1,0
96.0,2,0.0,1.0,Entire home/apt,52.48739,13.36309,4.84,153,4.564348191467836,1,1,0
46.0,4,1.0,1.0,Entire home/apt,52.60417,13.42446,4.91,125,3.828641396489095,1,1,0
256.0,8,4.0,2.0,Entire home/apt,52.54102,13.37082,4.86,270,5.545177444479562,1,1,0
157.0,4,0.0,1.0,Entire home/apt,52.53212,13.37928,4.86,174,5.056245805348308,1,1,0
73.0,2,1.0,1.0,Private room,52.53198,13.43623,4.33,3,4.290459441148391,1,1,0
105.0,2,0.0,1.0,Entire home/apt,52.53406,13.3814,4.73,120,4.653960350157523,1,1,0
65.0,2,2.0,1.0,Private room,52.57186,13.28207,4.88,43,4.174387269895637,1,1,0
62.0,2,1.0,1.0,Private room,52.5171012,13.2793125,4.77,13,4.127134385045092,1,1,0
75.0,4,1.0,1.0,Private room,52.4985,13.46181,4.81,331,4.31748811353631,1,1,0
50.0,1,1.0,1.0,Private room,52.47317,13.38087,4.93,90,3.912023005428146,1,1,0
88.0,2,1.0,1.5,Private room,52.49783,13.43778,4.86,93,4.477336814478207,1,1,0
80.0,3,2.0,1.0,Entire home/apt,52.51089,13.40452,4.75,113,4.382026634673881,1,1,0
218.0,2,0.0,1.0,Entire home/apt,52.53148,13.38848,4.78,9,5.384495062789089,1,1,0
233.0,2,0.0,1.0,Entire home/apt,52.53148,13.38848,4.92,36,5.4510384535657,1,1,0
125.0,2,1.0,1.0,Entire home/apt,52.45886,13.37841,4.36,11,4.8283137373023015,1,1,0
87.0,3,1.0,1.0,Entire home/apt,52.46613,13.43495,4.8,5,4.465908118654584,1,1,0
53.0,1,1.0,1.0,Private room,52.55336,13.41671,4.8,5,3.970291913552122,1,1,0
96.0,2,1.0,1.0,Entire home/apt,52.50687,13.45682,4.76,29,4.564348191467836,1,1,0
100.0,2,1.0,1.0,Entire home/apt,52.51118,13.29688,5.0,2,4.605170185988092,1,1,0
60.0,4,1.0,1.0,Entire home/apt,52.5436,13.43942,4.38,13,4.0943445622221,1,1,0
120.0,5,2.0,1.0,Private room,52.52576,13.39618,0.0,0,4.787491742782046,1,1,0
55.0,2,0.0,1.0,Entire home/apt,52.54251,13.42416,4.75,4,4.007333185232471,1,1,0
65.0,1,1.0,1.0,Private room,52.53677,13.42757,5.0,12,4.174387269895637,1,1,0
150.0,2,1.0,1.0,Entire home/apt,52.51079662143465,13.243209833403892,4.5,2,5.010635294096256,1,1,0
107.0,2,1.0,1.0,Entire home/apt,52.49851,13.42365,5.0,16,4.672828834461906,1,1,0
69.0,3,2.0,1.0,Entire home/apt,52.54262,13.37069,5.0,1,4.23410650459726,1,1,0
90.0,2,1.0,1.0,Entire home/apt,52.52648,13.41611,4.73,15,4.499809670330265,1,1,0
109.0,4,1.0,1.0,Entire home/apt,52.49049,13.36132,4.78,46,4.691347882229144,1,1,0
77.0,3,1.0,1.0,Entire home/apt,52.42428,13.57449,4.51,82,4.343805421853684,1,1,0
107.0,3,1.0,1.0,Entire home/apt,52.42426,13.57416,4.58,60,4.672828834461906,1,1,0
77.0,3,1.0,1.0,Entire home/apt,52.42618,13.57367,4.61,87,4.343805421853684,1,1,0
150.0,2,0.0,1.0,Private room,52.51859,13.4356,0.0,0,5.010635294096256,1,1,0
86.0,4,1.0,1.0,Entire home/apt,52.54996,13.4575,4.8,152,4.454347296253507,1,1,0
100.0,3,1.0,1.0,Entire home/apt,52.51769341575453,13.460187625988729,0.0,0,4.605170185988092,1,1,0
55.0,2,1.0,1.0,Entire home/apt,52.48688,13.32171,5.0,1,4.007333185232471,1,1,0
328.0,9,3.0,1.0,Entire home/apt,52.51545,13.30404,4.9,285,5.793013608384144,1,1,0
140.0,2,1.0,1.0,Entire home/apt,52.50675,13.20411,4.82,11,4.941642422609304,1,1,0
120.0,2,1.0,1.0,Entire home/apt,52.45958,13.30914,4.88,48,4.787491742782046,1,1,0
162.0,6,3.0,2.0,Entire home/apt,52.53672,13.42449,4.98,63,5.087596335232384,1,1,0
68.0,3,0.0,1.0,Entire home/apt,52.4682,13.43642,4.77,182,4.219507705176107,1,1,0
9999.0,4,1.0,1.0,Entire home/apt,52.39971508,13.57775402,4.75,4,9.21024036697585,1,1,0
102.0,2,0.0,1.0,Entire home/apt,52.50426,13.4883,4.86,69,4.624972813284271,1,1,0
187.0,8,4.0,3.0,Entire home/apt,52.4412898,13.5057411,4.63,19,5.231108616854587,1,1,0
65.0,3,2.0,1.0,Private room,52.46021,13.28399,4.9,29,4.174387269895637,1,1,0
95.0,2,1.0,1.0,Private room,52.54349,13.37011,0.0,0,4.553876891600541,1,1,0
142.0,4,2.0,1.0,Entire home/apt,52.50193,13.41925,5.0,16,4.955827057601261,1,1,0
59.0,4,1.0,1.0,Entire home/apt,52.49802,13.44666,5.0,2,4.07753744390572,1,1,0
52.0,2,1.0,2.0,Private room,52.51046,13.28838,4.54,169,3.951243718581428,1,1,0
422.0,5,2.0,1.0,Entire home/apt,52.50882,13.32122,4.58,74,6.045005314036012,1,1,0
62.0,2,1.0,1.0,Private room,52.54158,13.41171,4.79,147,4.127134385045092,1,0,0
110.0,2,1.0,1.0,Entire home/apt,52.53975,13.41437,4.73,51,4.700480365792417,1,1,0
364.0,13,4.0,4.0,Entire home/apt,52.51058,13.47006,4.83,18,5.8971538676367405,1,1,0
125.0,2,0.0,1.0,Entire home/apt,52.45886,13.37759,4.75,8,4.8283137373023015,1,1,0
179.0,7,2.0,1.0,Entire home/apt,52.511,13.28853,4.79,70,5.187385805840755,1,1,0
276.0,10,4.0,2.0,Entire home/apt,52.511,13.28853,4.78,79,5.62040086571715,1,1,0
399.0,8,4.0,1.5,Entire home/apt,52.41492,13.30684,5.0,9,5.988961416889864,1,1,0
129.0,2,1.0,1.0,Entire home/apt,52.48543,13.32774,5.0,3,4.859812404361672,1,1,0
217.0,14,4.0,2.0,Entire home/apt,52.5141,13.47251,4.59,182,5.37989735354046,1,1,0
304.0,12,3.0,4.0,Entire home/apt,52.48939,13.42924,4.67,281,5.717027701406222,1,1,0
91.0,2,1.0,1.0,Private room,52.47436,13.38063,4.87,23,4.51085950651685,1,1,0
50.0,2,0.0,1.0,Entire home/apt,52.54416,13.42325,4.83,6,3.912023005428146,1,1,0
109.0,2,1.0,1.0,Entire home/apt,52.493743896484375,13.39711856842041,4.85,452,4.691347882229144,1,1,0
76.0,2,1.0,1.0,Entire home/apt,52.54157,13.41169,4.2,207,4.330733340286331,1,0,0
39.0,2,1.0,1.0,Private room,52.46809,13.38828,4.74,239,3.6635616461296463,1,1,0
94.0,3,0.0,1.0,Entire home/apt,52.55496,13.44074,4.83,145,4.543294782270004,1,1,0
130.0,4,2.0,1.0,Entire home/apt,52.5355,13.39339,0.0,0,4.867534450455582,1,1,0
58.0,2,0.0,1.0,Entire home/apt,52.5322,13.56762,4.95,127,4.060443010546419,1,1,0
48.0,2,1.0,1.0,Private room,52.58987,13.40246,4.98,93,3.871201010907891,1,0,0
69.0,2,1.0,3.0,Private room,52.55268,13.44579,4.97,79,4.23410650459726,1,1,0
68.0,2,1.0,1.0,Private room,52.5411,13.35788,4.27,11,4.219507705176107,1,1,0
49.0,1,0.0,1.0,Entire home/apt,52.41754,13.53208,4.92,227,3.8918202981106265,1,1,0
178.0,12,2.0,1.0,Entire home/apt,52.48622,13.42974,4.39,38,5.181783550292085,1,1,0
91.0,2,0.0,1.0,Entire home/apt,52.55260054705035,13.4061628908067,5.0,12,4.51085950651685,1,1,0
80.0,3,2.0,1.0,Entire home/apt,52.43114,13.69747,4.99,95,4.382026634673881,1,1,0
53.0,2,1.0,1.0,Entire home/apt,52.42154,13.325,4.93,15,3.970291913552122,1,1,0
180.0,4,2.0,1.0,Entire home/apt,52.54381,13.41285,4.97,30,5.19295685089021,1,1,0
62.0,2,1.0,1.0,Private room,52.51725,13.56482,4.84,120,4.127134385045092,1,1,0
92.0,4,1.0,1.0,Entire home/apt,52.49794,13.42619,4.85,306,4.5217885770490405,1,1,0
79.0,2,1.0,1.0,Entire home/apt,52.55646,13.39578,4.87,46,4.3694478524670215,1,1,0
61.0,2,1.0,1.0,Private room,52.53392,13.37955,4.93,86,4.110873864173311,1,1,0
144.0,4,2.0,1.0,Entire home/apt,52.5415,13.41686,4.96,73,4.969813299576001,1,1,0
174.0,4,1.0,1.0,Entire home/apt,52.53667,13.4109,4.91,216,5.159055299214529,1,1,0
158.0,4,0.0,1.0,Entire home/apt,52.53667,13.4109,4.94,279,5.062595033026967,1,1,0
207.0,3,1.0,1.0,Entire home/apt,52.53667,13.4109,4.89,371,5.332718793265369,1,1,0
100.0,2,1.0,1.0,Entire home/apt,52.49628,13.33594,4.82,101,4.605170185988092,0,1,0
121.0,2,1.0,1.0,Entire home/apt,52.4695,13.33553,4.25,16,4.795790545596741,1,1,0
231.0,4,2.0,1.0,Entire home/apt,52.50113,13.44376,4.84,278,5.442417710521793,1,1,1
159.0,4,2.0,1.0,Entire home/apt,52.44936,13.63044,4.94,52,5.068904202220232,1,1,0
298.0,8,2.0,1.0,Entire home/apt,52.53667,13.4109,4.93,257,5.697093486505405,1,1,0
167.0,4,0.0,1.0,Entire home/apt,52.53667,13.4109,4.94,160,5.117993812416755,1,1,0
71.0,2,0.0,1.0,Entire home/apt,52.48749,13.43983,4.0,2,4.262679877041316,1,1,0
243.0,2,1.0,1.5,Entire home/apt,52.50402,13.43724,4.87,86,5.493061443340548,1,1,1
189.0,4,2.0,1.0,Entire home/apt,52.47093,13.33511,4.32,22,5.241747015059643,1,1,0
30.0,1,1.0,1.0,Private room,52.48562,13.43259,4.54,37,3.4011973816621555,1,1,0
78.0,4,2.0,1.0,Entire home/apt,52.53933334350586,13.40517520904541,5.0,6,4.356708826689592,1,1,0
224.0,6,3.0,2.0,Entire home/apt,52.46986,13.33342,4.56,68,5.41164605185504,1,1,0
274.0,5,2.0,1.0,Entire home/apt,52.53667,13.4109,4.91,337,5.613128106388071,1,1,0
190.0,4,1.0,1.0,Entire home/apt,52.53667,13.4109,4.92,237,5.247024072160486,1,1,0
72.0,2,1.0,1.0,Entire home/apt,52.489462034268016,13.412832865606696,4.95,76,4.276666119016055,1,0,0
14.0,1,1.0,2.0,Private room,52.51468,13.45923,5.0,1,2.6390573296152584,1,1,0
213.0,4,1.0,1.0,Entire home/apt,52.53246,13.41873,4.73,165,5.3612921657094255,1,1,0
140.0,2,1.0,1.0,Entire home/apt,52.530323,13.406725,4.97,29,4.941642422609304,1,1,0
81.0,2,1.0,1.0,Entire home/apt,52.46033,13.38232,4.71,65,4.394449154672439,1,1,0
191.0,4,1.0,1.0,Entire home/apt,52.53667,13.4109,4.94,192,5.25227342804663,1,1,0
162.0,3,1.0,1.0,Entire home/apt,52.48504,13.39317,4.83,99,5.087596335232384,1,1,0
46.0,2,0.0,1.0,Entire home/apt,52.53039,13.39838,4.6,5,3.828641396489095,1,1,0
220.0,6,2.0,1.0,Entire home/apt,52.50438441209111,13.392340645648192,4.86,94,5.393627546352362,1,1,0
98.0,4,2.0,1.0,Entire home/apt,52.51597,13.56344,4.31,32,4.584967478670572,1,1,0
81.0,2,1.0,1.0,Entire home/apt,52.49866,13.33448,4.62,111,4.394449154672439,0,1,0
161.0,6,1.0,1.0,Entire home/apt,52.53667,13.4109,4.9,182,5.081404364984463,1,1,0
168.0,4,1.0,1.0,Entire home/apt,52.53667,13.4109,4.88,194,5.123963979403259,1,1,0
127.0,2,0.0,1.0,Entire home/apt,52.46959,13.33343,4.43,30,4.844187086458591,1,1,0
171.0,4,2.0,1.0,Entire home/apt,52.47137,13.33483,4.4,48,5.14166355650266,1,1,0
158.0,4,1.0,1.0,Entire home/apt,52.53667,13.4109,4.88,298,5.062595033026967,1,1,0
155.0,3,1.0,1.0,Entire home/apt,52.50923,13.45793,4.83,128,5.043425116919247,1,1,0
111.0,3,0.0,1.0,Entire home/apt,52.52813,13.37951,4.74,66,4.709530201312334,1,1,0
116.0,2,0.0,1.0,Entire home/apt,52.4712,13.33524,4.53,32,4.7535901911063645,1,1,0
128.0,6,2.0,1.0,Entire home/apt,52.44816,13.61789,0.0,0,4.852030263919617,1,1,0
161.0,5,1.0,1.0,Entire home/apt,52.51104,13.47014,4.73,45,5.081404364984463,1,1,0
85.0,2,1.0,1.0,Entire home/apt,52.55255,13.41868,4.74,34,4.442651256490317,1,1,0
30.0,1,1.0,1.0,Private room,52.51874,13.43763,4.4,5,3.4011973816621555,1,1,0
30.0,1,1.0,1.0,Private room,52.51868,13.43726,4.75,4,3.4011973816621555,1,1,0
292.0,4,1.0,1.0,Private room,52.4989,13.32435,4.71,14,5.676753802268282,1,0,0
216.0,10,3.0,2.0,Entire home/apt,52.55047,13.36418,4.55,83,5.375278407684165,1,1,0
81.0,2,1.0,1.0,Entire home/apt,52.53057,13.41946,4.87,181,4.394449154672439,1,1,0
185.0,2,1.0,1.0,Entire home/apt,52.53246,13.41873,4.68,178,5.220355825078324,1,0,0
189.0,2,1.0,1.0,Entire home/apt,52.53246,13.41873,4.77,204,5.241747015059643,1,0,0
206.0,2,1.0,1.0,Entire home/apt,52.53246,13.41873,4.84,133,5.327876168789581,1,1,0
204.0,4,1.0,1.0,Entire home/apt,52.53246,13.41873,4.65,292,5.318119993844216,1,1,0
50.0,2,1.0,1.0,Entire home/apt,52.44294,13.59792,4.73,51,3.912023005428146,1,1,0
52.0,2,1.0,1.0,Entire home/apt,52.53062,13.39913,4.57,7,3.951243718581428,1,1,0
99.0,5,1.0,1.0,Entire home/apt,52.48975,13.42735,4.79,34,4.59511985013459,1,1,0
135.0,3,1.0,1.0,Entire home/apt,52.54687,13.4258,4.8,159,4.90527477843843,1,1,0
108.0,4,1.0,1.0,Entire home/apt,52.4984,13.43688,4.82,38,4.68213122712422,1,1,0
66.0,3,1.0,1.0,Entire home/apt,52.49029,13.44805,4.8,287,4.189654742026425,1,0,0
82.0,4,1.0,1.0,Entire home/apt,52.5314,13.4273,4.83,6,4.406719247264253,1,1,0
89.0,2,1.0,1.0,Entire home/apt,52.53612,13.44173,4.92,76,4.48863636973214,1,1,0
111.0,4,2.0,1.0,Entire home/apt,52.47179,13.44895,5.0,2,4.709530201312334,1,1,0
99.0,2,1.0,1.0,Entire home/apt,52.43751,13.35466,4.51,39,4.59511985013459,1,1,0
104.0,4,1.0,1.0,Entire home/apt,52.60897,13.45631,4.94,96,4.6443908991413725,1,1,0
63.0,2,1.0,1.0,Entire home/apt,52.5494,13.41189,4.88,59,4.143134726391533,1,1,0
60.0,1,1.0,1.0,Entire home/apt,52.49007596888724,13.447163691044308,4.15,20,4.0943445622221,1,1,1
65.0,2,1.0,1.0,Entire home/apt,52.44914,13.45416,5.0,2,4.174387269895637,1,1,0
87.0,4,1.0,1.0,Entire home/apt,52.49718,13.42614,4.83,295,4.465908118654584,1,1,0
57.0,2,0.0,1.0,Entire home/apt,52.49471,13.29867,4.94,35,4.04305126783455,1,1,0
103.0,4,1.0,1.0,Entire home/apt,52.53715,13.54371,5.0,2,4.634728988229636,1,1,0
260.0,8,3.0,1.0,Entire home/apt,52.46531,13.39565,4.0,2,5.560681631015528,1,1,0
414.0,6,3.0,2.5,Entire home/apt,52.53286,13.41878,5.0,21,6.025865973825314,1,1,0
504.0,6,3.0,2.5,Entire home/apt,52.53184,13.4149,5.0,5,6.222576268071369,1,1,0
55.0,3,0.0,1.0,Entire home/apt,52.49645,13.31011,4.76,55,4.007333185232471,1,1,0
285.0,4,2.0,1.0,Entire home/apt,52.50167,13.36737,4.95,56,5.652489180268651,1,1,0
406.0,4,2.0,2.0,Entire home/apt,52.53283,13.41694,5.0,1,6.0063531596017325,1,1,0
492.0,5,3.0,2.5,Entire home/apt,52.53072,13.4156,5.0,3,6.198478716492308,1,1,0
207.0,2,1.0,1.5,Entire home/apt,52.53103,13.41623,5.0,1,5.332718793265369,1,1,0
190.0,2,0.0,1.0,Entire home/apt,52.4794,13.42086,4.56,101,5.247024072160486,1,1,0
106.0,4,2.0,1.0,Entire home/apt,52.39974,13.56824,4.86,21,4.663439094112067,1,1,0
158.0,6,2.0,2.0,Entire home/apt,52.50889,13.47056,4.67,98,5.062595033026967,1,1,0
80.0,2,2.0,1.0,Entire home/apt,52.48913,13.30258,0.0,0,4.382026634673881,1,1,0
55.0,1,1.0,1.0,Private room,52.49102,13.42341,5.0,13,4.007333185232471,1,1,0
70.0,1,0.0,1.0,Entire home/apt,52.53077,13.40658,4.84,244,4.248495242049359,1,1,0
99.0,2,2.0,1.0,Entire home/apt,52.51088,13.29097,0.0,0,4.59511985013459,1,1,0
120.0,2,1.0,1.0,Entire home/apt,52.51178,13.4487,5.0,5,4.787491742782046,1,1,0
110.0,2,1.0,1.0,Entire home/apt,52.42019,13.42569,4.38,26,4.700480365792417,1,1,0
58.0,2,1.0,1.0,Private room,52.49626,13.43332,3.5,2,4.060443010546419,1,1,0
70.0,2,2.0,1.0,Private room,52.42415,13.4987,4.9,31,4.248495242049359,1,1,0
85.0,3,2.0,1.0,Private room,52.42546,13.50049,4.86,14,4.442651256490317,1,1,0
372.0,6,2.0,1.0,Entire home/apt,52.48057,13.42574,4.56,25,5.918893854273146,1,1,0
191.0,2,1.0,1.0,Private room,52.525131,13.39148,4.23,152,5.25227342804663,1,0,0
52.0,2,1.0,1.0,Private room,52.49958,13.50767,5.0,5,3.951243718581428,1,1,0
117.0,4,0.0,1.0,Entire home/apt,52.5077862,13.4670305,4.55,95,4.762173934797756,1,1,0
90.0,4,0.0,1.0,Entire home/apt,52.5077862,13.4670305,4.51,116,4.499809670330265,1,1,0
109.0,4,0.0,1.0,Entire home/apt,52.5077862,13.4670305,4.55,80,4.691347882229144,1,1,0
133.0,6,2.0,1.0,Entire home/apt,52.5077862,13.4670305,4.29,69,4.890349128221754,1,1,0
153.0,7,2.0,2.0,Entire home/apt,52.5077862,13.4670305,4.57,148,5.030437921392435,1,1,0
157.0,7,2.0,2.0,Entire home/apt,52.50855,13.47021,4.68,120,5.056245805348308,1,1,0
211.0,13,4.0,4.0,Entire home/apt,52.50855,13.46883,4.7,27,5.351858133476067,1,1,0
54.0,1,1.0,1.0,Private room,52.52924,13.46055,4.25,4,3.9889840465642745,1,1,0
776.0,2,0.0,1.0,Entire home/apt,52.54885,13.39729,0.0,0,6.654152520183219,1,1,0
78.0,2,1.0,1.0,Entire home/apt,52.50097,13.36712,4.79,87,4.356708826689592,1,1,0
47.0,1,1.0,1.0,Entire home/apt,52.54682,13.35388,4.67,3,3.8501476017100575,1,1,1
73.0,3,1.0,1.0,Private room,52.52322,13.33176,4.95,125,4.290459441148391,1,1,0
87.0,2,1.0,1.0,Private room,52.48164,13.35895,4.93,43,4.465908118654584,1,1,0
199.0,3,2.0,1.0,Entire home/apt,52.53066,13.42345,4.94,31,5.293304824724492,1,1,0
126.0,2,1.0,1.0,Entire home/apt,52.5362,13.39886,4.94,67,4.836281906951478,1,1,0
52.0,3,1.0,1.0,Private room,52.53566,13.43158,4.83,40,3.951243718581428,1,1,0
50.0,2,1.0,1.0,Private room,52.48982,13.42324,5.0,15,3.912023005428146,1,1,0
72.0,2,1.0,1.0,Entire home/apt,52.48832,13.38557,4.74,372,4.276666119016055,1,1,0
150.0,4,2.0,1.5,Entire home/apt,52.52239,13.40171,5.0,5,5.010635294096256,1,1,0
85.0,3,1.0,1.0,Entire home/apt,52.53984,13.4433,4.83,48,4.442651256490317,1,1,0
48.0,1,1.0,1.0,Private room,52.4653,13.43857,4.79,24,3.871201010907891,1,1,0
60.0,4,1.0,1.0,Entire home/apt,52.52929,13.44332,4.59,346,4.0943445622221,1,1,0
55.0,4,1.0,1.0,Entire home/apt,52.52904,13.44365,4.68,366,4.007333185232471,1,1,0
60.0,4,1.0,1.0,Entire home/apt,52.53089,13.44484,4.68,400,4.0943445622221,1,1,0
128.0,6,2.0,2.0,Entire home/apt,52.4468,13.61708,5.0,1,4.852030263919617,1,1,0
68.0,1,1.0,1.0,Entire home/apt,52.49856,13.33741,4.8,45,4.219507705176107,1,0,0
185.0,2,1.0,1.0,Entire home/apt,52.46929,13.11815,4.85,74,5.220355825078324,1,1,0
53.0,2,1.0,1.0,Entire home/apt,52.55739,13.38791,5.0,12,3.970291913552122,1,1,0
101.0,3,1.0,1.0,Entire home/apt,52.51107,13.4547,4.6,5,4.61512051684126,1,1,0
237.0,6,2.0,1.0,Entire home/apt,52.55467,13.22443,4.85,13,5.468060141135132,0,1,0
67.0,3,1.0,1.0,Entire home/apt,52.54935159421765,13.349201000000006,0.0,0,4.204692619390966,1,1,1
70.0,4,0.0,1.0,Entire home/apt,52.517608642578125,13.296879768371582,4.67,99,4.248495242049359,1,1,0
96.0,2,1.0,1.0,Entire home/apt,52.5185,13.42303,4.5,2,4.564348191467836,1,1,0
50.0,2,1.0,2.0,Private room,52.51202,13.29018,4.56,194,3.912023005428146,1,1,0
226.0,2,1.0,1.0,Private room,52.50947,13.42475,5.0,1,5.420534999272286,1,1,1
90.0,2,1.0,1.0,Entire home/apt,52.50445,13.17909,4.58,12,4.499809670330265,1,1,0
50.0,2,1.0,1.0,Private room,52.49830246,13.384405136108398,4.72,47,3.912023005428146,1,0,0
50.0,1,1.0,1.0,Private room,52.49830246,13.384405136108398,4.5,24,3.912023005428146,1,0,0
15.0,8,1.0,1.0,Shared room,52.49830246,13.384405136108398,4.62,175,2.70805020110221,1,0,0
25.0,7,1.0,1.0,Shared room,52.49830246,13.384405136108398,4.51,1021,3.218875824868201,1,0,0
20.0,4,1.0,1.0,Shared room,52.48748016357422,13.42572021484375,4.54,365,2.995732273553991,1,0,1
76.0,2,1.0,1.0,Entire home/apt,52.54157,13.41169,4.56,193,4.330733340286331,1,0,0
20.0,8,1.0,1.5,Shared room,52.48748016357422,13.42572021484375,4.47,284,2.995732273553991,1,0,1
69.0,2,1.0,1.0,Private room,52.48748016357422,13.42572021484375,4.61,72,4.23410650459726,1,0,1
60.0,1,1.0,1.0,Private room,52.48748016357422,13.42572021484375,4.59,181,4.0943445622221,1,0,1
69.0,2,1.0,1.0,Private room,52.48748016357422,13.42572021484375,4.57,87,4.23410650459726,1,0,1
75.0,2,0.0,1.0,Entire home/apt,52.52145,13.2458,4.67,245,4.31748811353631,1,0,0
76.0,2,1.0,1.0,Entire home/apt,52.54271,13.41243,4.08,147,4.330733340286331,1,0,0
162.0,4,2.0,1.0,Entire home/apt,52.43214,13.20382,5.0,20,5.087596335232384,1,1,0
52.0,2,1.0,1.0,Entire home/apt,52.48223,13.42576,5.0,4,3.951243718581428,1,1,0
157.0,4,2.0,1.0,Entire home/apt,52.52425,13.4089,0.0,0,5.056245805348308,1,1,0
89.0,2,1.0,1.0,Private room,52.55508,13.37918,3.83,6,4.48863636973214,1,0,0
80.0,2,0.0,1.0,Entire home/apt,52.55093,13.41715,5.0,1,4.382026634673881,1,1,0
102.0,1,1.0,2.0,Private room,52.50166,13.45113,5.0,11,4.624972813284271,1,1,0
84.0,2,1.0,1.0,Entire home/apt,52.4951,13.40169,4.89,339,4.430816798843313,1,1,0
176.0,2,1.0,1.0,Entire home/apt,52.52943,13.410337,4.76,198,5.170483995038151,1,1,0
122.0,4,1.0,1.0,Entire home/apt,52.54272,13.55578,4.91,35,4.804021044733257,1,1,0
2310.0,1,1.0,1.0,Shared room,52.52669,13.41062,4.75,4,7.745002803515839,1,0,0
127.0,1,1.0,1.0,Private room,52.52669,13.41062,4.46,24,4.844187086458591,1,0,0
58.0,2,0.0,1.0,Entire home/apt,52.4722149,13.4533398,0.0,0,4.060443010546419,1,1,0
63.0,2,1.0,1.0,Entire home/apt,52.47278,13.379,4.9,77,4.143134726391533,1,0,0
100.0,4,2.0,1.0,Entire home/apt,52.50835,13.40266,0.0,0,4.605170185988092,1,1,0
41.0,1,1.0,1.0,Private room,52.53697,13.60386,0.0,0,3.713572066704308,1,0,0
110.0,1,0.0,1.0,Entire home/apt,52.51061499999999,13.4060182,4.83,71,4.700480365792417,1,1,0
165.0,3,0.0,1.0,Entire home/apt,52.51061499999999,13.4060182,4.87,154,5.10594547390058,1,1,0
99.0,2,0.0,1.0,Entire home/apt,52.5106,13.40603,4.82,85,4.59511985013459,1,1,0
158.0,2,0.0,1.0,Entire home/apt,52.5106,13.40603,4.9,93,5.062595033026967,1,1,0
171.0,2,0.0,1.0,Entire home/apt,52.51061499999999,13.4060182,4.84,90,5.14166355650266,1,1,0
59.0,2,1.0,1.0,Private room,52.53661,13.60286,2.0,2,4.07753744390572,1,0,0
72.0,3,2.0,1.0,Private room,52.53712,13.60454,4.29,7,4.276666119016055,1,0,0
165.0,7,3.0,1.0,Entire home/apt,52.49491,13.4331,4.8,55,5.10594547390058,1,1,0
80.0,3,1.0,3.0,Entire home/apt,52.49393,13.41132,4.85,13,4.382026634673881,1,1,0
81.0,2,1.0,1.0,Private room,52.48874,13.46071,0.0,0,4.394449154672439,1,1,0
71.0,2,1.0,1.0,Private room,52.49663,13.44606,4.9,58,4.262679877041316,1,1,0
57.0,1,1.0,1.5,Private room,52.4181,13.32639,4.88,17,4.04305126783455,1,1,0
44.0,2,1.0,1.0,Entire home/apt,52.5486114,13.3689914,0.0,0,3.784189633918261,1,1,0
59.0,1,0.0,1.0,Private room,52.49556,13.38517,4.77,13,4.07753744390572,1,1,0
108.0,6,2.0,1.5,Entire home/apt,52.59749,13.3751,4.92,13,4.68213122712422,1,1,0
246.0,6,3.0,2.0,Entire home/apt,52.50232,13.43883,4.92,160,5.5053315359323625,1,1,0
206.0,6,2.0,1.0,Entire home/apt,52.48644,13.32078,4.57,70,5.327876168789581,1,1,0
40.0,1,1.0,1.0,Private room,52.41124,13.26192,4.56,9,3.688879454113936,1,1,0
56.0,2,0.0,1.0,Entire home/apt,52.53236,13.35312,0.0,0,4.02535169073515,1,1,0
159.0,2,1.0,1.0,Entire home/apt,52.53463,13.35251,0.0,0,5.068904202220232,1,1,0
102.0,2,1.0,1.0,Entire home/apt,52.54848,13.2185,4.99,71,4.624972813284271,1,1,0
140.0,4,2.0,1.0,Entire home/apt,52.53686,13.40339,4.82,90,4.941642422609304,1,1,0
38.0,2,1.0,1.5,Private room,52.58323,13.41901,4.98,44,3.6375861597263857,1,1,0
102.0,4,2.0,1.0,Entire home/apt,52.41871,13.15713,4.91,11,4.624972813284271,1,1,0
80.0,2,1.0,1.5,Entire home/apt,52.53241,13.38047,5.0,9,4.382026634673881,1,1,0
125.0,2,1.0,1.0,Entire home/apt,52.52656,13.39229,4.78,188,4.8283137373023015,1,1,0
274.0,2,1.0,1.0,Private room,52.52278,13.40492,4.65,97,5.613128106388071,1,0,1
436.0,2,1.0,2.0,Private room,52.52113,13.40517,5.0,1,6.077642243349034,1,0,0
197.0,2,1.0,1.0,Private room,52.52082,13.40465,4.89,18,5.2832037287379885,1,0,1
203.0,2,0.0,1.0,Entire home/apt,52.54463,13.36817,4.88,34,5.313205979041787,1,1,1
87.0,4,1.0,1.0,Entire home/apt,52.52618,13.39104,4.77,234,4.465908118654584,1,1,1
154.0,3,2.0,1.0,Entire home/apt,52.54836045195531,13.397165765081777,5.0,3,5.0369526024136295,1,1,0
152.0,3,2.0,1.0,Entire home/apt,52.49609,13.30248,0.0,0,5.0238805208462765,1,1,0
210.0,2,0.0,1.0,Entire home/apt,52.54463,13.36817,4.89,18,5.3471075307174685,1,1,1
223.0,2,0.0,1.0,Entire home/apt,52.54463,13.36817,4.9,21,5.407171771460119,1,1,1
218.0,3,0.0,1.0,Entire home/apt,52.54463,13.36817,4.93,29,5.384495062789089,1,1,1
238.0,3,1.0,1.0,Entire home/apt,52.54462814331055,13.368169784545898,0.0,0,5.472270673671475,1,1,1
377.0,5,2.0,2.0,Entire home/apt,52.54462814331055,13.368169784545898,4.88,147,5.932245187448011,1,1,1
398.0,5,2.0,2.0,Entire home/apt,52.54462814331055,13.368169784545898,4.96,24,5.986452005284438,1,1,1
420.0,5,2.0,2.0,Entire home/apt,52.54462814331055,13.368169784545898,5.0,33,6.040254711277414,1,1,1
367.0,5,2.0,2.0,Entire home/apt,52.54462814331055,13.368169784545898,4.92,166,5.905361848054571,1,1,1
410.0,5,2.0,2.0,Entire home/apt,52.54462814331055,13.368169784545898,5.0,22,6.016157159698354,1,1,1
167.0,2,0.0,1.0,Entire home/apt,52.54463,13.36817,0.0,0,5.117993812416755,1,1,1
189.0,2,0.0,1.0,Entire home/apt,52.54463,13.36817,5.0,3,5.241747015059643,1,1,1
147.0,2,0.0,1.0,Entire home/apt,52.54463,13.36817,5.0,1,4.990432586778736,1,1,1
196.0,3,0.0,1.0,Entire home/apt,52.54463,13.36817,4.86,21,5.278114659230517,1,1,1
175.0,3,0.0,1.0,Entire home/apt,52.54463,13.36817,4.71,7,5.1647859739235145,1,1,1
153.0,3,0.0,1.0,Entire home/apt,52.54463,13.36817,5.0,2,5.030437921392435,1,1,1
55.0,4,0.0,1.0,Entire home/apt,52.56185,13.36246,4.76,169,4.007333185232471,1,1,0
80.0,1,0.0,1.0,Entire home/apt,52.55349,13.3471,4.89,97,4.382026634673881,1,1,0
77.0,3,1.0,1.0,Private room,52.55697,13.43164,0.0,0,4.343805421853684,1,1,0
117.0,2,1.0,1.0,Entire home/apt,52.47834,13.42149,4.9,21,4.762173934797756,1,1,0
143.0,8,1.0,1.0,Entire home/apt,52.43210931990121,13.31745747754406,4.97,30,4.962844630259907,1,1,0
67.0,3,1.0,1.0,Entire home/apt,52.39242,13.5765,4.89,127,4.204692619390966,1,1,0
255.0,2,1.0,1.0,Private room,52.51036,13.2807,4.67,6,5.541263545158426,1,0,0
268.0,2,1.0,1.0,Private room,52.51036,13.2807,4.57,7,5.5909869805108565,1,0,0
282.0,3,1.0,1.0,Private room,52.51036,13.2807,4.33,3,5.641907070938114,1,0,0
295.0,3,1.0,1.0,Private room,52.51036,13.2807,4.7,10,5.68697535633982,1,0,0
285.0,11,4.0,2.0,Entire home/apt,52.53204,13.37452,4.79,29,5.652489180268651,1,1,0
106.0,4,1.0,1.0,Entire home/apt,52.53207,13.37624,4.87,128,4.663439094112067,1,1,0
119.0,7,3.0,1.0,Entire home/apt,52.53247,13.37592,4.85,154,4.77912349311153,1,1,0
68.0,2,1.0,1.0,Entire home/apt,52.42848,13.58265,4.75,36,4.219507705176107,1,1,0
30.0,2,1.0,1.0,Private room,52.48882,13.45463,4.82,182,3.4011973816621555,1,1,0
68.0,4,1.0,1.0,Entire home/apt,52.58802,13.4318,0.0,0,4.219507705176107,1,1,0
69.0,3,1.0,1.0,Private room,52.55055,13.41695,4.97,100,4.23410650459726,1,1,1
92.0,2,1.0,1.0,Private room,52.50877,13.30919,4.67,21,4.5217885770490405,1,1,0
320.0,4,2.0,1.0,Entire home/apt,52.54045,13.40694,4.96,72,5.768320995793772,1,1,0
55.0,2,0.0,1.0,Entire home/apt,52.52933,13.41265,5.0,6,4.007333185232471,1,1,0
117.0,2,0.0,1.0,Entire home/apt,52.51267,13.30522,4.67,109,4.762173934797756,1,1,0
234.0,2,0.0,1.0,Entire home/apt,52.53148,13.38848,0.0,0,5.455321115357702,1,1,0
204.0,2,0.0,1.0,Entire home/apt,52.53148,13.38848,5.0,1,5.318119993844216,1,1,0
218.0,2,0.0,1.0,Entire home/apt,52.53148,13.38848,0.0,0,5.384495062789089,1,1,0
273.0,2,0.0,1.0,Entire home/apt,52.53148,13.38848,0.0,0,5.60947179518496,1,1,0
255.0,2,0.0,1.0,Entire home/apt,52.53148,13.38848,5.0,1,5.541263545158426,1,1,0
236.0,2,0.0,1.0,Entire home/apt,52.53148,13.38848,0.0,0,5.4638318050256105,1,1,0
248.0,3,0.0,1.0,Entire home/apt,52.53148,13.38848,4.88,8,5.513428746164983,1,1,0
232.0,3,0.0,1.0,Entire home/apt,52.53148,13.38848,5.0,1,5.44673737166631,1,1,0
215.0,3,0.0,1.0,Entire home/apt,52.53148,13.38848,4.67,3,5.3706380281276624,1,1,0
267.0,3,0.0,1.0,Entire home/apt,52.53148,13.38848,5.0,1,5.58724865840025,1,1,0
248.0,3,0.0,1.0,Entire home/apt,52.53148,13.38848,0.0,0,5.513428746164983,1,1,0
230.0,3,0.0,1.0,Entire home/apt,52.53148,13.38848,0.0,0,5.438079308923196,1,1,0
282.0,3,1.0,1.0,Entire home/apt,52.53148,13.38848,5.0,31,5.641907070938114,1,1,0
261.0,3,1.0,1.0,Entire home/apt,52.53148,13.38848,4.94,16,5.564520407322694,1,1,0
288.0,3,1.0,1.0,Entire home/apt,52.53148,13.38848,5.0,7,5.662960480135946,1,1,0
268.0,3,1.0,1.0,Entire home/apt,52.53148,13.38848,5.0,4,5.5909869805108565,1,1,0
247.0,3,1.0,1.0,Entire home/apt,52.53148,13.38848,4.0,1,5.5093883366279774,1,1,0
80.0,1,1.0,1.0,Private room,52.49977,13.44147,4.95,134,4.382026634673881,1,1,0
102.0,2,1.0,1.0,Entire home/apt,52.55411,13.41631,5.0,12,4.624972813284271,1,1,0
52.0,1,1.0,0.5,Private room,52.4998228,13.2978145,0.0,0,3.951243718581428,1,1,0
320.0,3,1.0,1.0,Entire home/apt,52.54083,13.40623,4.9,20,5.768320995793772,1,1,0
91.0,2,0.0,1.0,Entire home/apt,52.49492,13.35903,4.74,126,4.51085950651685,1,1,0
183.0,2,0.0,1.0,Entire home/apt,52.54463,13.36817,4.95,57,5.209486152841421,1,1,1
398.0,5,2.0,2.0,Entire home/apt,52.53148,13.38848,4.88,92,5.986452005284438,1,1,0
163.0,2,0.0,1.0,Entire home/apt,52.54463,13.36817,5.0,3,5.093750200806762,1,1,1
179.0,2,0.0,1.0,Entire home/apt,52.54463,13.36817,5.0,6,5.187385805840755,1,1,1
157.0,2,0.0,1.0,Entire home/apt,52.54463,13.36817,5.0,1,5.056245805348308,1,1,1
88.0,2,0.0,1.0,Entire home/apt,52.49723,13.3604,4.8,166,4.477336814478207,1,1,0
90.0,2,1.0,1.0,Private room,52.49321,13.42474,4.8,141,4.499809670330265,1,1,0
41.0,2,1.0,1.0,Entire home/apt,52.51671,13.29758,4.63,67,3.713572066704308,1,1,0
10.0,6,2.0,2.5,Entire home/apt,52.53006,13.38461,0.0,0,2.302585092994046,1,1,0
10.0,2,0.0,1.0,Entire home/apt,52.53016,13.38468,0.0,0,2.302585092994046,1,1,0
10.0,2,0.0,1.0,Entire home/apt,52.53069,13.38331,0.0,0,2.302585092994046,1,1,0
214.0,3,1.0,1.0,Entire home/apt,52.54462814331055,13.368169784545898,5.0,2,5.365976015021851,1,1,1
167.0,3,1.0,1.0,Entire home/apt,52.54462814331055,13.368169784545898,0.0,0,5.117993812416755,1,1,1
258.0,3,1.0,2.0,Entire home/apt,52.54462814331055,13.368169784545898,5.0,3,5.552959584921617,1,1,1
68.0,3,1.0,1.5,Private room,52.48727,13.44984,4.67,43,4.219507705176107,1,1,1
93.0,2,1.0,1.0,Private room,52.47125,13.42821,4.83,70,4.532599493153256,1,1,0
229.0,3,1.0,2.0,Entire home/apt,52.54462814331055,13.368169784545898,5.0,1,5.43372200355424,1,1,1
200.0,3,1.0,2.0,Entire home/apt,52.54462814331055,13.368169784545898,5.0,1,5.298317366548036,1,1,1
331.0,5,2.0,2.0,Entire home/apt,52.54462814331055,13.368169784545898,4.87,83,5.802118375377063,1,1,1
257.0,5,2.0,2.0,Entire home/apt,52.54462814331055,13.368169784545898,0.0,0,5.54907608489522,1,1,1
294.0,5,2.0,2.0,Entire home/apt,52.54462814331055,13.368169784545898,4.67,3,5.683579767338681,1,1,1
369.0,5,2.0,2.0,Entire home/apt,52.54462814331055,13.368169784545898,5.0,18,5.910796644040527,1,1,1
328.0,5,2.0,2.0,Entire home/apt,52.54462814331055,13.368169784545898,5.0,1,5.793013608384144,1,1,1
287.0,5,2.0,2.0,Entire home/apt,52.54462814331055,13.368169784545898,0.0,0,5.659482215759621,1,1,1
340.0,5,2.0,2.0,Entire home/apt,52.54462814331055,13.368169784545898,4.82,77,5.828945617610208,1,1,1
999.0,2,1.0,1.0,Private room,52.51674,13.40531,0.0,0,6.906754778648554,1,0,0
999.0,1,1.0,1.0,Private room,52.51827,13.40738,0.0,0,6.906754778648554,1,0,0
999.0,3,1.0,1.0,Private room,52.51795,13.40531,0.0,0,6.906754778648554,1,0,0
999.0,4,1.0,1.0,Private room,52.51809,13.40591,0.0,0,6.906754778648554,1,0,0
999.0,6,2.0,1.0,Private room,52.51657,13.40547,0.0,0,6.906754778648554,1,0,0
263.0,6,1.0,1.0,Private room,52.52669,13.41062,4.2,20,5.572154032177765,1,0,0
332.0,8,1.0,1.0,Private room,52.52669,13.41062,4.64,14,5.805134968916488,1,0,0
302.0,5,2.0,2.0,Entire home/apt,52.54462814331055,13.368169784545898,4.83,30,5.71042701737487,1,1,1
264.0,5,2.0,2.0,Entire home/apt,52.54462814331055,13.368169784545898,0.0,0,5.575949103146316,1,1,1
359.0,5,2.0,2.0,Entire home/apt,52.54462814331055,13.368169784545898,4.67,3,5.883322388488279,1,1,1
319.0,5,2.0,2.0,Entire home/apt,52.54462814331055,13.368169784545898,5.0,1,5.765191102784844,1,1,1
279.0,5,2.0,2.0,Entire home/apt,52.54462814331055,13.368169784545898,0.0,0,5.631211781821365,1,1,1
378.0,5,2.0,2.0,Entire home/apt,52.54462814331055,13.368169784545898,4.79,19,5.934894195619588,1,1,1
303.0,4,2.0,1.0,Entire home/apt,52.52669,13.41062,3.25,8,5.713732805509369,1,1,0
78.0,2,0.0,1.0,Entire home/apt,52.52936,13.34656,4.84,234,4.356708826689592,1,1,0
149.0,4,2.0,1.0,Entire home/apt,52.61336,13.47563,4.82,17,5.003946305945459,1,1,0
32.0,6,1.0,1.0,Shared room,52.49296,13.42679,4.83,350,3.4657359027997265,1,1,0
336.0,5,2.0,2.0,Entire home/apt,52.54462814331055,13.368169784545898,5.0,1,5.817111159963204,1,1,1
294.0,5,2.0,2.0,Entire home/apt,52.54462814331055,13.368169784545898,0.0,0,5.683579767338681,1,1,1
365.0,5,2.0,2.0,Entire home/apt,52.53148,13.38848,4.86,7,5.899897353582492,1,1,0
332.0,5,2.0,2.0,Entire home/apt,52.53148,13.38848,0.0,0,5.805134968916488,1,1,0
317.0,3,1.0,1.0,Entire home/apt,52.53148,13.38848,5.0,3,5.75890177387728,1,1,1
293.0,3,1.0,1.0,Entire home/apt,52.53148,13.38848,0.0,0,5.680172609017068,1,1,1
269.0,3,1.0,1.0,Entire home/apt,52.53148,13.38848,0.0,0,5.594711379601839,1,1,1
640.0,6,3.0,2.5,Entire home/apt,52.53148,13.38848,5.0,13,6.461468176353717,1,1,1
581.0,6,3.0,2.5,Entire home/apt,52.53148,13.38848,5.0,2,6.364750756851911,1,1,1
521.0,6,3.0,2.5,Entire home/apt,52.53148,13.38848,0.0,0,6.255750041753367,1,1,1
100.0,2,1.0,1.0,Private room,52.50877,13.30919,4.66,161,4.605170185988092,1,1,0
94.0,2,1.0,1.0,Entire home/apt,52.54398,13.42028,4.65,135,4.543294782270004,1,1,0
60.0,2,1.0,1.0,Entire home/apt,52.43893,13.5537,4.43,7,4.0943445622221,1,1,0
135.0,5,2.0,1.0,Entire home/apt,52.54988,13.44446,4.56,57,4.90527477843843,1,1,0
55.0,2,0.0,1.0,Entire home/apt,52.43866,13.55307,5.0,6,4.007333185232471,1,1,0
128.0,2,1.0,1.0,Private room,52.50457,13.33391,4.37,163,4.852030263919617,1,0,0
243.0,1,0.0,1.0,Private room,52.40305,13.58566,0.0,0,5.493061443340548,1,0,0
255.0,2,0.0,1.0,Private room,52.40195,13.58497,5.0,2,5.541263545158426,1,0,0
328.0,4,0.0,1.0,Private room,52.40305,13.58566,0.0,0,5.793013608384144,1,0,0
123.0,4,0.0,1.0,Entire home/apt,52.53998871869434,13.376277391186786,4.83,172,4.812184355372417,1,1,0
60.0,2,0.0,1.0,Entire home/apt,52.51705,13.46888,4.86,7,4.0943445622221,1,1,0
46.0,1,1.0,1.5,Private room,52.52201,13.31617,0.0,0,3.828641396489095,1,1,0
72.0,2,0.0,1.0,Entire home/apt,52.52465,13.41931,4.69,13,4.276666119016055,1,1,0
171.0,5,2.0,2.0,Entire home/apt,52.52973,13.34003,4.85,95,5.14166355650266,1,1,0
52.0,2,0.0,1.0,Entire home/apt,52.51119,13.40852,5.0,2,3.951243718581428,1,1,0
225.0,6,2.0,2.0,Entire home/apt,52.48411,13.36066,4.78,45,5.41610040220442,1,1,0
34.0,1,0.0,1.0,Entire home/apt,52.46063,13.3153,4.89,9,3.5263605246161616,1,1,0
163.0,5,1.0,1.0,Entire home/apt,52.44953,13.62337,5.0,29,5.093750200806762,1,1,0
108.0,3,1.0,1.0,Entire home/apt,52.48577,13.5342,4.97,120,4.68213122712422,1,1,0
69.0,1,0.0,1.0,Entire home/apt,52.46673,13.33699,4.25,4,4.23410650459726,1,1,0
208.0,4,1.0,1.0,Entire home/apt,52.53988,13.37115,4.88,58,5.337538079701318,1,1,0
132.0,4,1.0,1.0,Entire home/apt,52.49615,13.42656,4.79,266,4.882801922586371,1,1,0
118.0,2,1.0,1.0,Entire home/apt,52.51317,13.55448,5.0,21,4.770684624465665,1,1,0
121.0,3,0.0,2.0,Entire home/apt,52.48077,13.34962,4.64,28,4.795790545596741,1,1,0
297.0,4,2.0,1.0,Entire home/apt,52.53846661834279,13.42318111766077,4.91,34,5.6937321388027,1,1,0
98.0,2,1.0,1.0,Entire home/apt,52.493694,13.396867,4.71,431,4.584967478670572,1,1,0
162.0,5,2.0,2.0,Entire home/apt,52.52888,13.34043,4.86,80,5.087596335232384,1,1,0
41.0,2,1.0,1.5,Private room,52.55021,13.37111,5.0,14,3.713572066704308,1,1,0
95.0,2,1.0,1.0,Private room,52.59984,13.3329,4.36,45,4.553876891600541,1,1,0
136.0,3,1.0,1.0,Private room,52.6011,13.33245,4.64,84,4.912654885736052,1,1,0
117.0,4,0.0,1.0,Entire home/apt,52.53882,13.37595,4.83,187,4.762173934797756,1,1,0
80.0,2,0.0,1.0,Entire home/apt,52.53655,13.37592,4.76,37,4.382026634673881,1,1,1
87.0,2,0.0,1.0,Entire home/apt,52.49695,13.36141,4.62,120,4.465908118654584,1,1,0
80.0,4,2.0,1.0,Entire home/apt,52.49156,13.62697,4.77,35,4.382026634673881,0,1,0
127.0,2,1.0,1.0,Entire home/apt,52.53208,13.43548,5.0,7,4.844187086458591,1,1,0
39.0,2,1.0,1.0,Private room,52.51255,13.47019,4.42,74,3.6635616461296463,0,1,0
113.0,4,1.0,1.0,Entire home/apt,52.51716,13.44632,4.95,19,4.727387818712341,1,1,0
135.0,3,1.0,1.0,Private room,52.59953,13.33084,4.66,53,4.90527477843843,1,1,0
109.0,2,1.0,1.0,Private room,52.59975,13.33308,4.5,42,4.691347882229144,1,1,0
125.0,2,1.0,1.0,Entire home/apt,52.50455,13.47776,4.83,46,4.8283137373023015,1,1,0
61.0,2,2.0,1.0,Private room,52.49842,13.32541,4.83,18,4.110873864173311,1,1,0
70.0,2,1.0,2.0,Private room,52.49276,13.35128,4.92,208,4.248495242049359,1,1,1
70.0,4,1.0,1.0,Entire home/apt,52.51113,13.4067,5.0,13,4.248495242049359,1,1,0
72.0,2,0.0,1.0,Entire home/apt,52.5472,13.45822,4.85,41,4.276666119016055,1,1,0
49.0,2,1.0,1.0,Entire home/apt,52.51297,13.45728,4.75,16,3.8918202981106265,1,1,0
177.0,2,1.0,1.0,Entire home/apt,52.54751,13.3507,4.47,15,5.176149732573829,1,1,0
271.0,4,1.0,1.0,Entire home/apt,52.5522,13.46419,4.78,9,5.602118820879701,1,1,0
75.0,2,1.0,1.0,Entire home/apt,52.48475,13.43894,4.83,54,4.31748811353631,0,1,0
62.0,1,1.0,1.0,Private room,52.45156,13.29346,4.71,14,4.127134385045092,1,1,0
150.0,2,1.0,1.0,Entire home/apt,52.55207,13.41289,4.63,8,5.010635294096256,1,1,0
65.0,1,1.0,1.0,Private room,52.52911,13.39725,4.91,43,4.174387269895637,1,1,0
189.0,2,1.0,1.5,Entire home/apt,52.49349403634559,13.437292166054249,4.97,93,5.241747015059643,1,1,0
50.0,4,1.0,1.0,Private room,52.49925,13.38411,4.39,33,3.912023005428146,1,0,0
117.0,4,2.0,1.0,Entire home/apt,52.46286,13.71288,5.0,17,4.762173934797756,1,1,0
33.0,1,1.0,1.0,Private room,52.48148,13.43138,4.85,46,3.49650756146648,1,0,0
160.0,2,1.0,1.0,Entire home/apt,52.495548248291016,13.396210670471191,4.54,1572,5.075173815233827,1,1,0
151.0,1,1.0,1.0,Entire home/apt,52.495548248291016,13.396210670471191,4.67,121,5.017279836814924,1,1,0
196.0,4,1.0,1.0,Entire home/apt,52.495548248291016,13.396210670471191,4.72,25,5.278114659230517,1,1,0
159.0,2,1.0,1.0,Entire home/apt,52.48621368408203,13.423819541931152,4.39,472,5.068904202220232,1,1,0
172.0,3,1.0,1.0,Entire home/apt,52.48621368408203,13.423819541931152,4.48,287,5.147494476813453,1,1,0
186.0,4,1.0,1.0,Entire home/apt,52.48621368408203,13.423819541931152,4.27,239,5.225746673713202,1,1,0
169.0,2,1.0,1.0,Private room,52.52877,13.42456,4.43,21,5.1298987149230735,1,0,0
313.0,4,1.0,1.0,Private room,52.52169,13.38908,4.87,252,5.746203190540153,1,1,1
73.0,4,0.0,1.0,Entire home/apt,52.52005,13.35528,4.53,224,4.290459441148391,1,1,0
79.0,2,1.0,1.0,Entire home/apt,52.49797,13.46066,5.0,4,4.3694478524670215,1,1,0
52.0,2,1.0,1.0,Entire home/apt,52.52837,13.4037,4.83,6,3.951243718581428,1,1,0
113.0,2,1.0,1.5,Entire home/apt,52.48054,13.44499,4.71,62,4.727387818712341,1,1,0
301.0,6,2.0,2.0,Private room,52.52818,13.42603,4.5,14,5.707110264748875,1,0,0
56.0,2,1.0,1.0,Private room,52.5117,13.30609,0.0,0,4.02535169073515,1,1,0
128.0,5,2.0,1.0,Entire home/apt,52.4991,13.32251,4.83,325,4.852030263919617,1,1,0
117.0,4,2.0,1.0,Entire home/apt,52.4991,13.32251,4.88,265,4.762173934797756,1,1,0
55.0,2,0.0,1.0,Entire home/apt,52.52985,13.40367,4.8,5,4.007333185232471,1,1,0
124.0,4,2.0,1.0,Entire home/apt,52.49831,13.32181,4.87,253,4.820281565605037,1,1,0
405.0,16,7.0,1.5,Entire home/apt,52.56468,13.39211,4.29,14,6.003887067106539,1,1,0
90.0,2,1.0,1.0,Entire home/apt,52.51308,13.45185,5.0,21,4.499809670330265,1,1,0
85.0,2,1.0,2.0,Entire home/apt,52.52476,13.31442,5.0,1,4.442651256490317,1,1,0
75.0,1,1.0,1.0,Entire home/apt,52.47579,13.42137,5.0,4,4.31748811353631,1,1,0
187.0,2,1.0,1.0,Entire home/apt,52.50958,13.4228,5.0,2,5.231108616854587,1,1,0
105.0,2,1.0,1.0,Entire home/apt,52.4943,13.57986,5.0,10,4.653960350157523,1,1,0
76.0,1,1.0,1.0,Private room,52.59922,13.33242,4.51,53,4.330733340286331,1,1,0
134.0,2,1.0,1.0,Entire home/apt,52.53461,13.43344,4.85,20,4.897839799950911,1,1,0
120.0,2,1.0,1.5,Entire home/apt,52.50448,13.42914,0.0,0,4.787491742782046,0,1,0
159.0,5,2.0,1.0,Entire home/apt,52.52872,13.40325,4.86,84,5.068904202220232,1,1,0
343.0,6,3.0,2.0,Entire home/apt,52.51631,13.41146,4.84,45,5.83773044716594,1,1,0
122.0,4,1.0,1.0,Entire home/apt,52.49659,13.42596,4.77,231,4.804021044733257,1,1,0
100.0,4,2.0,1.0,Entire home/apt,52.4968,13.48117,4.86,159,4.605170185988092,1,1,0
46.0,6,3.0,1.0,Private room,52.65076,13.48953,5.0,3,3.828641396489095,1,1,0
72.0,2,1.0,1.0,Private room,52.52643,13.33449,4.88,17,4.276666119016055,1,1,0
67.0,2,1.0,1.0,Entire home/apt,52.64061,13.51103,0.0,0,4.204692619390966,1,1,0
231.0,2,1.0,1.0,Entire home/apt,52.49915,13.33466,4.76,37,5.442417710521793,1,1,1
80.0,4,1.0,1.0,Entire home/apt,52.51275,13.40835,4.8,10,4.382026634673881,1,1,0
215.0,2,1.0,1.0,Entire home/apt,52.49915,13.33466,4.77,201,5.3706380281276624,1,1,1
276.0,3,2.0,2.0,Entire home/apt,52.49915,13.33466,4.82,940,5.62040086571715,1,1,1
104.0,3,1.0,1.0,Entire home/apt,52.39629,13.59294,4.76,25,4.6443908991413725,1,1,0
77.0,2,0.0,3.0,Private room,52.49579,13.42003,4.86,87,4.343805421853684,1,1,0
93.0,2,1.0,1.0,Private room,52.52706527709961,13.341093063354492,4.14,80,4.532599493153256,1,0,0
89.0,4,0.0,1.0,Entire home/apt,52.50604,13.29113,4.46,205,4.48863636973214,1,1,0
197.0,13,4.0,2.0,Entire home/apt,52.50173,13.36256,4.63,52,5.2832037287379885,1,1,0
144.0,4,1.0,1.0,Entire home/apt,52.42776,13.70781,4.96,46,4.969813299576001,1,1,0
126.0,4,1.0,1.0,Entire home/apt,52.503071,13.378727,4.44,50,4.836281906951478,1,1,0
90.0,3,2.0,1.0,Entire home/apt,52.44395,13.57747,4.98,170,4.499809670330265,1,1,0
95.0,2,1.0,1.0,Entire home/apt,52.51082992553711,13.471508979797363,0.0,0,4.553876891600541,1,1,1
39.0,1,1.0,1.0,Private room,52.5212,13.35948,4.79,14,3.6635616461296463,1,1,0
81.0,4,1.0,1.0,Private room,52.5154,13.16179,4.86,22,4.394449154672439,1,0,0
58.0,1,1.0,1.0,Private room,52.45107,13.30986,5.0,3,4.060443010546419,1,1,0
23.0,2,1.0,1.0,Private room,52.49167,13.36787,0.0,0,3.1354942159291497,1,1,0
131.0,3,1.0,1.0,Entire home/apt,52.53279,13.43103,4.91,197,4.875197323201151,1,1,0
82.0,2,1.0,1.0,Entire home/apt,52.55035,13.40529,4.86,44,4.406719247264253,1,1,0
77.0,2,0.0,3.0,Private room,52.49383,13.41976,4.84,86,4.343805421853684,1,1,0
77.0,2,0.0,3.0,Private room,52.49588,13.41991,4.97,118,4.343805421853684,1,1,0
76.0,2,0.0,3.0,Private room,52.49379,13.41892,4.88,58,4.330733340286331,1,0,0
76.0,2,0.0,3.0,Private room,52.49559,13.41999,4.91,158,4.330733340286331,1,1,0
76.0,2,0.0,3.0,Private room,52.49455,13.42028,4.91,125,4.330733340286331,1,0,0
87.0,4,0.0,3.0,Private room,52.49387,13.41899,4.94,126,4.465908118654584,1,1,0
70.0,3,0.0,1.0,Private room,52.5109,13.46947,4.95,63,4.248495242049359,1,1,0
175.0,2,1.0,1.0,Entire home/apt,52.51092,13.39564,5.0,1,5.1647859739235145,1,1,0
119.0,2,0.0,1.0,Entire home/apt,52.495396,13.486821,4.93,103,4.77912349311153,1,1,0
90.0,2,1.0,1.0,Entire home/apt,52.43627,13.57198,4.33,3,4.499809670330265,1,1,0
86.0,2,1.0,1.0,Entire home/apt,52.50834,13.45504,4.87,39,4.454347296253507,1,1,0
274.0,11,3.0,2.0,Entire home/apt,52.541718,13.363287,4.95,182,5.613128106388071,1,1,0
278.0,12,3.0,1.0,Entire home/apt,52.541718,13.363287,4.94,154,5.627621113690637,1,1,0
228.0,5,1.0,1.0,Entire home/apt,52.541718,13.363287,4.98,149,5.429345628954441,1,1,0
32.0,1,1.0,1.0,Entire home/apt,52.51158,13.28136,5.0,5,3.4657359027997265,1,1,0
115.0,8,1.0,1.0,Entire home/apt,52.53594,13.43607,4.85,124,4.74493212836325,1,1,0
65.0,2,1.0,1.0,Entire home/apt,52.5593,13.3957,1.0,1,4.174387269895637,1,1,0
295.0,8,2.0,2.0,Entire home/apt,52.541718,13.363287,4.94,209,5.68697535633982,1,1,0
337.0,11,3.0,2.0,Entire home/apt,52.541718,13.363287,4.94,181,5.820082930352362,1,1,0
332.0,14,4.0,2.0,Entire home/apt,52.541718,13.363287,4.96,189,5.805134968916488,1,1,0
85.0,3,1.0,1.0,Entire home/apt,52.48048,13.33564,4.82,17,4.442651256490317,1,1,0
35.0,1,1.0,1.0,Private room,52.53145,13.36086,5.0,3,3.555348061489413,1,1,0
52.0,1,1.0,1.5,Private room,52.607552,13.327684,4.92,26,3.951243718581428,1,1,0
362.0,14,4.0,2.0,Entire home/apt,52.541718,13.363287,4.96,228,5.891644211825772,1,1,0
419.0,14,4.0,2.0,Entire home/apt,52.541718,13.363287,4.98,313,6.037870919922137,1,1,0
328.0,14,4.0,2.0,Entire home/apt,52.541718,13.363287,4.95,262,5.793013608384144,1,1,0
138.0,10,3.0,2.0,Entire home/apt,52.54406,13.36735,4.76,276,4.927253685157205,1,1,0
70.0,3,1.0,1.0,Entire home/apt,52.45859,13.43243,4.92,48,4.248495242049359,1,1,0
55.0,4,1.0,1.0,Entire home/apt,52.52584,13.41106,4.84,69,4.007333185232471,1,1,0
97.0,2,1.0,1.0,Entire home/apt,52.45736,13.37901,4.3,10,4.574710978503383,1,1,0
149.0,3,1.0,1.0,Entire home/apt,52.45799,13.37891,4.0,5,5.003946305945459,1,1,0
163.0,3,1.0,0.0,Private room,52.53037,13.42544,4.49,106,5.093750200806762,1,0,0
68.0,2,1.0,1.5,Entire home/apt,52.48599,13.44581,4.94,17,4.219507705176107,1,1,0
62.0,2,0.0,1.5,Private room,52.46616,13.43806,4.67,6,4.127134385045092,1,1,0
236.0,6,2.0,1.0,Entire home/apt,52.55425,13.22543,4.67,6,5.4638318050256105,0,1,0
46.0,1,1.0,1.0,Private room,52.55317,13.40167,4.91,67,3.828641396489095,1,1,0
80.0,4,1.0,1.0,Entire home/apt,52.51042,13.39698,4.56,16,4.382026634673881,1,1,0
100.0,4,1.0,1.0,Entire home/apt,52.42523,13.66998,4.95,164,4.605170185988092,1,1,0
90.0,4,0.0,1.0,Entire home/apt,52.52946,13.43384,4.71,278,4.499809670330265,1,1,0
88.0,2,1.0,1.0,Entire home/apt,52.53818,13.40848,4.71,300,4.477336814478207,1,1,0
104.0,4,0.0,1.0,Entire home/apt,52.48656,13.33846,4.47,219,4.6443908991413725,1,1,0
81.0,5,0.0,1.0,Entire home/apt,52.51265,13.4712,4.78,264,4.394449154672439,1,1,0
64.0,3,2.0,1.0,Private room,52.45264053344727,13.245583534240724,4.98,90,4.158883083359672,1,1,0
50.0,2,1.0,2.0,Private room,52.48802,13.39622,2.0,1,3.912023005428146,1,1,0
152.0,4,1.0,1.0,Entire home/apt,52.52974,13.42607,4.73,231,5.0238805208462765,1,1,0
78.0,4,1.0,1.5,Entire home/apt,52.48672,13.34048,4.45,188,4.356708826689592,1,1,0
111.0,2,1.0,1.0,Entire home/apt,52.48133,13.446,4.94,90,4.709530201312334,1,1,0
74.0,2,1.0,1.0,Private room,52.45715,13.32637,5.0,14,4.30406509320417,1,1,0
82.0,2,0.0,1.0,Entire home/apt,52.53421,13.39701,4.65,280,4.406719247264253,1,1,0
77.0,2,1.0,1.0,Entire home/apt,52.50557,13.43314,4.8,5,4.343805421853684,1,1,0
174.0,4,2.0,1.5,Entire home/apt,52.51533,13.30231,5.0,49,5.159055299214529,1,1,0
159.0,5,2.0,1.0,Entire home/apt,52.53047,13.42746,4.73,212,5.068904202220232,1,1,0
105.0,2,1.0,1.0,Private room,52.52706527709961,13.341093063354492,4.02,51,4.653960350157523,1,0,0
95.0,2,1.0,1.0,Entire home/apt,52.52234,13.35682,4.33,3,4.553876891600541,1,1,0
122.0,4,2.0,1.5,Entire home/apt,52.37049,13.68541,4.23,13,4.804021044733257,1,1,0
122.0,4,2.0,1.5,Entire home/apt,52.36904,13.68716,4.27,11,4.804021044733257,1,1,0
93.0,3,2.0,2.0,Entire home/apt,52.50229,13.37269,0.0,0,4.532599493153256,1,1,0
86.0,3,0.0,1.0,Entire home/apt,52.45865249633789,13.377224922180176,4.94,127,4.454347296253507,1,1,0
38.0,1,1.0,1.0,Shared room,52.52471806629191,13.364491377340675,4.85,122,3.6375861597263857,1,1,0
83.0,4,1.0,1.0,Entire home/apt,52.50233,13.3882,4.81,75,4.418840607796598,1,1,0
120.0,3,1.0,1.0,Entire home/apt,52.51528,13.46072,4.18,156,4.787491742782046,1,1,0
74.0,1,1.0,1.0,Entire home/apt,52.55408,13.43677,4.0,1,4.30406509320417,1,1,0
113.0,2,0.0,1.0,Entire home/apt,52.5097,13.42231,4.95,114,4.727387818712341,1,1,0
73.0,1,0.0,8.5,Private room,52.54421,13.41602,4.63,334,4.290459441148391,1,1,0
60.0,2,1.0,1.0,Private room,52.53828,13.55065,4.97,34,4.0943445622221,1,1,0
101.0,2,0.0,8.5,Private room,52.54421,13.41602,4.64,303,4.61512051684126,1,1,0
124.0,3,0.0,8.5,Private room,52.54531,13.4159,4.67,355,4.820281565605037,1,1,0
90.0,2,1.0,1.0,Entire home/apt,52.52742,13.41423,4.67,3,4.499809670330265,1,1,0
103.0,2,1.0,1.0,Private room,52.52707,13.34109,4.25,93,4.634728988229636,1,0,0
92.0,1,1.0,1.0,Private room,52.52706527709961,13.341093063354492,4.33,207,4.5217885770490405,1,0,0
58.0,2,1.0,1.0,Private room,52.506,13.467,4.84,83,4.060443010546419,1,0,0
66.0,3,1.0,1.0,Entire home/apt,52.4392,13.71796,4.84,38,4.189654742026425,1,1,0
42.0,2,1.0,1.0,Private room,52.48567,13.43559,5.0,24,3.737669618283368,1,1,0
49.0,2,1.0,1.0,Private room,52.48797,13.43605,4.99,86,3.8918202981106265,1,1,0
63.0,2,1.0,1.0,Entire home/apt,52.54848,13.35704,4.82,28,4.143134726391533,1,1,0
132.0,7,2.0,1.5,Entire home/apt,52.50148,13.45556,4.68,75,4.882801922586371,1,1,0
67.0,2,1.0,1.0,Entire home/apt,52.5861,13.40806,4.82,34,4.204692619390966,1,1,0
180.0,2,0.0,1.0,Entire home/apt,52.52391,13.39975,4.75,1628,5.19295685089021,1,1,0
194.0,2,0.0,1.0,Entire home/apt,52.52391,13.39975,4.7,296,5.267858159063328,1,1,0
67.0,2,1.0,1.0,Entire home/apt,52.58759,13.40897,4.9,29,4.204692619390966,1,1,0
69.0,2,1.0,1.0,Entire home/apt,52.45898,13.13253,4.96,26,4.23410650459726,1,1,0
255.0,2,1.0,1.0,Entire home/apt,52.51578903198242,13.332290649414062,5.0,2,5.541263545158426,1,1,1
80.0,4,3.0,1.0,Entire home/apt,52.55663,13.41719,0.0,0,4.382026634673881,1,1,0
107.0,2,1.0,1.0,Private room,52.49683,13.42799,4.96,27,4.672828834461906,1,1,0
59.0,2,1.0,1.0,Private room,52.52353,13.35418,4.89,232,4.07753744390572,1,1,0
119.0,3,2.0,1.0,Entire home/apt,52.48071402667408,13.26287011569418,0.0,0,4.77912349311153,1,1,0
10.0,6,2.0,2.5,Entire home/apt,52.53022,13.38482,0.0,0,2.302585092994046,1,1,0
96.0,2,1.0,1.0,Private room,52.49215,13.42698,5.0,10,4.564348191467836,1,1,0
207.0,5,2.0,1.0,Private room,52.50448,13.33399,3.96,53,5.332718793265369,1,1,0
200.0,5,1.0,1.0,Private room,52.50425,13.33381,3.0,6,5.298317366548036,1,1,0
163.0,4,2.0,1.0,Entire home/apt,52.52049637,13.302329063415527,4.37,35,5.093750200806762,1,1,0
323.0,9,3.0,2.0,Entire home/apt,52.50069,13.46467,4.42,62,5.777652323222656,1,1,0
48.0,1,1.0,1.0,Private room,52.524418481822615,13.365581333327537,4.83,160,3.871201010907891,1,1,0
138.0,4,2.0,1.0,Entire home/apt,52.53642,13.41623,4.69,210,4.927253685157205,1,1,0
176.0,4,1.0,1.0,Entire home/apt,52.4899,13.42626,4.96,82,5.170483995038151,1,1,0
83.0,4,0.0,1.0,Entire home/apt,52.5002,13.29579,4.48,211,4.418840607796598,1,1,0
86.0,3,2.0,2.0,Entire home/apt,52.5076,13.40382,4.88,8,4.454347296253507,1,1,0
103.0,2,1.0,1.0,Private room,52.52707,13.34109,4.33,154,4.634728988229636,1,0,0
79.0,2,1.0,1.5,Private room,52.46721742668988,13.323542400316134,5.0,45,4.3694478524670215,1,1,0
35.0,1,1.0,1.0,Private room,52.48382,13.36019,4.92,38,3.555348061489413,1,0,0
149.0,2,1.0,1.0,Entire home/apt,52.480568,13.42574,4.66,308,5.003946305945459,1,1,0
110.0,7,4.0,1.5,Entire home/apt,52.4122,13.54588,0.0,0,4.700480365792417,1,1,0
177.0,4,2.0,1.0,Entire home/apt,52.5036,13.38934,4.55,38,5.176149732573829,1,1,0
512.0,8,3.0,2.0,Entire home/apt,52.50319,13.38801,4.71,52,6.238324625039508,1,1,0
74.0,2,1.0,1.0,Entire home/apt,52.51097932441941,13.444435861587372,5.0,5,4.30406509320417,1,1,0
131.0,4,2.0,1.0,Entire home/apt,52.53673,13.41635,4.79,240,4.875197323201151,1,1,0
103.0,2,1.0,1.0,Entire home/apt,52.49374,13.4382,4.59,378,4.634728988229636,1,1,0
28.0,1,1.0,1.0,Private room,52.51594,13.33862,4.67,3,3.332204510175204,1,1,0
190.0,4,2.0,1.0,Entire home/apt,52.53218,13.37919,5.0,1,5.247024072160486,1,1,0
103.0,1,2.0,1.0,Private room,52.61533,13.50043,0.0,0,4.634728988229636,1,1,0
126.0,4,1.0,1.0,Entire home/apt,52.53653,13.42309,4.64,205,4.836281906951478,1,1,0
305.0,9,2.0,2.0,Private room,52.50308,13.33521,4.3,148,5.720311776607412,1,1,0
173.0,2,1.0,1.0,Entire home/apt,52.52391,13.39975,4.76,507,5.153291594497779,1,0,0
295.0,4,1.0,1.0,Entire home/apt,52.52391,13.39975,4.79,47,5.68697535633982,1,1,0
433.0,4,1.0,1.0,Entire home/apt,52.523911,13.399752,4.8,41,6.07073772800249,1,1,0
188.0,2,0.0,1.0,Entire home/apt,52.5022,13.32974,4.49,225,5.236441962829949,1,1,0
272.0,6,2.0,1.0,Entire home/apt,52.4933,13.33196,4.29,70,5.605802066295998,1,1,0
128.0,2,1.0,1.5,Entire home/apt,52.50338896868086,13.34597297793452,0.0,0,4.852030263919617,1,1,0
70.0,2,1.0,1.0,Entire home/apt,52.54556,13.37813,5.0,7,4.248495242049359,1,1,0
333.0,7,2.0,1.5,Entire home/apt,52.53918457,13.42224121,4.67,165,5.808142489980444,1,1,0
225.0,4,1.0,1.0,Entire home/apt,52.47947295181219,13.332925253700848,0.0,0,5.41610040220442,1,1,0
89.0,2,0.0,1.0,Entire home/apt,52.55024,13.40631,5.0,5,4.48863636973214,1,1,0
87.0,2,1.0,1.0,Entire home/apt,52.52118,13.28925,4.83,12,4.465908118654584,1,1,0
130.0,2,0.0,1.0,Entire home/apt,52.50155,13.3316,4.6,10,4.867534450455582,1,1,0
95.0,6,2.0,1.0,Entire home/apt,52.49851,13.36923,4.68,228,4.553876891600541,1,1,0
39.0,2,0.0,1.0,Entire home/apt,52.46327,13.31685,3.71,7,3.6635616461296463,1,1,0
95.0,2,1.0,1.0,Entire home/apt,52.43546,13.54595,4.94,96,4.553876891600541,1,0,0
105.0,4,1.0,1.0,Entire home/apt,52.49565,13.57989,4.88,17,4.653960350157523,1,1,0
60.0,2,0.0,1.0,Entire home/apt,52.53509,13.40721,0.0,0,4.0943445622221,1,1,0
131.0,4,2.0,1.0,Entire home/apt,52.49353,13.43909,4.62,350,4.875197323201151,1,1,0
144.0,3,1.0,1.0,Private room,52.50459,13.33507,4.17,407,4.969813299576001,1,0,0
80.0,3,1.0,2.5,Private room,52.49049,13.3611,4.63,30,4.382026634673881,1,1,0
137.0,3,1.0,1.0,Entire home/apt,52.51716,13.29335,4.87,23,4.919980925828125,1,1,0
100.0,2,1.0,1.0,Entire home/apt,52.5315,13.40026,4.67,6,4.605170185988092,1,1,0
100.0,5,2.0,1.0,Entire home/apt,52.42112,13.38972,4.82,110,4.605170185988092,1,1,0
46.0,2,1.0,1.0,Entire home/apt,52.55401,13.39945,5.0,10,3.828641396489095,1,1,0
118.0,2,1.0,1.0,Entire home/apt,52.45052,13.38296,4.88,43,4.770684624465665,1,1,0
105.0,4,1.0,1.0,Entire home/apt,52.49667,13.38289,4.92,189,4.653960350157523,1,1,0
114.0,2,1.0,1.0,Entire home/apt,52.50329,13.38923,4.63,173,4.736198448394496,1,1,0
233.0,8,3.0,1.0,Entire home/apt,52.53207,13.42966,4.59,177,5.4510384535657,1,1,1
300.0,2,1.0,1.0,Entire home/apt,52.50942,13.45152,4.84,51,5.703782474656201,1,1,0
234.0,4,1.0,2.0,Entire home/apt,52.49997,13.33721,5.0,8,5.455321115357702,1,1,0
110.0,2,0.0,1.0,Entire home/apt,52.53148,13.38848,5.0,1,4.700480365792417,1,1,0
126.0,2,0.0,1.0,Entire home/apt,52.53148,13.38848,0.0,0,4.836281906951478,1,1,0
158.0,3,1.0,1.0,Entire home/apt,52.53148,13.38848,0.0,0,5.062595033026967,1,1,1
396.0,6,3.0,2.0,Entire home/apt,52.53148,13.38848,0.0,0,5.981414211254481,1,1,1
165.0,6,4.0,2.0,Entire home/apt,52.54224,13.62482,5.0,1,5.10594547390058,1,1,0
140.0,4,2.0,1.0,Entire home/apt,52.54033,13.62589,5.0,2,4.941642422609304,1,1,0
242.0,9,3.0,1.0,Entire home/apt,52.53405,13.43087,4.63,136,5.488937726156687,1,1,1
127.0,4,1.0,1.5,Entire home/apt,52.49864,13.42605,4.79,263,4.844187086458591,1,1,0
140.0,2,1.0,1.0,Entire home/apt,52.51177,13.4559,4.72,990,4.941642422609304,1,0,0
171.0,7,2.0,1.0,Entire home/apt,52.47538,13.42438,4.76,239,5.14166355650266,1,1,0
163.0,2,1.0,1.0,Entire home/apt,52.51177,13.4559,4.67,1553,5.093750200806762,1,0,0
161.0,2,1.0,1.0,Entire home/apt,52.51177,13.4559,4.65,382,5.081404364984463,1,1,0
167.0,4,1.0,1.0,Entire home/apt,52.51177,13.4559,4.67,70,5.117993812416755,1,0,0
182.0,6,1.0,1.0,Entire home/apt,52.51177,13.4559,4.67,338,5.204006687076795,1,1,0
65.0,1,1.0,1.5,Private room,52.50337219238281,13.32002067565918,0.0,0,4.174387269895637,1,1,0
120.0,5,2.0,1.0,Entire home/apt,52.4742,13.60563,4.8,5,4.787491742782046,1,1,0
151.0,6,1.0,1.0,Entire home/apt,52.52627,13.40919,0.0,0,5.017279836814924,1,1,0
500.0,1,1.0,1.0,Private room,52.5464,13.35991,0.0,0,6.214608098422191,1,0,0
161.0,5,2.0,1.0,Entire home/apt,52.51291,13.47145,4.47,57,5.081404364984463,1,1,0
45.0,2,0.0,1.0,Entire home/apt,52.50992,13.41812,4.88,8,3.80666248977032,1,1,0
108.0,2,1.0,1.0,Private room,52.53647,13.42592,4.83,23,4.68213122712422,1,1,0
95.0,3,1.0,1.0,Entire home/apt,52.43376,13.54631,5.0,3,4.553876891600541,1,1,0
200.0,4,2.0,2.0,Entire home/apt,52.51129,13.46887,0.0,0,5.298317366548036,1,1,1
91.0,3,1.0,1.0,Entire home/apt,52.51389,13.4505,4.99,154,4.51085950651685,1,1,0
122.0,2,1.0,1.0,Private room,52.50893,13.38818,4.61,1350,4.804021044733257,1,0,1
95.0,1,1.0,1.0,Entire home/apt,52.53522,13.4086,0.0,0,4.553876891600541,1,1,0
126.0,3,2.0,1.0,Entire home/apt,52.50293,13.37163,5.0,4,4.836281906951478,1,1,0
114.0,2,1.0,1.0,Entire home/apt,52.54352,13.34766,4.83,6,4.736198448394496,1,1,0
60.0,4,2.0,1.0,Entire home/apt,52.62743,13.275,0.0,0,4.0943445622221,1,1,0
99.0,3,2.0,1.5,Entire home/apt,52.49561,13.46894,5.0,9,4.59511985013459,1,1,0
17.0,1,1.0,1.0,Private room,52.52107,13.34211,4.0,1,2.833213344056216,1,1,0
62.0,2,1.0,1.0,Private room,52.55512,13.42549,4.98,63,4.127134385045092,1,1,0
48.0,2,1.0,2.0,Private room,52.45409,13.50393,4.88,66,3.871201010907891,1,1,0
135.0,4,1.0,1.0,Entire home/apt,52.56465,13.4149,5.0,37,4.90527477843843,1,1,0
57.0,2,1.0,1.0,Entire home/apt,52.48972,13.43262,5.0,3,4.04305126783455,1,1,0
553.0,5,2.0,2.0,Entire home/apt,52.53850555419922,13.40598201751709,5.0,23,6.315358001522335,1,1,0
64.0,2,1.0,1.0,Private room,52.52241,13.35536,4.87,54,4.158883083359672,0,1,0
46.0,3,1.0,1.0,Entire home/apt,52.55794,13.48922,0.0,0,3.828641396489095,1,1,0
65.0,2,0.0,1.0,Entire home/apt,52.52949,13.42525,5.0,3,4.174387269895637,1,1,0
155.0,2,1.0,1.0,Entire home/apt,52.51116,13.45647,5.0,58,5.043425116919247,1,1,0
73.0,2,1.0,1.0,Private room,52.51481,13.49976,0.0,0,4.290459441148391,1,1,1
56.0,3,0.0,1.0,Entire home/apt,52.49595,13.48288,4.52,157,4.02535169073515,1,1,0
50.0,2,0.0,1.0,Private room,52.50668,13.43622,0.0,0,3.912023005428146,1,1,0
96.0,2,1.0,1.0,Entire home/apt,52.41991,13.42335,4.29,34,4.564348191467836,1,1,0
72.0,4,2.0,1.0,Entire home/apt,52.45332,13.51765,4.9,244,4.276666119016055,1,1,0
115.0,5,1.0,1.0,Entire home/apt,52.4995,13.46112,4.83,262,4.74493212836325,1,1,0
72.0,2,1.0,1.0,Private room,52.501038,13.356569,4.96,128,4.276666119016055,1,1,1
124.0,2,1.0,1.0,Private room,52.5033,13.4443,4.63,30,4.820281565605037,1,0,0
51.0,2,1.0,1.0,Entire home/apt,52.48288,13.43918,5.0,1,3.9318256327243257,1,1,0
441.0,2,1.0,1.0,Entire home/apt,52.49085,13.48126,5.0,2,6.089044875446846,0,1,0
90.0,3,1.0,1.0,Entire home/apt,52.43157,13.27124,4.92,92,4.499809670330265,1,1,0
76.0,2,1.0,1.0,Entire home/apt,52.44213,13.69871,5.0,3,4.330733340286331,1,1,0
175.0,6,2.0,1.5,Entire home/apt,52.48883,13.36283,4.8,88,5.1647859739235145,1,1,0
64.0,5,2.0,1.0,Entire home/apt,52.44979,13.50709,4.5,4,4.158883083359672,1,1,0
700.0,2,1.0,1.0,Private room,52.507736,13.388472,4.55,11,6.551080335043404,1,1,1
51.0,2,1.0,1.0,Private room,52.56549,13.31766,4.89,198,3.9318256327243257,1,1,1
80.0,2,0.0,1.0,Entire home/apt,52.48625,13.37624,5.0,1,4.382026634673881,1,1,0
238.0,4,1.0,1.0,Entire home/apt,52.49248,13.48724,4.97,213,5.472270673671475,1,1,0
76.0,1,0.0,1.5,Private room,52.53040162270927,13.398019555755662,0.0,0,4.330733340286331,0,1,0
365.0,2,1.0,1.0,Entire home/apt,52.50140170179438,13.4336691853434,5.0,28,5.899897353582492,1,1,0
75.0,4,1.0,1.0,Entire home/apt,52.473,13.383,4.8,210,4.31748811353631,1,1,1
40.0,2,1.0,1.0,Entire home/apt,52.47351,13.3848,4.75,252,3.688879454113936,1,1,0
159.0,8,4.0,2.0,Entire home/apt,52.62738,13.23538,5.0,43,5.068904202220232,1,1,0
114.0,6,2.0,1.0,Entire home/apt,52.51382,13.44929,4.86,251,4.736198448394496,1,1,0
1858.0,16,0.0,1.5,Entire home/apt,52.54794,13.38171,0.0,0,7.527255919373784,1,1,0
65.0,1,1.0,1.5,Private room,52.50967,13.45164,0.0,0,4.174387269895637,1,1,0
100.0,4,1.0,1.0,Entire home/apt,52.48675,13.36324,4.8,210,4.605170185988092,1,1,0
700.0,3,1.0,1.0,Private room,52.507736,13.388472,4.53,34,6.551080335043404,1,1,1
70.0,1,0.0,1.0,Entire home/apt,52.499653,13.300683,4.83,30,4.248495242049359,1,1,0
70.0,4,1.0,1.0,Entire home/apt,52.51021,13.39727,4.79,14,4.248495242049359,1,1,0
53.0,2,1.0,1.0,Entire home/apt,52.52121,13.62801,4.75,8,3.970291913552122,1,1,0
650.0,13,3.0,3.0,Entire home/apt,52.541718,13.363287,5.0,13,6.476972362889683,1,1,0
145.0,6,2.0,2.5,Entire home/apt,52.53476,13.40293,4.89,244,4.976733742420574,1,1,0
96.0,1,1.0,1.0,Private room,52.50978690080229,13.46790081139187,5.0,84,4.564348191467836,1,1,0
50.0,2,1.0,1.5,Private room,52.48971,13.33524,4.75,167,3.912023005428146,1,1,0
164.0,4,2.0,1.0,Entire home/apt,52.49881,13.43493,4.94,18,5.099866427824199,1,1,0
190.0,2,1.0,1.0,Entire home/apt,52.48975,13.33263,5.0,2,5.247024072160486,1,1,0
112.0,3,2.0,1.0,Entire home/apt,52.53683,13.42848,4.55,11,4.718498871295094,1,1,0
111.0,2,1.0,1.0,Private room,52.49377603437224,13.45515362445047,0.0,0,4.709530201312334,1,1,0
141.0,2,0.0,1.0,Entire home/apt,52.5002,13.35273,4.74,2618,4.948759890378168,1,0,0
148.0,2,0.0,1.0,Entire home/apt,52.5002,13.35273,4.73,172,4.997212273764115,1,0,0
159.0,2,0.0,1.0,Entire home/apt,52.5002,13.35273,4.64,53,5.068904202220232,1,1,0
164.0,2,0.0,1.0,Entire home/apt,52.5002,13.35273,4.67,167,5.099866427824199,1,1,0
185.0,4,1.0,1.0,Entire home/apt,52.5002,13.35273,4.69,201,5.220355825078324,1,1,0
196.0,4,1.0,1.0,Entire home/apt,52.5002,13.35273,4.71,59,5.278114659230517,1,1,0
209.0,4,0.0,1.0,Entire home/apt,52.5002,13.35273,4.77,26,5.342334251964811,1,1,0
427.0,4,0.0,1.0,Entire home/apt,52.5002,13.35273,4.7,43,6.056784013228625,1,1,0
250.0,6,4.0,2.0,Entire home/apt,52.59956,13.43459,5.0,8,5.521460917862246,1,1,0
40.0,2,1.0,1.0,Entire home/apt,52.4620611,13.3169925,5.0,5,3.688879454113936,1,1,0
72.0,2,1.0,1.0,Entire home/apt,52.43445,13.30554,5.0,1,4.276666119016055,1,1,0
100.0,2,1.0,1.0,Entire home/apt,52.51656,13.45845,4.8,5,4.605170185988092,1,1,0
115.0,2,1.0,2.0,Entire home/apt,52.53063,13.36806,4.91,11,4.74493212836325,1,1,0
85.0,2,1.0,1.0,Private room,52.49941,13.43678,5.0,13,4.442651256490317,1,1,0
171.0,2,1.0,1.0,Entire home/apt,52.52039,13.38352,4.97,164,5.14166355650266,1,1,0
129.0,2,1.0,1.0,Entire home/apt,52.50667518952193,13.314179442822931,4.98,94,4.859812404361672,1,1,0
82.0,2,1.0,1.0,Entire home/apt,52.53063,13.41017,5.0,13,4.406719247264253,1,1,0
156.0,3,1.0,1.0,Entire home/apt,52.58491,13.40994,4.5,6,5.049856007249537,1,1,0
164.0,4,2.0,1.0,Entire home/apt,52.52908,13.38628,5.0,1,5.099866427824199,1,1,0
72.0,2,1.0,1.0,Entire home/apt,52.53279,13.42195,4.78,9,4.276666119016055,1,1,0
61.0,3,1.0,1.5,Private room,52.4379,13.41782,4.7,102,4.110873864173311,1,0,0
187.0,3,1.0,1.0,Entire home/apt,52.49567,13.396189,4.58,659,5.231108616854587,1,1,0
270.0,6,4.0,2.5,Entire home/apt,52.502289,13.3287898,0.0,0,5.598421958998375,1,1,1
195.0,6,4.0,2.5,Entire home/apt,52.503,13.32977,5.0,1,5.272999558563747,1,1,1
34.0,1,1.0,2.5,Private room,52.50185,13.32771,0.0,0,3.5263605246161616,1,0,1
250.0,4,2.0,1.0,Entire home/apt,52.49566,13.316,4.89,46,5.521460917862246,1,1,1
170.0,4,2.0,2.0,Entire home/apt,52.53369,13.36677,4.74,23,5.135798437050262,1,1,1
55.0,1,1.0,1.0,Entire home/apt,52.50533,13.31171,5.0,8,4.007333185232471,1,1,0
81.0,2,1.0,1.0,Private room,52.5004,13.33418,4.75,24,4.394449154672439,1,0,0
45.0,2,0.0,0.0,Entire home/apt,52.56978,13.49989,4.79,150,3.80666248977032,1,1,0
228.0,14,1.0,1.0,Private room,52.54082,13.41633,4.24,29,5.429345628954441,1,1,0
95.0,2,1.0,1.0,Entire home/apt,52.43599,13.54391,4.91,119,4.553876891600541,1,1,0
23.0,1,1.0,1.5,Private room,52.46474,13.51273,3.7,10,3.1354942159291497,1,1,0
215.0,3,2.0,1.5,Entire home/apt,52.52826,13.40057,5.0,18,5.3706380281276624,1,1,0
86.0,2,1.0,1.0,Entire home/apt,52.438,13.27802,4.8,40,4.454347296253507,1,1,0
46.0,2,0.0,1.0,Private room,52.52798,13.46093,5.0,1,3.828641396489095,1,1,0
59.0,2,1.0,1.0,Private room,52.47369,13.57221,4.91,22,4.07753744390572,1,0,1
87.0,3,1.0,1.0,Entire home/apt,52.5881,13.39904,4.92,24,4.465908118654584,0,1,0
103.0,2,1.0,1.0,Entire home/apt,52.453269958496094,13.333468437194824,4.8,128,4.634728988229636,1,1,0
184.0,4,1.0,1.0,Entire home/apt,52.530289,13.402018,4.96,50,5.214935757608986,1,1,0
54.0,6,3.0,1.0,Entire home/apt,52.50933875481485,13.454344101142096,5.0,5,3.9889840465642745,1,1,0
156.0,2,1.0,1.0,Entire home/apt,52.50173,13.41092,4.58,1498,5.049856007249537,1,1,0
1257.0,14,3.0,1.0,Entire home/apt,52.379563,13.648474,4.5,14,7.136483208590247,1,1,0
95.0,2,1.0,1.0,Entire home/apt,52.55335629155655,13.372749268750638,5.0,1,4.553876891600541,1,1,0
140.0,2,1.0,1.0,Entire home/apt,52.54309,13.41819,4.95,177,4.941642422609304,1,1,0
68.0,1,1.0,1.5,Private room,52.504101,13.29078,4.98,87,4.219507705176107,1,1,0
66.0,1,1.0,1.0,Private room,52.50553,13.40776,4.5,8,4.189654742026425,1,0,0
77.0,2,1.0,1.0,Private room,52.49414,13.31045,4.21,215,4.343805421853684,1,0,0
49.0,1,1.0,1.0,Entire home/apt,52.48647,13.37289,5.0,2,3.8918202981106265,1,1,0
104.0,3,1.0,1.0,Entire home/apt,52.54413,13.42043,4.92,60,4.6443908991413725,1,1,1
140.0,4,1.0,1.0,Entire home/apt,52.411,13.66383,5.0,17,4.941642422609304,1,1,0
117.0,4,1.0,1.0,Entire home/apt,52.499474,13.463846,4.76,153,4.762173934797756,1,1,0
80.0,2,1.0,1.0,Private room,52.48457,13.43356,4.94,170,4.382026634673881,1,0,0
32.0,1,1.0,2.5,Private room,52.50336,13.32771,5.0,1,3.4657359027997265,1,1,0
52.0,2,1.0,1.0,Entire home/apt,52.49083,13.38425,4.85,54,3.951243718581428,1,1,1
107.0,3,2.0,1.5,Entire home/apt,52.48932,13.36159,4.77,130,4.672828834461906,1,1,0
120.0,4,1.0,1.5,Entire home/apt,52.41305,13.66278,4.81,21,4.787491742782046,1,1,0
55.0,1,2.0,1.0,Private room,52.45452,13.52097,5.0,18,4.007333185232471,1,1,0
65.0,3,1.0,1.5,Entire home/apt,52.49032,13.41629,5.0,5,4.174387269895637,1,1,0
134.0,7,2.0,1.5,Entire home/apt,52.42258,13.32874,4.92,79,4.897839799950911,1,1,0
124.0,4,1.0,2.0,Entire home/apt,52.48219,13.34993,4.83,23,4.820281565605037,1,1,0
225.0,4,2.0,1.0,Entire home/apt,52.46744,13.42893,4.93,15,5.41610040220442,1,1,0
139.0,5,2.0,2.0,Entire home/apt,52.56205,13.41436,4.89,54,4.934473933130692,1,1,0
491.0,16,7.0,3.0,Entire home/apt,52.468239,13.38998,4.92,62,6.19644412779452,1,1,0
97.0,4,1.0,1.0,Entire home/apt,52.51811,13.30694,4.59,119,4.574710978503383,1,1,0
69.0,2,1.0,1.0,Private room,52.4853,13.3071,4.49,39,4.23410650459726,1,1,0
86.0,2,0.0,1.0,Entire home/apt,52.551581468504686,13.378124474500364,4.96,98,4.454347296253507,1,1,0
163.0,5,4.0,1.0,Entire home/apt,52.53026,13.3936,4.94,16,5.093750200806762,1,1,0
85.0,2,1.0,1.0,Entire home/apt,52.40307,13.58029,5.0,16,4.442651256490317,1,1,0
84.0,4,2.0,1.0,Entire home/apt,52.45469,13.5154,4.82,237,4.430816798843313,1,1,0
72.0,4,1.0,1.0,Entire home/apt,52.45342,13.5156,4.88,233,4.276666119016055,1,1,0
83.0,3,1.0,1.0,Entire home/apt,52.48746,13.36312,4.87,112,4.418840607796598,1,0,0
130.0,1,1.0,1.0,Entire home/apt,52.41919,13.42568,4.45,11,4.867534450455582,1,1,0
216.0,4,2.0,2.0,Entire home/apt,52.49105,13.41803,4.88,50,5.375278407684165,1,1,0
150.0,2,0.0,1.5,Entire home/apt,52.53158,13.40513,0.0,0,5.010635294096256,0,0,0
20.0,1,1.0,1.0,Private room,52.42667,13.31759,5.0,5,2.995732273553991,1,1,0
433.0,4,2.0,2.0,Entire home/apt,52.50587,13.37746,5.0,54,6.07073772800249,1,1,0
190.0,8,6.0,2.0,Entire home/apt,52.44774,13.33231,5.0,1,5.247024072160486,1,1,0
38.0,2,1.0,1.0,Entire home/apt,52.51653,13.29569,4.58,40,3.6375861597263857,1,1,0
159.0,2,0.0,1.0,Entire home/apt,52.48967,13.48509,0.0,0,5.068904202220232,0,0,0
210.0,4,2.0,2.0,Entire home/apt,52.52079,13.39306,4.78,230,5.3471075307174685,1,1,0
61.0,2,1.0,1.0,Private room,52.53566,13.4417,4.95,43,4.110873864173311,1,1,0
109.0,3,2.0,1.0,Entire home/apt,52.49908,13.43064,4.94,16,4.691347882229144,1,1,0
105.0,2,1.0,1.0,Entire home/apt,52.51234,13.30072,4.9,149,4.653960350157523,1,1,0
120.0,4,2.0,1.0,Entire home/apt,52.49598,13.32651,4.85,222,4.787491742782046,1,1,0
250.0,1,0.0,2.0,Entire home/apt,52.56587,13.40242,0.0,0,5.521460917862246,0,1,0
199.0,4,2.0,1.0,Entire home/apt,52.48415,13.44124,4.89,88,5.293304824724492,1,1,0
90.0,2,1.0,1.0,Entire home/apt,52.51991,13.45977,4.93,15,4.499809670330265,1,1,0
200.0,4,2.0,1.0,Entire home/apt,52.51687,13.43297,0.0,0,5.298317366548036,1,1,0
49.0,1,1.0,1.0,Private room,52.55236,13.41319,5.0,5,3.8918202981106265,1,1,0
44.0,2,1.0,1.0,Private room,52.51169,13.45094,4.71,48,3.784189633918261,1,1,0
153.0,2,1.0,1.0,Entire home/apt,52.53978,13.35744,4.62,87,5.030437921392435,1,1,0
75.0,4,1.0,1.0,Entire home/apt,52.54892,13.4597,4.59,27,4.31748811353631,1,1,0
277.0,6,2.0,1.5,Entire home/apt,52.51226,13.47108,4.81,21,5.6240175061873385,1,1,0
105.0,3,1.0,1.0,Entire home/apt,52.50631,13.41099,4.94,123,4.653960350157523,1,1,1
61.0,2,1.0,1.0,Private room,52.49431,13.42538,4.91,294,4.110873864173311,1,1,0
92.0,1,1.0,1.0,Private room,52.52706527709961,13.341093063354492,4.34,102,4.5217885770490405,1,0,0
100.0,6,1.0,1.0,Entire home/apt,52.54988,13.34751,4.75,81,4.605170185988092,1,1,0
301.0,5,3.0,2.0,Entire home/apt,52.55515,13.43567,5.0,57,5.707110264748875,1,1,0
105.0,2,1.0,1.0,Entire home/apt,52.53557,13.41825,4.17,6,4.653960350157523,1,1,0
110.0,2,1.0,2.0,Entire home/apt,52.52519,13.39189,4.91,53,4.700480365792417,1,1,0
45.0,2,1.0,1.5,Private room,52.51261,13.29159,4.65,272,3.80666248977032,1,1,0
57.0,2,0.0,1.0,Entire home/apt,52.53415,13.4144,5.0,19,4.04305126783455,1,1,0
59.0,1,1.0,1.0,Private room,52.55431365966797,13.342008590698242,4.57,49,4.07753744390572,1,1,0
120.0,2,1.0,1.0,Entire home/apt,52.53021,13.39432,4.88,33,4.787491742782046,1,1,0
155.0,3,1.0,1.0,Private room,52.54126,13.554639,0.0,0,5.043425116919247,1,0,0
251.0,3,1.0,2.0,Entire home/apt,52.51439,13.41986,4.79,38,5.525452939131784,1,1,0
83.0,2,1.0,1.0,Entire home/apt,52.51478,13.34003,4.85,98,4.418840607796598,1,1,0
55.0,2,1.0,1.0,Private room,52.51254,13.41688,4.95,154,4.007333185232471,0,1,0
113.0,3,1.0,1.0,Private room,52.54126,13.554639,5.0,2,4.727387818712341,1,0,0
103.0,2,1.0,1.0,Private room,52.528174424030176,13.340380287375838,4.38,60,4.634728988229636,1,0,0
120.0,2,1.0,1.0,Private room,52.52706527709961,13.341093063354492,4.33,108,4.787491742782046,1,0,0
126.0,1,1.0,1.0,Private room,52.5083,13.38767,4.7,94,4.836281906951478,1,0,1
146.0,2,1.0,1.0,Private room,52.50988,13.38931,4.67,315,4.983606621708336,1,0,1
177.0,3,1.0,1.0,Private room,52.5082,13.38734,4.75,44,5.176149732573829,1,0,1
151.0,2,1.0,1.0,Private room,52.50816,13.38735,4.3,27,5.017279836814924,1,0,0
107.0,2,2.0,1.0,Entire home/apt,52.52747,13.4099,4.84,50,4.672828834461906,1,1,0
172.0,4,1.0,1.0,Entire home/apt,52.49736,13.43097,4.94,276,5.147494476813453,1,1,0
107.0,2,0.0,1.0,Entire home/apt,52.48395,13.38154,4.97,70,4.672828834461906,1,1,0
95.0,2,1.0,1.0,Entire home/apt,52.46097,13.51984,4.71,7,4.553876891600541,1,1,0
192.0,2,1.0,1.0,Entire home/apt,52.53209,13.40611,4.5,4,5.2574953720277815,1,1,0
109.0,2,1.0,1.0,Entire home/apt,52.50825,13.45708,4.82,34,4.691347882229144,1,1,0
188.0,2,1.0,1.0,Entire home/apt,52.531208,13.405127,4.88,16,5.236441962829949,1,1,0
419.0,6,3.0,2.0,Entire home/apt,52.53214,13.40545,4.98,209,6.037870919922137,1,1,0
66.0,3,0.0,1.0,Entire home/apt,52.43659,13.5125,4.91,101,4.189654742026425,1,1,0
63.0,2,1.0,1.0,Private room,52.513206,13.429037,4.73,79,4.143134726391533,1,1,0
109.0,2,1.0,1.5,Private room,52.49694,13.31753,5.0,21,4.691347882229144,1,0,0
75.0,2,1.0,1.0,Entire home/apt,52.5251,13.40625,5.0,1,4.31748811353631,1,1,0
138.0,4,2.0,1.0,Entire home/apt,52.43513,13.55568,4.86,7,4.927253685157205,1,1,0
174.0,8,3.0,1.0,Entire home/apt,52.44927,13.34346,4.4,5,5.159055299214529,1,1,0
78.0,3,1.0,1.0,Entire home/apt,52.53779,13.42251,4.65,139,4.356708826689592,1,1,0
92.0,4,2.0,1.0,Entire home/apt,52.53767,13.4228,4.54,123,4.5217885770490405,1,1,0
98.0,2,1.0,1.0,Private room,52.49895,13.31586,4.67,12,4.584967478670572,1,0,0
120.0,3,1.0,1.5,Entire home/apt,52.50068,13.46277,5.0,2,4.787491742782046,1,1,0
77.0,2,1.0,1.0,Entire home/apt,52.46423,13.41999,5.0,8,4.343805421853684,1,1,0
331.0,4,2.0,2.0,Entire home/apt,52.53018,13.40614,4.97,31,5.802118375377063,1,1,0
160.0,4,3.0,1.5,Entire home/apt,52.49175,13.33742,0.0,0,5.075173815233827,1,1,1
91.0,4,2.0,1.0,Entire home/apt,52.52513,13.48113,4.75,104,4.51085950651685,1,1,0
90.0,2,1.0,2.0,Private room,52.49407069999999,13.425113,4.77,118,4.499809670330265,1,1,0
159.0,2,1.0,1.0,Entire home/apt,52.54734,13.42722,4.92,24,5.068904202220232,1,1,0
68.0,1,1.0,2.0,Private room,52.53585,13.37782,4.91,153,4.219507705176107,1,1,0
103.0,2,1.0,1.0,Entire home/apt,52.47248,13.44913,4.95,296,4.634728988229636,1,1,0
130.0,6,3.0,1.0,Entire home/apt,52.49403,13.28403,5.0,1,4.867534450455582,1,1,0
180.0,4,1.0,1.0,Private room,52.50396,13.33362,4.15,75,5.19295685089021,1,0,0
33.0,2,1.0,1.0,Private room,52.553101,13.41621,4.95,136,3.49650756146648,1,1,0
126.0,4,2.0,1.0,Entire home/apt,52.51081,13.46919,4.86,21,4.836281906951478,1,1,0
274.0,2,1.0,1.0,Entire home/apt,52.49216,13.39626,5.0,4,5.613128106388071,1,1,0
149.0,2,1.0,1.0,Entire home/apt,52.51938,13.45211,4.8,5,5.003946305945459,0,0,0
68.0,2,1.0,1.0,Private room,52.54619,13.37752,5.0,4,4.219507705176107,1,1,0
86.0,2,1.0,1.0,Entire home/apt,52.55204117911076,13.390379098228657,4.68,38,4.454347296253507,1,1,0
81.0,2,1.0,1.0,Private room,52.44521,13.55919,4.71,17,4.394449154672439,1,1,0
113.0,2,1.0,1.0,Entire home/apt,52.54364,13.41997,4.89,55,4.727387818712341,1,1,0
89.0,2,1.0,1.0,Private room,52.49159,13.35607,4.94,72,4.48863636973214,1,1,0
181.0,2,1.0,1.0,Private room,52.52834,13.40158,0.0,0,5.198497031265826,1,0,1
188.0,3,1.0,1.0,Private room,52.52961,13.40247,5.0,1,5.236441962829949,1,0,1
202.0,3,2.0,1.0,Entire home/apt,52.504009,13.292932,4.98,46,5.308267697401205,1,1,1
80.0,3,1.0,1.0,Private room,52.47951,13.42899,4.63,35,4.382026634673881,1,1,0
99.0,2,0.0,1.0,Entire home/apt,52.50652,13.28923,4.96,24,4.59511985013459,1,1,0
70.0,2,1.0,1.0,Entire home/apt,52.46367,13.33085,0.0,0,4.248495242049359,1,1,0
277.0,2,1.0,1.0,Entire home/apt,52.52038,13.35994,5.0,1,5.6240175061873385,1,1,1
250.0,4,2.0,1.0,Entire home/apt,52.49092,13.37694,4.91,11,5.521460917862246,1,1,0
112.0,4,1.0,1.0,Entire home/apt,52.50727,13.46818,4.69,207,4.718498871295094,1,1,0
202.0,3,1.0,1.0,Private room,52.5299,13.40016,5.0,1,5.308267697401205,1,0,1
152.0,1,1.0,1.0,Private room,52.52837,13.40188,5.0,5,5.0238805208462765,1,0,1
158.0,2,1.0,1.0,Private room,52.52845,13.40038,5.0,10,5.062595033026967,1,0,1
234.0,6,2.0,1.0,Entire home/apt,52.483467,13.528755,4.68,37,5.455321115357702,1,1,0
167.0,2,1.0,1.0,Private room,52.52838,13.40163,4.75,4,5.117993812416755,1,0,1
75.0,2,1.0,1.0,Entire home/apt,52.54481,13.49636,4.99,95,4.31748811353631,1,1,0
57.0,2,1.0,1.0,Private room,52.52214,13.33433,4.85,107,4.04305126783455,1,1,0
421.0,8,3.0,1.0,Entire home/apt,52.51242,13.53305,4.52,31,6.042632833682381,1,1,0
70.0,2,1.0,1.0,Entire home/apt,52.43522,13.51232,4.83,123,4.248495242049359,1,1,0
23.0,2,1.0,1.0,Entire home/apt,52.408142,13.361162,5.0,3,3.1354942159291497,1,1,0
64.0,3,1.0,1.0,Private room,52.55161,13.35526,4.71,7,4.158883083359672,1,1,0
226.0,4,1.0,1.0,Entire home/apt,52.48914,13.38879,4.91,11,5.420534999272286,1,1,0
158.0,6,3.0,1.0,Entire home/apt,52.4126,13.66495,4.2,20,5.062595033026967,1,1,0
133.0,3,1.0,1.0,Private room,52.5291,13.40101,4.81,27,4.890349128221754,1,1,0
109.0,3,1.0,1.0,Entire home/apt,52.48114,13.42411,4.88,16,4.691347882229144,1,1,0
285.0,8,3.0,1.5,Entire home/apt,52.54843,13.44983,4.64,44,5.652489180268651,1,1,0
54.0,2,1.0,1.0,Private room,52.5305781,13.4709279,4.88,160,3.9889840465642745,1,1,0
81.0,1,1.0,1.0,Private room,52.47761,13.43816,4.67,3,4.394449154672439,0,0,0
103.0,1,1.0,0.0,Private room,52.5303688,13.4254427,4.42,541,4.634728988229636,1,0,0
65.0,2,1.0,1.0,Private room,52.5407,13.35316,4.91,204,4.174387269895637,1,0,0
50.0,1,1.0,1.0,Private room,52.55416997286705,13.427291388836258,4.94,18,3.912023005428146,1,1,0
150.0,2,1.0,1.0,Entire home/apt,52.53957,13.4114,5.0,10,5.010635294096256,1,1,0
85.0,1,1.0,1.0,Entire home/apt,52.46097,13.51984,4.83,6,4.442651256490317,1,1,0
55.0,1,1.0,1.0,Private room,52.53369,13.40716,4.92,50,4.007333185232471,1,1,0
67.0,3,1.0,1.0,Entire home/apt,52.46493,13.68626,4.94,98,4.204692619390966,1,1,0
51.0,2,1.0,1.0,Private room,52.461651,13.518462,5.0,3,3.9318256327243257,1,1,1
165.0,8,3.0,1.0,Entire home/apt,52.44902,13.34466,3.17,6,5.10594547390058,1,1,0
128.0,6,3.0,1.0,Entire home/apt,52.45556,13.52022,4.2,5,4.852030263919617,1,1,0
45.0,1,1.0,1.0,Entire home/apt,52.51151,13.24323,5.0,3,3.80666248977032,1,1,1
172.0,8,3.0,2.0,Entire home/apt,52.53617,13.42665,4.8,46,5.147494476813453,1,1,0
56.0,1,1.0,1.5,Private room,52.41635,13.50105,4.87,147,4.02535169073515,1,1,0
83.0,1,1.0,1.0,Private room,52.47245,13.44808,4.86,7,4.418840607796598,1,1,0
60.0,6,1.0,1.0,Entire home/apt,52.56125,13.20603,4.67,3,4.0943445622221,1,1,0
115.0,2,1.0,0.0,Private room,52.53037,13.42544,4.45,844,4.74493212836325,1,0,0
121.0,2,1.0,0.0,Private room,52.5303688,13.4254427,4.38,315,4.795790545596741,1,0,0
39.0,1,1.0,1.0,Shared room,52.52411,13.38989,4.67,54,3.6635616461296463,1,0,0
86.0,6,1.0,1.0,Entire home/apt,52.49958,13.46109,4.85,220,4.454347296253507,1,1,0
37.0,1,1.0,1.0,Private room,52.53986,13.35044,4.93,109,3.610917912644224,1,1,0
100.0,2,1.0,2.0,Private room,52.4185,13.33243,5.0,31,4.605170185988092,1,1,0
201.0,2,2.0,1.0,Entire home/apt,52.50367,13.41222,4.67,67,5.303304908059076,1,1,0
171.0,2,1.0,1.0,Entire home/apt,52.532486,13.417602,4.93,27,5.14166355650266,1,1,0
233.0,4,3.0,2.0,Entire home/apt,52.48549,13.39335,4.91,22,5.4510384535657,1,1,0
240.0,6,3.0,2.0,Entire home/apt,52.54933,13.4598,4.91,11,5.480638923341991,1,1,0
153.0,5,2.0,2.5,Entire home/apt,52.42561,13.26835,5.0,2,5.030437921392435,1,1,0
200.0,2,1.0,1.0,Entire home/apt,52.5244,13.40979,4.88,24,5.298317366548036,1,1,0
49.0,3,2.0,1.0,Entire home/apt,52.50057,13.56123,5.0,2,3.8918202981106265,1,1,0
96.0,3,1.0,1.0,Private room,52.48277,13.42408,4.98,41,4.564348191467836,1,1,1
151.0,4,2.0,1.0,Entire home/apt,52.46975,13.44547,5.0,20,5.017279836814924,1,1,0
147.0,8,2.0,1.0,Entire home/apt,52.5333,13.34689,4.36,14,4.990432586778736,1,1,0
60.0,1,1.0,1.0,Entire home/apt,52.46097,13.51984,5.0,1,4.0943445622221,1,1,0
62.0,1,1.0,1.0,Entire home/apt,52.46097,13.51984,4.67,3,4.127134385045092,0,0,0
58.0,1,1.0,1.0,Entire home/apt,52.46215,13.52087,0.0,0,4.060443010546419,1,1,0
48.0,3,1.0,1.0,Private room,52.53409,13.43122,4.88,33,3.871201010907891,1,1,0
87.0,3,1.0,1.0,Entire home/apt,52.48812152204732,13.422500018168767,4.88,42,4.465908118654584,1,1,0
105.0,3,1.0,1.0,Entire home/apt,52.54998,13.44832,4.92,194,4.653960350157523,1,1,0
74.0,4,2.0,1.0,Entire home/apt,52.45513,13.51592,4.85,226,4.30406509320417,1,1,0
84.0,2,1.0,1.0,Entire home/apt,52.5192,13.46552,5.0,1,4.430816798843313,1,1,0
50.0,1,1.0,1.0,Private room,52.42419,13.36616,4.97,111,3.912023005428146,1,0,0
217.0,4,1.0,1.0,Entire home/apt,52.48630905151367,13.42386245727539,4.0,8,5.37989735354046,1,1,0
123.0,4,1.0,1.0,Entire home/apt,52.5174,13.46388,4.88,156,4.812184355372417,1,1,0
101.0,2,1.0,1.0,Entire home/apt,52.55097579956055,13.41696834564209,4.83,48,4.61512051684126,1,1,0
48.0,1,1.0,1.0,Private room,52.41148,13.26181,5.0,1,3.871201010907891,1,1,0
600.0,8,2.0,2.0,Entire home/apt,52.550975,13.4169683,5.0,1,6.396929655216146,1,1,0
149.0,6,1.0,1.0,Entire home/apt,52.550975,13.4169683,4.88,77,5.003946305945459,1,1,0
111.0,3,1.0,1.5,Entire home/apt,52.52543,13.39064,4.84,19,4.709530201312334,1,1,0
132.0,2,0.0,1.0,Entire home/apt,52.4336,13.5334,4.5,2,4.882801922586371,1,1,0
153.0,2,1.0,1.0,Entire home/apt,52.43174,13.53152,0.0,0,5.030437921392435,1,1,0
100.0,1,0.0,1.0,Private room,52.51325,13.44829,4.5,4,4.605170185988092,1,0,0
107.0,2,1.0,1.0,Private room,52.51289,13.44771,4.68,71,4.672828834461906,1,0,0
34.0,2,1.0,1.5,Private room,52.46831,13.42888,0.0,0,3.5263605246161616,1,1,0
76.0,2,1.0,1.0,Entire home/apt,52.41022,13.54391,5.0,1,4.330733340286331,1,1,0
70.0,3,2.0,1.0,Entire home/apt,52.51712,13.25455,0.0,0,4.248495242049359,1,1,0
150.0,4,2.0,1.0,Entire home/apt,52.46672,13.46533,4.33,3,5.010635294096256,1,1,0
85.0,3,1.0,1.0,Entire home/apt,52.48058319091797,13.445087432861328,4.93,29,4.442651256490317,1,1,0
88.0,2,1.0,1.0,Entire home/apt,52.48833,13.43022,4.67,3,4.477336814478207,1,1,0
95.0,2,1.0,1.0,Entire home/apt,52.49663,13.30344,4.81,16,4.553876891600541,1,1,0
82.0,5,1.0,1.0,Entire home/apt,52.52179,13.45382,5.0,2,4.406719247264253,1,1,0
196.0,4,2.0,2.0,Entire home/apt,52.50071,13.31689,5.0,2,5.278114659230517,1,1,0
225.0,4,2.0,1.0,Entire home/apt,52.48603,13.43148,4.98,59,5.41610040220442,1,1,0
128.0,3,0.0,1.0,Private room,52.51301,13.44941,4.71,139,4.852030263919617,1,0,0
124.0,4,0.0,1.0,Private room,52.51325,13.44803,4.71,21,4.820281565605037,1,0,0
89.0,2,1.0,1.0,Entire home/apt,52.4855,13.32625,4.0,2,4.48863636973214,1,1,0
91.0,3,1.0,1.0,Entire home/apt,52.55192,13.42014,4.4,131,4.51085950651685,1,0,0
97.0,3,0.0,1.0,Entire home/apt,52.47191,13.44172,4.62,164,4.574710978503383,1,1,0
92.0,2,0.0,1.0,Entire home/apt,52.47198,13.43956,4.64,107,4.5217885770490405,1,1,0
172.0,6,2.0,1.5,Entire home/apt,52.53404034,13.433004983680194,4.87,175,5.147494476813453,1,1,0
77.0,2,1.0,1.0,Entire home/apt,52.50234,13.3627,4.86,42,4.343805421853684,1,1,0
72.0,4,2.0,1.0,Entire home/apt,52.53898,13.26462,5.0,3,4.276666119016055,1,1,0
80.0,2,1.0,1.0,Entire home/apt,52.55562657312034,13.42720363706492,5.0,29,4.382026634673881,1,1,0
144.0,5,1.0,1.0,Private room,52.47603,13.42636,4.29,17,4.969813299576001,1,1,0
88.0,3,1.0,1.0,Private room,52.47637,13.42563,3.83,6,4.477336814478207,1,1,0
74.0,3,1.0,1.0,Private room,52.47666,13.42742,4.2,15,4.30406509320417,1,0,0
73.0,5,1.0,1.0,Entire home/apt,52.44759101166265,13.344467388940082,0.0,0,4.290459441148391,1,1,0
60.0,2,1.0,1.0,Private room,52.5502,13.42357,4.88,17,4.0943445622221,1,1,0
179.0,4,2.0,1.0,Entire home/apt,52.562008,13.424982,4.88,49,5.187385805840755,1,1,0
120.0,4,1.0,1.0,Entire home/apt,52.47371,13.43989,4.46,126,4.787491742782046,1,1,0
109.0,5,1.0,1.0,Entire home/apt,52.52633666992188,13.326558113098145,5.0,36,4.691347882229144,1,1,0
99.0,3,0.0,1.0,Entire home/apt,52.4704,13.4556,4.62,143,4.59511985013459,1,0,0
175.0,5,2.0,2.0,Entire home/apt,52.51182553290767,13.278194280441603,4.95,101,5.1647859739235145,1,1,0
64.0,2,1.0,1.0,Private room,52.52371,13.31445,4.79,14,4.158883083359672,1,1,0
90.0,4,2.0,1.0,Entire home/apt,52.4952,13.39914,5.0,4,4.499809670330265,1,1,0
31.0,1,1.0,1.5,Private room,52.44516,13.45849,4.6,35,3.4339872044851463,1,1,0
162.0,6,2.0,1.0,Entire home/apt,52.550975,13.4169683,4.9,77,5.087596335232384,1,1,0
80.0,4,1.0,1.0,Entire home/apt,52.55152,13.40542,4.62,190,4.382026634673881,1,1,0
79.0,4,1.0,1.0,Entire home/apt,52.55195,13.40353,4.75,133,4.3694478524670215,1,1,0
99.0,4,2.0,1.0,Entire home/apt,52.55165,13.40565,4.68,234,4.59511985013459,1,1,0
84.0,3,1.0,1.0,Entire home/apt,52.53374,13.44264,4.97,36,4.430816798843313,1,1,0
157.0,6,1.0,1.0,Entire home/apt,52.51334,13.45585,4.71,197,5.056245805348308,1,1,0
399.0,12,3.0,3.0,Entire home/apt,52.47792,13.42669,4.16,61,5.988961416889864,1,1,0
106.0,2,1.0,1.0,Entire home/apt,52.52842,13.38995,4.69,150,4.663439094112067,1,0,0
50.0,1,1.0,1.0,Private room,52.48097,13.34707,0.0,0,3.912023005428146,1,1,0
59.0,2,1.0,1.0,Private room,52.52389,13.40573,4.84,196,4.07753744390572,1,1,0
72.0,2,1.0,1.0,Entire home/apt,52.54632,13.42701,5.0,1,4.276666119016055,1,1,0
122.0,4,2.0,1.5,Entire home/apt,52.36931,13.68773,4.57,7,4.804021044733257,1,1,0
176.0,4,2.0,1.0,Entire home/apt,52.54342,13.41875,5.0,44,5.170483995038151,1,1,0
226.0,4,0.0,0.0,Entire home/apt,52.50245,13.43777,4.78,27,5.420534999272286,1,1,0
205.0,8,2.0,2.0,Entire home/apt,52.51291,13.45488,4.63,236,5.3230099791384085,1,1,0
30.0,1,1.0,1.0,Private room,52.53256,13.34011,4.45,11,3.4011973816621555,1,1,0
153.0,2,1.0,1.0,Entire home/apt,52.5257,13.45205,5.0,10,5.030437921392435,1,1,0
137.0,4,1.0,1.0,Entire home/apt,52.55085,13.41196,4.97,32,4.919980925828125,1,1,0
46.0,1,1.0,1.5,Private room,52.52149,13.31722,0.0,0,3.828641396489095,1,1,0
71.0,2,1.0,1.0,Private room,52.4952,13.35782,4.98,94,4.262679877041316,1,0,0
49.0,2,0.0,1.0,Entire home/apt,52.44326,13.31478,0.0,0,3.8918202981106265,1,1,1
44.0,2,1.0,1.0,Entire home/apt,52.51759,13.58736,0.0,0,3.784189633918261,1,1,0
201.0,5,2.0,1.0,Entire home/apt,52.5620156,13.4249706,4.93,56,5.303304908059076,1,1,0
191.0,4,2.0,2.0,Entire home/apt,52.53482,13.40958,0.0,0,5.25227342804663,1,1,0
89.0,1,1.0,1.5,Private room,52.41689,13.33232,4.84,25,4.48863636973214,1,1,0
109.0,1,1.0,1.0,Private room,52.50469,13.30305,3.84,25,4.691347882229144,1,0,0
81.0,2,1.0,1.0,Entire home/apt,52.54881,13.41093,0.0,0,4.394449154672439,1,1,0
150.0,2,1.0,1.0,Private room,52.55458,13.42818,4.88,25,5.010635294096256,1,1,0
315.0,8,2.0,2.0,Private room,52.47749,13.42687,3.0,1,5.752572638825633,1,1,0
101.0,3,0.0,1.0,Entire home/apt,52.4704,13.45337,4.68,118,4.61512051684126,1,1,0
191.0,7,2.0,2.0,Entire home/apt,52.52875,13.38976,4.58,24,5.25227342804663,1,1,0
170.0,2,1.0,1.0,Entire home/apt,52.51764,13.46043,5.0,14,5.135798437050262,1,1,0
125.0,2,1.0,1.0,Entire home/apt,52.49619,13.46652,5.0,1,4.8283137373023015,0,1,0
60.0,4,1.0,1.0,Entire home/apt,52.52893,13.39985,0.0,0,4.0943445622221,1,1,0
85.0,1,1.0,1.0,Entire home/apt,52.50336012390648,13.427585476138365,5.0,1,4.442651256490317,1,1,0
120.0,6,3.0,1.0,Entire home/apt,52.50710918126155,13.4248724,5.0,2,4.787491742782046,1,1,0
50.0,2,1.0,1.0,Private room,52.56058,13.3953,4.91,54,3.912023005428146,1,1,0
86.0,4,1.0,1.0,Entire home/apt,52.45846,13.53126,4.83,187,4.454347296253507,1,1,0
152.0,6,2.0,1.0,Entire home/apt,52.50569,13.38034,4.94,252,5.0238805208462765,1,1,0
80.0,1,1.0,1.0,Private room,52.50552,13.2848,4.89,46,4.382026634673881,1,1,0
74.0,2,1.0,1.0,Entire home/apt,52.51407241821289,13.173505783081056,4.5,8,4.30406509320417,1,1,0
80.0,2,1.0,1.0,Private room,52.49276,13.38935,4.87,38,4.382026634673881,1,1,0
122.0,3,1.0,1.0,Private room,52.49441,13.30907,4.15,34,4.804021044733257,1,0,0
85.0,1,1.0,1.0,Private room,52.49446,13.31093,4.39,54,4.442651256490317,1,0,0
141.0,4,1.0,1.0,Private room,52.49444,13.31066,4.06,18,4.948759890378168,1,0,0
133.0,2,1.0,1.0,Private room,52.49528,13.30873,4.33,6,4.890349128221754,1,0,0
95.0,2,1.0,1.0,Private room,52.49364,13.31264,4.09,87,4.553876891600541,1,0,0
82.0,1,1.0,1.0,Private room,52.49617,13.31039,4.25,56,4.406719247264253,1,0,0
108.0,4,1.0,1.0,Entire home/apt,52.55056,13.45067,4.59,32,4.68213122712422,1,1,0
141.0,1,0.0,1.0,Private room,52.50401,13.31394,4.6,5,4.948759890378168,1,0,0
168.0,2,0.0,1.0,Private room,52.50306,13.31393,4.67,3,5.123963979403259,1,0,0
185.0,2,0.0,1.0,Private room,52.50381,13.31194,5.0,1,5.220355825078324,1,0,0
221.0,4,1.0,1.0,Private room,52.5026,13.31395,4.86,36,5.3981627015177525,1,1,0
105.0,1,0.0,1.0,Private room,52.4488,13.60931,0.0,0,4.653960350157523,1,0,0
111.0,2,0.0,1.0,Private room,52.4485,13.60912,4.91,11,4.709530201312334,1,0,0
121.0,2,1.0,1.0,Private room,52.44938,13.61075,4.0,1,4.795790545596741,1,0,0
131.0,2,1.0,1.0,Private room,52.44928,13.61028,5.0,1,4.875197323201151,1,0,0
154.0,2,0.0,1.0,Private room,52.44772,13.61083,0.0,0,5.0369526024136295,1,0,0
148.0,2,1.0,1.0,Private room,52.44874,13.61034,3.0,1,4.997212273764115,1,0,0
45.0,2,1.0,1.5,Private room,52.51399,13.29016,4.73,278,3.80666248977032,1,1,0
277.0,8,2.0,2.0,Private room,52.47878,13.4249,4.5,10,5.6240175061873385,1,1,0
45.0,2,1.0,1.5,Private room,52.51358,13.29154,4.53,205,3.80666248977032,1,1,0
92.0,1,1.0,1.0,Private room,52.59987,13.33119,4.58,43,4.5217885770490405,1,1,0
99.0,2,1.0,1.0,Entire home/apt,52.59602,13.44937,4.91,22,4.59511985013459,1,1,1
148.0,2,1.0,1.0,Entire home/apt,52.50314,13.30177,5.0,11,4.997212273764115,1,1,1
190.0,2,0.0,1.0,Entire home/apt,52.51589,13.46748,4.63,54,5.247024072160486,1,1,0
142.0,4,2.0,1.0,Entire home/apt,52.51031,13.45675,5.0,43,4.955827057601261,1,1,0
336.0,5,1.0,1.0,Private room,52.49843,13.32582,4.6,10,5.817111159963204,1,0,0
563.0,4,2.0,2.0,Entire home/apt,52.50893,13.45737,5.0,31,6.333279628139691,1,1,1
197.0,4,1.0,1.0,Entire home/apt,52.50229,13.4389,4.92,151,5.2832037287379885,1,1,0
77.0,2,1.0,1.0,Entire home/apt,52.45751,13.3873,4.78,37,4.343805421853684,1,1,0
80.0,2,1.0,1.0,Entire home/apt,52.55217,13.35147,4.66,68,4.382026634673881,1,1,0
136.0,2,1.0,1.0,Private room,52.54478073120117,13.413029670715332,5.0,2,4.912654885736052,1,0,0
121.0,1,1.0,1.0,Private room,52.54478073120117,13.413029670715332,4.74,19,4.795790545596741,1,0,0
136.0,2,1.0,1.0,Private room,52.54478073120117,13.413029670715332,4.5,4,4.912654885736052,1,0,0
301.0,9,3.0,1.0,Entire home/apt,52.55756,13.38896,4.88,40,5.707110264748875,1,1,0
96.0,2,1.0,1.5,Entire home/apt,52.50429,13.46782,0.0,0,4.564348191467836,1,1,0
78.0,2,1.0,1.0,Private room,52.52124,13.47126,4.75,20,4.356708826689592,1,1,0
101.0,2,1.0,1.0,Private room,52.49231529393621,13.553870232519472,5.0,10,4.61512051684126,1,1,0
87.0,2,1.0,1.0,Entire home/apt,52.47322,13.43078,4.73,11,4.465908118654584,1,1,0
112.0,4,2.0,1.0,Entire home/apt,52.53876,13.38781,4.64,114,4.718498871295094,1,1,0
104.0,5,2.0,2.0,Entire home/apt,52.54256,13.35272,4.61,148,4.6443908991413725,1,1,0
165.0,2,1.0,1.0,Entire home/apt,52.49756,13.48287,4.85,55,5.10594547390058,1,1,0
80.0,2,1.0,1.0,Entire home/apt,52.50684,13.4701,0.0,0,4.382026634673881,1,1,0
162.0,2,0.0,1.0,Private room,52.51033899336524,13.416378754604976,4.72,266,5.087596335232384,1,0,1
219.0,3,0.0,1.0,Private room,52.51163,13.41689,4.67,12,5.389071729816501,1,0,1
92.0,2,1.0,1.0,Entire home/apt,52.5121,13.40826,4.74,90,4.5217885770490405,0,0,0
104.0,2,1.0,1.0,Entire home/apt,52.39624023,13.150737762451172,4.87,263,4.6443908991413725,1,1,0
77.0,2,1.0,1.0,Entire home/apt,52.522793,13.448804,4.58,12,4.343805421853684,1,1,0
44.0,1,0.0,1.5,Entire home/apt,52.51286,13.40391,5.0,4,3.784189633918261,1,1,0
60.0,2,1.0,1.5,Private room,52.46166,13.3183,4.93,109,4.0943445622221,1,1,0
83.0,3,1.0,1.0,Entire home/apt,52.52925,13.38734,4.79,24,4.418840607796598,1,1,0
127.0,4,2.0,1.0,Entire home/apt,52.56066,13.38354,4.57,166,4.844187086458591,1,1,0
88.0,4,1.0,1.0,Entire home/apt,52.49629,13.36047,4.8,196,4.477336814478207,1,1,0
60.0,4,1.0,1.0,Entire home/apt,52.51403,13.173522,4.04,25,4.0943445622221,1,1,0
74.0,2,1.0,1.0,Entire home/apt,52.5304,13.3954,4.73,15,4.30406509320417,1,1,1
74.0,2,1.0,1.0,Entire home/apt,52.51511,13.17452,4.5,10,4.30406509320417,1,1,0
78.0,2,1.0,1.0,Private room,52.52874,13.39503,4.79,14,4.356708826689592,1,1,1
64.0,4,1.0,1.0,Entire home/apt,52.51174,13.41628,4.9,211,4.158883083359672,1,1,0
119.0,6,2.0,1.0,Entire home/apt,52.55038,13.34994,4.18,100,4.77912349311153,1,1,1
92.0,5,0.0,1.0,Entire home/apt,52.54955,13.34899,4.23,117,4.5217885770490405,1,1,1
67.0,1,1.0,1.0,Private room,52.52416,13.42889,4.96,49,4.204692619390966,1,1,0
49.0,2,1.0,1.0,Entire home/apt,52.5201,13.28768,5.0,5,3.8918202981106265,1,1,0
210.0,4,2.0,2.0,Entire home/apt,52.45177,13.56885,5.0,12,5.3471075307174685,1,1,1
55.0,2,1.0,1.0,Private room,52.55486,13.34325,4.79,81,4.007333185232471,1,0,0
119.0,5,2.0,1.0,Entire home/apt,52.50105955234742,13.463636331577778,5.0,9,4.77912349311153,1,1,0
81.0,2,1.0,1.0,Entire home/apt,52.52056,13.46915,4.88,34,4.394449154672439,1,1,0
271.0,2,1.0,1.0,Entire home/apt,52.5323,13.4056,0.0,0,5.602118820879701,1,1,0
685.0,4,2.0,2.0,Entire home/apt,52.53016,13.40483,5.0,8,6.529418838262226,1,1,0
153.0,4,1.0,1.0,Entire home/apt,52.52107,13.44495,5.0,25,5.030437921392435,1,1,0
161.0,2,0.0,1.0,Entire home/apt,52.51263,13.46304,5.0,2,5.081404364984463,1,1,0
186.0,2,1.0,1.0,Entire home/apt,52.61134,13.4428,4.99,93,5.225746673713202,1,1,0
65.0,2,1.0,1.0,Private room,52.54955,13.41322,4.9,96,4.174387269895637,1,1,0
30.0,2,0.0,1.0,Private room,52.40903,13.32988,5.0,3,3.4011973816621555,1,1,0
132.0,6,1.0,1.0,Entire home/apt,52.546861,13.4119518,4.43,145,4.882801922586371,1,1,0
78.0,3,2.0,1.0,Entire home/apt,52.51916,13.31599,0.0,0,4.356708826689592,1,1,0
226.0,4,2.0,1.5,Entire home/apt,52.53297,13.38111,4.73,176,5.420534999272286,1,0,1
80.0,2,1.0,1.0,Entire home/apt,52.53561,13.40735,0.0,0,4.382026634673881,1,1,0
209.0,8,4.0,2.5,Entire home/apt,52.51151,13.52813,4.8,81,5.342334251964811,1,1,0
54.0,1,1.0,1.0,Private room,52.4868,13.30035,4.84,198,3.9889840465642745,1,0,0
110.0,2,1.0,1.0,Entire home/apt,52.49761581420898,13.351993560791016,4.94,130,4.700480365792417,1,0,0
85.0,2,1.0,1.0,Entire home/apt,52.53553,13.40682,0.0,0,4.442651256490317,1,1,0
95.0,4,2.0,1.0,Entire home/apt,52.53543,13.40726,0.0,0,4.553876891600541,1,1,0
90.0,2,1.0,1.0,Entire home/apt,52.53478,13.40601,5.0,1,4.499809670330265,1,1,0
95.0,4,1.0,1.5,Entire home/apt,52.535,13.40619,0.0,0,4.553876891600541,1,1,0
137.0,2,1.0,1.0,Entire home/apt,52.51181,13.455815,4.71,203,4.919980925828125,1,0,0
159.0,4,1.0,1.0,Entire home/apt,52.51181,13.455815,4.57,82,5.068904202220232,1,0,0
175.0,4,1.0,1.0,Entire home/apt,52.51181,13.455815,4.69,470,5.1647859739235145,1,1,0
145.0,1,1.0,1.0,Private room,52.496513,13.347855,4.44,52,4.976733742420574,1,0,0
67.0,3,1.0,1.0,Entire home/apt,52.48743,13.36097,4.84,96,4.204692619390966,1,1,0
136.0,2,1.0,1.0,Private room,52.54478073120117,13.413029670715332,4.5,2,4.912654885736052,1,0,0
80.0,2,1.0,1.5,Entire home/apt,52.50586,13.35697,5.0,1,4.382026634673881,1,1,0
228.0,12,2.0,1.0,Entire home/apt,52.48513,13.42791,4.29,52,5.429345628954441,1,1,0
79.0,3,4.0,2.0,Entire home/apt,52.51729,13.47077,5.0,2,4.3694478524670215,1,1,0
220.0,8,3.0,1.5,Entire home/apt,52.5173,13.46256,4.83,102,5.393627546352362,1,1,0
60.0,2,1.0,1.0,Entire home/apt,52.55371,13.37985,4.0,2,4.0943445622221,1,1,1
135.0,4,2.0,1.0,Entire home/apt,52.5282,13.39708,4.5,204,4.90527477843843,1,1,0
71.0,2,1.0,1.0,Entire home/apt,52.54137,13.35683,4.6,5,4.262679877041316,1,1,0
93.0,4,2.0,1.0,Entire home/apt,52.47704873,13.284622098849084,4.4,25,4.532599493153256,1,1,0
112.0,2,1.0,1.0,Entire home/apt,52.57578,13.39417,4.87,38,4.718498871295094,1,0,0
71.0,2,1.0,1.0,Private room,52.49415430119825,13.33862612669252,5.0,18,4.262679877041316,1,1,0
107.0,2,1.0,1.0,Entire home/apt,52.57611,13.39221,4.86,29,4.672828834461906,1,0,0
71.0,3,1.0,1.0,Entire home/apt,52.48594,13.43138,4.9,72,4.262679877041316,1,1,0
111.0,5,0.0,1.0,Entire home/apt,52.5347392,13.4075764,4.15,106,4.709530201312334,1,1,0
205.0,6,2.0,1.0,Entire home/apt,52.5474,13.41501,4.67,116,5.3230099791384085,1,1,0
192.0,4,1.0,1.0,Private room,52.50428,13.44344,4.85,13,5.2574953720277815,1,0,0
142.0,2,1.0,1.0,Entire home/apt,52.48055648803711,13.42574977874756,4.66,98,4.955827057601261,1,0,0
160.0,2,1.0,1.0,Entire home/apt,52.48055648803711,13.42574977874756,4.72,65,5.075173815233827,1,1,0
161.0,2,1.0,1.0,Entire home/apt,52.48055648803711,13.42574977874756,4.58,74,5.081404364984463,1,1,0
179.0,4,1.0,1.0,Entire home/apt,52.481,13.42679,4.59,100,5.187385805840755,1,1,0
190.0,4,1.0,1.0,Entire home/apt,52.48144,13.42631,4.65,57,5.247024072160486,1,1,0
137.0,2,1.0,1.0,Private room,52.50402,13.44522,4.65,31,4.919980925828125,1,0,0
158.0,3,1.0,1.0,Private room,52.50425,13.44461,4.68,19,5.062595033026967,1,0,0
63.0,2,1.0,1.0,Private room,52.55068,13.42838,4.89,175,4.143134726391533,1,1,0
213.0,8,3.0,1.0,Entire home/apt,52.54752,13.4132,4.76,114,5.3612921657094255,1,0,0
60.0,2,1.0,1.0,Private room,52.46716,13.34137,4.92,26,4.0943445622221,1,1,0
94.0,2,1.0,1.0,Entire home/apt,52.53911,13.37636,4.61,153,4.543294782270004,1,1,0
114.0,6,2.0,1.0,Entire home/apt,52.53973,13.37645,4.69,186,4.736198448394496,1,1,0
85.0,4,1.0,1.0,Entire home/apt,52.53966,13.37452,4.76,173,4.442651256490317,1,1,0
101.0,4,1.0,1.0,Entire home/apt,52.52354,13.3811,0.0,0,4.61512051684126,1,1,0
220.0,7,2.0,1.0,Entire home/apt,52.54907,13.41305,4.73,106,5.393627546352362,1,1,0
154.0,6,3.0,1.5,Entire home/apt,52.52635,13.40879,4.71,190,5.0369526024136295,1,1,0
46.0,1,1.0,1.0,Private room,52.55543,13.45653,4.5,6,3.828641396489095,1,1,0
97.0,4,2.0,1.0,Entire home/apt,52.5257,13.40847,4.59,163,4.574710978503383,1,1,0
66.0,2,0.0,1.0,Entire home/apt,52.51016,13.46176,4.24,118,4.189654742026425,1,1,0
84.0,4,1.0,2.0,Entire home/apt,52.51015853881836,13.461761474609377,4.13,138,4.430816798843313,1,1,0
313.0,12,4.0,1.5,Entire home/apt,52.53014,13.39599,4.62,168,5.746203190540153,1,1,0
181.0,4,1.0,1.0,Entire home/apt,52.51737,13.46192,4.85,148,5.198497031265826,1,1,0
108.0,6,1.0,1.0,Entire home/apt,52.46159692332921,13.520963990478238,0.0,0,4.68213122712422,0,0,0
108.0,4,1.0,1.0,Entire home/apt,52.49228,13.42903,4.86,169,4.68213122712422,1,1,0
123.0,2,1.0,1.0,Entire home/apt,52.48404,13.37687,4.72,53,4.812184355372417,1,1,0
68.0,1,1.0,2.0,Private room,52.50557758305792,13.347205551630983,4.73,11,4.219507705176107,1,1,0
139.0,2,1.0,1.0,Private room,52.49249317382629,13.38826201895325,4.8,1015,4.934473933130692,1,0,0
60.0,1,1.0,1.0,Private room,52.47922,13.34771,4.95,73,4.0943445622221,1,0,0
34.0,2,1.0,1.0,Entire home/apt,52.49937,13.30043,0.0,0,3.5263605246161616,1,1,0
139.0,2,1.0,1.0,Entire home/apt,52.5732,13.41075,5.0,11,4.934473933130692,1,1,0
50.0,2,1.0,1.0,Entire home/apt,52.48176,13.42526,0.0,0,3.912023005428146,0,1,0
70.0,2,1.0,1.0,Entire home/apt,52.46415,13.32218,5.0,3,4.248495242049359,1,1,0
130.0,2,1.0,1.0,Private room,52.533463,13.410749,4.31,16,4.867534450455582,1,1,0
149.0,1,1.0,1.0,Private room,52.533463,13.410749,5.0,2,5.003946305945459,1,1,0
83.0,2,1.0,1.0,Entire home/apt,52.51173,13.42659,0.0,0,4.418840607796598,1,1,0
47.0,1,1.0,1.0,Private room,52.50086,13.47862,5.0,32,3.8501476017100575,1,1,0
245.0,4,2.0,1.0,Entire home/apt,52.51787,13.46649,4.5,8,5.501258210544727,1,1,0
58.0,3,1.0,1.0,Entire home/apt,52.49341990864647,13.397575077743031,4.5,4,4.060443010546419,1,1,0
48.0,2,1.0,1.0,Entire home/apt,52.51358,13.45715,0.0,0,3.871201010907891,1,1,0
46.0,2,1.0,1.0,Entire home/apt,52.50421,13.42748,0.0,0,3.828641396489095,1,1,0
83.0,2,1.0,1.0,Entire home/apt,52.53125,13.4025,4.67,72,4.418840607796598,1,0,0
46.0,2,1.0,1.0,Entire home/apt,52.50408,13.42744,0.0,0,3.828641396489095,1,1,0
83.0,2,1.0,1.0,Private room,52.53112,13.40082,4.57,7,4.418840607796598,1,0,0
48.0,2,1.0,1.0,Entire home/apt,52.50501,13.42591,0.0,0,3.871201010907891,1,1,0
303.0,7,1.0,1.0,Entire home/apt,52.53103,13.40122,5.0,3,5.713732805509369,1,1,0
157.0,9,2.0,1.0,Entire home/apt,52.53059,13.42721,4.31,35,5.056245805348308,1,1,0
60.0,3,1.0,1.0,Entire home/apt,52.51336,13.17422,4.85,13,4.0943445622221,1,1,0
70.0,2,1.0,1.0,Entire home/apt,52.49026,13.40099,5.0,8,4.248495242049359,1,1,0
48.0,2,1.0,1.0,Entire home/apt,52.549572676672696,13.381765107243474,4.0,3,3.871201010907891,1,1,1
200.0,5,3.0,2.0,Entire home/apt,52.48153,13.38191,0.0,0,5.298317366548036,1,1,0
180.0,7,3.0,1.0,Entire home/apt,52.43631,13.31349,4.6,10,5.19295685089021,1,1,0
219.0,6,2.0,1.5,Entire home/apt,52.4342,13.31389,4.0,11,5.389071729816501,1,1,0
39.0,2,1.0,1.0,Entire home/apt,52.53455350932633,13.343117708701822,0.0,0,3.6635616461296463,1,1,0
190.0,2,1.0,1.0,Entire home/apt,52.52693,13.45495,4.99,71,5.247024072160486,1,1,0
83.0,4,1.0,1.0,Entire home/apt,52.4953183,13.2961201,4.32,112,4.418840607796598,1,1,1
110.0,3,1.0,1.0,Private room,52.48,13.431783,4.67,3,4.700480365792417,1,1,0
91.0,2,1.0,1.0,Private room,52.47886,13.43137,4.88,50,4.51085950651685,1,0,0
103.0,2,1.0,1.0,Private room,52.48077,13.43107,4.83,30,4.634728988229636,1,0,0
72.0,2,0.0,1.0,Entire home/apt,52.54462814331055,13.368221282958984,0.0,0,4.276666119016055,1,1,1
81.0,2,0.0,1.0,Entire home/apt,52.54462814331055,13.368221282958984,0.0,0,4.394449154672439,1,1,1
90.0,2,1.0,1.0,Entire home/apt,52.49369430541992,13.39686679840088,4.85,268,4.499809670330265,1,1,0
140.0,3,1.0,2.0,Entire home/apt,52.54462814331055,13.368221282958984,0.0,0,4.941642422609304,1,1,1
38.0,2,1.0,1.0,Entire home/apt,52.409,13.52836,4.85,269,3.6375861597263857,1,1,0
109.0,2,1.0,1.0,Entire home/apt,52.58703,13.35501,4.9,88,4.691347882229144,1,1,0
31.0,1,1.0,1.0,Private room,52.54669,13.42873,5.0,6,3.4339872044851463,1,1,0
147.0,3,1.0,1.0,Entire home/apt,52.53214,13.42648,4.49,81,4.990432586778736,1,1,0
141.0,5,1.0,1.0,Entire home/apt,52.53251,13.42858,4.5,50,4.948759890378168,1,1,0
118.0,4,1.0,1.0,Entire home/apt,52.43345,13.30051,4.82,22,4.770684624465665,1,1,0
127.0,5,1.0,1.0,Entire home/apt,52.50221,13.43867,4.82,39,4.844187086458591,1,1,0
138.0,3,1.0,1.0,Entire home/apt,52.53175735473633,13.427446365356444,4.58,86,4.927253685157205,1,1,0
75.0,2,1.0,1.0,Entire home/apt,52.51963,13.2536,0.0,0,4.31748811353631,1,1,0
180.0,2,1.0,1.0,Entire home/apt,52.49144,13.378076,5.0,3,5.19295685089021,1,1,0
120.0,4,1.0,2.0,Private room,52.43413,13.31307,5.0,3,4.787491742782046,1,0,0
87.0,2,1.0,1.0,Private room,52.54305,13.41691,0.0,0,4.465908118654584,1,0,0
187.0,9,4.0,1.5,Entire home/apt,52.48312,13.35641,4.82,89,5.231108616854587,1,1,0
99.0,2,1.0,2.0,Private room,52.43611,13.31321,4.33,3,4.59511985013459,1,0,0
99.0,3,1.0,2.0,Private room,52.43489,13.31371,4.75,4,4.59511985013459,1,0,0
99.0,2,1.0,1.0,Entire home/apt,52.43594,13.31209,4.71,7,4.59511985013459,1,1,0
314.0,8,3.0,2.0,Entire home/apt,52.53614,13.42837,4.77,22,5.749392985908253,1,1,0
55.0,1,1.0,1.0,Private room,52.43591,13.31395,4.7,10,4.007333185232471,1,0,0
57.0,2,1.0,1.0,Entire home/apt,52.51199,13.29858,0.0,0,4.04305126783455,1,1,0
69.0,4,2.0,1.0,Entire home/apt,52.50314,13.29972,0.0,0,4.23410650459726,1,1,0
108.0,2,1.0,1.0,Entire home/apt,52.60656,13.43132,4.96,25,4.68213122712422,1,1,1
59.0,1,1.0,2.0,Private room,52.43461,13.31179,4.6,5,4.07753744390572,1,0,0
158.0,6,2.0,1.0,Entire home/apt,52.50165,13.45335,4.92,127,5.062595033026967,1,1,0
49.0,2,1.0,1.0,Private room,52.50488,13.30939,4.78,130,3.8918202981106265,1,1,0
36.0,2,1.0,1.0,Private room,52.43633,13.50685,4.9,77,3.58351893845611,1,1,0
55.0,2,1.0,1.0,Private room,52.389008,13.561768,4.92,239,4.007333185232471,1,0,0
96.0,2,1.0,1.0,Entire home/apt,52.488155,13.419882,4.91,45,4.564348191467836,1,1,0
27.0,1,1.0,1.0,Entire home/apt,52.43081,13.49162,5.0,3,3.295836866004329,1,1,0
59.0,1,1.0,0.0,Shared room,52.533463,13.410749,4.57,51,4.07753744390572,1,1,0
120.0,2,1.0,1.0,Entire home/apt,52.493,13.42291,4.0,6,4.787491742782046,1,1,0
74.0,2,1.0,1.0,Private room,52.48796531951798,13.407280837349305,5.0,2,4.30406509320417,1,1,0
104.0,2,1.0,1.0,Entire home/apt,52.50865,13.4638,4.56,167,4.6443908991413725,1,1,0
200.0,4,2.0,1.0,Entire home/apt,52.54599,13.41802,5.0,8,5.298317366548036,1,1,0
50.0,1,1.0,0.0,Shared room,52.533463,13.410749,4.76,72,3.912023005428146,1,1,0
85.0,2,1.0,1.0,Entire home/apt,52.49027,13.39206,4.75,4,4.442651256490317,1,1,0
12.0,3,2.0,1.0,Entire home/apt,52.46600242604407,13.583243860114568,0.0,0,2.4849066497880004,0,1,0
190.0,3,0.0,0.0,Private room,52.533463,13.410749,4.89,19,5.247024072160486,1,1,0
83.0,1,1.0,1.0,Entire home/apt,52.5348596,13.432318100868098,4.75,32,4.418840607796598,1,1,0
386.0,6,3.0,3.0,Entire home/apt,52.51251,13.46292,4.75,137,5.955837369464831,1,1,0
95.0,4,2.0,1.0,Entire home/apt,52.52813,13.14689,0.0,0,4.553876891600541,1,1,0
180.0,3,1.0,1.5,Entire home/apt,52.53412,13.39498,5.0,31,5.19295685089021,1,1,1
85.0,2,1.0,1.0,Entire home/apt,52.52246,13.35373,5.0,1,4.442651256490317,1,1,0
992.0,1,1.0,1.0,Private room,52.58242,13.28665,5.0,2,6.899723107284872,1,0,1
992.0,2,1.0,1.0,Private room,52.58469,13.28762,5.0,4,6.899723107284872,1,0,1
992.0,2,1.0,1.0,Private room,52.58282,13.28623,5.0,1,6.899723107284872,1,0,1
68.0,1,1.0,1.0,Private room,52.53513,13.43151,4.73,26,4.219507705176107,1,1,0
68.0,2,1.0,1.5,Private room,52.53461856632123,13.37965826031827,4.75,16,4.219507705176107,1,0,0
398.0,8,3.0,2.5,Entire home/apt,52.565048,13.40715,4.67,3,5.986452005284438,1,1,0
210.0,5,1.0,1.0,Entire home/apt,52.565048,13.40715,5.0,2,5.3471075307174685,1,1,0
139.0,2,1.0,1.0,Entire home/apt,52.4973173,13.3322221,0.0,0,4.934473933130692,1,1,0
106.0,2,0.0,1.0,Entire home/apt,52.49761179999999,13.3325317,0.0,0,4.663439094112067,1,1,0
80.0,2,1.0,1.0,Entire home/apt,52.48832,13.38655,5.0,2,4.382026634673881,1,1,0
139.0,2,1.0,1.0,Entire home/apt,52.49761179999999,13.3325317,0.0,0,4.934473933130692,1,1,0
75.0,2,1.0,1.5,Private room,52.53395822088129,13.423609824224284,4.92,39,4.31748811353631,1,1,0
220.0,2,0.0,1.0,Entire home/apt,52.52996,13.34223,4.89,9,5.393627546352362,1,1,0
90.0,2,1.0,1.0,Entire home/apt,52.5104,13.6124,4.76,90,4.499809670330265,1,1,0
200.0,4,1.0,1.0,Entire home/apt,52.56408170598267,13.406458884985238,4.5,2,5.298317366548036,1,1,0
94.0,2,1.0,1.0,Private room,52.59921,13.33146,3.75,4,4.543294782270004,1,1,0
91.0,2,1.0,1.0,Private room,52.59916,13.33173,4.35,17,4.51085950651685,1,1,0
77.0,1,1.0,1.0,Private room,52.60071,13.331,4.88,8,4.343805421853684,1,1,0
77.0,1,1.0,1.0,Private room,52.59977,13.33277,4.2,5,4.343805421853684,1,1,0
107.0,3,1.0,1.0,Private room,52.59937,13.33298,4.56,9,4.672828834461906,1,1,0
107.0,3,1.0,1.0,Private room,52.60117,13.33151,4.27,11,4.672828834461906,1,1,0
115.0,6,2.0,1.0,Entire home/apt,52.55154,13.40359,4.73,229,4.74493212836325,1,1,0
56.0,2,1.0,1.0,Private room,52.49149528,13.356009412526566,4.77,13,4.02535169073515,1,1,0
165.0,4,1.0,1.0,Private room,52.50511888640105,13.302382034393291,4.27,49,5.10594547390058,1,0,0
129.0,2,1.0,1.0,Entire home/apt,52.51647,13.33351,4.89,9,4.859812404361672,1,1,1
85.0,2,1.0,1.0,Entire home/apt,52.51459,13.33298,5.0,7,4.442651256490317,1,1,1
110.0,4,3.0,1.0,Entire home/apt,52.5053,13.39748,0.0,0,4.700480365792417,1,1,0
147.0,2,1.0,1.0,Entire home/apt,52.50367,13.446684,4.7,66,4.990432586778736,1,1,0
140.0,3,1.0,1.0,Entire home/apt,52.53222,13.40313,4.83,47,4.941642422609304,1,1,0
155.0,4,1.0,1.0,Entire home/apt,52.50367,13.446684,4.59,69,5.043425116919247,1,1,0
170.0,4,1.0,1.0,Entire home/apt,52.50367,13.446684,4.73,48,5.135798437050262,1,1,0
174.0,4,1.0,1.0,Entire home/apt,52.50367,13.446684,4.58,53,5.159055299214529,1,1,0
115.0,2,0.0,1.0,Entire home/apt,52.4976041,13.3326964,0.0,0,4.74493212836325,1,1,0
195.0,6,1.0,1.0,Entire home/apt,52.50367,13.446684,4.63,57,5.272999558563747,1,1,0
213.0,7,2.0,1.0,Entire home/apt,52.50367,13.446684,4.52,138,5.3612921657094255,1,1,0
232.0,9,3.0,1.0,Entire home/apt,52.50367,13.446684,4.69,87,5.44673737166631,1,1,0
63.0,3,1.0,1.0,Entire home/apt,52.54611,13.54755,4.25,8,4.143134726391533,1,1,0
221.0,1,1.0,1.0,Private room,52.54945,13.38125,4.56,9,5.3981627015177525,1,0,0
263.0,2,1.0,1.0,Private room,52.55015,13.38311,4.5,6,5.572154032177765,1,0,0
229.0,2,1.0,1.0,Private room,52.54963,13.38161,4.6,188,5.43372200355424,1,0,0
271.0,2,1.0,1.0,Private room,52.54823,13.38158,5.0,1,5.602118820879701,1,0,0
301.0,3,1.0,1.0,Private room,52.54824,13.38285,4.6,25,5.707110264748875,1,0,0
338.0,4,1.0,1.0,Private room,52.54832,13.38154,4.21,33,5.823045895483019,1,0,0
376.0,5,1.0,1.0,Private room,52.54796,13.38168,4.44,16,5.929589143389895,1,0,0
413.0,6,1.0,1.0,Private room,52.54998,13.38301,4.63,30,6.023447592961033,1,0,0
139.0,2,1.0,1.0,Entire home/apt,52.5013987,13.3583716,0.0,0,4.934473933130692,1,1,0
138.0,8,2.0,1.5,Entire home/apt,52.4595,13.51887,5.0,8,4.927253685157205,1,1,1
86.0,2,1.0,1.0,Entire home/apt,52.54313,13.41938,5.0,25,4.454347296253507,1,1,0
77.0,2,1.0,2.0,Private room,52.501,13.43214,4.61,225,4.343805421853684,1,1,0
77.0,2,1.0,2.0,Private room,52.501,13.43214,4.61,181,4.343805421853684,1,1,0
161.0,6,2.0,1.5,Entire home/apt,52.52593,13.41121,0.0,0,5.081404364984463,0,1,0
146.0,2,1.0,1.0,Entire home/apt,52.51948,13.30341,5.0,24,4.983606621708336,1,1,1
119.0,2,1.0,1.0,Entire home/apt,52.56713,13.40133,4.82,28,4.77912349311153,1,1,0
103.0,2,1.0,1.0,Entire home/apt,52.51469,13.33309,5.0,16,4.634728988229636,1,1,1
94.0,2,1.0,1.0,Entire home/apt,52.51669,13.33208,5.0,5,4.543294782270004,1,1,1
189.0,2,1.0,1.0,Entire home/apt,52.52397207456062,13.379311055699736,4.93,54,5.241747015059643,1,1,0
129.0,4,2.0,1.0,Entire home/apt,52.54991563931748,13.454945926779066,4.52,54,4.859812404361672,1,1,0
80.0,2,1.0,1.0,Private room,52.51654,13.33296,5.0,4,4.382026634673881,1,1,1
239.0,2,1.0,1.0,Private room,52.51665,13.3334,0.0,0,5.476463551931511,1,1,1
111.0,2,1.0,2.0,Entire home/apt,52.5107915440132,13.474640128548725,5.0,12,4.709530201312334,1,1,0
131.0,2,1.0,1.0,Entire home/apt,52.51687240600586,13.44896411895752,5.0,31,4.875197323201151,1,1,0
120.0,2,1.0,1.0,Entire home/apt,52.50954094399161,13.399187741915652,4.86,14,4.787491742782046,1,1,0
49.0,1,1.0,1.0,Private room,52.49751,13.31571,4.86,73,3.8918202981106265,1,0,0
150.0,6,2.0,1.5,Entire home/apt,52.52393,13.4109,0.0,0,5.010635294096256,0,1,0
67.0,2,1.0,1.0,Entire home/apt,52.50267,13.43275,4.9,31,4.204692619390966,1,0,1
106.0,4,2.0,1.0,Entire home/apt,52.522747,13.401204,4.95,22,4.663439094112067,1,1,0
97.0,3,1.0,1.0,Entire home/apt,52.53631027167913,13.428335049209188,0.0,0,4.574710978503383,1,1,0
66.0,2,1.0,1.0,Private room,52.50003,13.3579,4.88,127,4.189654742026425,1,1,0
153.0,2,0.0,1.0,Entire home/apt,52.5241629,13.4031275,0.0,0,5.030437921392435,1,1,0
117.0,6,1.0,1.0,Entire home/apt,52.53686,13.39724,4.8,50,4.762173934797756,1,1,0
116.0,3,1.0,1.0,Entire home/apt,52.48104,13.29124,4.94,16,4.7535901911063645,1,1,0
78.0,4,3.0,2.0,Entire home/apt,52.52088,13.3367,4.94,16,4.356708826689592,1,1,0
160.0,4,2.0,1.0,Entire home/apt,52.51041947119296,13.39663466437828,5.0,2,5.075173815233827,1,1,1
37.0,1,1.0,1.0,Private room,52.59505,13.45733,4.98,49,3.610917912644224,1,1,1
85.0,2,1.0,1.0,Entire home/apt,52.52370709588825,13.402388497100366,0.0,0,4.442651256490317,1,1,0
146.0,3,1.0,3.0,Entire home/apt,52.48828,13.34137,0.0,0,4.983606621708336,1,1,1
202.0,5,2.0,2.0,Entire home/apt,52.50539,13.41716,4.92,39,5.308267697401205,1,0,0
69.0,1,1.0,1.0,Private room,52.56368,13.41999,4.72,61,4.23410650459726,1,1,0
270.0,4,2.0,1.5,Entire home/apt,52.49597,13.39806,4.77,39,5.598421958998375,1,1,0
107.0,2,1.0,1.0,Entire home/apt,52.46658,13.38932,5.0,1,4.672828834461906,1,1,0
147.0,4,1.0,1.0,Entire home/apt,52.5244,13.20167,4.86,14,4.990432586778736,1,1,0
243.0,2,1.0,1.0,Entire home/apt,52.52217,13.45346,5.0,18,5.493061443340548,1,1,0
78.0,2,1.0,1.0,Entire home/apt,52.42452,13.72136,5.0,7,4.356708826689592,0,0,0
58.0,1,1.0,1.5,Private room,52.485645,13.38307,4.8,141,4.060443010546419,1,1,0
156.0,4,1.0,1.0,Entire home/apt,52.48149871826172,13.34606934,4.6,45,5.049856007249537,1,1,0
150.0,2,1.0,1.0,Entire home/apt,52.54552072566741,13.418317725952518,5.0,1,5.010635294096256,1,1,0
139.0,5,2.0,1.0,Entire home/apt,52.49978,13.40999,4.23,22,4.934473933130692,1,1,0
276.0,8,2.0,2.0,Entire home/apt,52.5141368,13.4626376,4.78,129,5.62040086571715,1,1,0
186.0,4,2.0,1.0,Entire home/apt,52.538387298583984,13.419551849365234,4.95,134,5.225746673713202,1,1,0
176.0,2,1.0,1.0,Entire home/apt,52.53222,13.40541,5.0,2,5.170483995038151,1,1,0
186.0,4,2.0,1.0,Entire home/apt,52.538387298583984,13.419551849365234,4.96,167,5.225746673713202,1,1,0
176.0,2,1.0,1.0,Entire home/apt,52.538387298583984,13.419551849365234,4.8,15,5.170483995038151,1,1,0
176.0,2,1.0,1.0,Entire home/apt,52.53763,13.42023,4.97,34,5.170483995038151,1,1,0
172.0,2,1.0,1.0,Entire home/apt,52.531208,13.405127,5.0,1,5.147494476813453,1,1,0
248.0,2,1.0,1.0,Entire home/apt,52.53142,13.40628,0.0,0,5.513428746164983,1,1,0
303.0,4,2.0,2.0,Entire home/apt,52.531208,13.405127,5.0,1,5.713732805509369,1,1,0
626.0,4,2.0,2.0,Entire home/apt,52.53016,13.40614,0.0,0,6.439350371100098,1,1,0
383.0,6,3.0,2.0,Entire home/apt,52.531208,13.405127,5.0,15,5.948034989180646,1,1,0
151.0,2,0.0,1.0,Entire home/apt,52.52416229248047,13.403127670288086,0.0,0,5.017279836814924,1,1,0
156.0,2,0.0,1.0,Entire home/apt,52.52416229248047,13.403127670288086,0.0,0,5.049856007249537,1,1,0
83.0,2,1.0,1.0,Private room,52.53362,13.40428,4.96,249,4.418840607796598,1,1,0
136.0,2,1.0,1.0,Entire home/apt,52.545078,13.415811,5.0,5,4.912654885736052,1,1,0
110.0,2,1.0,1.0,Entire home/apt,52.55753,13.38843,0.0,0,4.700480365792417,1,1,0
110.0,4,1.0,1.0,Entire home/apt,52.43724,13.24946,4.83,12,4.700480365792417,1,1,0
179.0,4,2.0,2.0,Entire home/apt,52.4973173,13.3322221,0.0,0,5.187385805840755,1,1,0
129.0,2,1.0,1.0,Private room,52.47308993014078,13.314414318544596,4.8,5,4.859812404361672,1,0,0
80.0,3,1.0,1.0,Entire home/apt,52.51861,13.26617,4.78,132,4.382026634673881,1,1,0
60.0,2,1.0,1.0,Entire home/apt,52.49169,13.41078,5.0,2,4.0943445622221,0,1,0
229.0,2,1.0,1.0,Entire home/apt,52.5241629,13.4031275,0.0,0,5.43372200355424,1,1,0
72.0,2,1.0,1.0,Private room,52.520199,13.450759,4.95,105,4.276666119016055,1,1,0
60.0,2,0.0,1.0,Entire home/apt,52.55224,13.43823,0.0,0,4.0943445622221,1,1,0
95.0,3,1.0,1.0,Entire home/apt,52.5425,13.41081,4.62,42,4.553876891600541,1,1,0
63.0,2,1.0,1.0,Private room,52.46709,13.48678,5.0,8,4.143134726391533,1,1,0
88.0,2,1.0,1.0,Entire home/apt,52.5766716,13.393110275268556,4.96,89,4.477336814478207,1,1,0
69.0,3,1.0,1.0,Entire home/apt,52.53519,13.27116,0.0,0,4.23410650459726,1,1,0
350.0,12,4.0,2.5,Entire home/apt,52.52604,13.41038,0.0,0,5.857933154483459,1,1,0
148.0,2,0.0,1.0,Entire home/apt,52.485371,13.424553,4.91,161,4.997212273764115,1,1,0
123.0,3,1.0,1.0,Entire home/apt,52.53685,13.39854,4.94,17,4.812184355372417,1,1,0
164.0,2,0.0,1.0,Entire home/apt,52.5241629,13.4031275,4.0,1,5.099866427824199,1,1,0
221.0,2,1.0,1.0,Entire home/apt,52.5241629,13.4031275,0.0,0,5.3981627015177525,1,1,0
154.0,2,0.0,1.0,Entire home/apt,52.5241629,13.4031275,0.0,0,5.0369526024136295,1,1,0
133.0,2,1.0,1.0,Entire home/apt,52.48249816894531,13.429320335388184,4.98,59,4.890349128221754,1,1,0
104.0,2,1.0,1.0,Entire home/apt,52.46955,13.4366,4.81,26,4.6443908991413725,1,1,0
44.0,1,1.0,1.5,Private room,52.60656,13.32864,4.68,37,3.784189633918261,1,1,0
73.0,2,1.0,1.0,Private room,52.49428,13.43378,4.95,178,4.290459441148391,1,1,0
72.0,3,0.0,1.0,Entire home/apt,52.54692,13.41693,4.8,119,4.276666119016055,1,1,0
49.0,2,1.0,1.0,Entire home/apt,52.53206,13.32689,5.0,2,3.8918202981106265,1,1,0
161.0,2,0.0,1.0,Entire home/apt,52.500172,13.315129,4.25,4,5.081404364984463,1,1,0
108.0,3,1.0,1.0,Entire home/apt,52.49911,13.4388,4.96,26,4.68213122712422,1,1,0
343.0,5,1.0,1.0,Private room,52.4987,13.32467,5.0,7,5.83773044716594,1,0,0
250.0,4,2.0,2.0,Entire home/apt,52.49701,13.37919,4.83,6,5.521460917862246,1,1,0
90.0,2,1.0,1.0,Entire home/apt,52.491505,13.378085,4.93,70,4.499809670330265,1,0,0
91.0,2,1.0,1.0,Entire home/apt,52.5282,13.34483,4.9,172,4.51085950651685,1,1,0
116.0,2,1.0,1.0,Entire home/apt,52.5070354,13.407199,2.0,1,4.7535901911063645,1,1,0
99.0,2,1.0,1.0,Entire home/apt,52.53559676456572,13.398641923587435,5.0,24,4.59511985013459,1,1,0
106.0,6,1.0,1.0,Entire home/apt,52.509468,13.499712,4.87,71,4.663439094112067,1,1,0
264.0,2,1.0,1.0,Private room,52.49864,13.32553,4.75,4,5.575949103146316,1,0,0
143.0,4,1.0,1.0,Entire home/apt,52.55868,13.41338,4.9,52,4.962844630259907,1,1,0
53.0,1,1.0,1.0,Private room,52.53372,13.43248,4.9,40,3.970291913552122,1,0,0
55.0,1,1.0,1.0,Private room,52.53357,13.43388,4.91,46,4.007333185232471,1,0,0
162.0,2,1.0,1.0,Entire home/apt,52.50701030566155,13.284136300615035,4.97,34,5.087596335232384,1,1,1
56.0,1,1.0,1.0,Private room,52.481056,13.34657,4.96,111,4.02535169073515,1,1,0
76.0,2,1.0,1.0,Entire home/apt,52.49773,13.482901,4.93,212,4.330733340286331,1,1,0
49.0,2,1.0,1.0,Private room,52.462616,13.522941,4.89,71,3.8918202981106265,1,0,1
99.0,3,1.0,1.0,Entire home/apt,52.51194,13.45007,4.82,22,4.59511985013459,1,1,0
170.0,6,2.0,1.5,Entire home/apt,52.52421,13.41062,0.0,0,5.135798437050262,1,1,0
75.0,2,1.0,1.0,Private room,52.51054000854492,13.465831756591797,4.86,7,4.31748811353631,1,1,0
183.0,5,1.0,1.0,Entire home/apt,52.50052,13.45978,4.91,57,5.209486152841421,1,1,0
125.0,2,1.0,1.0,Entire home/apt,52.43616,13.19847,4.9,49,4.8283137373023015,1,1,0
85.0,2,1.0,1.0,Private room,52.51597,13.33144,0.0,0,4.442651256490317,1,1,1
285.0,6,3.0,2.0,Entire home/apt,52.55407,13.440064,4.63,8,5.652489180268651,1,1,0
76.0,2,1.0,1.0,Entire home/apt,52.523979,13.460004,4.83,6,4.330733340286331,1,1,0
178.0,4,2.0,1.0,Entire home/apt,52.468182,13.390246,4.91,85,5.181783550292085,1,0,0
100.0,1,1.0,1.0,Private room,52.564871432669136,13.392239026910373,0.0,0,4.605170185988092,1,1,0
500.0,4,3.0,3.0,Entire home/apt,52.50731,13.24892,0.0,0,6.214608098422191,1,1,1
212.0,2,1.0,1.0,Entire home/apt,52.53536,13.44317,5.0,30,5.356586274672012,1,1,0
240.0,12,1.0,1.0,Entire home/apt,52.40974090379167,13.66574318137075,4.95,40,5.480638923341991,0,1,0
100.0,2,1.0,1.0,Private room,52.51404,13.46232,5.0,2,4.605170185988092,1,1,0
77.0,2,1.0,2.0,Private room,52.501,13.43214,4.77,184,4.343805421853684,1,1,0
154.0,4,2.0,1.0,Entire home/apt,52.49183,13.37799,4.86,51,5.0369526024136295,1,1,0
163.0,5,2.0,2.0,Entire home/apt,52.500561,13.303497,4.89,102,5.093750200806762,1,1,0
120.0,2,2.0,1.5,Entire home/apt,52.52924,13.384503,0.0,0,4.787491742782046,1,1,0
37.0,2,1.0,1.0,Private room,52.5007,13.3888,4.8,191,3.610917912644224,1,1,0
171.0,2,1.0,1.0,Entire home/apt,52.5014687,13.3589811,0.0,0,5.14166355650266,1,1,0
215.0,4,2.0,1.0,Entire home/apt,52.5014687,13.3589811,0.0,0,5.3706380281276624,1,1,0
111.0,2,1.0,1.0,Entire home/apt,52.43205,13.53315,4.88,56,4.709530201312334,1,0,0
400.0,2,1.0,1.0,Entire home/apt,52.49877,13.40873,5.0,20,5.991464547107982,1,1,0
43.0,2,1.0,1.0,Private room,52.44743,13.56949,4.91,111,3.7612001156935615,1,0,0
238.0,5,4.0,1.5,Entire home/apt,52.583771,13.37419,5.0,16,5.472270673671475,1,1,0
349.0,6,2.0,2.0,Entire home/apt,52.53006,13.43157,4.94,36,5.855071922202427,1,1,0
100.0,6,1.0,1.0,Entire home/apt,52.55369,13.43858,4.71,130,4.605170185988092,1,1,0
75.0,2,2.0,1.0,Entire home/apt,52.54539512840355,13.41547375396729,0.0,0,4.31748811353631,1,1,0
46.0,2,1.0,1.0,Private room,52.49248,13.40291,4.9,10,3.828641396489095,1,0,0
115.0,2,1.0,1.0,Entire home/apt,52.543,13.37081,4.82,17,4.74493212836325,1,1,0
58.0,2,1.0,1.0,Entire home/apt,52.49093,13.45078,4.25,20,4.060443010546419,1,1,1
140.0,2,1.0,1.0,Private room,52.49579,13.40417,0.0,0,4.941642422609304,1,1,0
115.0,2,1.0,1.0,Entire home/apt,52.48244,13.44038,4.88,8,4.74493212836325,1,1,0
241.0,4,2.0,1.0,Entire home/apt,52.5333021,13.4003229,4.97,34,5.484796933490655,1,1,0
300.0,2,1.0,1.0,Entire home/apt,52.49824,13.43437,5.0,11,5.703782474656201,1,1,0
96.0,2,1.0,1.0,Entire home/apt,52.52410178103331,13.352429942417816,0.0,0,4.564348191467836,1,1,0
60.0,2,1.0,1.0,Entire home/apt,52.52144,13.25292,0.0,0,4.0943445622221,1,1,0
127.0,3,2.0,1.0,Entire home/apt,52.488185437318215,13.425647047150273,5.0,1,4.844187086458591,1,1,0
159.0,4,2.0,1.0,Entire home/apt,52.51267,13.50434,4.39,94,5.068904202220232,1,1,0
53.0,2,1.0,1.0,Entire home/apt,52.52743856223598,13.452377302972506,0.0,0,3.970291913552122,1,1,0
63.0,3,0.0,1.0,Entire home/apt,52.56246,13.36437,4.83,115,4.143134726391533,1,1,0
148.0,6,0.0,0.0,Entire home/apt,52.41542,13.58166,4.87,15,4.997212273764115,1,1,0
55.0,2,1.0,1.0,Entire home/apt,52.55505,13.41177,5.0,2,4.007333185232471,1,1,0
71.0,4,1.0,1.0,Entire home/apt,52.4557,13.5172,4.81,140,4.262679877041316,1,1,0
76.0,2,1.0,1.0,Entire home/apt,52.49312,13.41601,0.0,0,4.330733340286331,1,1,0
129.0,4,1.0,1.0,Entire home/apt,52.48149871826172,13.34606934,4.58,40,4.859812404361672,1,1,0
120.0,2,1.0,1.0,Entire home/apt,52.54078933717926,13.34901079177743,5.0,1,4.787491742782046,1,1,0
111.0,2,1.0,1.0,Entire home/apt,52.51239,13.41599,0.0,0,4.709530201312334,1,1,0
230.0,4,2.0,2.0,Entire home/apt,52.5432,13.41755,5.0,6,5.438079308923196,1,1,0
45.0,2,1.0,1.0,Entire home/apt,52.519325,13.286934,5.0,2,3.80666248977032,1,1,0
100.0,4,2.0,1.0,Entire home/apt,52.52850950440801,13.436410854662068,0.0,0,4.605170185988092,1,1,0
121.0,3,1.0,1.0,Private room,52.50888,13.38614,4.75,69,4.795790545596741,1,1,0
62.0,1,0.0,1.0,Entire home/apt,52.522765,13.3393751,0.0,0,4.127134385045092,1,1,0
94.0,2,0.0,1.0,Entire home/apt,52.51061,13.30823,4.38,125,4.543294782270004,1,1,0
139.0,4,1.0,1.0,Entire home/apt,52.52049637,13.302329063415527,4.86,35,4.934473933130692,1,1,0
170.0,2,1.0,1.0,Entire home/apt,52.576672,13.39311,0.0,0,5.135798437050262,1,1,0
230.0,4,2.0,2.0,Entire home/apt,52.5116953,13.27461,0.0,0,5.438079308923196,1,1,0
133.0,2,1.0,1.0,Entire home/apt,52.532535,13.3676116,0.0,0,4.890349128221754,1,1,0
98.0,4,1.0,1.0,Entire home/apt,52.49323,13.42633,4.83,127,4.584967478670572,1,1,0
146.0,2,0.0,1.0,Entire home/apt,52.500172,13.315129,4.56,16,4.983606621708336,1,1,0
248.0,4,2.0,1.0,Entire home/apt,52.47774,13.44267,0.0,0,5.513428746164983,1,1,0
129.0,2,1.0,1.0,Entire home/apt,52.51894,13.46013,4.85,120,4.859812404361672,1,1,1
272.0,5,3.0,1.0,Entire home/apt,52.48953,13.42278,4.79,14,5.605802066295998,1,1,0
90.0,2,1.0,1.0,Entire home/apt,52.46477,13.43194,4.88,17,4.499809670330265,1,0,0
138.0,4,1.0,1.0,Entire home/apt,52.49617237260619,13.42407675,4.93,165,4.927253685157205,1,1,0
235.0,8,4.0,2.0,Entire home/apt,52.445229,13.38615,0.0,0,5.459585514144159,1,1,0
164.0,4,2.0,2.0,Entire home/apt,52.52329635620117,13.30137062072754,4.45,40,5.099866427824199,1,1,0
130.0,4,0.0,1.0,Entire home/apt,52.445045471191406,13.432208061387795,4.2,15,4.867534450455582,1,1,0
34.0,2,1.0,1.0,Private room,52.53401550948528,13.432589045599142,4.89,9,3.5263605246161616,1,1,0
47.0,1,1.0,0.5,Private room,52.60808,13.32655,4.78,9,3.8501476017100575,1,0,0
42.0,1,1.0,1.0,Private room,52.47354888916016,13.377779960632324,4.89,220,3.737669618283368,1,1,0
100.0,2,1.0,1.0,Entire home/apt,52.49661492,13.423765862449626,5.0,3,4.605170185988092,1,1,0
297.0,6,3.0,2.5,Entire home/apt,52.54795,13.40188,4.8,15,5.6937321388027,1,1,0
78.0,1,1.0,1.0,Private room,52.480087,13.327181,5.0,17,4.356708826689592,1,1,0
39.0,2,1.0,1.0,Entire home/apt,52.51643,13.2966,4.48,44,3.6635616461296463,1,1,0
696.0,7,2.0,1.0,Entire home/apt,52.52939,13.41864,0.0,0,6.54534966033442,1,1,0
96.0,2,1.0,1.0,Entire home/apt,52.49382,13.396536,4.79,274,4.564348191467836,1,1,0
70.0,2,1.0,1.0,Entire home/apt,52.49058,13.43421,5.0,6,4.248495242049359,1,1,0
91.0,2,2.0,1.0,Private room,52.54072946539449,13.358845284118653,4.83,24,4.51085950651685,1,1,0
172.0,2,1.0,1.0,Entire home/apt,52.51092,13.40877,4.89,18,5.147494476813453,1,1,0
66.0,2,1.0,1.0,Private room,52.47859,13.4491,4.93,71,4.189654742026425,1,1,0
138.0,6,1.0,1.0,Entire home/apt,52.49361,13.39722,4.63,157,4.927253685157205,1,1,0
161.0,4,1.0,2.0,Entire home/apt,52.535042,13.400286,4.95,191,5.081404364984463,1,1,0
219.0,4,2.0,1.0,Entire home/apt,52.471619,13.443734,5.0,5,5.389071729816501,1,1,0
172.0,6,2.0,0.5,Entire home/apt,52.438259,13.410283,4.53,17,5.147494476813453,1,1,1
174.0,4,2.0,1.0,Entire home/apt,52.50895,13.4617,4.91,142,5.159055299214529,1,1,0
114.0,4,1.0,1.0,Entire home/apt,52.49382,13.39719,4.66,146,4.736198448394496,1,1,0
40.0,1,1.0,1.5,Private room,52.4776,13.44995,5.0,1,3.688879454113936,1,1,0
78.0,2,1.0,1.5,Private room,52.514132,13.453993,4.93,151,4.356708826689592,1,1,0
104.0,2,1.0,1.0,Entire home/apt,52.493677960406046,13.396948054432867,4.76,297,4.6443908991413725,1,1,0
110.0,2,1.0,1.0,Entire home/apt,52.52810743671882,13.40982814889236,4.94,82,4.700480365792417,1,1,0
125.0,2,0.0,1.0,Entire home/apt,52.527542,13.388054,0.0,0,4.8283137373023015,1,1,0
188.0,4,2.0,1.0,Entire home/apt,52.4991394,13.3701274,5.0,1,5.236441962829949,1,1,0
107.0,2,1.0,1.0,Entire home/apt,52.37629,13.65258,4.84,19,4.672828834461906,1,1,0
118.0,6,1.0,1.0,Entire home/apt,52.5214867,13.4461563,4.7,64,4.770684624465665,1,1,0
499.0,8,3.0,2.0,Entire home/apt,52.51128,13.37993,0.0,0,6.212606095751519,1,1,1
145.0,6,3.0,1.0,Entire home/apt,52.47565,13.44908,5.0,1,4.976733742420574,1,1,0
126.0,5,1.0,1.0,Private room,52.55418,13.14943,4.64,14,4.836281906951478,1,1,0
115.0,2,1.0,1.0,Entire home/apt,52.47234,13.42263,4.44,9,4.74493212836325,1,1,0
85.0,2,1.0,1.0,Private room,52.51826,13.33152,0.0,0,4.442651256490317,1,1,0
149.0,2,1.0,1.0,Entire home/apt,52.50554409999999,13.4659231,4.98,43,5.003946305945459,1,1,0
62.0,3,1.0,1.0,Entire home/apt,52.43093,13.49284,5.0,1,4.127134385045092,1,1,0
79.0,6,1.0,1.0,Entire home/apt,52.50027,13.4604,4.72,138,4.3694478524670215,1,1,0
216.0,4,2.0,1.0,Entire home/apt,52.5008415,13.359691,0.0,0,5.375278407684165,1,1,0
92.0,2,1.0,1.0,Private room,52.53664480754953,13.303814381361008,4.97,101,4.5217885770490405,1,0,1
68.0,2,1.0,1.5,Private room,52.44044,13.29514,4.71,17,4.219507705176107,1,0,0
120.0,3,1.0,1.0,Entire home/apt,52.54427,13.34709,4.93,15,4.787491742782046,1,1,0
118.0,2,1.0,1.0,Entire home/apt,52.5211583,13.4461129,0.0,0,4.770684624465665,1,1,0
160.0,2,1.0,1.0,Entire home/apt,52.5045126,13.3412181,0.0,0,5.075173815233827,1,1,0
184.0,2,1.0,1.0,Entire home/apt,52.5045126,13.3412181,0.0,0,5.214935757608986,1,1,0
185.0,2,1.0,1.0,Entire home/apt,52.5045126,13.3412181,0.0,0,5.220355825078324,1,1,0
102.0,2,1.0,1.0,Entire home/apt,52.5315733,13.3773421,0.0,0,4.624972813284271,1,1,0
182.0,2,1.0,1.0,Entire home/apt,52.5045126,13.3412181,0.0,0,5.204006687076795,1,1,0
97.0,3,1.0,1.0,Entire home/apt,52.51299,13.45948,4.5,12,4.574710978503383,1,1,0
132.0,2,0.0,1.0,Entire home/apt,52.5329888,13.4139026,5.0,2,4.882801922586371,1,1,0
143.0,2,1.0,1.0,Entire home/apt,52.4991394,13.3701274,0.0,0,4.962844630259907,1,1,0
53.0,1,1.0,1.5,Private room,52.47060900489822,13.464310728714556,4.71,75,3.970291913552122,1,1,0
64.0,2,1.0,1.0,Private room,52.5048612,13.469574,4.98,49,4.158883083359672,1,1,0
89.0,2,1.0,1.0,Entire home/apt,52.52127,13.32061,5.0,25,4.48863636973214,1,1,0
157.0,3,2.0,1.0,Entire home/apt,52.49701,13.44206,5.0,10,5.056245805348308,1,1,0
136.0,5,2.0,1.5,Entire home/apt,52.53325,13.40221,4.93,71,4.912654885736052,1,1,0
58.0,2,1.0,1.0,Private room,52.5471754,13.4272819,0.0,0,4.060443010546419,1,0,1
111.0,2,1.0,1.0,Entire home/apt,52.47559596677636,13.42402347586119,5.0,5,4.709530201312334,1,1,0
89.0,4,2.0,1.0,Entire home/apt,52.42916,13.70529,4.64,11,4.48863636973214,1,1,0
103.0,1,1.0,1.0,Private room,52.4223529,13.4122075,5.0,11,4.634728988229636,1,1,0
228.0,2,1.0,1.0,Entire home/apt,52.50658,13.34809,4.87,119,5.429345628954441,1,1,0
129.0,4,1.0,1.0,Entire home/apt,52.61109837939398,13.233503528681355,5.0,75,4.859812404361672,1,1,0
106.0,2,1.0,1.0,Private room,52.488309,13.443401,4.92,66,4.663439094112067,1,1,0
163.0,5,3.0,1.5,Entire home/apt,52.44656,13.24197,4.92,26,5.093750200806762,1,1,0
104.0,4,2.0,1.0,Entire home/apt,52.47599,13.42453,4.9,41,4.6443908991413725,1,1,0
103.0,2,1.0,1.0,Entire home/apt,52.56244,13.40133,4.9,59,4.634728988229636,1,1,0
97.0,2,1.0,1.0,Entire home/apt,52.52596,13.4503,4.88,17,4.574710978503383,1,1,0
174.0,8,3.0,1.0,Entire home/apt,52.44766,13.34466,5.0,3,5.159055299214529,1,1,0
134.0,2,1.0,1.0,Entire home/apt,52.4433616,13.3585504,5.0,87,4.897839799950911,1,1,0
143.0,2,1.0,1.0,Entire home/apt,52.5211,13.32337,5.0,17,4.962844630259907,1,1,0
59.0,1,1.0,1.0,Private room,52.46596442470355,13.431757866019709,4.71,51,4.07753744390572,1,1,0
55.0,5,2.0,1.5,Entire home/apt,52.54199,13.35947,0.0,0,4.007333185232471,1,1,0
50.0,1,1.0,1.0,Private room,52.6167198,13.4783617,4.91,11,3.912023005428146,1,1,0
128.0,4,2.0,1.0,Entire home/apt,52.55072283752936,13.419294814371243,0.0,0,4.852030263919617,1,1,0
86.0,1,1.0,1.0,Private room,52.4223529,13.4122075,5.0,1,4.454347296253507,1,1,0
78.0,2,1.0,1.0,Private room,52.46023668896081,13.435434497478232,5.0,34,4.356708826689592,1,1,0
144.0,4,2.0,1.0,Entire home/apt,52.53561,13.40347,4.87,23,4.969813299576001,1,1,0
90.0,7,2.0,2.0,Entire home/apt,52.61027,13.46192,4.93,60,4.499809670330265,1,1,0
45.0,1,1.0,1.0,Private room,52.61569,13.47931,5.0,3,3.80666248977032,1,1,0
107.0,3,1.0,1.0,Entire home/apt,52.50479993160328,13.4634388383233,4.88,42,4.672828834461906,1,1,0
106.0,2,1.0,1.0,Entire home/apt,52.49269300291246,13.434192538261414,4.8,66,4.663439094112067,1,1,1
109.0,2,2.0,1.0,Entire home/apt,52.5109799,13.4656871,4.78,9,4.691347882229144,1,1,0
76.0,2,1.0,1.0,Entire home/apt,52.4978367,13.3530088,4.44,9,4.330733340286331,1,1,0
193.0,4,2.0,1.0,Entire home/apt,52.5155336,13.3055915,4.21,86,5.262690188904886,1,1,0
115.0,4,1.0,1.0,Entire home/apt,52.5155336,13.3055915,4.43,72,4.74493212836325,1,1,0
243.0,4,2.0,1.0,Entire home/apt,52.55324948487004,13.389413454395164,5.0,1,5.493061443340548,1,1,0
86.0,5,2.0,1.0,Entire home/apt,52.46372137755735,13.12692787872414,5.0,4,4.454347296253507,1,1,0
80.0,1,1.0,1.0,Entire home/apt,52.5538466,13.4166429,0.0,0,4.382026634673881,1,1,0
126.0,2,0.0,1.0,Private room,52.45659844992331,13.43729105683152,4.52,27,4.836281906951478,1,1,1
120.0,4,1.0,1.0,Private room,52.52334,13.45399,0.0,0,4.787491742782046,1,1,0
98.0,2,1.0,1.0,Entire home/apt,52.49798,13.33827,0.0,0,4.584967478670572,1,1,0
130.0,3,1.0,1.0,Entire home/apt,52.44492022518277,13.432242765081783,4.43,44,4.867534450455582,1,1,0
125.0,3,2.0,2.0,Entire home/apt,52.51331,13.41652,0.0,0,4.8283137373023015,1,1,0
75.0,2,1.0,1.0,Entire home/apt,52.51258,13.41555,0.0,0,4.31748811353631,1,1,0
93.0,2,1.0,1.0,Entire home/apt,52.50027,13.43991,0.0,0,4.532599493153256,1,1,0
117.0,2,1.0,1.0,Entire home/apt,52.51238,13.41614,0.0,0,4.762173934797756,1,1,0
132.0,2,1.0,1.0,Entire home/apt,52.51884,13.41597,0.0,0,4.882801922586371,1,1,0
60.0,1,1.0,1.0,Entire home/apt,52.52976,13.44976,5.0,2,4.0943445622221,1,1,0
242.0,9,3.0,1.5,Entire home/apt,52.54556,13.42247,4.78,115,5.488937726156687,1,1,0
295.0,10,3.0,1.0,Entire home/apt,52.52958,13.31757,4.68,80,5.68697535633982,1,1,0
187.0,2,1.0,1.0,Entire home/apt,52.5050299,13.4406259,5.0,1,5.231108616854587,1,1,0
150.0,3,2.0,1.5,Entire home/apt,52.47756534784537,13.439387655846804,0.0,0,5.010635294096256,1,1,1
182.0,2,1.0,1.0,Entire home/apt,52.52766,13.40942,0.0,0,5.204006687076795,0,1,0
167.0,5,2.0,2.0,Entire home/apt,52.5390463,13.3998308,5.0,3,5.117993812416755,1,1,0
48.0,2,1.0,1.0,Private room,52.52325,13.35718,5.0,8,3.871201010907891,1,1,0
250.0,7,3.0,1.0,Entire home/apt,52.52786,13.39768,4.42,93,5.521460917862246,1,1,0
129.0,6,2.0,1.0,Entire home/apt,52.46962705474307,13.333693143231168,5.0,5,4.859812404361672,1,1,0
343.0,12,4.0,1.5,Entire home/apt,52.53022,13.39733,4.41,133,5.83773044716594,1,1,0
202.0,4,2.0,1.0,Entire home/apt,52.50955640000001,13.4233231,0.0,0,5.308267697401205,1,1,0
175.0,4,2.0,1.0,Entire home/apt,52.5013915,13.3592967,0.0,0,5.1647859739235145,1,1,0
476.0,4,2.0,1.5,Entire home/apt,52.49341687184759,13.426596857607365,4.97,31,6.16541785423142,1,1,0
165.0,2,1.0,1.0,Entire home/apt,52.53069,13.4084,5.0,7,5.10594547390058,1,1,0
158.0,8,2.0,1.0,Entire home/apt,52.54209,13.42341,4.79,80,5.062595033026967,1,1,0
98.0,2,1.0,2.5,Entire home/apt,52.48707,13.38431,4.63,8,4.584967478670572,1,1,0
297.0,3,1.0,1.0,Entire home/apt,52.5212162,13.3217943,5.0,19,5.6937321388027,1,1,0
136.0,3,1.0,1.0,Private room,52.49688,13.31432,4.33,6,4.912654885736052,1,0,0
133.0,2,0.0,1.0,Entire home/apt,52.52804,13.3877399,0.0,0,4.890349128221754,1,1,0
213.0,9,3.0,1.0,Entire home/apt,52.4465985,13.5708006,4.55,76,5.3612921657094255,1,1,0
80.0,2,1.0,1.0,Entire home/apt,52.50636,13.5024,4.8,107,4.382026634673881,1,1,0
69.0,2,1.0,0.5,Private room,52.48658,13.46455,4.8,5,4.23410650459726,1,1,0
72.0,2,1.0,1.0,Private room,52.50345,13.42713,4.91,116,4.276666119016055,1,0,0
400.0,4,2.0,1.0,Private room,52.4968801,13.4686274,0.0,0,5.991464547107982,0,0,0
223.0,4,2.0,1.5,Entire home/apt,52.4933629,13.4368882,4.98,218,5.407171771460119,1,1,0
68.0,2,1.0,1.0,Entire home/apt,52.540333,13.3573181,4.73,11,4.219507705176107,1,1,0
104.0,4,1.0,1.0,Entire home/apt,52.55176,13.43737,4.8,198,4.6443908991413725,1,1,0
128.0,2,1.0,1.0,Private room,52.55609292197621,13.384709309881464,4.82,38,4.852030263919617,1,1,0
130.0,4,1.0,1.0,Entire home/apt,52.48033,13.43209,4.77,70,4.867534450455582,1,1,0
76.0,2,1.0,1.5,Private room,52.48761,13.4371,4.95,40,4.330733340286331,1,1,0
112.0,2,1.0,1.0,Private room,52.51605,13.46458,5.0,21,4.718498871295094,1,1,0
110.0,2,1.0,1.0,Private room,52.51197459999999,13.4497113,4.8,5,4.700480365792417,1,0,0
251.0,4,2.0,1.0,Entire home/apt,52.5274777,13.3880573,0.0,0,5.525452939131784,1,1,0
141.0,2,1.0,1.0,Entire home/apt,52.50201,13.3703487,5.0,1,4.948759890378168,1,1,0
96.0,1,1.0,1.0,Private room,52.49848,13.31391,4.83,6,4.564348191467836,0,0,0
66.0,2,1.0,2.0,Private room,52.5536567,13.445222,4.98,41,4.189654742026425,1,1,0
116.0,2,1.0,1.0,Private room,52.49872,13.3139,4.5,4,4.7535901911063645,1,0,0
171.0,4,1.0,1.0,Private room,52.49881,13.31252,4.83,18,5.14166355650266,1,0,0
116.0,2,1.0,1.0,Private room,52.49878,13.31368,5.0,2,4.7535901911063645,1,0,0
166.0,4,1.0,1.0,Private room,52.49848,13.31433,4.6,15,5.111987788356544,1,0,0
135.0,3,1.0,1.0,Private room,52.48875564194395,13.284172900021076,4.92,25,4.90527477843843,1,0,0
59.0,2,1.0,1.0,Private room,52.5468455,13.1895795,4.97,66,4.07753744390572,1,0,0
98.0,4,3.0,1.5,Entire home/apt,52.50272355259595,13.300704330688491,0.0,0,4.584967478670572,1,1,0
59.0,1,1.0,1.0,Private room,52.47812,13.42682,4.97,127,4.07753744390572,1,1,1
46.0,1,1.0,1.5,Private room,52.520998,13.3164202,0.0,0,3.828641396489095,1,1,0
79.0,2,1.0,1.0,Entire home/apt,52.48717,13.41337,4.78,18,4.3694478524670215,1,1,0
135.0,1,1.0,1.0,Private room,52.5044581,13.3459298,0.0,0,4.90527477843843,1,1,0
57.0,2,1.0,1.0,Private room,52.55242,13.3477,4.91,34,4.04305126783455,1,1,0
65.0,2,1.0,1.0,Entire home/apt,52.4736,13.36955,4.82,108,4.174387269895637,1,0,0
90.0,2,1.0,1.0,Entire home/apt,52.54663879251983,13.415389742852785,4.67,156,4.499809670330265,1,0,0
50.0,1,1.0,1.0,Private room,52.5633,13.39548,0.0,0,3.912023005428146,1,1,0
114.0,4,1.0,1.0,Entire home/apt,52.50987640501243,13.609388820489547,2.5,2,4.736198448394496,1,1,0
65.0,2,1.0,1.0,Private room,52.61572,13.35199,4.89,27,4.174387269895637,1,1,0
127.0,4,1.0,1.0,Entire home/apt,52.48188653997001,13.34906995,4.82,11,4.844187086458591,1,1,0
169.0,7,2.0,2.0,Entire home/apt,52.5077862,13.4670305,4.4,42,5.1298987149230735,1,1,0
140.0,6,2.0,1.0,Entire home/apt,52.5077862,13.4670305,4.57,81,4.941642422609304,1,1,0
33.0,6,1.0,2.0,Shared room,52.49407069999999,13.425113,4.87,346,3.49650756146648,1,1,0
90.0,2,1.0,1.0,Entire home/apt,52.47364645835847,13.4512434,0.0,0,4.499809670330265,1,1,0
200.0,5,3.0,2.0,Entire home/apt,52.58497,13.35941,5.0,3,5.298317366548036,1,1,0
77.0,2,1.0,1.0,Private room,52.49423,13.43765,4.87,45,4.343805421853684,1,1,0
80.0,3,1.0,1.0,Entire home/apt,52.491,13.43293,0.0,0,4.382026634673881,1,1,0
119.0,4,2.0,1.0,Entire home/apt,52.505710194357626,13.300149071906342,5.0,2,4.77912349311153,1,1,0
61.0,2,1.0,1.0,Private room,52.48982,13.37147,4.78,170,4.110873864173311,1,1,0
60.0,2,1.0,1.0,Private room,52.47424,13.57104,5.0,3,4.0943445622221,1,1,0
74.0,4,1.0,1.5,Private room,52.46952,13.4331,4.64,85,4.30406509320417,1,1,0
51.0,2,1.0,1.0,Private room,52.57687,13.42174,4.96,24,3.9318256327243257,1,1,0
187.0,4,2.0,2.0,Entire home/apt,52.5013915,13.3592967,0.0,0,5.231108616854587,1,1,0
87.0,4,1.0,1.0,Entire home/apt,52.42965,13.19717,4.96,55,4.465908118654584,1,1,0
70.0,3,1.0,1.0,Entire home/apt,52.42813,13.35744,5.0,1,4.248495242049359,1,1,0
50.0,4,0.0,1.0,Private room,52.49783862950103,13.50985110583623,4.91,45,3.912023005428146,1,1,0
125.0,4,1.0,1.0,Entire home/apt,52.5119529,13.2639685,5.0,2,4.8283137373023015,1,1,0
181.0,4,2.0,1.5,Entire home/apt,52.501772,13.3707292,0.0,0,5.198497031265826,1,1,0
40.0,1,1.0,1.0,Private room,52.425390663602506,13.505248928560462,4.94,87,3.688879454113936,1,1,0
34.0,2,1.0,1.5,Private room,52.41645,13.44581,4.77,62,3.5263605246161616,1,0,0
43.0,1,1.0,1.0,Private room,52.4843259,13.4420072,0.0,0,3.7612001156935615,1,1,0
67.0,2,1.0,1.0,Entire home/apt,52.53271,13.44262,0.0,0,4.204692619390966,0,0,0
99.0,4,1.0,1.0,Entire home/apt,52.43702,13.27161,0.0,0,4.59511985013459,1,1,0
121.0,1,1.0,1.0,Entire home/apt,52.4988328,13.3120967,4.69,16,4.795790545596741,1,0,1
95.0,2,1.0,1.0,Private room,52.44224,13.49924,4.61,87,4.553876891600541,1,1,1
111.0,2,1.0,1.0,Entire home/apt,52.42087,13.4254,3.2,5,4.709530201312334,1,1,0
47.0,2,1.0,1.0,Private room,52.53421,13.43146,4.93,15,3.8501476017100575,1,1,0
117.0,2,1.0,1.0,Entire home/apt,52.50201,13.3703487,0.0,0,4.762173934797756,1,1,0
185.0,3,1.0,1.0,Entire home/apt,52.537746,13.373278,4.72,18,5.220355825078324,1,1,0
161.0,3,1.0,1.0,Entire home/apt,52.537746,13.373278,4.44,25,5.081404364984463,1,1,0
158.0,3,1.0,1.0,Entire home/apt,52.537746,13.373278,4.46,83,5.062595033026967,1,1,0
300.0,5,2.0,1.0,Entire home/apt,52.537746,13.373278,4.67,9,5.703782474656201,1,1,0
155.0,2,1.0,1.0,Entire home/apt,52.55104,13.4036,4.55,11,5.043425116919247,1,1,0
148.0,4,1.0,1.0,Entire home/apt,52.55104,13.4036,4.22,9,4.997212273764115,1,1,0
181.0,4,1.0,1.0,Entire home/apt,52.55104,13.4036,2.0,1,5.198497031265826,1,1,0
166.0,4,1.0,1.0,Entire home/apt,52.55104,13.4036,3.75,4,5.111987788356544,1,1,0
106.0,2,1.0,1.0,Entire home/apt,52.55104,13.4036,4.0,1,4.663439094112067,1,1,0
135.0,2,1.0,1.0,Entire home/apt,52.55104,13.4036,4.25,12,4.90527477843843,1,1,0
109.0,2,1.0,1.0,Entire home/apt,52.55104,13.4036,3.8,5,4.691347882229144,1,1,0
119.0,2,1.0,1.0,Entire home/apt,52.55104,13.4036,4.48,21,4.77912349311153,1,1,0
102.0,2,1.0,1.0,Entire home/apt,52.50137,13.45303,0.0,0,4.624972813284271,1,1,0
95.0,2,1.0,1.0,Entire home/apt,52.50226,13.36965,0.0,0,4.553876891600541,1,1,0
145.0,6,2.0,1.0,Entire home/apt,52.5077862,13.4670305,4.43,99,4.976733742420574,1,1,0
112.0,2,1.0,1.0,Entire home/apt,52.501772,13.3707292,0.0,0,4.718498871295094,1,1,0
50.0,2,2.0,1.5,Private room,52.495012151970734,13.472675196826456,0.0,0,3.912023005428146,1,1,0
223.0,6,2.0,1.0,Entire home/apt,52.51509,13.43536,4.97,70,5.407171771460119,1,1,0
60.0,2,1.0,1.0,Entire home/apt,52.47343,13.38171,0.0,0,4.0943445622221,1,1,0
36.0,2,1.0,2.0,Private room,52.48998,13.39635,4.0,1,3.58351893845611,1,1,0
78.0,1,1.0,1.0,Private room,52.51197463360569,13.449711464345455,4.54,13,4.356708826689592,1,1,0
25.0,1,1.0,1.5,Private room,52.46462,13.51303,3.0,2,3.218875824868201,1,1,1
40.0,1,1.0,1.5,Private room,52.46407,13.51271,2.0,1,3.688879454113936,1,1,0
32.0,3,1.0,1.0,Entire home/apt,52.492360447308464,13.396412456764503,5.0,1,3.4657359027997265,1,1,0
200.0,4,1.0,1.0,Private room,52.44815,13.53009,0.0,0,5.298317366548036,1,1,0
225.0,2,1.0,1.0,Private room,52.5227282,13.3881445,5.0,4,5.41610040220442,1,0,1
118.0,4,1.0,1.0,Entire home/apt,52.5166295,13.4547409,0.0,0,4.770684624465665,1,1,0
70.0,1,1.0,1.0,Private room,52.473116089030846,13.453159756271816,4.92,26,4.248495242049359,1,1,0
75.0,3,1.0,1.0,Entire home/apt,52.50481156551763,13.415324203670025,0.0,0,4.31748811353631,1,1,0
50.0,2,1.0,1.0,Entire home/apt,52.40467,13.40428,5.0,1,3.912023005428146,1,1,0
163.0,4,2.0,2.0,Entire home/apt,52.50933,13.40083,0.0,0,5.093750200806762,1,1,0
105.0,2,1.0,1.0,Entire home/apt,52.48007,13.43431,5.0,11,4.653960350157523,1,1,0
127.0,4,1.0,1.0,Entire home/apt,52.52084,13.44516,4.96,53,4.844187086458591,1,1,0
95.0,2,1.0,1.0,Private room,52.55179,13.3862,5.0,19,4.553876891600541,1,0,0
68.0,2,0.0,1.0,Private room,52.48943,13.42671,4.9,49,4.219507705176107,1,1,0
53.0,1,0.0,1.0,Entire home/apt,52.49856,13.31596,5.0,2,3.970291913552122,1,1,0
230.0,4,2.0,2.0,Entire home/apt,52.48538,13.27735,5.0,1,5.438079308923196,1,1,1
500.0,2,1.0,1.0,Private room,52.5623074440848,13.402083341802967,5.0,9,6.214608098422191,1,1,1
225.0,5,2.0,1.0,Entire home/apt,52.4863577,13.5183554,4.88,17,5.41610040220442,1,1,0
110.0,5,2.0,1.0,Entire home/apt,52.4740195,13.3809554,0.0,0,4.700480365792417,1,1,1
227.0,4,1.0,1.0,Entire home/apt,52.52713,13.407718,5.0,1,5.424950017481403,1,1,0
184.0,4,1.0,1.0,Entire home/apt,52.52713,13.407718,0.0,0,5.214935757608986,1,1,0
204.0,4,1.0,1.0,Entire home/apt,52.52713,13.407718,4.62,65,5.318119993844216,1,1,0
211.0,3,1.0,1.0,Entire home/apt,52.52713,13.407718,5.0,7,5.351858133476067,1,1,0
219.0,3,1.0,1.0,Entire home/apt,52.52713,13.407718,3.75,4,5.389071729816501,1,1,0
242.0,4,1.0,1.0,Entire home/apt,52.52713,13.407718,5.0,2,5.488937726156687,1,1,0
189.0,4,1.0,1.0,Entire home/apt,52.52713,13.407718,4.67,3,5.241747015059643,1,1,0
180.0,4,1.0,1.0,Entire home/apt,52.52713,13.407718,0.0,0,5.19295685089021,1,1,0
174.0,4,1.0,1.0,Entire home/apt,52.52713,13.407718,4.77,30,5.159055299214529,1,0,0
196.0,2,1.0,1.0,Entire home/apt,52.53031,13.418211,4.61,93,5.278114659230517,1,1,0
220.0,2,1.0,1.0,Entire home/apt,52.53031,13.418211,4.65,20,5.393627546352362,1,1,0
260.0,3,1.0,1.0,Entire home/apt,52.53031,13.418211,4.54,13,5.560681631015528,1,1,0
187.0,2,1.0,1.0,Entire home/apt,52.53031,13.418211,4.73,112,5.231108616854587,1,1,0
179.0,2,1.0,1.0,Entire home/apt,52.53031,13.418211,4.66,59,5.187385805840755,1,1,0
171.0,2,1.0,1.0,Private room,52.53031,13.418211,4.69,35,5.14166355650266,1,0,0
207.0,2,1.0,1.0,Entire home/apt,52.53031,13.418211,4.43,14,5.332718793265369,1,1,0
237.0,4,2.0,1.0,Entire home/apt,52.52958,13.409776,4.18,40,5.468060141135132,1,1,0
140.0,2,1.0,1.0,Entire home/apt,52.52958,13.409776,4.7,40,4.941642422609304,1,1,0
186.0,2,1.0,1.0,Entire home/apt,52.52958,13.409776,3.67,3,5.225746673713202,1,1,0
177.0,4,1.0,1.0,Entire home/apt,52.52958,13.409776,4.41,29,5.176149732573829,1,1,0
151.0,4,1.0,1.0,Entire home/apt,52.52958,13.409776,4.54,63,5.017279836814924,1,1,0
264.0,6,2.0,1.0,Entire home/apt,52.52958,13.409776,4.5,46,5.575949103146316,1,1,0
164.0,4,1.0,1.0,Entire home/apt,52.52958,13.409776,4.31,26,5.099866427824199,1,1,0
155.0,3,1.0,1.0,Entire home/apt,52.54282,13.366109,4.7,107,5.043425116919247,1,1,0
141.0,2,1.0,1.0,Entire home/apt,52.54282,13.366109,4.61,54,4.948759890378168,1,1,0
198.0,4,1.0,1.0,Entire home/apt,52.54282,13.366109,4.7,10,5.288267030694535,1,1,0
107.0,2,1.0,1.0,Entire home/apt,52.54282,13.366109,0.0,0,4.672828834461906,1,1,0
174.0,2,1.0,1.0,Entire home/apt,52.4197111,13.2870811,5.0,8,5.159055299214529,1,1,0
119.0,2,1.0,1.0,Entire home/apt,52.51702852634653,13.278888273541256,4.93,143,4.77912349311153,1,1,0
28.0,1,1.0,1.0,Private room,52.52601258636338,13.422161179367846,0.0,0,3.332204510175204,0,0,0
156.0,9,3.0,1.0,Entire home/apt,52.4481877,13.3437656,4.0,3,5.049856007249537,1,1,0
71.0,2,1.0,1.0,Entire home/apt,52.42835493665972,13.20570742750855,4.96,25,4.262679877041316,1,1,0
109.0,5,1.0,1.0,Entire home/apt,52.51934114760478,13.264997117221355,4.8,130,4.691347882229144,1,1,1
160.0,3,1.0,1.0,Entire home/apt,52.60414,13.20758,5.0,20,5.075173815233827,0,1,0
60.0,2,1.0,1.0,Entire home/apt,52.54809,13.40422,5.0,1,4.0943445622221,1,1,0
185.0,4,2.0,2.0,Entire home/apt,52.51457169246413,13.456166472491455,0.0,0,5.220355825078324,0,1,0
51.0,2,1.0,2.0,Private room,52.4905,13.44636,4.89,76,3.9318256327243257,1,1,1
85.0,2,1.0,1.0,Entire home/apt,52.54863,13.401,5.0,4,4.442651256490317,1,1,0
68.0,1,1.0,1.5,Private room,52.50023753,13.42921315815896,4.86,29,4.219507705176107,1,1,0
213.0,4,1.0,1.0,Entire home/apt,52.4860161,13.4238391,4.2,74,5.3612921657094255,1,1,0
231.0,5,2.0,1.0,Entire home/apt,52.4860161,13.4238391,4.13,90,5.442417710521793,1,1,0
114.0,2,1.0,1.0,Private room,52.5065,13.34644,4.5,2,4.736198448394496,1,1,0
292.0,5,1.0,1.0,Entire home/apt,52.50557635957621,13.439209693640125,4.95,83,5.676753802268282,1,1,0
315.0,4,1.0,2.0,Entire home/apt,52.5045126,13.3412181,0.0,0,5.752572638825633,0,0,0
189.0,2,1.0,1.0,Entire home/apt,52.49091,13.42562,4.87,15,5.241747015059643,1,1,0
136.0,2,1.0,1.0,Entire home/apt,52.4988328,13.3120967,4.59,61,4.912654885736052,1,0,1
146.0,2,1.0,1.0,Entire home/apt,52.4988328,13.3120967,4.66,303,4.983606621708336,1,0,1
143.0,2,1.0,1.0,Entire home/apt,52.4988328,13.3120967,4.75,365,4.962844630259907,1,1,1
156.0,2,1.0,1.0,Entire home/apt,52.4988328,13.3120967,4.71,66,5.049856007249537,1,1,1
171.0,4,1.0,1.0,Entire home/apt,52.4988328,13.3120967,4.78,406,5.14166355650266,1,1,1
163.0,4,1.0,1.0,Entire home/apt,52.4988328,13.3120967,4.73,55,5.093750200806762,1,1,1
87.0,3,1.0,1.0,Entire home/apt,52.50016,13.4181,0.0,0,4.465908118654584,1,1,0
198.0,6,1.0,1.0,Entire home/apt,52.4988328,13.3120967,4.15,13,5.288267030694535,1,1,1
149.0,3,1.0,1.0,Entire home/apt,52.53811872623356,13.408899589530783,4.62,13,5.003946305945459,1,1,0
85.0,4,1.0,1.0,Entire home/apt,52.5955814,13.4330778,0.0,0,4.442651256490317,1,1,0
122.0,3,2.0,2.0,Entire home/apt,52.4953,13.43615,5.0,8,4.804021044733257,1,1,0
220.0,4,2.0,1.5,Private room,52.53647,13.42831,4.93,46,5.393627546352362,1,1,0
235.0,5,4.0,2.0,Entire home/apt,52.52568433200749,13.514014156116366,5.0,16,5.459585514144159,1,1,0
99.0,6,2.0,1.0,Entire home/apt,52.54757,13.4487,5.0,2,4.59511985013459,1,1,0
150.0,4,1.0,1.0,Private room,52.50496,13.46918,5.0,10,5.010635294096256,1,1,0
127.0,2,1.0,1.0,Entire home/apt,52.5517,13.41801,4.93,43,4.844187086458591,1,1,0
187.0,5,1.0,1.0,Entire home/apt,52.50603,13.44044,4.97,60,5.231108616854587,1,1,0
60.0,2,1.0,1.0,Entire home/apt,52.5401,13.34939,0.0,0,4.0943445622221,1,1,0
97.0,4,2.0,2.0,Private room,52.49117,13.41174,4.86,42,4.574710978503383,1,1,0
117.0,2,1.0,1.0,Entire home/apt,52.50013,13.35586,0.0,0,4.762173934797756,1,1,0
112.0,4,1.0,1.0,Entire home/apt,52.54319,13.42469,4.51,35,4.718498871295094,1,1,0
193.0,5,3.0,1.5,Entire home/apt,52.51659,13.4664,4.84,43,5.262690188904886,1,1,0
43.0,2,1.0,1.0,Private room,52.50293919830891,13.293292992638234,0.0,0,3.7612001156935615,1,1,0
228.0,5,1.0,1.0,Entire home/apt,52.5048,13.44171,4.99,87,5.429345628954441,1,1,0
90.0,1,1.0,1.0,Entire home/apt,52.55216523881542,13.436332270503044,5.0,4,4.499809670330265,1,1,0
61.0,2,1.0,1.0,Private room,52.51395,13.51492,4.84,113,4.110873864173311,1,1,0
21.0,1,1.0,1.0,Private room,52.58916,13.4289,0.0,0,3.044522437723423,1,1,0
22.0,1,1.0,1.0,Private room,52.58911,13.42874,0.0,0,3.091042453358316,1,1,0
136.0,2,1.0,1.0,Entire home/apt,52.50471637261457,13.433719243669154,5.0,9,4.912654885736052,1,1,0
140.0,3,1.0,1.0,Entire home/apt,52.60493,13.20761,0.0,0,4.941642422609304,0,1,0
148.0,2,1.0,1.0,Private room,52.47331,13.31395,4.25,4,4.997212273764115,1,0,0
254.0,4,2.0,1.0,Entire home/apt,52.53825,13.3968,4.96,46,5.537334267018537,1,1,0
41.0,1,1.0,1.0,Private room,52.58743,13.42706,5.0,1,3.713572066704308,1,1,0
189.0,5,1.0,1.0,Entire home/apt,52.506,13.43906,4.96,69,5.241747015059643,1,1,0
64.0,2,1.0,1.0,Entire home/apt,52.54858,13.40276,0.0,0,4.158883083359672,1,1,0
212.0,4,1.0,1.0,Entire home/apt,52.50579519636992,13.44116995615015,4.86,22,5.356586274672012,1,1,0
125.0,4,2.0,1.0,Entire home/apt,52.50686,13.50294,4.7,100,4.8283137373023015,1,1,0
225.0,4,2.0,2.0,Entire home/apt,52.49642,13.43604,5.0,14,5.41610040220442,1,1,1
193.0,12,4.0,1.0,Entire home/apt,52.4473,13.34428,3.5,8,5.262690188904886,1,1,0
76.0,2,1.0,1.0,Entire home/apt,52.46097,13.51984,0.0,0,4.330733340286331,1,1,0
56.0,2,1.0,1.0,Entire home/apt,52.47515,13.48187,0.0,0,4.02535169073515,1,1,0
100.0,3,1.0,1.0,Entire home/apt,52.48656,13.38741,4.89,62,4.605170185988092,1,1,0
70.0,1,0.0,1.0,Entire home/apt,52.5001715,13.3151285,5.0,3,4.248495242049359,1,1,0
106.0,5,0.0,1.0,Entire home/apt,52.52272,13.38562,4.79,126,4.663439094112067,1,1,0
136.0,2,1.0,1.0,Private room,52.48928,13.26795,4.92,24,4.912654885736052,1,0,0
332.0,4,2.0,1.0,Entire home/apt,52.54087,13.40482,4.96,25,5.805134968916488,1,1,0
99.0,6,2.0,1.0,Entire home/apt,52.5475735,13.4486987,5.0,2,4.59511985013459,1,1,0
88.0,6,2.0,1.0,Entire home/apt,52.5475735,13.4486987,5.0,2,4.477336814478207,1,1,0
263.0,6,3.0,2.0,Entire home/apt,52.50086779999999,13.3587992,0.0,0,5.572154032177765,1,1,0
64.0,2,1.0,1.0,Private room,52.50045,13.45716,4.98,248,4.158883083359672,1,1,0
118.0,2,1.0,1.5,Entire home/apt,52.46018609999999,13.3098381,4.82,62,4.770684624465665,1,1,0
99.0,6,2.0,1.0,Entire home/apt,52.5475735,13.4486987,5.0,2,4.59511985013459,1,1,0
77.0,6,2.0,1.0,Entire home/apt,52.5475735,13.4486987,4.0,2,4.343805421853684,1,1,0
99.0,6,2.0,1.0,Entire home/apt,52.5475735,13.4486987,5.0,1,4.59511985013459,1,1,0
76.0,4,2.0,1.0,Entire home/apt,52.43457,13.23188,4.87,52,4.330733340286331,1,1,0
194.0,6,2.0,1.0,Entire home/apt,52.4915178,13.4796538,5.0,4,5.267858159063328,1,1,0
63.0,3,1.0,1.0,Entire home/apt,52.52403405643552,13.165776498147576,4.87,68,4.143134726391533,1,1,0
71.0,2,1.0,1.0,Private room,52.53207524826149,13.423373848199844,4.94,35,4.262679877041316,1,1,0
72.0,4,1.0,1.0,Entire home/apt,52.54757,13.4487,4.67,3,4.276666119016055,1,1,0
99.0,5,2.0,1.0,Entire home/apt,52.5475735,13.4486987,5.0,2,4.59511985013459,1,1,0
209.0,8,4.0,2.0,Entire home/apt,52.4871723,13.3568638,0.0,0,5.342334251964811,1,1,0
190.0,2,1.0,1.0,Entire home/apt,52.5045126,13.3412181,0.0,0,5.247024072160486,1,1,0
82.0,2,1.0,1.5,Private room,52.49047753,13.322870569914564,4.9,58,4.406719247264253,1,0,0
170.0,6,2.0,1.0,Entire home/apt,52.54757,13.4487,4.76,127,5.135798437050262,1,1,0
105.0,2,1.0,1.0,Entire home/apt,52.4989,13.31604,4.83,18,4.653960350157523,1,1,0
234.0,10,2.0,2.0,Entire home/apt,52.54754,13.44874,4.67,64,5.455321115357702,1,1,0
193.0,2,1.0,1.0,Entire home/apt,52.53332709118808,13.40613265827304,0.0,0,5.262690188904886,1,1,0
133.0,4,1.0,1.0,Entire home/apt,52.54757,13.4487,4.74,119,4.890349128221754,1,1,0
65.0,2,1.0,1.0,Entire home/apt,52.50408,13.29796,0.0,0,4.174387269895637,1,1,0
35.0,2,1.0,1.0,Private room,52.55371,13.34426,0.0,0,3.555348061489413,1,1,0
69.0,2,1.0,1.0,Private room,52.56548,13.41711,5.0,4,4.23410650459726,1,1,0
129.0,2,1.0,1.0,Entire home/apt,52.43317,13.53358,4.5,4,4.859812404361672,1,0,0
368.0,4,2.0,1.0,Entire home/apt,52.50445,13.44135,0.0,0,5.908082938168931,1,1,0
127.0,2,1.0,1.0,Entire home/apt,52.48663,13.4377,4.75,112,4.844187086458591,1,1,0
295.0,4,2.0,1.0,Entire home/apt,52.53669578435378,13.426076103622872,5.0,5,5.68697535633982,1,1,0
140.0,4,2.0,1.0,Entire home/apt,52.49878,13.46511,0.0,0,4.941642422609304,1,1,0
122.0,2,1.0,1.0,Entire home/apt,52.5152744,13.4565813,0.0,0,4.804021044733257,1,1,0
37.0,1,3.0,1.0,Private room,52.454559443468895,13.351694014819348,5.0,1,3.610917912644224,1,1,0
251.0,7,3.0,2.0,Entire home/apt,52.49944,13.49341,5.0,35,5.525452939131784,1,1,0
160.0,6,2.0,1.0,Entire home/apt,52.54757,13.4487,4.69,91,5.075173815233827,1,1,0
76.0,2,1.0,1.0,Private room,52.5247,13.41936,4.87,128,4.330733340286331,1,0,0
157.0,6,2.0,1.0,Entire home/apt,52.54757,13.4487,4.81,104,5.056245805348308,1,1,0
139.0,6,1.0,1.0,Entire home/apt,52.54757,13.4487,4.82,98,4.934473933130692,1,1,0
168.0,5,2.0,1.0,Entire home/apt,52.54757,13.4487,4.74,82,5.123963979403259,1,1,0
72.0,2,1.0,1.0,Private room,52.49773,13.46292,4.97,70,4.276666119016055,1,1,0
162.0,4,2.0,2.0,Entire home/apt,52.50242,13.35824,0.0,0,5.087596335232384,1,1,0
166.0,3,2.0,1.0,Entire home/apt,52.5007739,13.3595996,0.0,0,5.111987788356544,1,1,0
181.0,4,2.0,1.0,Entire home/apt,52.5097719,13.3233972,0.0,0,5.198497031265826,1,1,0
120.0,2,1.0,1.0,Entire home/apt,52.54674,13.57462,4.8,5,4.787491742782046,1,1,1
74.0,3,1.0,1.0,Private room,52.46288,13.32861,4.92,147,4.30406509320417,1,1,0
68.0,2,1.0,1.5,Private room,52.46459,13.39332,5.0,35,4.219507705176107,1,1,0
199.0,2,1.0,1.0,Entire home/apt,52.5106634,13.4085787,4.88,26,5.293304824724492,1,1,0
144.0,2,1.0,1.0,Entire home/apt,52.5046952,13.3911793,4.67,553,4.969813299576001,1,0,0
138.0,4,1.0,1.5,Entire home/apt,52.4072836,13.6615201,4.85,13,4.927253685157205,1,1,0
82.0,3,1.0,1.0,Private room,52.49293,13.36029,4.92,39,4.406719247264253,1,1,0
67.0,1,1.0,1.0,Private room,52.51458,13.17246,5.0,1,4.204692619390966,1,1,0
86.0,5,1.0,1.0,Private room,52.53348772049617,13.348560615646438,4.94,141,4.454347296253507,1,1,0
139.0,3,1.0,1.0,Entire home/apt,52.51057931409847,13.311775030268375,0.0,0,4.934473933130692,0,1,0
71.0,1,1.0,1.0,Entire home/apt,52.63211,13.51807,5.0,1,4.262679877041316,1,0,0
149.0,2,1.0,1.0,Entire home/apt,52.5046952,13.3911793,4.65,314,5.003946305945459,1,0,0
153.0,2,1.0,1.0,Entire home/apt,52.5046952,13.3911793,4.6,15,5.030437921392435,1,0,0
150.0,2,1.0,1.0,Entire home/apt,52.5046952,13.3911793,4.66,119,5.010635294096256,1,1,0
151.0,2,1.0,1.0,Entire home/apt,52.5046952,13.3911793,4.67,1550,5.017279836814924,1,1,0
158.0,2,1.0,1.0,Entire home/apt,52.5046952,13.3911793,4.61,44,5.062595033026967,1,1,0
232.0,4,1.0,1.0,Entire home/apt,52.5046952,13.3911793,4.72,71,5.44673737166631,1,1,0
313.0,5,2.0,1.0,Entire home/apt,52.53355246069496,13.43645330518484,4.89,245,5.746203190540153,1,1,0
89.0,3,1.0,1.0,Entire home/apt,52.49845,13.4469,0.0,0,4.48863636973214,1,1,0
80.0,2,1.0,1.0,Entire home/apt,52.58616,13.36332,0.0,0,4.382026634673881,1,1,1
182.0,2,1.0,1.0,Entire home/apt,52.49722,13.30885,4.57,14,5.204006687076795,1,1,0
102.0,4,1.0,1.0,Entire home/apt,52.463275800261584,13.438302161379852,5.0,27,4.624972813284271,1,1,1
65.0,1,1.0,1.0,Private room,52.48811,13.43366,5.0,3,4.174387269895637,1,1,0
246.0,4,1.0,2.0,Entire home/apt,52.54717260393295,13.409238509158683,5.0,9,5.5053315359323625,1,1,0
129.0,4,2.0,1.0,Entire home/apt,52.48850867399378,13.453117022664856,4.88,26,4.859812404361672,1,1,0
111.0,2,1.0,1.0,Entire home/apt,52.43175,13.20024,0.0,0,4.709530201312334,1,1,0
82.0,1,1.0,1.0,Entire home/apt,52.53577374019033,13.42729732327883,4.97,177,4.406719247264253,1,1,0
24.0,2,1.0,1.0,Entire home/apt,52.46167,13.33696,0.0,0,3.1780538303479458,0,1,0
221.0,4,2.0,1.0,Entire home/apt,52.48334,13.31131,4.56,9,5.3981627015177525,1,1,0
70.0,2,1.0,1.0,Private room,52.5140718,13.1735062,0.0,0,4.248495242049359,1,1,0
152.0,2,1.0,1.0,Entire home/apt,52.5070856,13.3179806,0.0,0,5.0238805208462765,1,1,0
89.0,2,1.0,1.0,Private room,52.48712,13.33816,4.88,40,4.48863636973214,1,0,0
194.0,4,2.0,1.5,Entire home/apt,52.51788570000001,13.4171159,5.0,1,5.267858159063328,1,1,0
85.0,2,1.0,1.0,Entire home/apt,52.5009,13.37182,0.0,0,4.442651256490317,1,1,0
83.0,2,0.0,1.0,Entire home/apt,52.5544776,13.4223465,4.88,73,4.418840607796598,1,1,0
121.0,2,1.0,1.0,Entire home/apt,52.6065,13.43236,3.67,9,4.795790545596741,1,1,0
59.0,4,1.0,1.0,Private room,52.43933,13.49135,4.85,95,4.07753744390572,1,1,0
81.0,3,1.0,1.0,Entire home/apt,52.53716347856098,13.264783380950911,5.0,2,4.394449154672439,1,1,0
78.0,2,1.0,1.0,Entire home/apt,52.5375276,13.2651409,0.0,0,4.356708826689592,1,1,0
60.0,2,1.0,1.5,Private room,52.52108,13.32082,4.95,21,4.0943445622221,1,1,0
68.0,1,1.0,1.0,Private room,52.46178,13.52232,0.0,0,4.219507705176107,1,1,0
35.0,1,0.0,0.0,Entire home/apt,52.52126,13.40514,5.0,3,3.555348061489413,1,1,0
151.0,2,1.0,1.0,Entire home/apt,52.50601,13.39027,0.0,0,5.017279836814924,1,1,0
87.0,2,1.0,1.0,Entire home/apt,52.5046,13.50237,4.86,118,4.465908118654584,1,1,0
70.0,2,1.0,1.0,Entire home/apt,52.39418,13.41215,0.0,0,4.248495242049359,1,1,0
131.0,2,1.0,1.0,Entire home/apt,52.50567299999999,13.3904664,0.0,0,4.875197323201151,1,1,0
132.0,2,1.0,1.0,Entire home/apt,52.50567299999999,13.3904664,0.0,0,4.882801922586371,1,1,0
150.0,2,1.0,1.0,Entire home/apt,52.464195,13.384416,3.67,3,5.010635294096256,1,1,0
136.0,1,1.0,1.0,Entire home/apt,52.464195,13.384416,4.0,5,4.912654885736052,1,1,0
136.0,1,1.0,1.0,Entire home/apt,52.464195,13.384416,4.67,117,4.912654885736052,1,1,0
159.0,2,1.0,1.0,Entire home/apt,52.464195,13.384416,4.8,35,5.068904202220232,1,1,0
190.0,3,1.0,1.0,Entire home/apt,52.464195,13.384416,4.33,6,5.247024072160486,1,1,0
218.0,4,1.0,1.0,Entire home/apt,52.464195,13.384416,4.17,6,5.384495062789089,1,1,0
95.0,2,1.0,1.0,Private room,52.53991879143416,13.401460706712212,4.89,18,4.553876891600541,1,1,0
134.0,1,1.0,1.0,Entire home/apt,52.464195,13.384416,4.88,26,4.897839799950911,1,1,0
140.0,2,1.0,1.0,Entire home/apt,52.464195,13.384416,4.61,269,4.941642422609304,1,1,0
108.0,2,1.0,1.0,Entire home/apt,52.54891,13.40625,5.0,3,4.68213122712422,1,1,0
64.0,2,1.0,1.0,Entire home/apt,52.57416,13.4389,5.0,1,4.158883083359672,1,1,0
79.0,1,1.0,1.0,Entire home/apt,52.52446,13.40779,0.0,0,4.3694478524670215,1,1,0
99.0,2,1.0,1.0,Entire home/apt,52.53079746023352,13.333518840372562,0.0,0,4.59511985013459,1,1,0
125.0,2,1.0,1.0,Private room,52.52694049999999,13.3914413,4.91,47,4.8283137373023015,1,1,0
75.0,2,1.0,1.0,Entire home/apt,52.49304,13.32076,0.0,0,4.31748811353631,1,1,0
240.0,5,3.0,2.0,Entire home/apt,52.50395731,13.416858070195094,0.0,0,5.480638923341991,1,1,0
118.0,3,1.0,1.0,Entire home/apt,52.52988,13.39764,4.58,89,4.770684624465665,1,1,0
91.0,2,1.0,1.0,Entire home/apt,52.54686328043464,13.3814458120522,4.91,11,4.51085950651685,1,1,0
114.0,2,1.0,1.0,Entire home/apt,52.5817135,13.396813,4.97,35,4.736198448394496,1,1,0
121.0,3,1.0,1.0,Entire home/apt,52.5255378,13.4072858,4.59,39,4.795790545596741,1,1,0
258.0,4,2.0,1.0,Entire home/apt,52.51394,13.45892,4.94,49,5.552959584921617,1,1,0
54.0,2,1.0,1.0,Entire home/apt,52.52296,13.41347,5.0,3,3.9889840465642745,1,1,0
110.0,4,1.0,1.0,Entire home/apt,52.50925179999999,13.4239126,4.08,12,4.700480365792417,1,1,0
82.0,4,2.0,1.0,Entire home/apt,52.4972084,13.4455264,0.0,0,4.406719247264253,1,1,0
54.0,2,1.0,1.0,Private room,52.55153,13.44932,4.88,66,3.9889840465642745,1,1,0
116.0,4,1.0,1.0,Entire home/apt,52.50925179999999,13.4239126,4.59,27,4.7535901911063645,1,1,0
111.0,4,1.0,1.0,Entire home/apt,52.50925179999999,13.4239126,4.33,12,4.709530201312334,1,1,0
210.0,8,4.0,1.0,Entire home/apt,52.50925179999999,13.4239126,4.45,20,5.3471075307174685,1,1,0
23.0,1,1.0,1.0,Private room,52.51959,13.25512,0.0,0,3.1354942159291497,1,1,0
227.0,8,4.0,2.5,Entire home/apt,52.39324,13.38321,4.92,13,5.424950017481403,1,1,0
128.0,2,1.0,1.0,Entire home/apt,52.55879,13.37759,4.75,4,4.852030263919617,1,1,0
91.0,2,1.0,2.0,Entire home/apt,52.51228,13.49927,5.0,3,4.51085950651685,1,1,0
111.0,4,2.0,1.0,Entire home/apt,52.5427848,13.3710119,0.0,0,4.709530201312334,1,1,0
211.0,6,3.0,1.5,Entire home/apt,52.4955748,13.4309692,0.0,0,5.351858133476067,1,1,0
65.0,3,2.0,1.0,Entire home/apt,52.4373,13.53985,5.0,1,4.174387269895637,1,1,0
90.0,4,1.0,1.0,Entire home/apt,52.5002,13.42326,0.0,0,4.499809670330265,1,1,0
130.0,2,1.0,1.0,Entire home/apt,52.52075,13.44603,4.84,57,4.867534450455582,1,1,0
60.0,1,1.0,1.0,Entire home/apt,52.52644,13.33144,0.0,0,4.0943445622221,1,1,0
69.0,2,1.0,1.0,Private room,52.4890158,13.4554306,4.92,36,4.23410650459726,1,1,0
204.0,4,1.0,1.0,Entire home/apt,52.4926074,13.4211571,4.94,94,5.318119993844216,1,1,0
110.0,2,1.0,1.0,Entire home/apt,52.5201396,13.4539841,4.66,182,4.700480365792417,1,1,0
101.0,2,1.0,1.0,Entire home/apt,52.5201396,13.4539841,4.71,157,4.61512051684126,1,1,0
85.0,4,1.0,1.5,Entire home/apt,52.49522,13.298,5.0,4,4.442651256490317,1,1,0
95.0,1,1.0,1.0,Private room,52.49082,13.32011,0.0,0,4.553876891600541,1,1,0
119.0,2,1.0,1.0,Entire home/apt,52.49913,13.44062,5.0,8,4.77912349311153,1,1,0
64.0,2,1.0,1.0,Entire home/apt,52.63199,13.51777,4.75,4,4.158883083359672,1,1,0
64.0,3,1.0,1.0,Private room,52.47419,13.46612,0.0,0,4.158883083359672,0,1,0
45.0,2,1.0,1.0,Entire home/apt,52.54491,13.37005,4.6,5,3.80666248977032,1,1,0
175.0,4,2.0,1.0,Entire home/apt,52.5285759,13.4472486,0.0,0,5.1647859739235145,1,1,0
150.0,4,2.0,2.0,Entire home/apt,52.48537937909545,13.433482238206947,0.0,0,5.010635294096256,1,1,0
124.0,2,1.0,1.0,Private room,52.45916986207213,13.385864369506043,5.0,3,4.820281565605037,1,0,0
102.0,3,1.0,1.0,Entire home/apt,52.46986,13.42715,4.93,89,4.624972813284271,1,0,0
95.0,2,1.0,1.0,Entire home/apt,52.54985,13.4585,4.91,33,4.553876891600541,1,1,0
162.0,4,2.0,1.0,Entire home/apt,52.4837382,13.4688483,5.0,7,5.087596335232384,1,1,0
141.0,6,3.0,1.0,Entire home/apt,52.48525,13.37551,0.0,0,4.948759890378168,1,1,0
74.0,2,1.0,1.0,Entire home/apt,52.5325679,13.4336112,0.0,0,4.30406509320417,1,1,0
196.0,6,3.0,1.0,Entire home/apt,52.4671415,13.4366281,5.0,1,5.278114659230517,1,1,0
116.0,2,0.0,1.0,Entire home/apt,52.5112434,13.4160581,5.0,2,4.7535901911063645,1,1,0
76.0,2,1.0,1.0,Private room,52.49854,13.42844,5.0,40,4.330733340286331,1,1,0
136.0,6,3.0,1.0,Entire home/apt,52.5107175,13.4579619,0.0,0,4.912654885736052,1,1,0
123.0,2,1.0,1.0,Entire home/apt,52.5107175,13.4579619,0.0,0,4.812184355372417,1,1,0
195.0,8,2.0,1.0,Entire home/apt,52.4751487,13.4525081,4.38,72,5.272999558563747,1,1,0
110.0,6,1.0,1.0,Entire home/apt,52.5478129,13.4593231,4.27,71,4.700480365792417,1,1,0
150.0,9,1.0,1.0,Entire home/apt,52.47901450939813,13.445917186490828,4.38,66,5.010635294096256,1,1,0
180.0,4,2.0,2.0,Entire home/apt,52.54704,13.41354,0.0,0,5.19295685089021,1,1,0
79.0,2,1.0,1.0,Private room,52.53984,13.4096,4.9,62,4.3694478524670215,1,0,0
99.0,4,2.0,1.0,Entire home/apt,52.50134,13.45228,5.0,2,4.59511985013459,1,1,0
68.0,1,1.0,1.0,Private room,52.53291,13.41482,4.25,12,4.219507705176107,1,0,0
62.0,2,1.0,1.0,Private room,52.54767,13.40419,4.95,164,4.127134385045092,1,0,0
63.0,2,2.0,1.0,Entire home/apt,52.51139,13.46745,0.0,0,4.143134726391533,1,1,0
179.0,4,2.0,2.0,Entire home/apt,52.48912,13.39569,5.0,7,5.187385805840755,1,1,0
60.0,2,0.0,1.0,Entire home/apt,52.51441,13.30213,0.0,0,4.0943445622221,1,1,0
76.0,2,1.0,1.5,Private room,52.41616,13.39992,5.0,3,4.330733340286331,1,1,0
55.0,1,1.0,1.0,Private room,52.447207974621584,13.502599596977234,4.93,123,4.007333185232471,1,1,0
71.0,2,1.0,1.0,Private room,52.474322139477074,13.427352569997312,4.94,47,4.262679877041316,1,1,0
69.0,2,1.0,1.0,Entire home/apt,52.43160901258738,13.515375766749289,4.96,50,4.23410650459726,1,1,0
114.0,1,1.0,1.0,Entire home/apt,52.49215,13.41416,4.86,7,4.736198448394496,1,1,0
175.0,4,2.0,1.0,Entire home/apt,52.55584,13.42706,4.98,46,5.1647859739235145,1,1,0
194.0,3,2.0,1.5,Entire home/apt,52.52878,13.4121639,0.0,0,5.267858159063328,1,1,0
87.0,2,1.0,1.0,Private room,52.5111,13.4678,4.97,32,4.465908118654584,1,1,0
57.0,1,1.0,1.0,Private room,52.42265,13.3669,4.98,103,4.04305126783455,1,0,0
64.0,1,1.0,1.0,Private room,52.50957,13.45465,4.98,56,4.158883083359672,1,1,0
28.0,4,1.0,1.0,Shared room,52.4983037,13.3844045,4.72,18,3.332204510175204,1,0,0
95.0,1,1.0,1.5,Private room,52.53526,13.42618,4.95,19,4.553876891600541,1,1,0
129.0,3,1.0,1.0,Entire home/apt,52.486670455936896,13.48183122,4.8,101,4.859812404361672,1,1,0
80.0,2,1.0,1.0,Entire home/apt,52.52679063198619,13.382233836521037,0.0,0,4.382026634673881,1,1,0
85.0,2,0.0,1.0,Entire home/apt,52.55135,13.3492,5.0,1,4.442651256490317,1,1,0
170.0,4,2.0,1.0,Entire home/apt,52.53667129999999,13.3776814,0.0,0,5.135798437050262,1,1,0
239.0,4,2.0,1.0,Entire home/apt,52.45321999999999,13.52442,0.0,0,5.476463551931511,1,1,0
58.0,1,0.0,1.0,Entire home/apt,52.45541,13.61361,5.0,1,4.060443010546419,1,1,0
80.0,2,1.0,1.0,Entire home/apt,52.54823949856628,13.350347638469122,0.0,0,4.382026634673881,1,1,0
85.0,3,1.0,2.0,Entire home/apt,52.50337,13.34236,0.0,0,4.442651256490317,1,1,0
40.0,1,1.0,1.0,Private room,52.58022,13.34181,0.0,0,3.688879454113936,1,1,0
96.0,2,1.0,1.0,Private room,52.49828,13.42061,5.0,79,4.564348191467836,1,1,0
109.0,2,1.0,1.0,Entire home/apt,52.52220916404914,13.449266507934578,5.0,4,4.691347882229144,1,1,0
106.0,2,1.0,1.0,Entire home/apt,52.5292081,13.3283711,0.0,0,4.663439094112067,1,1,0
112.0,2,1.0,1.0,Entire home/apt,52.5292081,13.3283711,4.0,1,4.718498871295094,1,1,0
29.0,4,1.0,1.0,Shared room,52.48748,13.42572,5.0,2,3.367295829986474,1,0,1
60.0,1,1.0,1.0,Private room,52.48748,13.42572,4.67,3,4.0943445622221,1,0,1
78.0,3,1.0,1.0,Entire home/apt,52.55275,13.3847,0.0,0,4.356708826689592,1,1,0
140.0,4,2.0,1.0,Entire home/apt,52.51443,13.4551,0.0,0,4.941642422609304,1,1,0
45.0,2,1.0,1.0,Private room,52.50423,13.30907,4.81,80,3.80666248977032,1,1,0
620.0,6,5.0,2.5,Entire home/apt,52.47152,13.29061,4.99,67,6.429719478039138,1,1,0
54.0,2,1.0,1.0,Private room,52.53808,13.41932,4.98,87,3.9889840465642745,1,1,0
35.0,6,1.0,1.0,Shared room,52.4983037,13.3844045,4.13,8,3.555348061489413,1,0,0
131.0,6,3.0,1.0,Private room,52.52884857855784,13.195437027986864,0.0,0,4.875197323201151,1,1,0
148.0,4,2.0,1.0,Entire home/apt,52.55008825159939,13.420669435446865,5.0,13,4.997212273764115,1,1,0
35.0,8,1.0,1.0,Shared room,52.498290636890935,13.384726365081791,5.0,5,3.555348061489413,1,0,0
30.0,4,1.0,1.0,Shared room,52.4983037,13.3844045,4.53,43,3.4011973816621555,1,0,0
77.0,3,1.0,1.0,Entire home/apt,52.48867,13.3646,4.88,130,4.343805421853684,1,1,0
68.0,2,1.0,2.0,Private room,52.49062,13.44666,0.0,0,4.219507705176107,1,1,1
214.0,8,3.0,1.5,Entire home/apt,52.46468,13.39352,1.0,1,5.365976015021851,1,1,0
72.0,2,1.0,1.0,Entire home/apt,52.52649,13.45046,4.5,96,4.276666119016055,1,1,1
174.0,9,3.0,1.0,Entire home/apt,52.5238514,13.4498523,4.37,27,5.159055299214529,1,1,0
128.0,5,3.0,1.0,Entire home/apt,52.4505168,13.3459914,4.4,5,4.852030263919617,1,1,0
225.0,7,3.0,1.0,Entire home/apt,52.46689,13.3938,3.0,2,5.41610040220442,1,1,0
400.0,12,5.0,2.0,Entire home/apt,52.46469,13.39518,4.0,2,5.991464547107982,1,1,0
32.0,1,1.0,1.0,Private room,52.48248926018893,13.322862423956394,0.0,0,3.4657359027997265,1,1,0
69.0,2,1.0,1.0,Private room,52.48748,13.42572,4.5,8,4.23410650459726,1,0,1
29.0,8,1.0,1.5,Shared room,52.48748,13.42572,4.0,1,3.367295829986474,1,0,1
170.0,2,1.0,1.0,Entire home/apt,52.53375,13.42403,4.87,23,5.135798437050262,1,1,0
63.0,2,0.0,1.0,Entire home/apt,52.49972,13.30854,5.0,1,4.143134726391533,1,1,0
259.0,4,2.0,1.0,Entire home/apt,52.50188499999999,13.3377634,0.0,0,5.556828061699537,1,1,0
98.0,2,0.0,1.0,Entire home/apt,52.5112434,13.4160581,5.0,2,4.584967478670572,1,1,0
238.0,9,3.0,1.5,Entire home/apt,52.53034,13.42452,4.84,129,5.472270673671475,1,1,0
112.0,4,1.0,1.0,Entire home/apt,52.44469,13.29397,4.73,63,4.718498871295094,1,1,0
130.0,6,3.0,2.0,Entire home/apt,52.57232,13.55656,5.0,1,4.867534450455582,1,1,0
69.0,2,1.0,1.0,Private room,52.54691,13.42746,4.89,70,4.23410650459726,1,1,0
69.0,2,1.0,1.0,Private room,52.4983037,13.3844045,3.5,2,4.23410650459726,1,0,0
76.0,2,2.0,1.0,Entire home/apt,52.4899461,13.3770395,0.0,0,4.330733340286331,1,1,0
290.0,4,2.0,2.0,Entire home/apt,52.4985,13.32631,0.0,0,5.66988092298052,1,1,0
278.0,4,2.0,1.0,Entire home/apt,52.49656,13.42158,4.83,6,5.627621113690637,1,1,0
69.0,2,0.0,1.0,Entire home/apt,52.49972,13.30854,0.0,0,4.23410650459726,1,1,0
207.0,2,1.0,2.0,Entire home/apt,52.4953,13.42969,5.0,5,5.332718793265369,1,1,0
69.0,2,1.0,1.0,Private room,52.48748,13.42572,4.5,30,4.23410650459726,1,0,1
110.0,2,1.0,1.0,Entire home/apt,52.4817128,13.4251885,5.0,27,4.700480365792417,1,1,0
50.0,2,1.0,1.5,Private room,52.50849685,13.28620350218442,4.94,125,3.912023005428146,1,1,0
127.0,2,0.0,1.0,Entire home/apt,52.49972,13.30854,0.0,0,4.844187086458591,1,1,0
102.0,1,1.0,1.0,Private room,52.5730942,13.2234364,0.0,0,4.624972813284271,1,1,0
81.0,3,1.0,1.0,Entire home/apt,52.46636,13.48546,4.5,4,4.394449154672439,1,1,0
147.0,4,1.0,1.0,Entire home/apt,52.50001,13.41256,4.86,105,4.990432586778736,1,1,0
149.0,3,1.0,1.0,Entire home/apt,52.5136412,13.4546373,4.51,126,5.003946305945459,1,1,0
156.0,4,1.0,1.0,Entire home/apt,52.5136412,13.4546373,4.54,46,5.049856007249537,1,1,0
163.0,4,1.0,1.0,Entire home/apt,52.51310603625847,13.453807246164716,4.51,174,5.093750200806762,1,1,0
190.0,4,2.0,1.0,Entire home/apt,52.48623483326056,13.36338473068848,4.91,35,5.247024072160486,1,1,0
159.0,2,1.0,1.0,Entire home/apt,52.5251173,13.3324929,0.0,0,5.068904202220232,1,1,0
219.0,4,2.0,1.5,Entire home/apt,52.45247,13.53919,0.0,0,5.389071729816501,1,1,0
263.0,7,2.0,1.0,Entire home/apt,52.5306937,13.4068476,4.86,69,5.572154032177765,1,1,0
70.0,2,1.0,1.0,Private room,52.50471641641215,13.468972834918205,5.0,9,4.248495242049359,1,1,0
140.0,2,1.0,1.0,Entire home/apt,52.53081,13.39869,4.8,20,4.941642422609304,1,1,0
60.0,2,1.0,1.0,Entire home/apt,52.5171991,13.4452987,5.0,4,4.0943445622221,1,1,0
331.0,2,1.0,1.0,Entire home/apt,52.48818,13.35275,5.0,46,5.802118375377063,1,1,1
183.0,5,3.0,2.0,Entire home/apt,52.49586,13.31204,0.0,0,5.209486152841421,1,1,0
216.0,4,2.0,2.0,Entire home/apt,52.50989,13.37342,4.5,2,5.375278407684165,1,1,0
165.0,4,1.0,1.0,Entire home/apt,52.49698,13.32934,4.72,36,5.10594547390058,1,1,0
80.0,3,1.0,1.0,Entire home/apt,52.53359,13.41148,0.0,0,4.382026634673881,1,1,0
141.0,1,0.0,1.0,Entire home/apt,52.5001715,13.3151285,5.0,1,4.948759890378168,1,0,0
80.0,2,1.0,1.0,Private room,52.4999,13.30929,0.0,0,4.382026634673881,1,1,0
210.0,4,2.0,1.0,Entire home/apt,52.5136897,13.4563407,0.0,0,5.3471075307174685,1,1,0
139.0,4,1.0,1.0,Entire home/apt,52.5725877,13.2687763,4.5,6,4.934473933130692,1,1,0
222.0,4,1.0,1.0,Entire home/apt,52.5103021,13.4526051,4.95,21,5.402677381872279,1,1,0
130.0,6,3.0,2.0,Entire home/apt,52.5296122,13.4062557,0.0,0,4.867534450455582,1,1,0
74.0,1,1.0,1.0,Private room,52.5440548,13.3736342,4.97,87,4.30406509320417,1,0,0
79.0,4,1.0,1.5,Entire home/apt,52.52076,13.4521,4.76,158,4.3694478524670215,1,1,0
60.0,3,1.0,1.0,Entire home/apt,52.45735,13.26908,0.0,0,4.0943445622221,1,1,0
160.0,4,1.0,1.0,Entire home/apt,52.538933,13.401995,4.98,110,5.075173815233827,1,1,0
280.0,6,4.0,2.0,Entire home/apt,52.5389381,13.4018951,5.0,14,5.634789603169249,1,1,0
33.0,1,1.0,1.0,Shared room,52.52647697657975,13.364627285563486,4.82,112,3.49650756146648,1,1,0
103.0,4,2.0,1.0,Entire home/apt,52.49164,13.39585,4.58,154,4.634728988229636,1,1,0
76.0,4,1.0,1.0,Entire home/apt,52.582649,13.3818332,4.78,46,4.330733340286331,1,1,0
70.0,2,1.0,1.0,Entire home/apt,52.49899455163855,13.336576103704818,0.0,0,4.248495242049359,1,1,0
124.0,6,0.0,1.0,Entire home/apt,52.51215,13.45772,4.83,64,4.820281565605037,1,1,0
188.0,2,1.0,1.0,Entire home/apt,52.51539,13.46963,5.0,17,5.236441962829949,1,1,0
210.0,6,3.0,1.0,Entire home/apt,52.47237,13.42934,4.92,157,5.3471075307174685,1,1,0
60.0,4,1.0,1.0,Entire home/apt,52.55115,13.35697,4.89,169,4.0943445622221,1,1,0
60.0,4,1.0,1.0,Entire home/apt,52.54993,13.35488,4.87,180,4.0943445622221,1,1,0
189.0,4,2.0,1.0,Entire home/apt,52.5013604,13.4528593,4.93,40,5.241747015059643,1,1,0
270.0,5,2.0,2.0,Entire home/apt,52.50084,13.33907,4.96,28,5.598421958998375,1,1,0
161.0,3,2.0,1.0,Entire home/apt,52.4659735,13.4345647,4.94,17,5.081404364984463,1,1,0
158.0,4,2.0,1.0,Entire home/apt,52.5251173,13.3324929,1.0,1,5.062595033026967,1,1,0
232.0,4,2.0,1.0,Entire home/apt,52.5251173,13.3324929,4.0,1,5.44673737166631,1,1,0
136.0,2,1.0,1.0,Entire home/apt,52.53176,13.33778,4.0,5,4.912654885736052,0,1,0
128.0,4,2.0,1.0,Entire home/apt,52.54754522171436,13.402464066480384,5.0,7,4.852030263919617,1,1,0
148.0,4,1.0,2.0,Entire home/apt,52.50195669629832,13.442541061376954,5.0,15,4.997212273764115,1,1,0
95.0,2,1.0,1.0,Entire home/apt,52.53215,13.40706,4.56,43,4.553876891600541,1,1,0
61.0,1,1.0,1.5,Private room,52.41690314407576,13.49971789866686,4.94,93,4.110873864173311,1,1,0
134.0,6,1.0,1.0,Entire home/apt,52.4609687,13.519843,4.0,2,4.897839799950911,0,0,0
128.0,4,2.0,1.5,Entire home/apt,52.50168551,13.304225109995746,0.0,0,4.852030263919617,1,1,0
100.0,2,1.0,1.0,Entire home/apt,52.55204,13.4506,0.0,0,4.605170185988092,1,1,0
65.0,1,1.0,2.5,Private room,52.48574061211576,13.465159403011398,4.6,5,4.174387269895637,0,0,0
113.0,4,2.0,1.0,Entire home/apt,52.527055,13.3919211,4.91,170,4.727387818712341,1,1,0
100.0,2,1.0,1.0,Entire home/apt,52.5140915,13.6210977,0.0,0,4.605170185988092,1,1,0
80.0,2,1.0,1.0,Entire home/apt,52.5296122,13.4062557,0.0,0,4.382026634673881,1,1,0
62.0,1,0.0,1.0,Entire home/apt,52.4975868,13.3169818,0.0,0,4.127134385045092,1,1,0
81.0,2,1.0,1.0,Entire home/apt,52.5296,13.38191,0.0,0,4.394449154672439,1,1,0
70.0,2,1.0,1.0,Entire home/apt,52.47469402453072,13.36709775030613,4.87,94,4.248495242049359,1,1,0
76.0,5,2.0,1.0,Entire home/apt,52.50635219999999,13.4169618,4.87,91,4.330733340286331,1,1,0
70.0,5,2.0,1.0,Entire home/apt,52.50635219999999,13.4169618,4.76,120,4.248495242049359,1,1,0
81.0,2,1.0,1.0,Private room,52.46659969886248,13.440140144251142,4.13,8,4.394449154672439,1,0,0
74.0,2,1.0,1.0,Private room,52.46640170014077,13.441798271496848,4.49,92,4.30406509320417,1,0,0
72.0,1,1.0,1.0,Private room,52.46641,13.44156,4.38,8,4.276666119016055,1,0,0
89.0,6,1.0,1.0,Entire home/apt,52.40709993312937,13.554874902434936,4.96,144,4.48863636973214,1,1,0
170.0,4,3.0,1.0,Entire home/apt,52.46757,13.30231,0.0,0,5.135798437050262,1,1,0
110.0,4,1.0,1.0,Entire home/apt,52.50494198026996,13.310928490585722,5.0,1,4.700480365792417,1,1,0
58.0,2,1.0,1.0,Entire home/apt,52.4751,13.38222,5.0,1,4.060443010546419,1,1,0
41.0,2,1.0,1.0,Private room,52.46796,13.4335,0.0,0,3.713572066704308,1,1,0
128.0,2,1.0,1.5,Entire home/apt,52.4932885,13.4859782,4.98,81,4.852030263919617,1,1,0
75.0,2,1.0,2.0,Private room,52.5333199,13.3696629,4.94,148,4.31748811353631,1,1,1
500.0,4,3.0,2.5,Entire home/apt,52.53273791364468,13.399545744006913,0.0,0,6.214608098422191,1,1,0
112.0,2,0.0,1.0,Entire home/apt,52.49972,13.30854,4.5,2,4.718498871295094,1,1,0
108.0,2,1.0,1.0,Entire home/apt,52.4834109,13.2914019,0.0,0,4.68213122712422,1,1,0
208.0,5,1.0,1.0,Entire home/apt,52.51256,13.45512,4.75,24,5.337538079701318,1,1,0
140.0,8,1.0,1.0,Entire home/apt,52.5304988,13.4009116,4.58,106,4.941642422609304,1,1,0
105.0,2,1.0,1.0,Entire home/apt,52.493693,13.3968667,4.86,187,4.653960350157523,1,1,0
111.0,3,1.0,1.0,Entire home/apt,52.50112720000001,13.5558806,5.0,4,4.709530201312334,1,1,0
99.0,2,1.0,1.0,Entire home/apt,52.51731,13.42581,0.0,0,4.59511985013459,1,1,0
91.0,2,1.0,1.0,Entire home/apt,52.50136,13.55494,4.88,8,4.51085950651685,1,1,0
240.0,5,1.0,1.0,Entire home/apt,52.48905,13.34399,5.0,2,5.480638923341991,1,1,0
65.0,2,1.0,1.0,Entire home/apt,52.4914926,13.4033231,0.0,0,4.174387269895637,1,1,0
54.0,2,1.0,1.0,Private room,52.5298428,13.3358041,4.98,45,3.9889840465642745,1,1,0
245.0,13,5.0,2.0,Entire home/apt,52.50459,13.49001,4.83,115,5.501258210544727,1,1,0
418.0,7,2.0,1.5,Private room,52.46549419999999,13.4420882,4.61,28,6.035481432524756,1,1,0
71.0,2,1.0,1.0,Private room,52.49382777,13.425541153810608,4.94,103,4.262679877041316,1,1,0
53.0,2,1.0,1.0,Private room,52.49867,13.34999,0.0,0,3.970291913552122,1,1,0
55.0,2,1.0,1.0,Private room,52.4601413,13.3260297,4.91,44,4.007333185232471,1,1,0
115.0,2,0.0,1.0,Entire home/apt,52.5020326,13.3243123,4.87,15,4.74493212836325,1,1,0
100.0,4,2.0,1.0,Entire home/apt,52.40907,13.59039,4.89,61,4.605170185988092,1,1,0
180.0,4,2.0,1.0,Entire home/apt,52.51834,13.46863,4.75,87,5.19295685089021,1,1,0
76.0,4,2.0,1.0,Entire home/apt,52.55393,13.4216,0.0,0,4.330733340286331,1,1,0
145.0,2,1.0,1.0,Entire home/apt,52.49015265459671,13.383532650768757,4.81,16,4.976733742420574,1,1,0
105.0,2,1.0,1.0,Private room,52.49007752008695,13.38361881673336,4.92,13,4.653960350157523,1,1,0
98.0,6,1.0,1.0,Entire home/apt,52.53961356949512,13.376940619202076,4.85,157,4.584967478670572,1,1,0
49.0,1,1.0,1.0,Private room,52.538106,13.4188226,4.99,88,3.8918202981106265,1,1,1
98.0,6,1.0,1.0,Entire home/apt,52.53974932828677,13.375423777867171,4.85,160,4.584967478670572,1,1,0
88.0,2,1.0,1.0,Entire home/apt,52.4762648,13.4218624,0.0,0,4.477336814478207,1,1,0
280.0,2,1.0,1.0,Entire home/apt,52.49416170407977,13.436329844350588,4.93,14,5.634789603169249,1,1,0
115.0,2,1.0,1.0,Entire home/apt,52.4361991,13.5450787,4.93,15,4.74493212836325,1,1,0
118.0,3,1.0,1.0,Entire home/apt,52.5333991,13.3717674,4.67,166,4.770684624465665,1,1,0
91.0,4,1.0,1.0,Entire home/apt,52.49215,13.2915,4.83,18,4.51085950651685,1,1,0
180.0,4,2.0,1.0,Entire home/apt,52.52582564,13.40609034643459,5.0,3,5.19295685089021,1,1,0
74.0,2,1.0,1.0,Private room,52.458876708350495,13.388281485432117,4.71,34,4.30406509320417,1,1,0
144.0,4,2.0,1.5,Entire home/apt,52.53593,13.38059,5.0,11,4.969813299576001,1,1,0
200.0,5,3.0,1.0,Entire home/apt,52.49433,13.42053,5.0,6,5.298317366548036,1,1,0
96.0,2,1.0,1.0,Entire home/apt,52.48384212392161,13.275006744206644,0.0,0,4.564348191467836,1,1,0
89.0,4,2.0,1.0,Entire home/apt,52.40919275545986,13.590309344303192,4.8,79,4.48863636973214,1,1,0
76.0,2,1.0,1.0,Entire home/apt,52.49144254884791,13.420193319317434,4.91,128,4.330733340286331,1,1,0
153.0,6,2.0,1.0,Entire home/apt,52.50566,13.47038,5.0,40,5.030437921392435,1,1,1
172.0,2,1.0,1.0,Entire home/apt,52.47734,13.42679,5.0,5,5.147494476813453,1,1,0
44.0,4,1.0,1.5,Private room,52.55018,13.17482,4.89,153,3.784189633918261,1,1,0
74.0,2,1.0,1.0,Entire home/apt,52.5149643,13.4368765,4.92,51,4.30406509320417,1,1,0
90.0,2,1.0,1.0,Entire home/apt,52.50976029509674,13.468609956752516,5.0,17,4.499809670330265,1,1,0
60.0,2,1.0,1.0,Private room,52.5379,13.39927,4.95,55,4.0943445622221,1,1,0
163.0,4,2.0,1.0,Entire home/apt,52.51408870448245,13.458133311639404,5.0,6,5.093750200806762,1,1,0
112.0,2,1.0,2.0,Entire home/apt,52.52437809109366,13.442895034594036,5.0,9,4.718498871295094,1,1,0
132.0,3,2.0,1.0,Entire home/apt,52.4800873,13.3271804,5.0,8,4.882801922586371,1,1,0
42.0,1,1.0,1.0,Private room,52.49041833175775,13.391543153031783,1.0,1,3.737669618283368,1,1,0
134.0,2,1.0,1.0,Entire home/apt,52.47944,13.43674,0.0,0,4.897839799950911,1,1,0
93.0,2,1.0,1.0,Entire home/apt,52.5664131,13.3964915,0.0,0,4.532599493153256,1,1,0
104.0,2,1.0,1.0,Entire home/apt,52.479007,13.446242,0.0,0,4.6443908991413725,1,1,0
205.0,4,2.0,1.0,Entire home/apt,52.5136897,13.4563407,0.0,0,5.3230099791384085,1,1,0
293.0,2,1.0,1.0,Private room,52.5253021,13.3417389,0.0,0,5.680172609017068,1,1,1
206.0,2,1.0,1.0,Private room,52.5253021,13.3417389,5.0,1,5.327876168789581,1,1,1
191.0,6,4.0,1.5,Entire home/apt,52.5532316,13.4286846,4.85,40,5.25227342804663,1,1,0
109.0,8,2.0,1.0,Entire home/apt,52.4223935,13.589356,4.72,18,4.691347882229144,1,1,0
200.0,2,1.0,1.0,Entire home/apt,52.45272,13.25941,0.0,0,5.298317366548036,1,1,0
59.0,1,1.0,1.0,Private room,52.55476,13.34124,4.81,53,4.07753744390572,1,1,1
81.0,2,1.0,1.5,Private room,52.55364,13.40021,4.95,21,4.394449154672439,1,1,0
67.0,2,1.0,1.0,Entire home/apt,52.53038,13.40416,0.0,0,4.204692619390966,1,1,0
75.0,2,1.0,1.0,Entire home/apt,52.5389636,13.4035425,5.0,20,4.31748811353631,1,1,0
132.0,2,1.0,1.0,Entire home/apt,52.5277138,13.4045094,5.0,3,4.882801922586371,1,1,0
65.0,2,2.0,1.0,Private room,52.48967659623353,13.435823210034185,5.0,3,4.174387269895637,1,1,0
80.0,3,1.0,1.0,Entire home/apt,52.40959967287403,13.66928859169353,0.0,0,4.382026634673881,1,1,0
90.0,2,1.0,1.0,Entire home/apt,52.51206,13.45938,0.0,0,4.499809670330265,1,1,0
168.0,5,2.0,1.0,Private room,52.518636,13.4315024,4.94,51,5.123963979403259,1,1,0
225.0,8,3.0,1.0,Entire home/apt,52.412637451855794,13.146109994321012,0.0,0,5.41610040220442,1,1,0
90.0,2,1.0,1.0,Entire home/apt,52.504602699663536,13.37402422096102,5.0,3,4.499809670330265,1,1,0
89.0,2,1.0,1.0,Private room,52.54749965162067,13.427638856838504,4.96,83,4.48863636973214,1,0,0
152.0,2,1.0,1.0,Entire home/apt,52.530024135566094,13.386512252206176,4.86,65,5.0238805208462765,1,1,0
75.0,2,1.0,1.0,Entire home/apt,52.54775,13.40224,0.0,0,4.31748811353631,1,1,0
266.0,4,2.0,2.0,Entire home/apt,52.4853704,13.4245529,4.91,90,5.583496308781699,1,1,0
81.0,3,1.0,1.0,Entire home/apt,52.4902678,13.402581,4.48,109,4.394449154672439,1,1,0
168.0,2,1.0,1.0,Entire home/apt,52.5350755,13.4267712,0.0,0,5.123963979403259,1,1,0
111.0,2,0.0,1.0,Entire home/apt,52.49972,13.30854,0.0,0,4.709530201312334,1,1,0
72.0,2,1.0,1.0,Entire home/apt,52.49212,13.29077,0.0,0,4.276666119016055,1,1,0
379.0,16,1.0,1.0,Entire home/apt,52.52398,13.32095,4.0,1,5.937536205082426,1,1,0
119.0,2,1.0,1.0,Entire home/apt,52.52656004305552,13.409951165081772,4.5,4,4.77912349311153,1,1,0
316.0,4,1.0,1.0,Private room,52.46548,13.44214,4.6,5,5.755742213586912,1,0,0
68.0,3,1.0,1.0,Entire home/apt,52.52762,13.32853,0.0,0,4.219507705176107,1,1,0
95.0,2,0.0,1.0,Entire home/apt,52.53673,13.40204,5.0,14,4.553876891600541,1,1,0
178.0,6,3.0,2.0,Entire home/apt,52.5141099,13.4158344,0.0,0,5.181783550292085,1,1,0
56.0,2,1.0,1.0,Private room,52.49635996334775,13.31849964232787,4.88,77,4.02535169073515,1,1,0
218.0,8,2.0,1.0,Entire home/apt,52.53408,13.2063,4.72,18,5.384495062789089,1,1,0
178.0,6,3.0,1.5,Entire home/apt,52.53004,13.32649,4.75,28,5.181783550292085,1,1,0
91.0,2,2.0,1.0,Entire home/apt,52.5483,13.42463,0.0,0,4.51085950651685,1,1,0
97.0,2,0.0,1.0,Entire home/apt,52.51099749999999,13.4583393,4.0,1,4.574710978503383,1,1,0
179.0,4,2.0,2.0,Entire home/apt,52.4803107,13.2988114,0.0,0,5.187385805840755,1,1,0
208.0,4,2.0,2.0,Entire home/apt,52.4803107,13.2988114,0.0,0,5.337538079701318,1,1,0
95.0,4,1.0,1.0,Entire home/apt,52.4803107,13.2988114,0.0,0,4.553876891600541,1,1,0
97.0,3,1.0,1.0,Entire home/apt,52.481460028634366,13.434803553764278,4.9,62,4.574710978503383,1,1,0
124.0,4,1.0,1.0,Entire home/apt,52.4803107,13.2988114,0.0,0,4.820281565605037,1,1,0
95.0,4,1.0,1.0,Entire home/apt,52.4803107,13.2988114,0.0,0,4.553876891600541,1,1,0
222.0,6,3.0,2.0,Entire home/apt,52.4798759,13.2986427,0.0,0,5.402677381872279,1,1,0
77.0,4,1.0,1.0,Entire home/apt,52.47606436509398,13.477987355850685,4.93,40,4.343805421853684,1,1,0
175.0,5,2.0,2.0,Entire home/apt,52.48031,13.29878,0.0,0,5.1647859739235145,1,1,0
100.0,5,2.0,2.0,Entire home/apt,52.48031,13.29878,0.0,0,4.605170185988092,1,1,0
184.0,5,2.0,2.0,Entire home/apt,52.48031,13.29878,0.0,0,5.214935757608986,1,1,0
48.0,2,1.0,1.0,Private room,52.5075789317248,13.31472751108948,4.88,52,3.871201010907891,1,1,0
101.0,2,1.0,1.0,Entire home/apt,52.536460077283465,13.406552163329495,4.75,65,4.61512051684126,1,1,0
72.0,4,1.0,1.0,Entire home/apt,52.4482643,13.3443089,0.0,0,4.276666119016055,1,1,0
186.0,6,2.0,1.5,Entire home/apt,52.51788934182591,13.46293895634462,4.96,111,5.225746673713202,1,1,0
201.0,4,1.0,1.0,Entire home/apt,52.37890014144392,13.64684402963869,5.0,4,5.303304908059076,0,1,0
94.0,3,1.0,1.0,Entire home/apt,52.531491,13.348983,4.14,90,4.543294782270004,1,0,0
68.0,1,1.0,1.0,Private room,52.56926854436794,13.408187020053663,4.93,15,4.219507705176107,1,1,0
40.0,2,1.0,1.5,Private room,52.45904835756932,13.52616554581854,5.0,30,3.688879454113936,1,1,0
72.0,2,0.0,1.0,Private room,52.54417017391779,13.423002512218575,5.0,6,4.276666119016055,1,1,0
52.0,2,1.0,1.0,Entire home/apt,52.53695131176792,13.275280371308328,0.0,0,3.951243718581428,1,1,0
269.0,4,2.0,1.0,Entire home/apt,52.4530276,13.6287499,4.73,15,5.594711379601839,1,1,0
115.0,2,1.0,3.0,Private room,52.48684206469261,13.318080525131242,4.0,2,4.74493212836325,1,1,0
67.0,1,1.0,1.0,Private room,52.54683,13.45669,5.0,15,4.204692619390966,1,1,0
59.0,2,1.0,1.0,Shared room,52.57616,13.39886,4.75,28,4.07753744390572,1,1,0
42.0,1,1.0,1.0,Private room,52.49720787823554,13.38514295176694,5.0,3,3.737669618283368,1,1,0
175.0,2,2.0,2.0,Entire home/apt,52.52845298319658,13.391011486009935,0.0,0,5.1647859739235145,1,1,0
14.0,2,1.0,1.0,Private room,52.49284,13.4516983,0.0,0,2.6390573296152584,1,1,0
72.0,2,1.0,1.0,Entire home/apt,52.52796124544417,13.342084315504517,0.0,0,4.276666119016055,1,1,0
125.0,3,2.0,1.0,Entire home/apt,52.51641414493466,13.457733929960211,4.86,29,4.8283137373023015,1,1,0
67.0,2,1.0,1.0,Entire home/apt,52.62136,13.3156,4.89,115,4.204692619390966,1,1,0
98.0,2,1.0,1.0,Entire home/apt,52.47709030000001,13.4242472,0.0,0,4.584967478670572,1,1,0
81.0,4,1.0,1.0,Private room,52.4621952,13.1261566,4.93,90,4.394449154672439,1,1,0
144.0,2,1.0,1.0,Entire home/apt,52.5299,13.409662,4.73,81,4.969813299576001,1,1,0
288.0,6,2.0,1.0,Entire home/apt,52.5299,13.409662,4.88,26,5.662960480135946,1,1,0
275.0,6,2.0,1.0,Entire home/apt,52.5299,13.409662,3.71,7,5.616771097666572,1,1,0
192.0,4,1.0,1.0,Entire home/apt,52.52989820000001,13.4096625,4.78,100,5.2574953720277815,1,1,0
172.0,4,1.0,1.0,Entire home/apt,52.5299,13.409662,4.51,71,5.147494476813453,1,1,0
172.0,4,1.0,1.0,Entire home/apt,52.5299,13.409662,0.0,0,5.147494476813453,1,1,0
302.0,6,2.0,1.0,Entire home/apt,52.5299,13.409662,4.47,17,5.71042701737487,1,1,0
155.0,2,1.0,1.0,Entire home/apt,52.52989820000001,13.4096625,4.71,153,5.043425116919247,1,1,0
120.0,4,1.0,1.0,Entire home/apt,52.5299,13.409662,0.0,0,4.787491742782046,1,1,0
102.0,3,1.0,1.0,Entire home/apt,52.50769,13.23736,4.94,16,4.624972813284271,1,0,0
250.0,5,3.0,1.5,Entire home/apt,52.49645,13.44298,5.0,10,5.521460917862246,1,1,0
56.0,2,1.0,1.0,Entire home/apt,52.46776927012766,13.383177040865624,5.0,1,4.02535169073515,1,1,0
70.0,2,1.0,0.5,Private room,52.53831,13.42659,5.0,10,4.248495242049359,1,1,0
162.0,3,1.0,1.0,Entire home/apt,52.49095711835677,13.388373506751488,4.93,15,5.087596335232384,1,1,0
29.0,1,1.0,1.0,Private room,52.54332,13.37383,0.0,0,3.367295829986474,1,1,0
160.0,1,1.0,1.0,Entire home/apt,52.51334673179692,13.468531757177256,4.92,37,5.075173815233827,1,1,1
62.0,1,1.0,1.0,Private room,52.60047671622849,13.290135043084913,5.0,3,4.127134385045092,1,0,0
75.0,2,1.0,1.0,Entire home/apt,52.50015165272338,13.310031218032384,0.0,0,4.31748811353631,1,1,0
76.0,2,1.0,1.0,Entire home/apt,52.41899,13.4297,4.57,14,4.330733340286331,1,1,0
68.0,2,1.0,1.0,Entire home/apt,52.50923,13.40513,0.0,0,4.219507705176107,1,1,0
159.0,4,1.0,1.0,Entire home/apt,52.44539,13.34497,0.0,0,5.068904202220232,1,1,0
129.0,2,1.0,1.0,Private room,52.53140144505909,13.393771080133943,4.98,44,4.859812404361672,1,0,0
68.0,2,1.0,1.0,Entire home/apt,52.4913444,13.4157822,5.0,1,4.219507705176107,1,1,0
88.0,2,0.0,1.0,Entire home/apt,52.52804126341435,13.391247829039996,4.61,147,4.477336814478207,1,1,0
187.0,4,2.0,1.0,Entire home/apt,52.50779329999999,13.3037121,0.0,0,5.231108616854587,1,1,0
72.0,2,1.0,1.0,Private room,52.51027,13.4394,4.9,67,4.276666119016055,1,0,0
143.0,2,1.0,2.5,Entire home/apt,52.54360080746645,13.366442130960902,5.0,1,4.962844630259907,1,0,0
50.0,1,1.0,1.0,Private room,52.48734259246812,13.358559943727538,0.0,0,3.912023005428146,1,1,0
176.0,4,2.0,1.0,Entire home/apt,52.50779329999999,13.3037121,0.0,0,5.170483995038151,1,1,0
122.0,3,1.0,1.0,Entire home/apt,52.48105,13.34037,4.99,71,4.804021044733257,1,1,1
93.0,2,1.0,3.0,Private room,52.48676529999999,13.3183193,5.0,1,4.532599493153256,1,1,0
214.0,2,1.0,1.0,Entire home/apt,52.54458307686846,13.36703259973184,4.89,53,5.365976015021851,1,0,0
56.0,2,1.0,1.0,Entire home/apt,52.55005203526888,13.363821746244133,0.0,0,4.02535169073515,1,1,0
63.0,2,1.0,1.0,Entire home/apt,52.49079468835942,13.341958746314049,3.67,3,4.143134726391533,1,1,0
43.0,1,1.0,1.0,Private room,52.482947,13.507225,4.93,70,3.7612001156935615,1,1,0
280.0,6,3.0,1.0,Entire home/apt,52.54429,13.42308,4.93,15,5.634789603169249,1,1,0
266.0,4,2.0,1.0,Entire home/apt,52.5142816,13.4627192,4.95,20,5.583496308781699,1,1,0
101.0,2,2.0,1.0,Private room,52.4794,13.42948,4.78,27,4.61512051684126,1,1,0
201.0,5,4.0,2.0,Entire home/apt,52.52292540052677,13.194836710714766,5.0,1,5.303304908059076,1,1,0
108.0,2,1.0,1.0,Entire home/apt,52.5132169,13.4578614,5.0,12,4.68213122712422,1,1,0
54.0,1,1.0,0.0,Private room,52.55252109434489,13.361052005040492,4.87,98,3.9889840465642745,1,1,0
134.0,2,1.0,1.0,Entire home/apt,52.50739127303365,13.3035471662879,5.0,34,4.897839799950911,1,1,0
198.0,7,3.0,1.0,Entire home/apt,52.5314685,13.3490129,4.48,82,5.288267030694535,1,1,0
114.0,2,1.0,1.0,Entire home/apt,52.4829848,13.2906596,0.0,0,4.736198448394496,1,1,0
145.0,2,1.0,1.0,Entire home/apt,52.4794352,13.4367396,0.0,0,4.976733742420574,1,1,0
99.0,2,0.0,1.0,Entire home/apt,52.4594515,13.3260938,5.0,1,4.59511985013459,1,1,0
214.0,3,2.0,1.0,Entire home/apt,52.52817,13.44685,5.0,19,5.365976015021851,1,1,0
145.0,6,1.0,1.0,Entire home/apt,52.5314685,13.3490129,4.44,68,4.976733742420574,1,1,0
67.0,2,1.0,1.0,Entire home/apt,52.52332831039926,13.403312315344222,0.0,0,4.204692619390966,1,1,0
95.0,2,1.0,1.0,Entire home/apt,52.54618,13.4419,4.63,16,4.553876891600541,1,1,0
99.0,3,1.0,1.0,Entire home/apt,52.4803107,13.2988114,0.0,0,4.59511985013459,1,1,0
209.0,10,2.0,2.0,Entire home/apt,52.50276757110228,13.43699651979188,4.63,128,5.342334251964811,1,1,0
95.0,3,1.0,1.0,Entire home/apt,52.4803107,13.2988114,0.0,0,4.553876891600541,1,1,0
58.0,1,1.0,1.0,Private room,52.49134,13.33362,4.82,119,4.060443010546419,1,1,0
150.0,4,1.0,1.0,Entire home/apt,52.50395676653526,13.501611902180572,0.0,0,5.010635294096256,1,1,1
177.0,4,2.0,2.0,Entire home/apt,52.51955,13.45328,4.72,39,5.176149732573829,1,1,0
68.0,2,1.0,1.0,Entire home/apt,52.56016,13.38199,4.9,42,4.219507705176107,1,1,0
80.0,3,1.0,1.0,Entire home/apt,52.488094,13.4128961,0.0,0,4.382026634673881,1,1,0
79.0,2,1.0,1.0,Entire home/apt,52.5123902,13.4979394,4.87,23,4.3694478524670215,1,1,0
75.0,2,1.0,1.0,Private room,52.51289467584429,13.333346173167229,0.0,0,4.31748811353631,0,1,0
68.0,2,1.0,1.0,Entire home/apt,52.55018796340633,13.40744691041928,5.0,1,4.219507705176107,1,1,0
64.0,1,1.0,1.0,Entire home/apt,52.47382201750212,13.448653872970764,4.93,14,4.158883083359672,1,1,1
90.0,2,1.0,1.0,Entire home/apt,52.54688031362371,13.410728302036995,0.0,0,4.499809670330265,1,1,0
90.0,2,1.0,1.0,Entire home/apt,52.4328,13.31102,4.86,109,4.499809670330265,1,1,0
85.0,5,2.0,1.0,Entire home/apt,52.41221846307609,13.271049880756722,5.0,1,4.442651256490317,1,1,0
250.0,2,1.0,1.0,Entire home/apt,52.4973541,13.3175997,0.0,0,5.521460917862246,1,1,1
195.0,4,2.0,1.0,Entire home/apt,52.47514,13.49833,4.95,61,5.272999558563747,1,1,1
72.0,2,1.0,1.0,Private room,52.561427248025154,13.43084224419697,4.94,70,4.276666119016055,1,1,0
66.0,2,1.0,1.0,Private room,52.55204,13.39165,4.85,66,4.189654742026425,1,1,0
70.0,2,1.0,3.0,Private room,52.48676529999999,13.3183193,4.57,7,4.248495242049359,1,1,0
99.0,2,1.0,3.0,Private room,52.48676529999999,13.3183193,4.4,5,4.59511985013459,1,1,0
107.0,2,1.0,3.0,Private room,52.48676529999999,13.3183193,4.5,8,4.672828834461906,1,1,0
618.0,10,5.0,2.5,Entire home/apt,52.50669,13.46381,4.92,105,6.42648845745769,1,1,0
103.0,2,1.0,3.0,Private room,52.48676529999999,13.3183193,4.25,4,4.634728988229636,1,1,0
103.0,2,1.0,3.0,Private room,52.48676529999999,13.3183193,4.5,2,4.634728988229636,1,1,0
236.0,4,2.0,1.0,Entire home/apt,52.51953,13.43792,4.91,47,5.4638318050256105,1,1,0
108.0,4,1.0,1.0,Entire home/apt,52.478813,13.448286,4.67,18,4.68213122712422,1,1,0
216.0,4,2.0,1.0,Entire home/apt,52.5237884,13.3246158,0.0,0,5.375278407684165,1,1,0
259.0,6,3.0,2.0,Entire home/apt,52.52325980000001,13.3258979,5.0,1,5.556828061699537,1,1,0
50.0,1,1.0,1.5,Private room,52.488376413151904,13.384536217557898,5.0,6,3.912023005428146,1,1,0
150.0,4,1.0,1.0,Entire home/apt,52.50361259999998,13.37743893068846,4.78,23,5.010635294096256,1,1,0
108.0,2,0.0,1.0,Entire home/apt,52.52672888324063,13.416315648315368,4.88,184,4.68213122712422,1,1,0
99.0,2,1.0,1.0,Entire home/apt,52.4876113,13.363564,4.89,28,4.59511985013459,1,1,0
79.0,2,1.0,1.0,Private room,52.50129113537486,13.42074687704353,4.94,70,4.3694478524670215,1,0,0
163.0,6,2.0,1.0,Entire home/apt,52.413350486558166,13.661477587798757,4.76,49,5.093750200806762,1,1,0
496.0,15,6.0,2.0,Entire home/apt,52.504969635423954,13.34726631911206,4.63,122,6.206575926724928,1,1,0
50.0,1,1.0,1.5,Private room,52.48786984645021,13.38306293427948,5.0,5,3.912023005428146,1,1,0
50.0,1,1.0,1.0,Private room,52.50326,13.29785,4.98,45,3.912023005428146,1,1,0
130.0,2,1.0,1.0,Entire home/apt,52.504497331633246,13.426509329558638,5.0,2,4.867534450455582,1,1,0
237.0,6,3.0,1.0,Entire home/apt,52.52427,13.29898,4.89,28,5.468060141135132,1,1,0
278.0,6,3.0,2.0,Entire home/apt,52.5238856,13.3247184,0.0,0,5.627621113690637,1,1,0
170.0,4,2.0,1.0,Entire home/apt,52.5211583,13.4461129,0.0,0,5.135798437050262,1,1,0
263.0,6,3.0,1.0,Entire home/apt,52.55437,13.4184,4.75,12,5.572154032177765,1,1,0
66.0,2,1.0,1.0,Entire home/apt,52.5692585,13.4217519,4.86,14,4.189654742026425,1,1,0
117.0,4,1.0,1.0,Entire home/apt,52.55155,13.41929,4.96,76,4.762173934797756,1,1,0
95.0,8,4.0,1.0,Entire home/apt,52.44401000933022,13.371618472052557,0.0,0,4.553876891600541,1,1,0
70.0,2,0.0,1.0,Entire home/apt,52.49505598856104,13.40121470358905,4.46,114,4.248495242049359,1,1,0
25.0,1,1.0,1.0,Private room,52.5188217,13.2866564,0.0,0,3.218875824868201,0,0,0
143.0,2,1.0,1.0,Entire home/apt,52.51227,13.46508,4.8,5,4.962844630259907,1,1,0
210.0,4,2.0,1.0,Entire home/apt,52.51545,13.26789,4.25,8,5.3471075307174685,1,1,0
195.0,7,3.0,1.0,Entire home/apt,52.5093665,13.49977,4.87,47,5.272999558563747,1,1,0
252.0,4,2.0,1.5,Entire home/apt,52.5166249,13.4704173,4.98,41,5.529429087511423,1,1,0
150.0,2,1.0,1.0,Entire home/apt,52.55219826258442,13.435850487484055,0.0,0,5.010635294096256,1,1,0
135.0,2,1.0,1.0,Entire home/apt,52.5397599,13.4073165,5.0,4,4.90527477843843,1,1,0
102.0,4,2.0,1.0,Entire home/apt,52.54534,13.41568,4.88,56,4.624972813284271,1,1,0
122.0,2,1.0,1.0,Entire home/apt,52.5329476,13.3671888,0.0,0,4.804021044733257,1,1,0
110.0,2,0.0,1.0,Entire home/apt,52.49972,13.30854,0.0,0,4.700480365792417,1,1,0
136.0,2,1.0,1.0,Entire home/apt,52.49972,13.30854,3.0,1,4.912654885736052,1,1,0
145.0,2,1.0,1.0,Entire home/apt,52.5292081,13.3283711,0.0,0,4.976733742420574,1,1,0
259.0,6,3.0,2.0,Entire home/apt,52.5234877,13.3257354,0.0,0,5.556828061699537,1,1,0
48.0,1,1.0,1.0,Private room,52.51320976553811,13.457205367510651,4.75,8,3.871201010907891,1,1,0
123.0,4,1.0,1.0,Entire home/apt,52.481649970664165,13.43462400405628,4.65,20,4.812184355372417,1,1,0
78.0,2,1.0,1.0,Private room,52.44248519383313,13.500632028456714,4.62,84,4.356708826689592,1,1,1
46.0,2,1.0,1.0,Private room,52.55180417180101,13.38968557980393,4.9,145,3.828641396489095,1,1,0
60.0,2,1.0,1.0,Private room,52.54876152539224,13.424175134851394,4.75,196,4.0943445622221,1,1,0
78.0,2,1.0,1.0,Entire home/apt,52.4855211,13.4412537,5.0,22,4.356708826689592,1,1,0
189.0,4,2.0,2.0,Entire home/apt,52.5046085,13.3781651,4.88,66,5.241747015059643,1,1,1
311.0,6,3.0,2.0,Entire home/apt,52.5232231,13.3254887,0.0,0,5.739792912179234,1,1,0
162.0,6,1.0,1.0,Private room,52.52668899553453,13.345808555049038,4.37,49,5.087596335232384,1,0,0
46.0,1,1.0,1.5,Private room,52.5656831,13.3634222,4.75,16,3.828641396489095,1,1,0
120.0,3,1.0,1.0,Entire home/apt,52.52883,13.40027,4.82,167,4.787491742782046,1,1,0
105.0,2,0.0,1.0,Entire home/apt,52.5112434,13.4160581,0.0,0,4.653960350157523,1,1,0
167.0,2,1.0,1.0,Entire home/apt,52.5221074,13.379969,0.0,0,5.117993812416755,1,1,0
337.0,4,2.0,1.5,Entire home/apt,52.54096,13.41641,5.0,2,5.820082930352362,1,1,0
111.0,2,1.0,1.0,Entire home/apt,52.542565,13.413699,4.84,50,4.709530201312334,1,1,0
110.0,2,1.0,1.0,Entire home/apt,52.50074919999999,13.4317173,4.8,5,4.700480365792417,1,1,0
179.0,4,1.0,1.0,Entire home/apt,52.37886084576236,13.647294640753191,5.0,8,5.187385805840755,0,0,0
50.0,2,2.0,1.0,Private room,52.4672372,13.3914628,4.98,44,3.912023005428146,1,1,0
122.0,3,1.0,1.0,Entire home/apt,52.5184313,13.4673195,4.91,35,4.804021044733257,1,1,0
120.0,4,2.0,1.0,Entire home/apt,52.48811,13.42988,5.0,3,4.787491742782046,1,1,0
62.0,2,1.0,1.0,Private room,52.51724483250188,13.278690227508523,4.61,18,4.127134385045092,1,1,0
43.0,1,1.0,1.0,Private room,52.55326970363188,13.39011558342198,0.0,0,3.7612001156935615,1,0,0
70.0,2,1.0,1.0,Private room,52.51612864794618,13.279015929774117,4.82,38,4.248495242049359,1,1,0
48.0,1,1.0,1.0,Private room,52.4872,13.33239,0.0,0,3.871201010907891,1,1,0
200.0,2,1.0,2.0,Entire home/apt,52.4887181464382,13.318558228417707,5.0,12,5.298317366548036,1,1,0
112.0,2,1.0,1.0,Private room,52.515715,13.332439,4.0,2,4.718498871295094,1,1,1
81.0,2,1.0,1.0,Private room,52.51633,13.46203,4.9,63,4.394449154672439,1,1,0
100.0,4,1.0,1.0,Entire home/apt,52.54631257276585,13.41528245449219,4.66,154,4.605170185988092,1,1,0
53.0,2,1.0,1.0,Private room,52.53867,13.4092,4.82,237,3.970291913552122,1,0,0
200.0,2,1.0,1.0,Entire home/apt,52.4866634,13.3601497,5.0,1,5.298317366548036,1,1,0
137.0,4,1.0,1.0,Entire home/apt,52.49247614373573,13.4375633855072,4.83,23,4.919980925828125,1,1,0
219.0,4,2.0,1.0,Entire home/apt,52.53098869999999,13.432951,0.0,0,5.389071729816501,1,1,0
99.0,1,1.0,1.0,Private room,52.54138,13.39545,4.95,76,4.59511985013459,1,1,0
237.0,2,1.0,1.0,Entire home/apt,52.50707,13.436746,5.0,3,5.468060141135132,1,0,0
62.0,1,1.0,1.0,Private room,52.50908180644037,13.307830316630996,5.0,11,4.127134385045092,1,1,0
155.0,8,3.0,1.0,Entire home/apt,52.5312,13.3268015,4.0,11,5.043425116919247,1,1,0
82.0,2,0.0,1.0,Entire home/apt,52.4481907,13.3437625,5.0,2,4.406719247264253,1,1,0
258.0,4,1.0,1.0,Entire home/apt,52.4975239,13.31834,0.0,0,5.552959584921617,1,1,1
133.0,2,1.0,1.0,Entire home/apt,52.5212162,13.3217943,4.9,10,4.890349128221754,1,1,0
119.0,5,2.0,1.0,Entire home/apt,52.481346820415794,13.444515239199744,4.75,8,4.77912349311153,1,1,1
187.0,3,1.0,2.0,Entire home/apt,52.50208202642721,13.428522121520292,4.93,54,5.231108616854587,1,1,0
102.0,2,1.0,1.0,Private room,52.50125764495457,13.306259592949168,5.0,43,4.624972813284271,1,1,0
150.0,3,2.0,2.0,Entire home/apt,52.52303975378992,13.287341594696043,0.0,0,5.010635294096256,1,1,0
83.0,2,0.0,1.0,Private room,52.53653,13.42618,4.88,41,4.418840607796598,1,1,0
158.0,2,1.0,1.0,Entire home/apt,52.51413563193693,13.37995003,4.51,69,5.062595033026967,1,1,0
166.0,2,1.0,1.0,Entire home/apt,52.51551,13.37976,4.42,36,5.111987788356544,1,1,0
150.0,2,1.0,1.0,Entire home/apt,52.51604866580312,13.38186442649391,4.33,6,5.010635294096256,1,1,0
243.0,4,2.0,1.0,Entire home/apt,52.51526128000432,13.381820823644505,4.42,257,5.493061443340548,1,1,0
323.0,6,3.0,1.0,Entire home/apt,52.51414,13.38185,4.36,96,5.777652323222656,1,1,0
95.0,4,1.0,1.0,Entire home/apt,52.46482623815179,13.31702625186909,5.0,1,4.553876891600541,1,1,0
242.0,9,5.0,3.0,Entire home/apt,52.5513503,13.417396,4.22,9,5.488937726156687,1,1,0
77.0,2,1.0,1.0,Private room,52.49965,13.42676,4.92,156,4.343805421853684,1,1,0
800.0,16,5.0,4.5,Entire home/apt,52.566035588401824,13.407573210383562,4.5,8,6.684611727667927,1,1,0
158.0,4,1.0,1.0,Entire home/apt,52.49289142410589,13.392726592719557,4.89,62,5.062595033026967,1,1,0
112.0,2,1.0,1.0,Entire home/apt,52.4753418,13.4254541,5.0,1,4.718498871295094,1,1,0
333.0,4,2.0,1.0,Entire home/apt,52.525941,13.4075221,4.65,80,5.808142489980444,1,1,0
116.0,4,1.0,1.0,Entire home/apt,52.514450973020345,13.446747992096563,4.8,101,4.7535901911063645,1,1,0
114.0,6,1.0,1.0,Entire home/apt,52.45981745590841,13.519067983627826,4.5,2,4.736198448394496,0,0,0
82.0,3,1.0,1.0,Entire home/apt,52.4609687,13.519843,4.5,2,4.406719247264253,1,1,0
97.0,3,1.0,1.0,Entire home/apt,52.4609687,13.519843,4.89,9,4.574710978503383,1,1,0
50.0,2,0.0,1.0,Entire home/apt,52.426460252412326,13.671974533673968,0.0,0,3.912023005428146,1,1,0
61.0,2,1.0,1.0,Private room,52.46072755339612,13.380863720276253,4.95,80,4.110873864173311,1,1,0
107.0,2,1.0,1.0,Entire home/apt,52.47906,13.45096,4.91,22,4.672828834461906,1,1,0
137.0,4,1.0,1.0,Entire home/apt,52.5135943,13.5006767,4.72,60,4.919980925828125,1,1,0
25.0,1,1.0,1.0,Private room,52.57772,13.34779,5.0,1,3.218875824868201,1,1,0
86.0,2,1.0,1.0,Entire home/apt,52.55156975687699,13.448253348469734,4.17,12,4.454347296253507,1,1,0
75.0,1,1.0,1.0,Entire home/apt,52.46146817641258,13.332126769780206,4.86,7,4.31748811353631,1,1,0
33.0,3,1.0,1.0,Private room,52.44859,13.59746,4.98,123,3.49650756146648,0,0,0
100.0,4,1.0,1.0,Entire home/apt,52.44806643292444,13.38568277657032,4.77,13,4.605170185988092,1,1,0
100.0,2,1.0,2.0,Entire home/apt,52.49805,13.32831,4.0,1,4.605170185988092,1,1,0
62.0,1,1.0,1.0,Entire home/apt,52.44231,13.42165,0.0,0,4.127134385045092,1,1,0
84.0,1,1.0,1.0,Private room,52.53280784263711,13.423562608659267,5.0,5,4.430816798843313,1,1,1
132.0,2,1.0,1.0,Entire home/apt,52.54115359999999,13.4383406,5.0,54,4.882801922586371,1,1,0
208.0,7,1.0,1.0,Entire home/apt,52.50639173,13.301459616379402,4.85,84,5.337538079701318,1,1,0
282.0,6,1.0,1.5,Entire home/apt,52.5295403,13.4026178,4.75,68,5.641907070938114,1,1,0
225.0,3,1.0,1.5,Entire home/apt,52.53389,13.4077,5.0,2,5.41610040220442,1,1,0
82.0,4,2.0,1.5,Private room,52.51382,13.47334,4.8,154,4.406719247264253,1,1,0
90.0,2,1.0,1.0,Private room,52.48917705911835,13.407870802714315,4.86,29,4.499809670330265,1,1,0
198.0,4,1.0,1.5,Entire home/apt,52.55042,13.37512,4.21,14,5.288267030694535,1,1,0
149.0,5,3.0,2.0,Entire home/apt,52.4957958,13.4275368,4.61,54,5.003946305945459,1,1,0
82.0,4,1.0,1.0,Entire home/apt,52.4872947,13.3250788,4.71,49,4.406719247264253,1,1,0
89.0,2,1.0,1.0,Entire home/apt,52.48387,13.3546,4.9,100,4.48863636973214,1,1,0
125.0,1,1.0,1.0,Entire home/apt,52.48504,13.34742,4.82,50,4.8283137373023015,1,1,0
196.0,2,1.0,1.0,Entire home/apt,52.53128,13.41102,4.5,6,5.278114659230517,1,1,0
530.0,12,4.0,2.5,Entire home/apt,52.44339552573137,13.26748180649914,4.86,56,6.272877006546167,1,1,1
160.0,3,1.0,1.0,Entire home/apt,52.52121030000001,13.3897517,4.96,23,5.075173815233827,1,1,0
114.0,4,1.0,1.0,Entire home/apt,52.49020751965074,13.427811418660816,4.86,73,4.736198448394496,1,1,0
195.0,5,4.0,2.0,Entire home/apt,52.45452987350803,13.38110357413757,5.0,3,5.272999558563747,1,1,0
160.0,6,2.0,1.0,Entire home/apt,52.4810828,13.319119,4.78,119,5.075173815233827,1,1,0
143.0,4,1.0,1.0,Entire home/apt,52.51498358299548,13.30576518837896,0.0,0,4.962844630259907,1,1,0
341.0,6,2.0,1.5,Entire home/apt,52.52434,13.30738,4.52,89,5.831882477283517,1,1,0
255.0,6,2.0,1.0,Entire home/apt,52.48355563603514,13.356777919589176,5.0,4,5.541263545158426,1,1,0
211.0,4,1.0,1.0,Entire home/apt,52.49124757112595,13.488843742852778,4.86,29,5.351858133476067,1,1,1
142.0,4,1.0,1.0,Entire home/apt,52.562659252534,13.430991152715292,4.92,25,4.955827057601261,1,1,0
159.0,5,2.0,1.0,Entire home/apt,52.489418243936576,13.361066542987748,4.86,78,5.068904202220232,1,1,0
131.0,2,1.0,1.0,Entire home/apt,52.5516337,13.4144614,0.0,0,4.875197323201151,1,1,0
187.0,4,2.0,1.0,Entire home/apt,52.5516337,13.4144614,0.0,0,5.231108616854587,1,1,0
101.0,8,2.0,1.0,Entire home/apt,52.5135943,13.5006767,4.39,59,4.61512051684126,1,1,0
208.0,2,1.0,1.0,Private room,52.51551960729748,13.30370994726322,0.0,0,5.337538079701318,1,1,0
291.0,6,3.0,2.5,Entire home/apt,52.6105197,13.4153303,4.86,7,5.673323267171493,1,1,0
88.0,7,4.0,1.0,Entire home/apt,52.56416,13.3658,5.0,1,4.477336814478207,1,1,0
65.0,3,1.0,1.0,Entire home/apt,52.403384000983735,13.505650878891045,0.0,0,4.174387269895637,1,1,1
83.0,2,1.0,1.0,Private room,52.52056,13.26308,0.0,0,4.418840607796598,1,1,0
45.0,2,1.0,1.0,Entire home/apt,52.5258647,13.3243098,5.0,5,3.80666248977032,1,1,0
210.0,5,2.0,2.0,Entire home/apt,52.48654,13.37299,5.0,6,5.3471075307174685,1,1,0
142.0,3,1.0,1.0,Entire home/apt,52.53442,13.40405,4.88,8,4.955827057601261,1,1,0
34.0,2,1.0,1.0,Entire home/apt,52.4986936,13.5787532,5.0,1,3.5263605246161616,1,1,0
127.0,2,1.0,1.0,Entire home/apt,52.4847774,13.4304153,4.98,40,4.844187086458591,1,1,0
331.0,4,1.0,1.0,Entire home/apt,52.4975239,13.31834,0.0,0,5.802118375377063,1,1,1
195.0,2,1.0,1.0,Entire home/apt,52.5516337,13.4144614,0.0,0,5.272999558563747,1,1,0
175.0,2,1.0,1.0,Entire home/apt,52.5516337,13.4144614,0.0,0,5.1647859739235145,1,1,0
42.0,1,1.0,1.0,Private room,52.43636534760928,13.323886292342308,0.0,0,3.737669618283368,1,1,0
224.0,3,1.0,1.0,Entire home/apt,52.52366,13.43788,4.96,51,5.41164605185504,1,1,0
199.0,4,2.0,1.0,Entire home/apt,52.551494,13.4145912,0.0,0,5.293304824724492,1,1,0
100.0,2,1.0,1.0,Entire home/apt,52.546138241245885,13.41071722703105,5.0,28,4.605170185988092,1,1,0
195.0,8,3.0,2.0,Entire home/apt,52.52873,13.38773,4.89,79,5.272999558563747,1,1,0
62.0,2,1.0,1.0,Private room,52.51644188832311,13.28046023,4.9,10,4.127134385045092,1,1,0
139.0,2,1.0,1.0,Entire home/apt,52.5516337,13.4144614,0.0,0,4.934473933130692,1,1,0
126.0,2,1.0,1.0,Entire home/apt,52.551494,13.4145912,0.0,0,4.836281906951478,1,1,0
243.0,6,3.0,1.0,Entire home/apt,52.55149,13.41459,0.0,0,5.493061443340548,1,1,0
180.0,3,1.0,1.0,Private room,52.4937768,13.3613533,4.82,79,5.19295685089021,1,0,1
128.0,2,0.0,1.0,Entire home/apt,52.4525222,13.5278652,4.7,122,4.852030263919617,1,1,1
173.0,4,1.0,1.0,Entire home/apt,52.4525222,13.5278652,4.74,249,5.153291594497779,1,0,1
209.0,4,1.0,1.0,Entire home/apt,52.4525222,13.5278652,4.6,15,5.342334251964811,1,1,1
137.0,2,1.0,1.0,Entire home/apt,52.4525222,13.5278652,4.62,47,4.919980925828125,1,1,1
66.0,3,1.0,1.0,Entire home/apt,52.43399424,13.272978526517106,4.32,22,4.189654742026425,1,1,0
297.0,4,2.0,2.0,Entire home/apt,52.53968181,13.4161167687866,4.94,16,5.6937321388027,1,1,0
130.0,3,2.0,1.0,Entire home/apt,52.53295596564487,13.40255024289193,4.89,9,4.867534450455582,1,1,0
168.0,4,3.0,2.0,Entire home/apt,52.56643413112067,13.39230663545725,5.0,4,5.123963979403259,1,1,0
232.0,6,3.0,2.5,Entire home/apt,52.61245291145623,13.315422311425207,4.78,51,5.44673737166631,1,1,0
103.0,2,1.0,1.0,Entire home/apt,52.4730577,13.4261378,4.97,35,4.634728988229636,1,1,0
72.0,2,1.0,1.5,Private room,52.49792060000001,13.4173754,5.0,4,4.276666119016055,1,1,0
217.0,6,2.0,1.0,Entire home/apt,52.500733,13.4132996,4.69,55,5.37989735354046,1,1,0
55.0,2,1.0,1.0,Private room,52.47903537614787,13.33137640256974,4.96,49,4.007333185232471,1,1,0
48.0,4,1.0,1.0,Entire home/apt,52.46370970451167,13.416467599622296,0.0,0,3.871201010907891,1,1,0
208.0,2,1.0,1.0,Entire home/apt,52.551494,13.4145912,0.0,0,5.337538079701318,1,1,0
87.0,2,0.0,1.0,Entire home/apt,52.4995609,13.4287261,0.0,0,4.465908118654584,1,1,0
55.0,2,1.0,1.0,Entire home/apt,52.52856108285991,13.160769220123909,4.69,26,4.007333185232471,1,0,0
228.0,4,2.0,1.0,Entire home/apt,52.55186,13.41186,0.0,0,5.429345628954441,1,1,0
69.0,2,1.0,1.0,Private room,52.58825317924718,13.278145382967928,4.95,21,4.23410650459726,1,1,0
143.0,4,1.0,1.0,Entire home/apt,52.5119377,13.4133867,4.91,195,4.962844630259907,1,1,0
88.0,2,1.0,1.0,Private room,52.54736680603084,13.418799505042832,0.0,0,4.477336814478207,1,1,0
369.0,4,2.0,2.0,Entire home/apt,52.50395076094345,13.413976383367116,5.0,32,5.910796644040527,1,1,0
147.0,5,2.0,1.0,Entire home/apt,52.49975021649878,13.413523612252234,4.69,72,4.990432586778736,1,1,0
234.0,14,5.0,2.5,Entire home/apt,52.53774,13.43018,4.94,113,5.455321115357702,1,1,0
90.0,4,1.0,1.0,Entire home/apt,52.54982,13.36936,4.35,133,4.499809670330265,1,1,0
158.0,6,2.0,2.0,Entire home/apt,52.55832,13.44029,4.83,12,5.062595033026967,1,1,0
50.0,2,1.0,1.0,Entire home/apt,52.53502,13.42208,0.0,0,3.912023005428146,1,1,0
48.0,1,1.0,0.5,Private room,52.48522572160238,13.42594900533899,0.0,0,3.871201010907891,1,1,0
108.0,4,2.0,1.0,Entire home/apt,52.48617,13.37546,0.0,0,4.68213122712422,1,1,0
125.0,6,2.0,1.0,Entire home/apt,52.54815422141031,13.367742609161471,4.41,177,4.8283137373023015,1,1,0
57.0,1,1.0,1.0,Private room,52.51770737844453,13.286675065755844,4.86,65,4.04305126783455,1,1,0
119.0,4,1.0,1.0,Entire home/apt,52.4797241,13.3844915,4.5,14,4.77912349311153,1,1,0
72.0,2,1.0,1.0,Entire home/apt,52.47525113,13.44349124294075,5.0,8,4.276666119016055,1,1,0
119.0,6,2.0,2.0,Entire home/apt,52.55008685721948,13.36901754598701,4.32,92,4.77912349311153,1,1,0
136.0,9,3.0,1.0,Entire home/apt,52.55013,13.36721,4.37,238,4.912654885736052,1,1,0
58.0,2,1.0,1.0,Private room,52.4994793,13.4162271,4.97,66,4.060443010546419,1,1,0
93.0,2,1.0,1.0,Entire home/apt,52.55035962950826,13.41743141956792,0.0,0,4.532599493153256,1,1,0
95.0,2,1.0,1.0,Entire home/apt,52.55026,13.41702,0.0,0,4.553876891600541,1,1,0
104.0,2,1.0,1.0,Entire home/apt,52.55242,13.41571,0.0,0,4.6443908991413725,1,1,0
115.0,2,1.0,1.0,Entire home/apt,52.485600425473145,13.317858721816323,0.0,0,4.74493212836325,1,1,0
93.0,2,1.0,1.0,Entire home/apt,52.53025697544059,13.32880761,0.0,0,4.532599493153256,1,1,0
88.0,2,1.0,1.0,Entire home/apt,52.52840823649706,13.327957932190952,0.0,0,4.477336814478207,1,1,0
87.0,2,1.0,1.0,Entire home/apt,52.52989223818538,13.328976549709578,0.0,0,4.465908118654584,1,1,0
79.0,2,1.0,1.0,Entire home/apt,52.49236,13.3667,0.0,0,4.3694478524670215,1,1,0
89.0,3,1.0,1.0,Entire home/apt,52.548390868406095,13.41720085776548,0.0,0,4.48863636973214,1,1,0
85.0,2,1.0,1.0,Entire home/apt,52.501269896694176,13.359095722556242,0.0,0,4.442651256490317,1,1,0
327.0,6,3.0,2.0,Entire home/apt,52.46116139999999,13.5238518,4.67,3,5.7899601708972535,1,1,0
133.0,4,2.0,1.0,Entire home/apt,52.54609,13.41836,0.0,0,4.890349128221754,1,1,0
77.0,3,0.0,1.0,Entire home/apt,52.48238,13.38128,0.0,0,4.343805421853684,1,1,0
126.0,4,2.0,1.0,Entire home/apt,52.4968,13.46542,0.0,0,4.836281906951478,1,1,0
142.0,3,0.0,1.0,Entire home/apt,52.53377,13.40948,0.0,0,4.955827057601261,1,1,0
153.0,5,1.0,2.0,Entire home/apt,52.51179,13.42116,0.0,0,5.030437921392435,1,1,0
162.0,5,1.0,1.0,Entire home/apt,52.49773,13.31351,0.0,0,5.087596335232384,1,1,1
90.0,3,0.0,1.0,Entire home/apt,52.53194609939053,13.423462198681111,0.0,0,4.499809670330265,1,1,0
93.0,3,0.0,1.0,Entire home/apt,52.54464,13.4218,0.0,0,4.532599493153256,1,1,0
91.0,3,0.0,1.0,Entire home/apt,52.54539885738688,13.42305092060046,3.0,2,4.51085950651685,0,1,0
85.0,2,1.0,1.0,Entire home/apt,52.49118415824313,13.321039524069226,0.0,0,4.442651256490317,1,1,0
152.0,7,4.0,0.0,Entire home/apt,52.51092912519187,13.455293977211127,0.0,0,5.0238805208462765,1,1,0
87.0,3,0.0,1.0,Entire home/apt,52.49912798387855,13.38501393060304,5.0,1,4.465908118654584,1,1,0
100.0,3,0.0,1.0,Entire home/apt,52.49407141271289,13.366941372296075,0.0,0,4.605170185988092,1,1,0
121.0,4,2.0,1.0,Entire home/apt,52.49923,13.38592,0.0,0,4.795790545596741,1,1,0
95.0,2,1.0,1.0,Entire home/apt,52.5119,13.41387,0.0,0,4.553876891600541,1,1,0
137.0,3,0.0,1.0,Entire home/apt,52.526042015203565,13.385986190116771,0.0,0,4.919980925828125,1,1,1
95.0,2,1.0,1.0,Entire home/apt,52.49827046395367,13.291870036898842,0.0,0,4.553876891600541,1,1,0
214.0,4,1.0,1.0,Entire home/apt,52.54379993072581,13.424856198302024,5.0,68,5.365976015021851,1,1,0
84.0,2,1.0,1.0,Private room,52.4956135,13.4188513,5.0,1,4.430816798843313,1,1,0
90.0,1,1.0,1.0,Private room,52.47699226,13.436824791133406,5.0,65,4.499809670330265,1,1,0
347.0,7,2.0,1.5,Entire home/apt,52.5289106,13.3868541,4.92,36,5.849324779946859,1,1,0
85.0,2,1.0,1.0,Entire home/apt,52.54583899319688,13.403961442911395,4.67,142,4.442651256490317,1,1,0
121.0,1,1.0,1.0,Private room,52.49488,13.486,5.0,19,4.795790545596741,1,1,0
48.0,2,1.0,1.0,Private room,52.4939139,13.3261861,4.82,44,3.871201010907891,1,0,0
177.0,2,1.0,1.0,Private room,52.5268613,13.4876064,4.75,12,5.176149732573829,1,0,1
190.0,2,1.0,1.0,Private room,52.5268613,13.4876064,5.0,5,5.247024072160486,1,0,1
231.0,2,1.0,1.0,Private room,52.5268613,13.4876064,0.0,0,5.442417710521793,1,0,1
172.0,1,1.0,1.0,Private room,52.5268613,13.4876064,0.0,0,5.147494476813453,1,0,1
47.0,2,1.0,0.5,Private room,52.476654,13.4484387,4.95,188,3.8501476017100575,1,1,0
94.0,2,1.0,1.0,Entire home/apt,52.45104014587377,13.369901664555073,4.92,50,4.543294782270004,1,1,0
120.0,3,2.0,1.0,Entire home/apt,52.4956895,13.4291344,0.0,0,4.787491742782046,1,1,0
64.0,2,1.0,1.0,Private room,52.44655,13.37012,4.83,59,4.158883083359672,1,1,0
67.0,1,1.0,1.0,Private room,52.5326288,13.3273883,0.0,0,4.204692619390966,1,1,1
25.0,1,1.0,1.0,Entire home/apt,52.52695827412627,13.194970796198362,5.0,2,3.218875824868201,1,1,0
181.0,8,3.0,1.5,Entire home/apt,52.497572,13.4755489,4.78,37,5.198497031265826,1,1,1
114.0,2,1.0,1.0,Private room,52.5110278,13.4680432,4.92,24,4.736198448394496,1,1,0
59.0,2,0.0,1.0,Entire home/apt,52.52716,13.4106,5.0,2,4.07753744390572,1,1,0
181.0,2,1.0,1.0,Entire home/apt,52.5516337,13.4144614,0.0,0,5.198497031265826,1,1,0
173.0,2,1.0,1.0,Entire home/apt,52.5516337,13.4144614,0.0,0,5.153291594497779,1,1,0
99.0,2,0.0,1.0,Entire home/apt,52.49765360000001,13.30033,0.0,0,4.59511985013459,1,1,0
76.0,2,1.0,1.0,Private room,52.49472651,13.418611401537854,0.0,0,4.330733340286331,1,1,0
200.0,2,1.0,1.0,Entire home/apt,52.48074976831266,13.44519630074501,4.91,11,5.298317366548036,1,1,0
163.0,2,1.0,1.0,Entire home/apt,52.5117349,13.4136999,4.9,117,5.093750200806762,1,1,1
140.0,2,1.0,1.0,Entire home/apt,52.5117349,13.4136999,4.85,104,4.941642422609304,1,0,1
50.0,4,1.0,1.0,Entire home/apt,52.57753210000001,13.3217406,0.0,0,3.912023005428146,1,1,0
90.0,3,1.0,1.0,Entire home/apt,52.509427,13.2863535,4.85,66,4.499809670330265,1,1,0
63.0,2,1.0,1.0,Private room,52.543825661409805,13.37360563968772,4.88,33,4.143134726391533,1,1,0
114.0,2,1.0,1.5,Private room,52.58998,13.28382,4.86,29,4.736198448394496,1,1,0
207.0,4,2.0,1.0,Entire home/apt,52.51397897160343,13.43121247491534,4.89,38,5.332718793265369,1,1,0
139.0,6,2.0,2.0,Entire home/apt,52.5899857,13.3909163,0.0,0,4.934473933130692,1,1,0
109.0,6,3.0,2.0,Entire home/apt,52.5899857,13.3909163,0.0,0,4.691347882229144,1,1,0
135.0,2,1.0,1.0,Entire home/apt,52.51216752655219,13.43306115943329,4.96,25,4.90527477843843,1,1,0
60.0,3,1.0,1.0,Entire home/apt,52.4592,13.33326,0.0,0,4.0943445622221,1,1,0
95.0,2,1.0,1.0,Entire home/apt,52.59666,13.21585,5.0,8,4.553876891600541,1,1,0
72.0,1,1.0,1.5,Private room,52.500123733787504,13.43363307432268,4.92,26,4.276666119016055,1,1,0
74.0,5,1.0,1.0,Entire home/apt,52.52000190327733,13.438379624036914,5.0,10,4.30406509320417,1,1,0
177.0,3,1.0,1.5,Entire home/apt,52.5316929,13.429789,4.86,7,5.176149732573829,1,1,0
147.0,2,1.0,1.0,Entire home/apt,52.54038065171074,13.424939906656956,5.0,1,4.990432586778736,1,1,0
135.0,4,1.0,1.0,Entire home/apt,52.50464,13.37371,0.0,0,4.90527477843843,1,1,1
57.0,2,1.0,1.0,Private room,52.51851841613961,13.440175444490396,4.6,25,4.04305126783455,1,1,1
70.0,3,1.0,1.0,Entire home/apt,52.57246901870045,13.349843878167508,0.0,0,4.248495242049359,1,1,0
80.0,2,1.0,1.5,Entire home/apt,52.46046643987556,13.308856174454151,0.0,0,4.382026634673881,0,1,0
129.0,2,1.0,1.0,Entire home/apt,52.54948,13.35056,4.43,7,4.859812404361672,1,1,0
223.0,4,2.0,2.0,Entire home/apt,52.56170382395361,13.40396737937624,5.0,6,5.407171771460119,1,1,0
133.0,2,1.0,1.0,Entire home/apt,52.55149,13.41459,3.0,2,4.890349128221754,1,1,0
113.0,4,2.0,1.0,Entire home/apt,52.551494,13.4145912,0.0,0,4.727387818712341,1,1,0
63.0,2,1.0,1.0,Private room,52.531008045188656,13.340108276073453,4.57,7,4.143134726391533,1,1,0
221.0,6,3.0,1.0,Entire home/apt,52.5111095,13.288686,4.7,10,5.3981627015177525,1,1,0
197.0,6,2.0,1.0,Entire home/apt,52.50157818556256,13.29953730705591,4.78,82,5.2832037287379885,1,1,0
130.0,2,1.0,1.0,Entire home/apt,52.50128844876579,13.301219686531928,4.73,124,4.867534450455582,1,1,0
120.0,2,1.0,1.0,Entire home/apt,52.49940124371607,13.301796040404858,4.66,149,4.787491742782046,1,1,0
90.0,2,1.0,1.0,Entire home/apt,52.52892,13.37125,4.93,14,4.499809670330265,1,1,0
44.0,2,1.0,1.0,Private room,52.45819,13.26974,4.78,97,3.784189633918261,1,0,0
64.0,4,1.0,1.0,Entire home/apt,52.490409902999744,13.323796656211869,0.0,0,4.158883083359672,0,1,0
41.0,2,1.0,1.0,Private room,52.527489,13.337647,4.77,13,3.713572066704308,1,1,0
48.0,2,0.0,1.0,Entire home/apt,52.55998995,13.379389978945255,5.0,2,3.871201010907891,1,1,0
145.0,2,1.0,1.0,Entire home/apt,52.53638,13.40656,4.86,37,4.976733742420574,1,1,0
56.0,2,1.0,1.0,Private room,52.48412,13.35146,4.89,85,4.02535169073515,1,0,0
55.0,2,1.0,1.0,Private room,52.46606768275572,13.488018288455896,4.88,8,4.007333185232471,1,1,0
149.0,2,1.0,1.0,Private room,52.42239199999999,13.4122247,5.0,4,5.003946305945459,1,1,0
206.0,8,2.0,2.0,Entire home/apt,52.5513503,13.417396,3.86,7,5.327876168789581,1,1,0
50.0,2,1.0,1.0,Entire home/apt,52.5018801,13.43068,5.0,1,3.912023005428146,1,1,0
105.0,1,1.0,2.0,Private room,52.53285903850373,13.398635499179363,4.92,25,4.653960350157523,1,1,0
280.0,4,2.0,2.0,Entire home/apt,52.49528845933818,13.397033244730045,4.94,16,5.634789603169249,1,1,0
125.0,2,1.0,1.0,Entire home/apt,52.50417586404412,13.393336112214278,4.76,49,4.8283137373023015,1,1,0
52.0,1,1.0,1.0,Private room,52.49896,13.46303,4.9,145,3.951243718581428,1,1,0
135.0,4,2.0,1.0,Entire home/apt,52.54795593594809,13.217835590271727,4.7,10,4.90527477843843,1,1,0
106.0,4,1.0,1.0,Entire home/apt,52.52514666441839,13.406940298410206,4.86,21,4.663439094112067,1,1,0
159.0,2,2.0,2.0,Entire home/apt,52.50498,13.37431,0.0,0,5.068904202220232,1,1,1
126.0,1,1.0,1.0,Entire home/apt,52.5117349,13.4136999,4.83,58,4.836281906951478,1,0,1
196.0,2,1.0,0.0,Entire home/apt,52.5117349,13.4136999,4.96,27,5.278114659230517,1,1,1
55.0,2,1.0,2.0,Private room,52.49182995297095,13.383938010325387,0.0,0,4.007333185232471,1,1,1
184.0,6,1.0,1.0,Entire home/apt,52.47980640034981,13.445549301746338,4.81,91,5.214935757608986,1,1,0
187.0,4,2.0,1.0,Entire home/apt,52.5337,13.42142,5.0,10,5.231108616854587,1,1,0
185.0,6,3.0,1.0,Entire home/apt,52.49743,13.4262,4.87,87,5.220355825078324,1,1,0
160.0,2,1.0,1.0,Private room,52.5121024,13.4082551,4.5,4,5.075173815233827,1,0,0
93.0,2,1.0,1.0,Entire home/apt,52.50402039999999,13.3745137,0.0,0,4.532599493153256,1,1,1
88.0,1,1.0,1.0,Private room,52.48824210723553,13.392309678412158,5.0,16,4.477336814478207,1,1,0
177.0,6,2.0,1.0,Entire home/apt,52.511095071310734,13.288886473016357,4.79,48,5.176149732573829,1,1,0
165.0,3,3.0,2.5,Entire home/apt,52.53628,13.39639,4.9,42,5.10594547390058,1,1,0
97.0,4,2.0,2.0,Entire home/apt,52.51498287540551,13.46483546593279,0.0,0,4.574710978503383,1,1,0
111.0,2,1.0,1.0,Entire home/apt,52.493693,13.3968667,4.83,185,4.709530201312334,1,1,0
93.0,2,1.0,1.0,Entire home/apt,52.54312090211596,13.360938898980953,4.65,140,4.532599493153256,1,1,1
538.0,5,3.0,2.0,Entire home/apt,52.55171,13.38149,4.91,11,6.2878585601617845,1,1,0
97.0,2,0.0,1.0,Entire home/apt,52.5472396,13.4176115,4.0,1,4.574710978503383,1,1,0
283.0,4,2.0,1.0,Entire home/apt,52.53058754031333,13.42025273083412,2.5,2,5.645446897643238,1,1,0
129.0,2,0.0,1.0,Entire home/apt,52.43014914970188,13.197472984569565,4.75,4,4.859812404361672,1,1,0
247.0,6,3.0,2.0,Entire home/apt,52.53564,13.4247,4.62,45,5.5093883366279774,1,1,0
174.0,4,2.0,1.5,Entire home/apt,52.52428,13.31125,4.75,8,5.159055299214529,1,1,0
119.0,4,3.0,2.0,Entire home/apt,52.49755,13.46691,4.8,5,4.77912349311153,1,1,0
75.0,2,1.0,1.0,Private room,52.51865,13.46836,5.0,20,4.31748811353631,1,1,0
12.0,4,1.0,1.0,Private room,52.50251796276408,13.468120367271776,5.0,1,2.4849066497880004,1,1,0
199.0,5,2.0,2.0,Entire home/apt,52.56799,13.40851,5.0,20,5.293304824724492,1,1,0
99.0,3,1.0,1.0,Entire home/apt,52.50172614568059,13.367575854063034,4.9,39,4.59511985013459,1,1,0
137.0,2,1.0,1.0,Entire home/apt,52.47823,13.4392,5.0,3,4.919980925828125,0,1,0
85.0,2,1.0,1.0,Entire home/apt,52.51017652602199,13.40520817049741,0.0,0,4.442651256490317,1,1,0
120.0,4,2.0,1.0,Entire home/apt,52.53451022424019,13.405425010061585,4.86,7,4.787491742782046,1,1,0
160.0,4,2.0,1.5,Entire home/apt,52.56633549887359,13.398626302027216,4.79,28,5.075173815233827,1,1,1
85.0,2,1.0,3.0,Private room,52.5007,13.4178,4.69,90,4.442651256490317,1,1,0
115.0,2,1.0,1.0,Entire home/apt,52.5091512,13.4663866,4.63,81,4.74493212836325,1,0,1
56.0,1,1.0,1.0,Private room,52.56043,13.56181,0.0,0,4.02535169073515,1,1,0
48.0,2,2.0,1.0,Entire home/apt,52.55549,13.38914,0.0,0,3.871201010907891,1,1,0
51.0,4,1.0,1.0,Entire home/apt,52.49925757569551,13.577751616910692,0.0,0,3.9318256327243257,1,1,0
86.0,6,1.0,1.0,Entire home/apt,52.39847,13.54598,5.0,4,4.454347296253507,1,1,0
92.0,3,1.0,1.0,Entire home/apt,52.49712336270068,13.331002747511253,4.97,144,4.5217885770490405,1,1,0
116.0,2,1.0,1.0,Entire home/apt,52.48736,13.41184,4.91,64,4.7535901911063645,1,1,0
36.0,1,1.0,1.0,Private room,52.47966671947334,13.34184005856514,0.0,0,3.58351893845611,1,0,0
121.0,2,1.0,1.0,Entire home/apt,52.5091512,13.4663866,4.65,150,4.795790545596741,1,0,1
120.0,2,1.0,1.0,Entire home/apt,52.5091512,13.4663866,4.63,8,4.787491742782046,1,0,1
63.0,2,1.0,0.5,Entire home/apt,52.49927370439202,13.436252701495402,0.0,0,4.143134726391533,1,1,0
146.0,4,2.0,2.0,Entire home/apt,52.48271365886132,13.510101757762326,4.94,16,4.983606621708336,1,1,0
205.0,4,1.0,1.5,Entire home/apt,52.52060723917867,13.46275070918114,5.0,12,5.3230099791384085,1,1,0
127.0,2,1.0,1.0,Entire home/apt,52.5091512,13.4663866,4.68,405,4.844187086458591,1,1,1
130.0,2,1.0,1.0,Entire home/apt,52.5091512,13.4663866,4.42,19,4.867534450455582,1,1,1
142.0,2,1.0,1.0,Entire home/apt,52.5091512,13.4663866,4.5,12,4.955827057601261,1,1,1
155.0,4,1.0,1.0,Entire home/apt,52.5091512,13.4663866,4.81,77,5.043425116919247,1,1,1
200.0,3,2.0,1.0,Entire home/apt,52.49756854431703,13.415115850928256,4.96,28,5.298317366548036,1,1,0
104.0,4,1.0,1.0,Entire home/apt,52.553643993939886,13.40184939242168,4.98,53,4.6443908991413725,1,1,0
237.0,4,1.0,1.0,Entire home/apt,52.53338977831279,13.423663270265036,0.0,0,5.468060141135132,0,1,0
133.0,2,1.0,1.0,Entire home/apt,52.510666,13.3020183,0.0,0,4.890349128221754,1,1,0
120.0,2,1.0,1.0,Entire home/apt,52.47709030000001,13.4242472,0.0,0,4.787491742782046,1,1,0
133.0,4,2.0,1.0,Entire home/apt,52.4796714,13.4286089,5.0,1,4.890349128221754,1,1,0
76.0,3,1.0,1.5,Entire home/apt,52.4832,13.35943,0.0,0,4.330733340286331,1,1,0
82.0,2,1.0,1.0,Private room,52.50369008956516,13.428376405219174,4.9,104,4.406719247264253,1,0,0
59.0,2,1.0,1.0,Entire home/apt,52.49266,13.44736,4.87,15,4.07753744390572,1,1,0
108.0,2,0.0,1.0,Entire home/apt,52.506225381644136,13.478123986202371,4.82,11,4.68213122712422,1,1,0
30.0,2,1.0,1.0,Entire home/apt,52.55385,13.57231,5.0,1,3.4011973816621555,1,1,0
206.0,6,3.0,1.5,Entire home/apt,52.5347581,13.4258536,0.0,0,5.327876168789581,1,1,0
61.0,1,1.0,1.0,Private room,52.50762170122248,13.321376784068253,4.92,91,4.110873864173311,1,1,0
145.0,2,1.0,1.0,Entire home/apt,52.47261780507149,13.449073673713588,5.0,24,4.976733742420574,1,1,0
110.0,6,1.0,1.0,Entire home/apt,52.5214867,13.4461563,4.79,39,4.700480365792417,1,1,0
52.0,2,1.0,1.0,Entire home/apt,52.50459,13.42536,0.0,0,3.951243718581428,1,1,0
68.0,4,2.0,1.0,Entire home/apt,52.481590853770456,13.51723301859364,0.0,0,4.219507705176107,1,1,0
68.0,4,1.0,1.0,Entire home/apt,52.49576,13.34792,0.0,0,4.219507705176107,1,1,1
32.0,1,1.0,1.0,Private room,52.50413,13.2938,0.0,0,3.4657359027997265,1,1,0
139.0,2,1.0,1.0,Entire home/apt,52.5091512,13.4663866,5.0,9,4.934473933130692,1,1,1
49.0,2,1.0,1.0,Entire home/apt,52.49337,13.36487,5.0,1,3.8918202981106265,1,1,0
90.0,2,1.0,1.0,Entire home/apt,52.56449732536697,13.415654100007623,4.86,28,4.499809670330265,1,1,0
135.0,2,1.0,1.0,Entire home/apt,52.4854755474209,13.463896850601216,5.0,30,4.90527477843843,1,1,0
58.0,1,1.0,1.0,Private room,52.49926952041992,13.419769067459097,4.76,33,4.060443010546419,1,0,0
77.0,2,1.0,1.0,Entire home/apt,52.54893269999999,13.4126267,4.8,51,4.343805421853684,1,1,0
120.0,2,1.0,1.0,Entire home/apt,52.482852746849865,13.434479749747972,5.0,6,4.787491742782046,1,1,0
62.0,3,1.0,1.0,Private room,52.56133154220733,13.186396777663536,4.96,93,4.127134385045092,1,0,0
79.0,4,2.0,1.0,Entire home/apt,52.43655164523968,13.270332931213362,4.78,9,4.3694478524670215,1,1,0
87.0,2,1.0,1.0,Private room,52.5276823,13.4222004,4.94,48,4.465908118654584,1,1,0
135.0,2,1.0,1.0,Entire home/apt,52.50590219999999,13.3119574,4.78,708,4.90527477843843,1,0,1
80.0,3,2.0,1.0,Entire home/apt,52.57462288564497,13.342030839282764,0.0,0,4.382026634673881,1,1,0
49.0,1,1.0,1.0,Private room,52.50442319,13.378942620099572,0.0,0,3.8918202981106265,1,1,0
54.0,2,1.0,1.0,Entire home/apt,52.4805572,13.3489055,5.0,4,3.9889840465642745,1,1,0
36.0,1,1.0,1.0,Private room,52.5250602,13.4173112,5.0,3,3.58351893845611,1,1,1
65.0,1,0.0,1.0,Entire home/apt,52.5454584,13.3709931,5.0,2,4.174387269895637,1,1,0
68.0,1,0.0,1.0,Entire home/apt,52.5454584,13.3709931,4.0,2,4.219507705176107,1,1,0
72.0,2,0.0,1.0,Entire home/apt,52.5454584,13.3709931,0.0,0,4.276666119016055,1,1,0
79.0,2,0.0,1.0,Entire home/apt,52.54567,13.37,0.0,0,4.3694478524670215,1,1,0
207.0,6,4.0,2.0,Entire home/apt,52.53574567099075,13.396307189449622,5.0,1,5.332718793265369,1,1,0
99.0,2,1.0,1.0,Entire home/apt,52.485918440058704,13.438621186260974,4.86,7,4.59511985013459,1,1,0
75.0,2,0.0,1.0,Entire home/apt,52.5454584,13.3709931,4.0,1,4.31748811353631,1,1,0
281.0,11,3.0,1.0,Entire home/apt,52.5328756,13.3268828,4.93,142,5.638354669333745,1,1,0
50.0,2,1.0,1.0,Private room,52.51051,13.29436,5.0,3,3.912023005428146,1,1,0
46.0,3,1.0,1.0,Private room,52.55412,13.40725,4.38,8,3.828641396489095,1,1,0
59.0,2,1.0,1.0,Entire home/apt,52.64175,13.50956,4.9,20,4.07753744390572,1,0,1
43.0,2,1.0,1.0,Entire home/apt,52.50952582197117,13.422017483020031,5.0,1,3.7612001156935615,1,1,0
108.0,4,2.0,2.0,Entire home/apt,52.50760276445679,13.454500904468253,5.0,7,4.68213122712422,1,1,0
50.0,1,1.0,1.0,Private room,52.482747216216346,13.425040921570195,0.0,0,3.912023005428146,1,1,0
171.0,3,2.0,1.0,Entire home/apt,52.4914074,13.4167647,5.0,27,5.14166355650266,1,1,0
55.0,2,1.0,0.5,Private room,52.52849701789089,13.450956412365738,4.69,81,4.007333185232471,1,1,0
49.0,2,1.0,1.5,Entire home/apt,52.5117584,13.3140655,0.0,0,3.8918202981106265,1,1,0
125.0,2,0.0,1.0,Entire home/apt,52.53260173547591,13.40176832327882,4.73,41,4.8283137373023015,1,1,0
69.0,2,2.0,1.0,Entire home/apt,52.3991226,13.5818881,0.0,0,4.23410650459726,1,1,0
51.0,1,1.0,1.0,Private room,52.5429813,13.1646175,0.0,0,3.9318256327243257,1,1,0
56.0,3,1.0,1.0,Entire home/apt,52.5713598,13.31792,5.0,2,4.02535169073515,1,1,0
50.0,2,1.0,1.0,Private room,52.55852,13.55804,0.0,0,3.912023005428146,1,1,0
249.0,4,3.0,2.5,Entire home/apt,52.40879077076926,13.497478906566716,4.75,4,5.517452896464707,1,1,0
79.0,2,1.0,1.0,Entire home/apt,52.44116593,13.551388022457154,4.94,81,4.3694478524670215,1,1,0
206.0,5,3.0,1.0,Entire home/apt,52.52374873965714,13.41623939730906,4.89,18,5.327876168789581,1,1,0
58.0,2,2.0,1.0,Entire home/apt,52.50947423918311,13.422296433343512,5.0,1,4.060443010546419,1,1,0
55.0,1,1.0,1.0,Private room,52.47853,13.42434,5.0,16,4.007333185232471,1,1,0
139.0,2,1.0,1.0,Entire home/apt,52.50590219999999,13.3119574,4.45,11,4.934473933130692,1,0,1
68.0,3,1.0,1.0,Entire home/apt,52.46753730920404,13.435016569547669,4.74,58,4.219507705176107,1,1,0
220.0,4,2.0,1.0,Entire home/apt,52.53495890065833,13.402208037999875,5.0,7,5.393627546352362,1,1,0
121.0,4,1.0,1.0,Entire home/apt,52.4624959,13.3282109,4.84,141,4.795790545596741,1,1,1
41.0,2,1.0,1.0,Entire home/apt,52.49507,13.43245,0.0,0,3.713572066704308,1,1,0
65.0,1,1.0,1.0,Entire home/apt,52.55713,13.37987,5.0,2,4.174387269895637,0,1,0
75.0,2,0.0,1.0,Entire home/apt,52.49435426804052,13.429030095770282,4.65,109,4.31748811353631,1,1,0
44.0,1,1.0,1.0,Entire home/apt,52.60914,13.47448,0.0,0,3.784189633918261,1,1,0
145.0,2,1.0,1.0,Private room,52.50281440137663,13.475979707905887,4.77,322,4.976733742420574,1,1,0
103.0,3,2.0,1.0,Private room,52.47939095497677,13.45214113001644,4.95,37,4.634728988229636,1,1,0
120.0,5,2.0,1.0,Entire home/apt,52.51403,13.45001,5.0,4,4.787491742782046,1,1,0
63.0,2,1.0,1.0,Entire home/apt,52.5535605,13.4106603,0.0,0,4.143134726391533,1,1,0
51.0,1,1.0,1.0,Private room,52.47676620512988,13.438495410139744,5.0,3,3.9318256327243257,1,1,0
102.0,4,1.0,1.0,Entire home/apt,52.46697415,13.429484302390138,4.97,37,4.624972813284271,1,1,0
99.0,2,1.0,1.0,Entire home/apt,52.52262351811891,13.240449898606364,4.97,71,4.59511985013459,1,1,0
200.0,4,2.0,1.0,Entire home/apt,52.49662238346034,13.336909268697209,0.0,0,5.298317366548036,1,1,0
75.0,2,1.0,2.0,Entire home/apt,52.547134033992776,13.412549217045587,0.0,0,4.31748811353631,1,1,0
131.0,3,1.0,1.0,Entire home/apt,52.59109061594705,13.406839880950924,5.0,7,4.875197323201151,1,1,0
145.0,2,1.0,1.0,Entire home/apt,52.50590219999999,13.3119574,4.77,13,4.976733742420574,1,0,1
148.0,2,1.0,1.0,Entire home/apt,52.50590219999999,13.3119574,4.63,40,4.997212273764115,1,1,1
64.0,2,1.0,1.0,Private room,52.4796075,13.345924,4.86,126,4.158883083359672,1,1,0
83.0,2,1.0,1.0,Entire home/apt,52.57510079999999,13.4232915,0.0,0,4.418840607796598,1,1,0
117.0,2,1.0,1.0,Entire home/apt,52.51822223248986,13.304401737848726,0.0,0,4.762173934797756,1,1,0
283.0,10,3.0,2.0,Entire home/apt,52.4935468900166,13.284021192555189,4.74,127,5.645446897643238,1,1,0
279.0,7,3.0,1.0,Entire home/apt,52.52756048466546,13.412431865340858,4.87,183,5.631211781821365,1,1,0
120.0,7,2.0,1.0,Entire home/apt,52.4834683,13.5287599,4.42,24,4.787491742782046,1,1,0
644.0,2,1.0,1.0,Entire home/apt,52.49914315873559,13.353043272900516,0.0,0,6.467698726104354,1,1,1
209.0,3,1.0,1.5,Entire home/apt,52.49115,13.29179,4.85,48,5.342334251964811,1,1,0
141.0,4,1.0,1.0,Entire home/apt,52.5368337,13.3747942,4.67,67,4.948759890378168,1,1,0
114.0,4,2.0,1.0,Entire home/apt,52.45250707062828,13.35108574631602,4.97,31,4.736198448394496,1,1,1
199.0,6,3.0,2.0,Entire home/apt,52.42798,13.15417,5.0,2,5.293304824724492,1,1,0
34.0,2,1.0,1.0,Private room,52.484942478871865,13.537098082172504,5.0,22,3.5263605246161616,1,0,0
55.0,2,0.0,1.0,Entire home/apt,52.4913675,13.3840125,4.58,72,4.007333185232471,1,1,0
676.0,6,3.0,2.5,Entire home/apt,52.5183221,13.3839916,5.0,3,6.516193076042964,1,1,0
157.0,2,1.0,1.0,Entire home/apt,52.52914,13.41567,0.0,0,5.056245805348308,1,1,0
57.0,2,1.0,0.5,Private room,52.57196,13.36266,4.92,73,4.04305126783455,1,1,0
146.0,1,1.0,1.0,Entire home/apt,52.4933629,13.4368882,4.98,63,4.983606621708336,1,1,0
136.0,6,2.0,2.0,Entire home/apt,52.49031692241567,13.338022686508952,4.93,84,4.912654885736052,1,1,0
401.0,2,1.0,1.5,Entire home/apt,52.53580988664409,13.400439612388077,4.83,12,5.993961427306569,1,1,0
128.0,4,1.0,1.0,Entire home/apt,52.52983776068236,13.381311280489804,4.71,31,4.852030263919617,1,1,0
121.0,3,1.0,1.0,Entire home/apt,52.52809,13.37935,4.78,27,4.795790545596741,1,1,0
95.0,2,1.0,1.0,Entire home/apt,52.4989,13.31582,0.0,0,4.553876891600541,1,1,0
147.0,2,1.0,1.0,Private room,52.49651,13.34786,4.65,37,4.990432586778736,1,0,0
334.0,6,3.0,1.0,Entire home/apt,52.5309488,13.4152626,4.88,80,5.811140992976701,1,1,0
147.0,2,1.0,1.0,Entire home/apt,52.55109043958021,13.41148491106352,4.88,8,4.990432586778736,1,1,0
217.0,12,3.0,1.0,Entire home/apt,52.5138389,13.46239,4.28,90,5.37989735354046,1,1,0
97.0,2,0.0,1.0,Entire home/apt,52.4995609,13.4287261,1.0,1,4.574710978503383,1,1,0
45.0,1,1.0,1.0,Private room,52.5712486,13.5680307,0.0,0,3.80666248977032,1,1,0
151.0,6,2.0,1.0,Entire home/apt,52.53720551965738,13.416619268574104,4.79,91,5.017279836814924,1,1,0
181.0,5,1.0,1.0,Entire home/apt,52.48690999999999,13.38869,4.9,50,5.198497031265826,1,1,0
80.0,2,1.0,1.0,Private room,52.45107038326595,13.263387121260164,4.71,17,4.382026634673881,0,1,0
112.0,4,1.0,1.0,Entire home/apt,52.53884,13.4164,4.54,87,4.718498871295094,1,1,0
163.0,8,3.0,1.0,Entire home/apt,52.53679,13.41655,4.57,109,5.093750200806762,1,1,0
88.0,6,1.0,1.0,Entire home/apt,52.49459001669585,13.48031111061573,4.8,20,4.477336814478207,0,1,0
65.0,1,1.0,1.0,Entire home/apt,52.47977829,13.42383004596725,0.0,0,4.174387269895637,1,1,0
127.0,2,1.0,1.0,Private room,52.493583534226765,13.433398836263764,5.0,1,4.844187086458591,1,1,0
67.0,2,1.0,1.0,Private room,52.5364,13.39674,4.92,99,4.204692619390966,1,1,0
69.0,2,1.0,1.0,Private room,52.53641381705758,13.404201971460878,4.87,90,4.23410650459726,1,1,0
117.0,2,2.0,1.5,Entire home/apt,52.530845063124296,13.43161503400244,4.9,10,4.762173934797756,1,1,0
123.0,4,1.0,1.0,Entire home/apt,52.50636897625358,13.301236743516558,4.89,110,4.812184355372417,1,1,0
312.0,6,2.0,1.0,Entire home/apt,52.5258839,13.450971088885488,5.0,1,5.7430031878094825,1,1,0
213.0,7,4.0,1.5,Entire home/apt,52.4902,13.38597,5.0,22,5.3612921657094255,1,1,0
141.0,1,0.0,1.0,Entire home/apt,52.5454584,13.3709931,4.67,9,4.948759890378168,1,1,0
100.0,2,1.0,1.0,Private room,52.52356565,13.404938355088234,4.69,232,4.605170185988092,1,1,0
161.0,5,2.0,1.0,Entire home/apt,52.50120631913873,13.420213215164036,4.49,85,5.081404364984463,1,1,0
122.0,4,2.0,1.0,Entire home/apt,52.49553796982917,13.443905487656592,5.0,14,4.804021044733257,1,1,0
133.0,2,1.0,1.0,Entire home/apt,52.46434,13.3832,4.94,34,4.890349128221754,1,1,0
167.0,5,2.0,1.0,Entire home/apt,52.4998,13.41862,4.69,85,5.117993812416755,1,1,0
142.0,4,2.0,2.0,Entire home/apt,52.4909932,13.4302288,5.0,11,4.955827057601261,1,1,0
38.0,2,1.0,1.0,Private room,52.44074,13.5412,4.51,85,3.6375861597263857,1,0,0
188.0,3,2.0,1.0,Entire home/apt,52.51195408040128,13.469542698029032,5.0,29,5.236441962829949,1,1,0
180.0,5,2.0,2.0,Entire home/apt,52.5127422,13.458706,4.9,21,5.19295685089021,1,1,0
55.0,2,1.0,1.0,Private room,52.463007051073525,13.414969082921218,4.82,11,4.007333185232471,1,1,0
148.0,2,1.0,1.0,Private room,52.43789650000001,13.5484264,4.63,159,4.997212273764115,1,1,0
76.0,2,1.0,3.0,Entire home/apt,52.488810386470334,13.378937317444406,4.79,24,4.330733340286331,0,0,0
51.0,2,1.0,1.0,Entire home/apt,52.49932847018079,13.365863680950945,0.0,0,3.9318256327243257,1,1,0
235.0,3,1.0,2.0,Entire home/apt,52.528,13.38926,0.0,0,5.459585514144159,1,1,1
48.0,1,1.0,1.0,Entire home/apt,52.42338,13.43815,0.0,0,3.871201010907891,1,1,0
121.0,2,1.0,1.0,Entire home/apt,52.5360996,13.405419,0.0,0,4.795790545596741,1,1,0
66.0,1,1.0,1.0,Private room,52.51796,13.28757,0.0,0,4.189654742026425,1,1,0
39.0,2,1.0,0.5,Private room,52.4683,13.47254,4.5,2,3.6635616461296463,1,1,0
108.0,5,1.0,1.0,Entire home/apt,52.51912733199504,13.2659131492615,4.63,41,4.68213122712422,1,1,0
100.0,5,1.0,1.5,Private room,52.4554096,13.6112659,4.32,22,4.605170185988092,1,1,1
113.0,2,1.0,1.0,Entire home/apt,52.4574127,13.5413365,4.95,56,4.727387818712341,1,1,0
110.0,2,0.0,1.0,Entire home/apt,52.5297458,13.4080749,4.96,112,4.700480365792417,1,1,0
255.0,4,2.0,1.0,Entire home/apt,52.50081,13.36509,4.95,95,5.541263545158426,1,1,1
95.0,3,1.0,1.0,Entire home/apt,52.49046986518629,13.338363224532712,4.83,104,4.553876891600541,1,1,0
110.0,2,1.0,1.0,Entire home/apt,52.4962293,13.4238563,4.92,52,4.700480365792417,1,1,0
46.0,3,1.0,1.5,Private room,52.5939576,13.40065728707229,4.85,81,3.828641396489095,1,0,0
114.0,4,1.0,1.0,Entire home/apt,52.54708,13.40417,4.95,42,4.736198448394496,1,1,0
54.0,3,1.0,1.0,Private room,52.52018839999999,13.4582578,4.88,67,3.9889840465642745,1,1,0
60.0,2,1.0,1.0,Entire home/apt,52.51064763760943,13.468503523900711,0.0,0,4.0943445622221,1,1,0
76.0,1,1.0,1.0,Entire home/apt,52.47706628465399,13.360831886784725,0.0,0,4.330733340286331,1,1,0
42.0,2,1.0,1.0,Entire home/apt,52.56316461823435,13.334051997317406,0.0,0,3.737669618283368,1,1,0
47.0,2,1.0,1.0,Private room,52.51404148238771,13.421532793560772,4.85,59,3.8501476017100575,0,1,0
88.0,2,1.0,1.0,Private room,52.50220294409597,13.428000611429486,4.85,114,4.477336814478207,1,0,0
219.0,8,4.0,1.5,Entire home/apt,52.51118,13.52864,4.7,10,5.389071729816501,1,1,1
58.0,2,1.0,1.0,Entire home/apt,52.47318,13.37989,5.0,1,4.060443010546419,1,1,0
256.0,6,1.0,1.5,Entire home/apt,52.53182,13.40286,0.0,0,5.545177444479562,1,1,0
350.0,8,3.0,1.0,Entire home/apt,52.52543366191324,13.403145898948935,4.91,138,5.857933154483459,1,1,0
52.0,1,1.0,1.0,Private room,52.52950188612897,13.315845429897308,0.0,0,3.951243718581428,0,1,1
114.0,3,1.0,1.0,Entire home/apt,52.49569002365369,13.33900724850434,4.75,4,4.736198448394496,1,1,0
93.0,3,1.0,1.0,Entire home/apt,52.47827,13.43401,4.8,10,4.532599493153256,1,1,0
185.0,2,1.0,1.0,Entire home/apt,52.47887857836131,13.429588495336535,4.94,32,5.220355825078324,1,1,0
67.0,2,1.0,1.0,Entire home/apt,52.53460957295035,13.433118246289787,0.0,0,4.204692619390966,1,1,0
142.0,2,1.0,1.0,Entire home/apt,52.48281,13.45579,4.86,7,4.955827057601261,1,1,0
74.0,2,1.0,1.0,Entire home/apt,52.5280437,13.3304053,5.0,1,4.30406509320417,1,1,0
161.0,4,2.0,1.0,Entire home/apt,52.45920479999999,13.5811824,4.78,9,5.081404364984463,1,1,0
91.0,2,1.0,1.0,Entire home/apt,52.53482975,13.419809154581976,5.0,1,4.51085950651685,1,1,0
95.0,2,0.0,1.0,Entire home/apt,52.51099749999999,13.4583393,0.0,0,4.553876891600541,1,1,0
200.0,2,1.0,1.0,Entire home/apt,52.51027121107917,13.402666623153095,0.0,0,5.298317366548036,0,1,0
108.0,2,1.0,1.0,Private room,52.55424510160347,13.405276034442958,5.0,36,4.68213122712422,1,1,0
117.0,2,1.0,1.0,Entire home/apt,52.51197776710941,13.381072559468356,5.0,1,4.762173934797756,1,1,0
95.0,2,1.0,1.0,Entire home/apt,52.510270863890206,13.44743639300789,4.7,131,4.553876891600541,1,1,0
84.0,4,2.0,1.0,Private room,52.4385,13.24992,5.0,11,4.430816798843313,1,1,0
133.0,4,1.0,1.0,Entire home/apt,52.4834683,13.5287599,4.66,58,4.890349128221754,1,1,0
96.0,2,1.0,1.0,Entire home/apt,52.48246679214747,13.43620352447033,0.0,0,4.564348191467836,1,1,0
55.0,2,1.0,1.0,Entire home/apt,52.5148552,13.4911727,5.0,4,4.007333185232471,1,1,0
202.0,2,1.0,1.0,Entire home/apt,52.48415087349795,13.431435227394104,4.81,32,5.308267697401205,1,1,0
183.0,6,3.0,1.0,Entire home/apt,52.5353078,13.3566284,4.08,12,5.209486152841421,1,1,0
149.0,4,2.0,1.0,Entire home/apt,52.510379,13.4561773,0.0,0,5.003946305945459,1,1,0
66.0,2,1.0,1.0,Entire home/apt,52.52061128401838,13.34406039,5.0,2,4.189654742026425,1,1,0
400.0,2,1.0,1.0,Entire home/apt,52.48351245389818,13.425807503308206,4.8,15,5.991464547107982,0,1,0
209.0,6,3.0,1.0,Entire home/apt,52.547460635662944,13.416601845363155,4.71,51,5.342334251964811,1,1,0
264.0,7,2.0,1.0,Entire home/apt,52.52799,13.39631,4.39,33,5.575949103146316,1,1,0
466.0,15,4.0,1.0,Entire home/apt,52.50552423415217,13.30781604931925,4.22,9,6.144185634125646,1,1,0
76.0,2,1.0,1.0,Entire home/apt,52.54034,13.37208,4.8,5,4.330733340286331,1,1,0
175.0,6,3.0,1.0,Entire home/apt,52.5353078,13.3566284,4.86,14,5.1647859739235145,1,1,0
199.0,2,1.0,1.0,Entire home/apt,52.5018651,13.3670762,5.0,8,5.293304824724492,1,1,0
91.0,2,0.0,1.0,Entire home/apt,52.4944212,13.4385798,0.0,0,4.51085950651685,1,1,0
71.0,2,1.0,1.0,Private room,52.54438257301508,13.415960893034937,4.98,47,4.262679877041316,1,0,0
85.0,2,1.0,1.0,Entire home/apt,52.55082,13.47054,0.0,0,4.442651256490317,1,1,0
57.0,2,1.0,1.5,Private room,52.52338596801985,13.32983690641468,3.33,3,4.04305126783455,1,1,0
150.0,2,1.0,1.0,Entire home/apt,52.53322234943103,13.393622314015406,4.69,16,5.010635294096256,1,1,1
122.0,2,1.0,1.0,Entire home/apt,52.50092,13.3872948,4.57,74,4.804021044733257,1,0,0
125.0,2,1.0,1.0,Entire home/apt,52.50092,13.3872948,4.11,18,4.8283137373023015,1,0,0
131.0,2,1.0,1.0,Entire home/apt,52.49920359999999,13.3881541,4.56,211,4.875197323201151,1,1,0
133.0,2,1.0,1.0,Entire home/apt,52.50092,13.3872948,4.27,11,4.890349128221754,1,0,0
138.0,2,1.0,1.0,Entire home/apt,52.50092,13.3872948,0.0,0,4.927253685157205,1,0,0
156.0,3,1.0,1.0,Entire home/apt,52.50092,13.3872948,4.72,43,5.049856007249537,1,1,0
165.0,4,1.0,1.0,Entire home/apt,52.50092,13.3872948,4.53,15,5.10594547390058,1,0,0
170.0,4,1.0,1.0,Entire home/apt,52.50092,13.3872948,4.67,112,5.135798437050262,1,1,0
116.0,3,1.0,1.0,Entire home/apt,52.48915,13.48167,4.88,112,4.7535901911063645,0,1,0
173.0,4,2.0,2.5,Entire home/apt,52.46260342360544,13.336505411203536,5.0,9,5.153291594497779,1,1,0
177.0,3,1.0,1.0,Private room,52.49651305483272,13.347855247557163,4.37,43,5.176149732573829,1,0,0
181.0,4,1.0,2.0,Entire home/apt,52.5093245,13.4043286,5.0,5,5.198497031265826,1,1,0
74.0,2,1.0,1.0,Private room,52.49829,13.32442,4.98,120,4.30406509320417,1,1,0
151.0,2,1.0,1.0,Entire home/apt,52.530426625637645,13.370208931213387,0.0,0,5.017279836814924,1,1,0
56.0,4,2.0,1.0,Entire home/apt,52.520705,13.2528804,0.0,0,4.02535169073515,1,1,0
77.0,1,1.0,2.0,Private room,52.48848678128519,13.462382417405436,5.0,2,4.343805421853684,0,1,0
194.0,4,1.0,1.0,Entire home/apt,52.53634,13.43527,4.87,15,5.267858159063328,1,1,0
195.0,4,2.0,2.5,Entire home/apt,52.499076451390046,13.29785437753445,0.0,0,5.272999558563747,1,1,0
176.0,4,2.0,1.0,Entire home/apt,52.48069839999999,13.3293169,0.0,0,5.170483995038151,1,1,0
250.0,4,2.0,1.0,Entire home/apt,52.48763,13.42165,4.79,28,5.521460917862246,1,1,0
168.0,4,2.0,1.0,Entire home/apt,52.4896754,13.3910197,0.0,0,5.123963979403259,1,1,0
204.0,2,1.0,1.0,Entire home/apt,52.48888,13.4435,0.0,0,5.318119993844216,1,1,1
123.0,2,2.0,1.5,Private room,52.47742,13.34576,0.0,0,4.812184355372417,1,1,0
91.0,2,1.0,1.0,Private room,52.5273895,13.4050636,4.99,85,4.51085950651685,1,1,0
191.0,6,1.0,1.0,Entire home/apt,52.5033319,13.4380182,4.38,64,5.25227342804663,1,1,0
44.0,2,1.0,1.0,Entire home/apt,52.56201433788611,13.334369678573616,5.0,1,3.784189633918261,1,1,0
106.0,2,1.0,1.0,Entire home/apt,52.5219289,13.452605,0.0,0,4.663439094112067,1,1,0
35.0,2,1.0,1.0,Private room,52.49067072830847,13.417981421931676,0.0,0,3.555348061489413,1,1,0
81.0,2,1.0,1.0,Private room,52.50945719411829,13.447869847268922,0.0,0,4.394449154672439,1,1,0
35.0,2,1.0,1.0,Private room,52.51993,13.47121,0.0,0,3.555348061489413,1,1,0
81.0,2,1.0,1.0,Private room,52.50787019886248,13.4509810437813,0.0,0,4.394449154672439,1,1,0
119.0,2,1.0,1.0,Private room,52.49646,13.31686,0.0,0,4.77912349311153,1,1,0
280.0,6,3.0,2.0,Entire home/apt,52.558576545774784,13.195166910120973,4.98,40,5.634789603169249,1,1,0
35.0,2,1.0,1.0,Private room,52.56749,13.40596,0.0,0,3.555348061489413,1,1,0
81.0,2,1.0,1.0,Private room,52.51408138811093,13.457530254359591,0.0,0,4.394449154672439,1,1,0
35.0,2,1.0,1.0,Private room,52.49673,13.42469,0.0,0,3.555348061489413,1,1,0
35.0,2,1.0,1.0,Private room,52.49016,13.41998,0.0,0,3.555348061489413,1,1,0
35.0,2,1.0,1.0,Private room,52.49648,13.42461,0.0,0,3.555348061489413,1,1,0
35.0,2,1.0,1.0,Private room,52.54733,13.4132,0.0,0,3.555348061489413,1,1,0
35.0,2,1.0,1.0,Private room,52.49499182347951,13.31156436622084,0.0,0,3.555348061489413,1,1,0
147.0,2,1.0,1.0,Private room,52.49729357884247,13.348562774877768,3.5,2,4.990432586778736,1,0,0
145.0,1,1.0,1.0,Private room,52.497363692075794,13.348483591092952,4.52,48,4.976733742420574,1,0,0
35.0,2,1.0,1.0,Private room,52.50953061145597,13.451165986056672,0.0,0,3.555348061489413,1,1,0
70.0,4,2.0,1.0,Entire home/apt,52.48901640636469,13.420037365541848,0.0,0,4.248495242049359,1,1,0
35.0,2,1.0,1.0,Private room,52.55072787410923,13.40596837361122,0.0,0,3.555348061489413,1,1,0
35.0,2,1.0,1.0,Private room,52.50981445488556,13.459067077716275,0.0,0,3.555348061489413,1,1,0
147.0,2,1.0,1.0,Private room,52.49742983381764,13.34703940900005,4.36,50,4.990432586778736,1,0,0
35.0,2,1.0,1.0,Private room,52.54949307228905,13.413158633978137,0.0,0,3.555348061489413,1,1,0
35.0,2,1.0,1.0,Private room,52.51638174522037,13.457090172637749,0.0,0,3.555348061489413,1,1,0
100.0,6,3.0,1.0,Entire home/apt,52.49682,13.42467,0.0,0,4.605170185988092,1,1,0
35.0,2,1.0,1.0,Private room,52.49506143066614,13.309385430716796,0.0,0,3.555348061489413,1,1,0
35.0,2,1.0,1.0,Private room,52.56699234768873,13.407062629413034,0.0,0,3.555348061489413,1,1,0
35.0,2,1.0,1.0,Private room,52.51111,13.47022,0.0,0,3.555348061489413,1,1,0
35.0,2,1.0,1.0,Private room,52.55085562349833,13.405798470855729,0.0,0,3.555348061489413,1,1,0
35.0,1,1.0,1.0,Private room,52.52003940812653,13.470274683422426,0.0,0,3.555348061489413,1,1,0
66.0,2,1.0,1.0,Entire home/apt,52.49590946319008,13.582283753569683,4.83,6,4.189654742026425,1,1,1
35.0,2,1.0,1.0,Private room,52.54914,13.4149,0.0,0,3.555348061489413,1,1,0
35.0,1,1.0,1.0,Private room,52.52126633128113,13.475559105219778,0.0,0,3.555348061489413,1,1,0
117.0,2,1.0,1.0,Entire home/apt,52.51954886625179,13.42754997319478,4.93,14,4.762173934797756,1,1,0
35.0,1,1.0,1.0,Private room,52.55071711564733,13.40618893302021,0.0,0,3.555348061489413,1,1,0
100.0,6,3.0,1.0,Entire home/apt,52.49659585120209,13.424304186495496,0.0,0,4.605170185988092,1,1,0
35.0,2,1.0,1.0,Private room,52.49665,13.30959,0.0,0,3.555348061489413,1,1,0
95.0,2,1.0,1.0,Entire home/apt,52.4829626,13.4340541,4.96,51,4.553876891600541,1,1,0
88.0,2,1.0,1.0,Entire home/apt,52.534338,13.3473284,4.89,9,4.477336814478207,1,1,0
130.0,2,1.0,1.0,Entire home/apt,52.4959003,13.3996463,5.0,1,4.867534450455582,1,1,0
207.0,4,1.0,1.0,Private room,52.496513,13.3478551,4.42,12,5.332718793265369,1,0,0
207.0,4,1.0,1.0,Private room,52.49705939563474,13.348873622857418,3.33,3,5.332718793265369,1,0,0
35.0,2,1.0,1.0,Private room,52.56580037040101,13.41416024874566,0.0,0,3.555348061489413,1,1,0
52.0,1,1.0,1.5,Private room,52.56515642418714,13.362391115880923,4.67,6,3.951243718581428,1,1,0
104.0,2,0.0,1.0,Entire home/apt,52.50779329999999,13.3037121,3.0,1,4.6443908991413725,1,1,0
213.0,5,1.0,1.0,Entire home/apt,52.54032290703485,13.421130712777751,4.98,40,5.3612921657094255,1,1,0
138.0,4,1.0,2.0,Entire home/apt,52.48685920306568,13.484232500195503,4.72,39,4.927253685157205,0,1,0
79.0,2,1.0,1.0,Private room,52.54747,13.40246,4.89,97,4.3694478524670215,1,0,0
76.0,1,1.0,1.0,Private room,52.49756301077549,13.28852583879539,4.92,24,4.330733340286331,1,1,0
135.0,4,1.0,1.0,Entire home/apt,52.435255,13.387723,0.0,0,4.90527477843843,1,1,0
39.0,1,1.0,1.0,Private room,52.49055032003661,13.389849763829336,0.0,0,3.6635616461296463,1,1,0
35.0,2,1.0,1.0,Private room,52.488826108740376,13.390125591947008,4.0,1,3.555348061489413,1,1,0
87.0,1,1.0,1.5,Entire home/apt,52.51091,13.37527,4.67,3,4.465908118654584,1,1,1
92.0,2,1.0,1.0,Entire home/apt,52.50948787705691,13.462846012736527,5.0,23,4.5217885770490405,1,1,0
35.0,2,1.0,1.0,Private room,52.49060806205854,13.387825504849932,5.0,1,3.555348061489413,1,1,0
88.0,4,2.0,1.0,Private room,52.52129,13.52957,4.75,114,4.477336814478207,1,1,0
241.0,5,2.0,2.0,Entire home/apt,52.490291864205815,13.434261099391614,5.0,1,5.484796933490655,1,1,0
69.0,2,1.0,1.0,Entire home/apt,52.51787694805984,13.46385518204336,4.0,1,4.23410650459726,1,1,0
69.0,2,1.0,1.0,Private room,52.49829,13.32566,5.0,12,4.23410650459726,1,1,0
252.0,4,2.0,1.0,Entire home/apt,52.49683762364134,13.42627570828214,5.0,18,5.529429087511423,1,1,1
77.0,2,0.0,1.0,Entire home/apt,52.51819236957433,13.30787601453426,4.86,21,4.343805421853684,1,1,0
77.0,2,1.0,1.0,Entire home/apt,52.48963,13.33828,0.0,0,4.343805421853684,1,1,0
45.0,2,1.0,1.0,Private room,52.5844371,13.2239163,4.98,48,3.80666248977032,1,1,0
239.0,3,2.0,1.0,Entire home/apt,52.5148123,13.3807511,4.43,102,5.476463551931511,1,1,0
143.0,3,1.0,0.5,Private room,52.50452,13.302,4.14,21,4.962844630259907,1,0,0
117.0,2,1.0,1.0,Entire home/apt,52.5472396,13.4176115,0.0,0,4.762173934797756,1,1,0
538.0,4,2.0,2.0,Entire home/apt,52.52851672986503,13.399826630714664,5.0,2,6.2878585601617845,1,1,1
133.0,2,1.0,2.0,Entire home/apt,52.52343310890216,13.386735045341016,0.0,0,4.890349128221754,1,1,0
51.0,1,1.0,1.0,Private room,52.48868,13.40736,4.86,49,3.9318256327243257,1,0,0
99.0,6,2.0,1.0,Entire home/apt,52.5897375,13.3627969,4.86,80,4.59511985013459,1,1,0
111.0,3,1.0,1.0,Entire home/apt,52.52934399999999,13.3843098,4.81,43,4.709530201312334,1,1,0
53.0,2,1.0,1.0,Private room,52.49336046711127,13.180670604999795,4.98,53,3.970291913552122,1,1,1
137.0,2,1.0,1.0,Entire home/apt,52.54372351892589,13.417912906635268,4.98,57,4.919980925828125,1,0,0
43.0,2,1.0,1.0,Private room,52.5844371,13.2239163,4.95,21,3.7612001156935615,1,1,0
128.0,2,1.0,1.0,Entire home/apt,52.472585675588526,13.33213970000002,5.0,17,4.852030263919617,1,1,0
69.0,2,1.0,1.0,Private room,52.52187615,13.445672505372984,4.86,21,4.23410650459726,1,1,0
104.0,2,1.0,1.0,Entire home/apt,52.5702778,13.3130043,4.63,16,4.6443908991413725,1,1,0
166.0,2,1.0,1.0,Entire home/apt,52.53358216919484,13.420713912645816,4.65,81,5.111987788356544,1,1,0
158.0,5,1.0,1.0,Entire home/apt,52.4988263,13.4020033,4.88,90,5.062595033026967,1,1,0
130.0,4,1.0,1.0,Entire home/apt,52.53442,13.35617,4.29,7,4.867534450455582,1,1,0
88.0,2,1.0,1.0,Private room,52.52111433728289,13.450033893976396,1.0,1,4.477336814478207,1,1,0
66.0,2,1.0,1.0,Entire home/apt,52.43082,13.25011,5.0,1,4.189654742026425,1,1,0
81.0,2,1.0,1.0,Private room,52.51462175788611,13.454208725336906,0.0,0,4.394449154672439,1,1,0
104.0,2,1.0,1.0,Entire home/apt,52.5702778,13.3130043,4.75,28,4.6443908991413725,1,1,0
86.0,2,1.0,1.0,Private room,52.51233996608448,13.315340689434098,4.84,44,4.454347296253507,1,1,0
90.0,3,1.0,1.0,Entire home/apt,52.49448467807855,13.283662274479864,4.83,6,4.499809670330265,1,1,0
86.0,3,1.0,1.0,Entire home/apt,52.54203916545308,13.412479204667102,0.0,0,4.454347296253507,1,1,0
135.0,3,2.0,1.5,Entire home/apt,52.52044,13.48447,4.83,6,4.90527477843843,1,1,0
64.0,4,1.0,1.0,Entire home/apt,52.53924634419551,13.348918287808358,0.0,0,4.158883083359672,0,1,0
54.0,2,1.0,1.0,Private room,52.52846625557438,13.135634139957354,4.96,47,3.9889840465642745,1,0,0
29.0,1,1.0,1.0,Private room,52.48877,13.38796,5.0,1,3.367295829986474,1,1,0
80.0,2,1.0,1.0,Entire home/apt,52.4609687,13.519843,5.0,1,4.382026634673881,0,0,0
108.0,2,1.0,1.0,Entire home/apt,52.4609687,13.519843,4.8,5,4.68213122712422,0,0,0
39.0,1,1.0,1.0,Private room,52.48998866206312,13.388002703733516,4.0,1,3.6635616461296463,1,1,0
175.0,2,2.0,1.0,Entire home/apt,52.49656,13.41466,5.0,12,5.1647859739235145,1,1,0
97.0,2,1.0,0.5,Entire home/apt,52.54812066270102,13.345409408211708,4.6,20,4.574710978503383,1,1,0
60.0,4,1.0,1.0,Entire home/apt,52.479907060243335,13.33218578249216,5.0,2,4.0943445622221,1,1,0
121.0,2,1.0,1.0,Entire home/apt,52.53345537974605,13.37786279352754,0.0,0,4.795790545596741,1,1,0
491.0,3,1.0,1.5,Entire home/apt,52.49247,13.38294,0.0,0,6.19644412779452,1,1,0
125.0,6,2.0,1.0,Entire home/apt,52.55616957648596,13.391237761583552,4.67,92,4.8283137373023015,1,1,0
82.0,2,1.0,1.0,Entire home/apt,52.57165457443704,13.39686290317994,4.47,19,4.406719247264253,1,0,0
93.0,1,1.0,1.0,Private room,52.49453840113559,13.427113019453014,4.96,25,4.532599493153256,1,1,1
142.0,4,1.0,1.0,Entire home/apt,52.51669,13.4699,4.9,40,4.955827057601261,1,1,0
96.0,4,2.0,1.0,Entire home/apt,52.4243873,13.197302,0.0,0,4.564348191467836,1,1,0
140.0,2,1.0,1.0,Private room,52.52652006721747,13.331963569572387,5.0,9,4.941642422609304,1,1,0
239.0,4,2.0,1.0,Entire home/apt,52.5396209,13.4062848,5.0,38,5.476463551931511,1,1,0
184.0,2,1.0,1.0,Entire home/apt,52.5454584,13.3709931,4.6,5,5.214935757608986,1,1,0
95.0,3,1.0,1.0,Entire home/apt,52.46215791365616,13.519017335742264,0.0,0,4.553876891600541,1,1,0
139.0,2,1.0,1.0,Private room,52.43789650000001,13.5484264,5.0,4,4.934473933130692,1,0,0
159.0,4,1.0,1.0,Entire home/apt,52.50205,13.42542,4.81,16,5.068904202220232,1,1,0
49.0,1,0.0,1.0,Entire home/apt,52.51004,13.40506,4.0,1,3.8918202981106265,1,1,0
35.0,1,1.0,1.0,Entire home/apt,52.5313634,13.3623737,0.0,0,3.555348061489413,1,1,0
59.0,2,1.0,1.0,Entire home/apt,52.504264421360816,13.310945704579352,5.0,28,4.07753744390572,1,1,0
79.0,2,1.0,1.0,Entire home/apt,52.48091,13.28829,0.0,0,4.3694478524670215,1,1,0
156.0,2,1.0,1.0,Private room,52.5046623,13.3226679,5.0,2,5.049856007249537,1,0,1
86.0,3,1.0,1.5,Private room,52.50299274364185,13.432124126602778,4.97,73,4.454347296253507,1,1,0
72.0,3,1.0,1.0,Entire home/apt,52.54751029104364,13.434509125437076,0.0,0,4.276666119016055,1,1,0
81.0,2,1.0,1.0,Private room,52.51664307317,13.465098016081374,0.0,0,4.394449154672439,1,1,0
174.0,12,4.0,1.0,Entire home/apt,52.44703,13.34474,0.0,0,5.159055299214529,1,1,0
308.0,5,2.0,1.0,Entire home/apt,52.50011,13.29967,0.0,0,5.730099782973574,1,1,0
140.0,2,1.0,2.0,Entire home/apt,52.55721177516925,13.409732178926523,0.0,0,4.941642422609304,1,1,0
106.0,2,1.0,1.0,Entire home/apt,52.53321083742793,13.424915095092096,4.72,39,4.663439094112067,1,1,0
35.0,2,1.0,1.0,Private room,52.46796986561652,13.432174875343744,0.0,0,3.555348061489413,1,1,0
296.0,8,4.0,2.0,Entire home/apt,52.47158,13.3428,0.0,0,5.69035945432406,1,1,1
79.0,2,1.0,1.0,Entire home/apt,52.531872032076464,13.418377000955864,4.46,54,4.3694478524670215,0,1,0
137.0,5,2.0,1.0,Entire home/apt,52.54398,13.41292,4.74,19,4.919980925828125,1,1,0
93.0,2,1.0,1.0,Entire home/apt,52.493693,13.3968667,4.84,113,4.532599493153256,1,1,0
228.0,4,2.0,1.0,Entire home/apt,52.51626,13.45474,4.86,42,5.429345628954441,1,1,0
35.0,2,1.0,1.0,Private room,52.46715,13.42551,0.0,0,3.555348061489413,1,1,0
35.0,2,1.0,1.0,Private room,52.46924,13.43082,0.0,0,3.555348061489413,1,1,0
10000.0,2,2.0,1.0,Entire home/apt,52.590795,13.3781427,4.92,12,9.210340371976184,1,1,0
110.0,6,3.0,1.0,Entire home/apt,52.46863854764171,13.425832049743976,0.0,0,4.700480365792417,1,1,0
118.0,2,1.0,1.0,Entire home/apt,52.4821552,13.3801648,0.0,0,4.770684624465665,1,1,0
47.0,1,1.0,1.0,Private room,52.481809636910505,13.50754178210046,4.9,10,3.8501476017100575,1,1,0
86.0,2,1.0,1.0,Entire home/apt,52.51882871108544,13.45658367691514,4.85,60,4.454347296253507,1,1,0
110.0,4,2.0,1.0,Entire home/apt,52.47066284957219,13.509831037168734,4.0,1,4.700480365792417,1,1,0
868.0,8,4.0,3.0,Entire home/apt,52.53647147628183,13.408502593100632,5.0,16,6.766191714660351,1,1,0
475.0,4,2.0,1.0,Entire home/apt,52.53609549319524,13.40941261979384,4.92,13,6.163314804034641,1,1,0
785.0,6,3.0,3.0,Entire home/apt,52.53422368823905,13.408971823338266,5.0,12,6.665683717782408,1,1,1
98.0,5,1.0,1.0,Entire home/apt,52.5015365,13.4533688,4.7,96,4.584967478670572,1,1,0
510.0,2,2.0,1.0,Entire home/apt,52.44581,13.56829,0.0,0,6.234410725718371,1,1,0
71.0,4,1.0,1.0,Private room,52.514737676142026,13.491151242327874,4.63,75,4.262679877041316,1,1,0
266.0,7,4.0,2.0,Entire home/apt,52.550573,13.4043767,0.0,0,5.583496308781699,1,1,0
141.0,1,0.0,1.0,Entire home/apt,52.5001715,13.3151285,4.67,3,4.948759890378168,1,1,0
51.0,1,1.0,1.0,Shared room,52.5334622,13.4107485,4.92,36,3.9318256327243257,1,1,0
185.0,6,2.0,1.0,Entire home/apt,52.45291,13.13782,4.97,31,5.220355825078324,1,1,0
77.0,5,3.0,1.0,Entire home/apt,52.499691046609215,13.511280853956087,0.0,0,4.343805421853684,1,1,0
106.0,4,1.0,1.0,Entire home/apt,52.5015365,13.4533688,4.73,104,4.663439094112067,1,1,0
72.0,2,1.0,1.0,Private room,52.53605569973077,13.37729016,4.86,29,4.276666119016055,1,1,0
86.0,4,1.0,1.0,Entire home/apt,52.44663,13.55335,4.61,18,4.454347296253507,0,1,0
90.0,4,2.0,1.0,Entire home/apt,52.48992639999999,13.3527615,0.0,0,4.499809670330265,1,1,0
66.0,2,1.0,1.0,Entire home/apt,52.51342329138711,13.459852068418831,3.9,10,4.189654742026425,1,1,0
56.0,2,1.0,1.0,Entire home/apt,52.50819387037664,13.466791771352293,0.0,0,4.02535169073515,1,1,0
37.0,2,1.0,1.0,Entire home/apt,52.52121580841077,13.403827692684468,0.0,0,3.610917912644224,1,1,0
318.0,6,3.0,2.0,Entire home/apt,52.53298814690906,13.379203261710185,4.93,60,5.762051382780177,1,1,0
144.0,6,2.0,2.0,Entire home/apt,52.43379216932176,13.68610313611878,4.67,3,4.969813299576001,1,1,0
184.0,3,1.0,1.0,Entire home/apt,52.51211,13.38452,0.0,0,5.214935757608986,1,1,0
82.0,1,1.0,1.0,Private room,52.57552,13.32074,0.0,0,4.406719247264253,1,1,0
79.0,2,1.0,1.0,Entire home/apt,52.55288909999999,13.4154731,4.89,143,4.3694478524670215,1,1,0
63.0,2,1.0,1.0,Private room,52.54437853854174,13.373488323942562,4.83,46,4.143134726391533,1,1,0
115.0,4,2.0,2.0,Entire home/apt,52.53482,13.15637,4.58,12,4.74493212836325,1,1,0
65.0,2,1.0,1.0,Entire home/apt,52.58804006592978,13.535780943439304,0.0,0,4.174387269895637,0,1,0
134.0,2,1.0,1.0,Entire home/apt,52.48904,13.34984,0.0,0,4.897839799950911,1,1,0
155.0,2,1.0,1.0,Entire home/apt,52.49734,13.44581,4.0,1,5.043425116919247,1,1,0
108.0,3,2.0,1.0,Entire home/apt,52.53245,13.41604,0.0,0,4.68213122712422,1,1,0
30.0,2,1.0,0.5,Private room,52.50942,13.45443,5.0,23,3.4011973816621555,1,1,0
111.0,2,2.0,2.0,Entire home/apt,52.55292008105183,13.373317502048389,4.64,11,4.709530201312334,1,1,0
271.0,6,2.0,1.0,Entire home/apt,52.48773,13.41025,4.94,35,5.602118820879701,1,1,0
260.0,5,2.0,2.0,Entire home/apt,52.4920091,13.4486327,5.0,49,5.560681631015528,1,1,0
558.0,8,4.0,2.0,Entire home/apt,52.5302014,13.4085419,4.6,43,6.324358962381311,1,1,0
145.0,4,1.0,1.0,Entire home/apt,52.5078679,13.4571472,5.0,6,4.976733742420574,1,1,0
88.0,2,1.0,1.5,Private room,52.52443873810914,13.327954933047296,4.83,54,4.477336814478207,1,1,0
70.0,2,0.0,1.0,Private room,52.503206473242834,13.425118527500064,4.8,15,4.248495242049359,1,1,0
108.0,4,1.0,1.0,Entire home/apt,52.46516765113653,13.348936354587002,4.91,33,4.68213122712422,1,1,0
60.0,2,1.0,1.0,Entire home/apt,52.52579,13.40229,5.0,1,4.0943445622221,1,1,0
130.0,5,1.0,1.0,Entire home/apt,52.4451066,13.4319209,2.5,2,4.867534450455582,1,1,0
79.0,3,2.0,1.0,Entire home/apt,52.47893898,13.560600314929212,0.0,0,4.3694478524670215,1,1,0
103.0,4,1.0,1.0,Entire home/apt,52.5015365,13.4533688,4.74,80,4.634728988229636,1,1,0
64.0,4,1.0,1.0,Entire home/apt,52.46924897,13.291408494114876,4.92,38,4.158883083359672,1,1,0
113.0,5,2.0,1.0,Entire home/apt,52.50160883066239,13.482405820287706,4.63,35,4.727387818712341,1,1,0
144.0,3,2.0,1.0,Entire home/apt,52.52570129999999,13.4081296,5.0,2,4.969813299576001,1,1,0
133.0,2,1.0,1.0,Entire home/apt,52.4944212,13.4385798,0.0,0,4.890349128221754,1,1,0
130.0,2,0.0,1.0,Entire home/apt,52.5112434,13.4160581,0.0,0,4.867534450455582,1,1,0
161.0,4,2.0,1.0,Entire home/apt,52.510666,13.3020183,0.0,0,5.081404364984463,1,1,0
146.0,4,2.0,1.0,Entire home/apt,52.4972084,13.4455264,0.0,0,4.983606621708336,1,1,0
80.0,3,1.0,1.0,Entire home/apt,52.41918,13.5407,5.0,1,4.382026634673881,1,1,0
53.0,2,1.0,1.0,Entire home/apt,52.52669630329499,13.407630416278575,5.0,2,3.970291913552122,1,1,0
31.0,5,1.0,1.0,Shared room,52.49308787026652,13.36224552,4.87,15,3.4339872044851463,1,1,0
362.0,4,2.0,1.5,Entire home/apt,52.52822900702661,13.395990919176882,4.88,49,5.891644211825772,1,1,0
64.0,2,1.0,1.0,Private room,52.48812073480328,13.36315901112292,0.0,0,4.158883083359672,1,1,0
60.0,2,1.0,1.0,Private room,52.49459328193652,13.31318635493517,4.94,72,4.0943445622221,1,0,0
84.0,6,2.0,1.0,Entire home/apt,52.49870302470863,13.38657518344434,4.84,121,4.430816798843313,1,1,0
31.0,5,1.0,1.0,Shared room,52.494376895800045,13.364241815984146,4.87,15,3.4339872044851463,1,1,0
234.0,5,2.0,1.0,Entire home/apt,52.47899864210138,13.311406035340564,4.96,25,5.455321115357702,1,1,0
99.0,2,0.0,1.0,Entire home/apt,52.46715,13.44196,4.99,94,4.59511985013459,1,1,0
77.0,2,1.0,1.0,Private room,52.5356,13.37748,4.77,44,4.343805421853684,1,1,0
117.0,4,2.0,1.5,Entire home/apt,52.47358355,13.377644082978817,4.98,48,4.762173934797756,1,1,0
84.0,3,1.0,1.0,Entire home/apt,52.46347,13.48518,4.95,22,4.430816798843313,1,1,0
51.0,3,1.0,1.0,Entire home/apt,52.50466,13.47034,0.0,0,3.9318256327243257,1,1,0
58.0,2,1.0,1.0,Entire home/apt,52.494312292907374,13.430474709888804,0.0,0,4.060443010546419,1,1,0
141.0,4,1.0,1.0,Entire home/apt,52.49636595192637,13.428684078396374,0.0,0,4.948759890378168,1,1,0
51.0,2,1.0,1.0,Entire home/apt,52.49100990629484,13.370516478403935,5.0,1,3.9318256327243257,1,1,0
59.0,2,1.0,1.0,Entire home/apt,52.49168,13.37016,0.0,0,4.07753744390572,1,1,0
73.0,2,1.0,1.0,Entire home/apt,52.52725819567576,13.402898326034965,0.0,0,4.290459441148391,1,1,0
29.0,2,1.0,1.0,Private room,52.50614,13.46861,4.33,3,3.367295829986474,1,1,0
46.0,2,1.0,1.0,Entire home/apt,52.49582303721983,13.428427018090108,5.0,1,3.828641396489095,1,1,0
58.0,3,1.0,1.0,Entire home/apt,52.49260950792468,13.37026044267497,0.0,0,4.060443010546419,1,1,0
33.0,4,0.0,1.0,Private room,52.49449255801372,13.428528758225966,0.0,0,3.49650756146648,1,1,0
46.0,2,1.0,1.0,Entire home/apt,52.4966,13.42896,0.0,0,3.828641396489095,1,1,0
55.0,2,1.0,1.0,Entire home/apt,52.4945914141793,13.43047595069313,0.0,0,4.007333185232471,1,1,0
42.0,2,0.0,1.0,Entire home/apt,52.49634968230073,13.429643409677745,4.5,10,3.737669618283368,1,1,0
68.0,2,1.0,1.0,Entire home/apt,52.4975868,13.3169818,0.0,0,4.219507705176107,1,1,0
80.0,2,1.0,1.0,Entire home/apt,52.4863017,13.2713184,4.79,109,4.382026634673881,1,1,1
281.0,4,2.0,2.0,Entire home/apt,52.4954,13.29701,0.0,0,5.638354669333745,1,1,0
159.0,8,2.0,1.5,Entire home/apt,52.52017,13.44781,4.7,93,5.068904202220232,1,1,0
52.0,2,1.0,1.0,Private room,52.5321437,13.4229313,4.86,37,3.951243718581428,1,1,1
35.0,2,1.0,1.0,Private room,52.46879,13.42723,0.0,0,3.555348061489413,1,1,0
35.0,2,1.0,1.0,Private room,52.46670601,13.427014420982212,0.0,0,3.555348061489413,1,1,0
35.0,2,1.0,1.0,Private room,52.46923,13.43213,0.0,0,3.555348061489413,1,1,0
110.0,6,3.0,1.0,Entire home/apt,52.46878288902863,13.427810520158747,0.0,0,4.700480365792417,1,1,0
49.0,1,1.0,1.0,Private room,52.44902219999999,13.3150047,4.82,33,3.8918202981106265,1,1,0
203.0,6,2.0,2.0,Entire home/apt,52.5258858,13.3868659,4.46,59,5.313205979041787,1,1,0
35.0,2,1.0,1.0,Private room,52.56645995976482,13.406207487071397,0.0,0,3.555348061489413,1,1,0
97.0,2,1.0,1.0,Entire home/apt,52.53712643636196,13.425833081612335,0.0,0,4.574710978503383,1,1,0
206.0,10,4.0,1.0,Entire home/apt,52.38014562,13.648205850262435,4.0,5,5.327876168789581,1,1,0
60.0,2,1.0,1.0,Entire home/apt,52.45208236,13.3254106668204,0.0,0,4.0943445622221,1,1,0
104.0,3,2.0,1.0,Entire home/apt,52.54921,13.43675,0.0,0,4.6443908991413725,0,1,0
157.0,1,0.0,1.0,Entire home/apt,52.5454584,13.3709931,4.61,33,5.056245805348308,1,1,0
168.0,2,1.0,1.0,Entire home/apt,52.5454584,13.3709931,4.43,7,5.123963979403259,1,1,0
92.0,4,1.0,1.0,Entire home/apt,52.4794723,13.4418112,4.79,107,4.5217885770490405,1,1,0
68.0,2,1.0,0.5,Private room,52.5648795,13.4120081,0.0,0,4.219507705176107,1,1,0
169.0,4,1.0,1.0,Entire home/apt,52.5587892,13.390862,4.75,12,5.1298987149230735,1,1,0
70.0,4,1.0,1.0,Entire home/apt,52.52029817,13.453779967949451,0.0,0,4.248495242049359,1,1,0
110.0,6,2.0,1.0,Entire home/apt,52.494728883213725,13.309065572403137,5.0,2,4.700480365792417,1,1,0
40.0,2,1.0,1.0,Entire home/apt,52.51736798008914,13.297818110772704,4.0,1,3.688879454113936,1,1,0
121.0,2,1.0,1.0,Entire home/apt,52.4882443,13.3763733,0.0,0,4.795790545596741,1,1,0
225.0,2,1.0,1.5,Entire home/apt,52.45656,13.63263,5.0,18,5.41610040220442,1,1,0
60.0,1,1.0,1.0,Private room,52.4855114,13.4532986,4.86,63,4.0943445622221,1,1,0
88.0,2,1.0,1.0,Entire home/apt,52.50629989999999,13.310112,4.9,10,4.477336814478207,1,1,0
35.0,2,1.0,1.0,Private room,52.50498125839344,13.46700122,0.0,0,3.555348061489413,1,1,0
35.0,2,1.0,2.0,Private room,52.50778285376993,13.46957578594868,0.0,0,3.555348061489413,1,1,0
35.0,2,1.0,2.0,Private room,52.507488107832806,13.469333129517873,0.0,0,3.555348061489413,1,1,0
35.0,2,1.0,2.0,Private room,52.50509206419788,13.469266024608991,0.0,0,3.555348061489413,1,1,0
80.0,2,1.0,1.0,Entire home/apt,52.49251183113798,13.56695157,0.0,0,4.382026634673881,1,1,0
70.0,2,0.0,1.0,Entire home/apt,52.54831,13.45959,4.33,39,4.248495242049359,1,1,0
111.0,2,1.0,1.0,Entire home/apt,52.509777316654855,13.301044673016372,0.0,0,4.709530201312334,1,1,0
92.0,2,1.0,1.0,Entire home/apt,52.5148123,13.3807511,0.0,0,4.5217885770490405,1,1,0
82.0,6,2.0,1.0,Entire home/apt,52.500286117288425,13.386745996776268,4.83,109,4.406719247264253,1,1,0
102.0,2,1.0,1.0,Entire home/apt,52.58311,13.3896,4.85,27,4.624972813284271,1,1,0
56.0,2,1.0,1.0,Private room,52.55261,13.40431,5.0,7,4.02535169073515,1,1,0
94.0,5,1.0,1.0,Entire home/apt,52.52189,13.33649,4.5,84,4.543294782270004,1,1,0
270.0,4,2.0,1.5,Entire home/apt,52.50223,13.2902,5.0,9,5.598421958998375,0,1,1
221.0,4,1.0,1.0,Entire home/apt,52.502297369505264,13.39324971077784,4.25,4,5.3981627015177525,1,1,0
149.0,3,1.0,1.0,Entire home/apt,52.54026596491446,13.423789525372635,5.0,47,5.003946305945459,1,1,0
43.0,1,0.0,0.5,Private room,52.5535253,13.4199105,4.18,17,3.7612001156935615,1,1,0
118.0,4,1.0,1.0,Entire home/apt,52.5435507,13.4256096,4.91,22,4.770684624465665,1,1,0
162.0,4,1.0,1.0,Private room,52.50505263537121,13.446593541929383,5.0,3,5.087596335232384,1,1,0
185.0,6,2.0,1.5,Entire home/apt,52.5205,13.30233,4.5,26,5.220355825078324,1,1,0
120.0,4,3.0,1.0,Entire home/apt,52.51886782355751,13.253783291479364,0.0,0,4.787491742782046,1,1,0
74.0,2,0.0,1.0,Entire home/apt,52.48378152,13.423693031072617,5.0,3,4.30406509320417,1,1,0
50.0,1,1.0,2.0,Private room,52.48556,13.46495,0.0,0,3.912023005428146,0,1,0
313.0,2,1.0,1.0,Entire home/apt,52.53501996643016,13.40449775,5.0,2,5.746203190540153,1,1,0
33.0,1,1.0,1.0,Private room,52.54202,13.43812,4.2,5,3.49650756146648,1,1,0
93.0,10,3.0,1.0,Entire home/apt,52.49869,13.37005,4.7,74,4.532599493153256,1,1,0
72.0,2,1.0,1.0,Entire home/apt,52.54416,13.37749,4.82,11,4.276666119016055,1,1,0
96.0,3,1.0,1.0,Entire home/apt,52.52988772263463,13.416062979525265,5.0,1,4.564348191467836,1,1,0
162.0,4,3.0,2.0,Entire home/apt,52.49861,13.46208,0.0,0,5.087596335232384,1,1,0
44.0,1,1.0,1.0,Private room,52.52184661812023,13.452612050241791,3.44,9,3.784189633918261,1,1,0
250.0,7,2.0,2.0,Entire home/apt,52.5453396,13.4909282,5.0,3,5.521460917862246,1,1,0
95.0,4,1.0,1.0,Entire home/apt,52.43564185,13.249212762205776,4.54,26,4.553876891600541,1,1,0
30.0,1,1.0,1.0,Private room,52.53112,13.60845,0.0,0,3.4011973816621555,1,1,0
237.0,3,2.0,1.0,Entire home/apt,52.49624088854832,13.425847123183498,5.0,12,5.468060141135132,1,1,0
91.0,2,1.0,1.0,Private room,52.55817,13.3899,5.0,3,4.51085950651685,1,1,0
60.0,2,1.0,1.0,Private room,52.57417,13.39879,5.0,7,4.0943445622221,0,1,0
88.0,3,1.0,1.0,Entire home/apt,52.4907686,13.4238745,0.0,0,4.477336814478207,1,1,0
77.0,2,1.0,1.0,Entire home/apt,52.4768,13.43792,4.75,102,4.343805421853684,1,1,0
89.0,3,1.0,1.0,Entire home/apt,52.51074,13.4696,0.0,0,4.48863636973214,1,1,0
254.0,4,2.0,1.0,Entire home/apt,52.50985594587749,13.42372354120016,4.95,42,5.537334267018537,1,1,0
131.0,4,1.0,1.0,Entire home/apt,52.54664305,13.41304977497903,4.91,22,4.875197323201151,1,1,0
218.0,4,2.0,1.0,Entire home/apt,52.50188499999999,13.3377634,5.0,1,5.384495062789089,1,1,0
187.0,6,3.0,1.0,Entire home/apt,52.4918407,13.338355,0.0,0,5.231108616854587,1,1,0
334.0,6,3.0,2.0,Entire home/apt,52.51198310942735,13.421093732437347,4.84,89,5.811140992976701,1,1,1
101.0,2,1.0,1.0,Entire home/apt,52.39033,13.38518,0.0,0,4.61512051684126,1,1,0
37.0,2,1.0,2.0,Entire home/apt,52.54157,13.35032,5.0,3,3.610917912644224,1,1,0
79.0,2,1.0,1.0,Entire home/apt,52.456892564638736,13.386584731592986,0.0,0,4.3694478524670215,1,1,0
70.0,2,0.0,1.0,Entire home/apt,52.52048039778392,13.451962599717447,4.49,49,4.248495242049359,1,1,0
52.0,2,1.0,1.0,Entire home/apt,52.54550270200568,13.412598718301483,0.0,0,3.951243718581428,1,1,0
220.0,10,3.0,2.0,Entire home/apt,52.48437159231783,13.42957701832936,4.8,5,5.393627546352362,1,1,0
316.0,2,1.0,1.0,Entire home/apt,52.48299,13.49335,5.0,3,5.755742213586912,0,1,0
99.0,3,1.0,1.0,Entire home/apt,52.509345353898205,13.396213371370298,4.77,148,4.59511985013459,1,1,0
108.0,2,0.0,1.0,Entire home/apt,52.5302259,13.3840856,0.0,0,4.68213122712422,1,1,0
114.0,2,0.0,1.0,Entire home/apt,52.5302259,13.3840856,5.0,1,4.736198448394496,1,1,0
116.0,2,0.0,1.0,Entire home/apt,52.5302259,13.3840856,0.0,0,4.7535901911063645,1,1,0
117.0,2,1.0,1.0,Entire home/apt,52.482681,13.2897177,0.0,0,4.762173934797756,1,1,0
136.0,2,1.0,1.0,Entire home/apt,52.5472396,13.4176115,0.0,0,4.912654885736052,1,1,0
99.0,2,1.0,1.0,Entire home/apt,52.5362,13.39642,5.0,4,4.59511985013459,1,1,0
106.0,2,0.0,1.0,Entire home/apt,52.4882443,13.3763733,0.0,0,4.663439094112067,1,1,0
178.0,3,1.0,1.0,Private room,52.51136399593388,13.414904129657083,4.47,109,5.181783550292085,1,1,0
65.0,2,1.0,1.0,Entire home/apt,52.464650909842334,13.317656477745132,4.94,18,4.174387269895637,1,0,0
90.0,2,1.0,1.0,Entire home/apt,52.535273,13.4417223,4.93,27,4.499809670330265,1,1,0
171.0,2,0.0,1.0,Entire home/apt,52.50169,13.37277,5.0,8,5.14166355650266,1,1,0
65.0,2,1.0,1.0,Private room,52.5167611,13.4213873,4.68,25,4.174387269895637,1,1,0
175.0,2,1.0,1.0,Entire home/apt,52.53202,13.37454,5.0,1,5.1647859739235145,1,1,0
125.0,2,1.0,1.0,Entire home/apt,52.51099749999999,13.4583393,0.0,0,4.8283137373023015,1,1,0
107.0,2,1.0,1.0,Entire home/apt,52.4594515,13.3260938,4.0,1,4.672828834461906,1,1,0
63.0,2,0.0,1.0,Entire home/apt,52.4728036,13.4459615,0.0,0,4.143134726391533,1,1,0
125.0,4,2.0,1.5,Entire home/apt,52.50779481571181,13.468337958394564,5.0,14,4.8283137373023015,1,1,0
68.0,2,1.0,1.0,Entire home/apt,52.53120903251311,13.340198607926736,0.0,0,4.219507705176107,1,1,0
357.0,11,4.0,2.0,Entire home/apt,52.50291961745007,13.347056074771572,4.71,65,5.877735781779639,1,1,0
87.0,3,1.0,1.0,Entire home/apt,52.53026,13.34998,4.78,63,4.465908118654584,1,1,1
188.0,4,2.0,1.0,Entire home/apt,52.5073782,13.3018483,0.0,0,5.236441962829949,1,1,0
121.0,2,1.0,1.0,Entire home/apt,52.49704,13.39674,0.0,0,4.795790545596741,1,1,0
675.0,4,2.0,2.0,Entire home/apt,52.52411337964031,13.409831676721206,0.0,0,6.51471269087253,1,1,1
85.0,2,1.0,1.0,Entire home/apt,52.50639601351029,13.353951274642904,0.0,0,4.442651256490317,1,1,0
70.0,2,1.0,1.0,Private room,52.553685058239736,13.502409492600032,4.68,28,4.248495242049359,1,0,0
400.0,4,1.0,1.0,Entire home/apt,52.5525372,13.5036935,0.0,0,5.991464547107982,1,1,0
106.0,2,1.0,1.0,Entire home/apt,52.4904784,13.3945623,4.9,90,4.663439094112067,1,1,0
56.0,2,1.0,1.0,Entire home/apt,52.410651216650365,13.545298421687974,0.0,0,4.02535169073515,1,1,0
155.0,7,4.0,1.5,Entire home/apt,52.41146,13.55767,0.0,0,5.043425116919247,1,1,0
50.0,4,2.0,1.0,Entire home/apt,52.41288779164406,13.545779869045434,0.0,0,3.912023005428146,1,1,0
185.0,4,2.0,1.5,Entire home/apt,52.51414,13.47019,4.86,22,5.220355825078324,1,1,0
44.0,1,1.0,1.5,Private room,52.46341,13.51285,4.43,7,3.784189633918261,1,1,0
55.0,2,1.0,0.5,Private room,52.42286766237103,13.334364218524296,0.0,0,4.007333185232471,1,1,0
80.0,1,1.0,1.0,Entire home/apt,52.54259870109594,13.413007676554502,0.0,0,4.382026634673881,1,1,0
81.0,4,1.0,1.0,Entire home/apt,52.55055,13.47263,0.0,0,4.394449154672439,0,1,0
242.0,5,2.0,1.0,Entire home/apt,52.52881458350199,13.405901968272348,5.0,88,5.488937726156687,1,1,0
100.0,2,1.0,1.0,Private room,52.53231811774985,13.410995255383668,4.69,35,4.605170185988092,1,0,0
212.0,3,2.0,1.0,Entire home/apt,52.5556653,13.4080031,0.0,0,5.356586274672012,1,1,0
156.0,4,2.0,1.0,Entire home/apt,52.5096359,13.4660593,0.0,0,5.049856007249537,1,1,0
73.0,3,2.0,1.0,Private room,52.5113023,13.2538966,4.88,26,4.290459441148391,1,1,0
35.0,1,1.0,1.0,Private room,52.46807,13.16103,5.0,12,3.555348061489413,1,1,0
107.0,2,1.0,1.0,Entire home/apt,52.48252,13.36228,0.0,0,4.672828834461906,1,1,0
140.0,4,2.0,1.0,Entire home/apt,52.52504924172781,13.394039373016344,0.0,0,4.941642422609304,1,1,0
75.0,2,1.0,1.0,Entire home/apt,52.49201142749107,13.392636710831871,0.0,0,4.31748811353631,1,1,0
133.0,3,1.0,1.0,Entire home/apt,52.52731270604887,13.401840764727208,4.92,64,4.890349128221754,1,1,0
228.0,7,1.0,1.0,Entire home/apt,52.49955869999999,13.3251522,4.85,39,5.429345628954441,0,1,0
96.0,2,1.0,1.0,Private room,52.52974171508959,13.424912857147206,4.98,61,4.564348191467836,1,1,0
381.0,10,3.0,1.0,Entire home/apt,52.4760589,13.4249468,3.75,4,5.942799375126701,1,1,0
104.0,2,1.0,1.0,Entire home/apt,52.49598,13.44114,0.0,0,4.6443908991413725,1,1,0
58.0,1,0.0,1.0,Private room,52.502142093186656,13.315762948270152,0.0,0,4.060443010546419,1,1,0
120.0,2,1.0,1.0,Entire home/apt,52.526487823656254,13.490062715344244,4.76,183,4.787491742782046,1,0,0
155.0,2,0.0,1.0,Entire home/apt,52.5454584,13.3709931,4.45,11,5.043425116919247,1,1,0
167.0,2,0.0,1.0,Entire home/apt,52.5454584,13.3709931,4.69,113,5.117993812416755,1,1,0
60.0,2,1.0,1.0,Entire home/apt,52.52785,13.40531,0.0,0,4.0943445622221,1,1,1
64.0,2,1.0,1.0,Entire home/apt,52.54684375,13.137054070830343,4.91,43,4.158883083359672,1,1,1
84.0,2,1.0,1.0,Entire home/apt,52.5296433,13.4306501,4.58,98,4.430816798843313,1,1,0
78.0,4,1.0,1.0,Entire home/apt,52.5013,13.49965,4.89,169,4.356708826689592,1,1,0
129.0,4,2.0,2.0,Entire home/apt,52.45280242767415,13.537956965606671,5.0,4,4.859812404361672,1,1,1
139.0,2,1.0,1.0,Entire home/apt,52.50970593,13.297606300047384,0.0,0,4.934473933130692,1,1,0
204.0,7,3.0,2.0,Entire home/apt,52.52206208865015,13.452194163076005,4.95,144,5.318119993844216,1,1,0
62.0,2,1.0,1.0,Private room,52.50109,13.4598,0.0,0,4.127134385045092,1,1,0
94.0,2,1.0,1.0,Entire home/apt,52.54687233674535,13.41655212,4.91,11,4.543294782270004,1,1,0
284.0,9,3.0,1.5,Entire home/apt,52.52191660130438,13.40200526398708,4.56,100,5.648974238161206,1,1,0
272.0,2,1.0,1.0,Entire home/apt,52.50716308954786,13.29623585474994,5.0,9,5.605802066295998,1,1,0
66.0,2,0.0,1.0,Entire home/apt,52.51016,13.46176,4.35,94,4.189654742026425,1,1,0
130.0,8,2.0,3.0,Private room,52.51402945310957,13.61081959021301,4.78,59,4.867534450455582,1,1,0
150.0,4,1.0,1.0,Entire home/apt,52.49794199999999,13.4617401,5.0,9,5.010635294096256,1,1,0
140.0,2,1.0,1.0,Entire home/apt,52.523973646648855,13.356885574758053,4.82,11,4.941642422609304,1,1,0
150.0,3,1.0,1.0,Entire home/apt,52.47951284845529,13.429252985218971,5.0,7,5.010635294096256,1,1,0
152.0,2,1.0,1.0,Entire home/apt,52.48895707605758,13.374551708639956,4.8,50,5.0238805208462765,1,1,0
198.0,2,1.0,2.5,Entire home/apt,52.50129,13.30789,0.0,0,5.288267030694535,1,1,1
81.0,3,1.0,1.0,Entire home/apt,52.4318505,13.4805592,0.0,0,4.394449154672439,1,1,0
100.0,2,1.0,1.0,Entire home/apt,52.51058309094316,13.40785329974674,0.0,0,4.605170185988092,1,1,0
91.0,4,1.0,1.0,Entire home/apt,52.5292583,13.4183207,0.0,0,4.51085950651685,1,1,0
237.0,4,3.0,2.0,Entire home/apt,52.5279856,13.4082579,5.0,2,5.468060141135132,1,1,0
78.0,2,1.0,1.0,Private room,52.54803398137872,13.402622499267848,4.78,37,4.356708826689592,1,1,0
60.0,2,1.0,1.5,Entire home/apt,52.47840242349123,13.34903214673362,0.0,0,4.0943445622221,1,1,0
68.0,1,1.0,1.0,Entire home/apt,52.54349,13.41394,4.97,95,4.219507705176107,1,1,0
63.0,1,1.0,1.0,Entire home/apt,52.55376,13.41661,4.59,22,4.143134726391533,1,1,0
74.0,3,1.0,1.0,Private room,52.50938132057062,13.39183711719664,4.98,111,4.30406509320417,1,0,0
40.0,2,0.0,1.0,Entire home/apt,52.50807394527752,13.427550029783026,0.0,0,3.688879454113936,1,1,0
168.0,4,0.0,1.0,Entire home/apt,52.51442193564358,13.31299995678455,4.97,39,5.123963979403259,1,1,0
96.0,2,0.0,0.0,Entire home/apt,52.5068514,13.3984374,0.0,0,4.564348191467836,1,1,0
209.0,4,2.0,1.0,Entire home/apt,52.50075,13.30746,0.0,0,5.342334251964811,1,1,0
116.0,2,1.0,1.0,Entire home/apt,52.4913675,13.3840125,0.0,0,4.7535901911063645,1,1,0
292.0,2,1.0,1.0,Entire home/apt,52.53027965753142,13.42098267894233,5.0,1,5.676753802268282,1,0,0
75.0,3,1.0,2.0,Entire home/apt,52.50170216719804,13.388115996967947,5.0,1,4.31748811353631,1,1,0
133.0,4,2.0,1.0,Entire home/apt,52.45837,13.31219,0.0,0,4.890349128221754,1,1,0
106.0,2,0.0,1.0,Entire home/apt,52.51099749999999,13.4583393,0.0,0,4.663439094112067,1,1,0
203.0,6,3.0,1.5,Entire home/apt,52.4300513,13.2575375,0.0,0,5.313205979041787,1,1,0
85.0,1,1.0,1.0,Private room,52.41262313509281,13.268179197462617,0.0,0,4.442651256490317,1,0,1
155.0,2,1.0,1.0,Entire home/apt,52.50645,13.35421,0.0,0,5.043425116919247,1,1,0
100.0,4,2.0,2.0,Entire home/apt,52.50199057698454,13.492397611780286,0.0,0,4.605170185988092,1,1,0
136.0,5,1.0,1.0,Entire home/apt,52.54846,13.19989,0.0,0,4.912654885736052,1,1,0
140.0,6,3.0,1.0,Entire home/apt,52.41134934683479,13.135945677121285,0.0,0,4.941642422609304,1,1,0
104.0,2,1.0,1.0,Entire home/apt,52.52874562860255,13.445934379739697,0.0,0,4.6443908991413725,1,1,0
62.0,1,1.0,1.0,Private room,52.51324933480939,13.449458050837752,4.74,31,4.127134385045092,1,0,0
79.0,2,1.0,1.0,Private room,52.51317813900445,13.44964009823347,4.87,31,4.3694478524670215,1,0,0
79.0,2,1.0,1.0,Private room,52.51181651130876,13.45085757582379,4.74,89,4.3694478524670215,1,0,0
42.0,2,1.0,1.0,Entire home/apt,52.50964401609934,13.422296433343512,0.0,0,3.737669618283368,1,1,0
95.0,3,1.0,1.0,Private room,52.51385498,13.4500960752866,4.74,142,4.553876891600541,1,0,0
83.0,2,1.0,1.0,Private room,52.51203,13.45138,4.62,34,4.418840607796598,1,0,0
100.0,3,1.0,1.0,Private room,52.51355,13.45147,4.64,97,4.605170185988092,1,0,0
120.0,4,1.0,1.0,Private room,52.51399170498082,13.450133854532607,4.68,74,4.787491742782046,1,0,0
129.0,4,1.0,1.0,Entire home/apt,52.56509353348636,13.395682978132651,4.76,62,4.859812404361672,1,1,0
70.0,2,1.0,1.0,Private room,52.48641071366487,13.389741154243582,4.94,50,4.248495242049359,1,1,0
111.0,4,1.0,1.0,Private room,52.51315720205239,13.451423318893085,4.5,36,4.709530201312334,1,0,0
87.0,2,1.0,1.0,Private room,52.51144917602485,13.45011789856464,4.78,124,4.465908118654584,1,0,0
120.0,5,1.0,1.0,Private room,52.51400708439153,13.44961766489198,4.8,30,4.787491742782046,1,0,0
78.0,1,1.0,1.0,Entire home/apt,52.4609687,13.519843,0.0,0,4.356708826689592,1,1,0
76.0,1,1.0,1.0,Entire home/apt,52.4609687,13.519843,0.0,0,4.330733340286331,1,1,0
209.0,2,1.0,1.0,Entire home/apt,52.50669326858415,13.298122775020776,4.93,29,5.342334251964811,1,1,0
237.0,2,1.0,1.0,Entire home/apt,52.50667,13.29617,4.78,18,5.468060141135132,1,1,0
356.0,2,1.0,1.0,Entire home/apt,52.50752830368213,13.29622239361647,4.88,16,5.87493073085203,1,1,0
521.0,2,2.0,2.0,Entire home/apt,52.50872392724102,13.29745547158936,4.96,24,6.255750041753367,1,1,0
409.0,2,1.0,1.0,Entire home/apt,52.50812,13.29821,4.78,9,6.013715156042802,1,1,0
608.0,4,2.0,2.0,Entire home/apt,52.50701422931162,13.29616871482075,4.95,65,6.410174881966167,1,1,0
234.0,2,1.0,1.0,Entire home/apt,52.52912158554131,13.3998718732948,4.75,4,5.455321115357702,1,1,0
90.0,2,1.0,1.0,Private room,52.54656,13.42592,4.97,30,4.499809670330265,1,1,0
33.0,1,1.0,1.5,Private room,52.46481,13.51299,3.33,3,3.49650756146648,1,1,0
72.0,3,1.0,1.0,Private room,52.52101166097745,13.448233064228088,4.85,13,4.276666119016055,1,1,0
75.0,2,1.0,1.0,Private room,52.54053667098634,13.412333853452113,4.51,93,4.31748811353631,1,0,0
75.0,2,1.0,1.0,Private room,52.540706256648384,13.41082590853932,4.45,93,4.31748811353631,1,0,0
220.0,4,3.0,2.0,Entire home/apt,52.50791121529033,13.245955090026866,0.0,0,5.393627546352362,1,1,0
209.0,3,1.0,1.0,Entire home/apt,52.522531266624505,13.437519117810494,0.0,0,5.342334251964811,1,1,0
135.0,4,1.0,1.0,Entire home/apt,52.45895376453196,13.385012559592724,0.0,0,4.90527477843843,1,1,0
90.0,4,3.0,2.0,Private room,52.53431345871861,13.378687443557428,0.0,0,4.499809670330265,1,1,0
54.0,2,1.0,1.0,Private room,52.50287008640534,13.508783175431306,4.9,109,3.9889840465642745,1,0,0
315.0,8,4.0,2.0,Entire home/apt,52.50269615716413,13.366936290036916,5.0,1,5.752572638825633,1,1,0
43.0,2,1.0,1.0,Entire home/apt,52.509552597841335,13.422360806359867,0.0,0,3.7612001156935615,1,1,0
600.0,3,1.0,1.0,Entire home/apt,52.5480414,13.352338,0.0,0,6.396929655216146,0,1,0
55.0,3,1.0,1.0,Entire home/apt,52.56216,13.43137,0.0,0,4.007333185232471,1,1,0
250.0,4,1.0,1.0,Entire home/apt,52.5262796,13.3870049,0.0,0,5.521460917862246,1,1,1
53.0,2,1.0,1.0,Private room,52.5494799,13.4237916,0.0,0,3.970291913552122,1,1,0
81.0,4,1.0,1.0,Private room,52.490974229349376,13.42851204541262,0.0,0,4.394449154672439,1,1,0
88.0,2,1.0,2.0,Entire home/apt,52.45707,13.27441,0.0,0,4.477336814478207,1,1,0
160.0,2,1.0,1.0,Entire home/apt,52.50726,13.29991,0.0,0,5.075173815233827,1,1,0
85.0,2,1.0,1.0,Entire home/apt,52.52893429999999,13.407158400000018,5.0,1,4.442651256490317,1,1,0
88.0,4,1.0,1.0,Entire home/apt,52.47535,13.1247,0.0,0,4.477336814478207,1,1,0
109.0,3,1.0,1.0,Entire home/apt,52.5256475,13.4502124,5.0,2,4.691347882229144,1,1,0
138.0,4,2.0,1.0,Entire home/apt,52.53076848946131,13.40498998761177,4.86,107,4.927253685157205,1,1,0
103.0,2,1.0,1.0,Entire home/apt,52.53271704854356,13.341633242131334,4.74,86,4.634728988229636,1,1,0
59.0,2,1.0,1.0,Private room,52.41050954491853,13.506636656820774,5.0,74,4.07753744390572,1,0,0
90.0,2,1.0,1.0,Entire home/apt,52.53073094741553,13.386209977215271,0.0,0,4.499809670330265,1,0,0
56.0,2,1.0,1.0,Entire home/apt,52.5266507,13.3902704,0.0,0,4.02535169073515,1,1,0
185.0,6,1.0,1.0,Entire home/apt,52.4856978,13.428699,4.5,10,5.220355825078324,1,1,0
288.0,11,5.0,2.0,Entire home/apt,52.4869372,13.3504319,4.88,50,5.662960480135946,1,1,0
70.0,2,1.0,1.0,Entire home/apt,52.50068723,13.477808000266617,0.0,0,4.248495242049359,1,1,0
69.0,2,1.0,1.0,Entire home/apt,52.5143609,13.4507191,0.0,0,4.23410650459726,1,1,0
170.0,2,1.0,1.0,Entire home/apt,52.54676,13.25916,3.86,14,5.135798437050262,0,1,0
85.0,3,1.0,1.0,Private room,52.4981995,13.4287689,4.0,3,4.442651256490317,1,0,0
160.0,6,3.0,1.5,Entire home/apt,52.45583776692517,13.628199195791824,5.0,3,5.075173815233827,1,1,0
77.0,3,1.0,1.0,Private room,52.4981995,13.4287689,4.26,31,4.343805421853684,1,0,0
96.0,2,1.0,1.0,Entire home/apt,52.533892343493406,13.42461905861619,4.72,25,4.564348191467836,1,1,0
272.0,10,4.0,1.0,Entire home/apt,52.46206,13.3677,4.82,11,5.605802066295998,1,1,0
68.0,2,1.0,1.0,Entire home/apt,52.47047610219845,13.320128877447022,0.0,0,4.219507705176107,1,0,0
117.0,4,1.0,1.0,Entire home/apt,52.5466669,13.4263085,3.86,7,4.762173934797756,1,1,0
46.0,4,1.0,1.5,Private room,52.50051351726456,13.491441298135875,4.88,134,3.828641396489095,1,0,0
94.0,2,1.0,1.0,Entire home/apt,52.50904778378713,13.462703784898244,4.93,56,4.543294782270004,1,0,0
72.0,2,1.0,1.0,Private room,52.54450522076761,13.3577921100357,0.0,0,4.276666119016055,1,1,0
182.0,2,1.0,1.0,Entire home/apt,52.5245939,13.3902592,0.0,0,5.204006687076795,1,1,1
167.0,1,1.0,0.5,Private room,52.55121358916022,13.4526929740337,0.0,0,5.117993812416755,1,1,0
139.0,2,1.0,1.0,Entire home/apt,52.50779329999999,13.3037121,5.0,1,4.934473933130692,1,1,0
129.0,9,3.0,1.0,Entire home/apt,52.54878,13.36943,0.0,0,4.859812404361672,1,1,0
100.0,6,2.0,1.0,Entire home/apt,52.54971116,13.369153684906347,0.0,0,4.605170185988092,1,1,0
158.0,3,2.0,1.0,Entire home/apt,52.5556653,13.4080031,0.0,0,5.062595033026967,1,1,0
212.0,6,1.0,1.0,Entire home/apt,52.4856978,13.428699,4.83,6,5.356586274672012,1,1,0
149.0,3,1.0,1.0,Entire home/apt,52.54861139,13.368991389870644,0.0,0,5.003946305945459,1,1,0
100.0,6,2.0,1.0,Entire home/apt,52.54967,13.36741,0.0,0,4.605170185988092,1,1,0
100.0,6,2.0,1.0,Entire home/apt,52.54955723337084,13.369424413680376,0.0,0,4.605170185988092,1,1,0
91.0,4,2.0,2.0,Entire home/apt,52.54474693114287,13.43974169,5.0,2,4.51085950651685,1,1,0
80.0,4,1.0,1.0,Entire home/apt,52.54863262061881,13.367445575383408,0.0,0,4.382026634673881,1,1,0
37.0,2,1.0,1.0,Private room,52.53526,13.18249,0.0,0,3.610917912644224,0,1,0
166.0,2,1.0,1.0,Entire home/apt,52.5415672,13.421547,5.0,20,5.111987788356544,1,1,0
239.0,5,3.0,1.0,Entire home/apt,52.48273,13.46674,4.79,19,5.476463551931511,1,1,0
176.0,4,1.0,1.0,Entire home/apt,52.47469779999999,13.4280962,5.0,3,5.170483995038151,1,1,0
117.0,3,1.0,1.0,Entire home/apt,52.49013566173218,13.326877692590337,4.84,118,4.762173934797756,1,1,0
42.0,2,1.0,1.0,Private room,52.38457,13.38812,4.94,53,3.737669618283368,1,1,0
46.0,2,1.0,1.0,Private room,52.48946979138903,13.36120673078634,4.84,198,3.828641396489095,1,0,0
119.0,4,1.0,1.0,Entire home/apt,52.48451199954959,13.433517497770294,4.92,12,4.77912349311153,1,1,0
74.0,2,1.0,3.0,Private room,52.5007,13.4178,4.66,87,4.30406509320417,1,1,0
100.0,2,1.0,1.0,Private room,52.5314115,13.4106797,4.77,35,4.605170185988092,1,0,0
61.0,1,1.0,0.0,Shared room,52.5334622,13.4107485,4.86,14,4.110873864173311,1,1,0
273.0,8,2.0,1.0,Entire home/apt,52.52905682234177,13.41953664051229,4.57,49,5.60947179518496,1,1,0
147.0,2,1.0,1.5,Entire home/apt,52.4888522,13.3290707,0.0,0,4.990432586778736,1,1,0
101.0,2,0.0,1.0,Entire home/apt,52.4888522,13.3290707,0.0,0,4.61512051684126,1,1,0
59.0,2,1.0,1.0,Private room,52.53713628359766,13.437037020921707,4.98,112,4.07753744390572,1,1,0
70.0,2,1.0,3.0,Private room,52.5007,13.4178,4.53,57,4.248495242049359,1,1,0
74.0,2,1.0,3.0,Private room,52.5007,13.4178,4.71,132,4.30406509320417,1,1,0
85.0,2,1.0,3.0,Private room,52.5007,13.4178,4.58,108,4.442651256490317,1,1,0
59.0,1,1.0,1.0,Private room,52.48947,13.36167,4.88,185,4.07753744390572,1,0,0
121.0,3,1.0,1.0,Entire home/apt,52.50636247524777,13.52202448460624,4.74,19,4.795790545596741,1,1,0
90.0,4,2.0,1.0,Entire home/apt,52.50839264565036,13.284200343646736,5.0,5,4.499809670330265,1,1,0
111.0,4,1.0,1.0,Entire home/apt,52.5127829,13.4617342,4.54,28,4.709530201312334,1,1,0
269.0,7,2.0,1.0,Entire home/apt,52.51139,13.41673,4.58,50,5.594711379601839,1,1,0
86.0,2,1.0,1.0,Entire home/apt,52.50588,13.44077,0.0,0,4.454347296253507,1,1,0
43.0,2,1.0,1.0,Entire home/apt,52.50952321336085,13.42219987316414,4.0,1,3.7612001156935615,1,1,0
603.0,9,2.0,1.0,Entire home/apt,52.5026071,13.420009,4.94,17,6.401917196727186,1,1,0
115.0,4,2.0,1.0,Entire home/apt,52.42976,13.20229,0.0,0,4.74493212836325,1,1,0
10.0,3,1.0,1.0,Entire home/apt,52.48059,13.14434,0.0,0,2.302585092994046,1,1,0
72.0,2,1.0,1.0,Private room,52.49866,13.43638,4.88,24,4.276666119016055,1,1,0
51.0,2,1.0,1.0,Private room,52.43094315538234,13.583170350635434,0.0,0,3.9318256327243257,1,0,0
100.0,2,1.0,1.0,Entire home/apt,52.54007679999999,13.3551892,4.91,23,4.605170185988092,0,1,0
109.0,2,1.0,1.0,Entire home/apt,52.48514491,13.327369178608338,5.0,1,4.691347882229144,1,1,0
90.0,3,1.0,2.0,Entire home/apt,52.49379565889669,13.309830933940924,0.0,0,4.499809670330265,1,1,0
85.0,2,1.0,3.0,Private room,52.5007,13.4178,4.77,78,4.442651256490317,1,1,0
46.0,2,1.0,1.0,Private room,52.55199589999999,13.4134928,0.0,0,3.828641396489095,1,1,0
81.0,4,2.0,1.0,Entire home/apt,52.49224075489551,13.18116444252284,4.78,41,4.394449154672439,1,1,0
103.0,2,1.0,1.0,Entire home/apt,52.46413,13.37707,4.95,39,4.634728988229636,1,1,0
179.0,5,2.0,2.0,Entire home/apt,52.5524614,13.4158825,4.79,66,5.187385805840755,1,1,0
48.0,2,1.0,1.0,Entire home/apt,52.48643999999999,13.43605,0.0,0,3.871201010907891,1,1,0
50.0,2,1.0,1.0,Entire home/apt,52.4979078,13.3492068,0.0,0,3.912023005428146,1,1,0
55.0,2,1.0,1.0,Entire home/apt,52.4979078,13.3492068,0.0,0,4.007333185232471,1,1,0
56.0,2,1.0,1.0,Entire home/apt,52.4979078,13.3492068,0.0,0,4.02535169073515,1,1,0
166.0,6,2.0,1.0,Entire home/apt,52.50087,13.44031,5.0,7,5.111987788356544,1,1,0
198.0,5,2.0,2.0,Entire home/apt,52.48524639999999,13.4295789,5.0,1,5.288267030694535,1,1,0
59.0,2,1.0,1.0,Entire home/apt,52.390477635173006,13.563227172879378,0.0,0,4.07753744390572,1,1,0
269.0,6,0.0,1.0,Entire home/apt,52.51314718,13.416918932661728,4.75,72,5.594711379601839,1,1,0
306.0,6,4.0,2.0,Entire home/apt,52.53501733151816,13.400430551088904,0.0,0,5.723585101952381,1,1,0
173.0,5,1.0,1.0,Entire home/apt,52.552172287999895,13.398528745995776,4.78,40,5.153291594497779,1,1,0
567.0,9,3.0,2.0,Entire home/apt,52.49082,13.40227,4.67,6,6.340359303727752,1,1,0
152.0,2,1.0,1.0,Entire home/apt,52.47329149150925,13.423013279001626,4.92,12,5.0238805208462765,1,1,0
60.0,1,1.0,1.0,Entire home/apt,52.505851,13.439932,5.0,1,4.0943445622221,1,1,0
72.0,2,1.0,1.0,Entire home/apt,52.50690317400189,13.317502044868055,0.0,0,4.276666119016055,1,1,0
104.0,1,1.0,1.0,Private room,52.50318637949472,13.33325427471215,4.49,95,4.6443908991413725,1,0,0
138.0,6,2.0,2.0,Entire home/apt,52.49205634461998,13.39706508384856,4.67,95,4.927253685157205,1,1,0
122.0,6,2.0,1.0,Entire home/apt,52.48112709999999,13.4261597,4.77,65,4.804021044733257,1,1,0
230.0,6,3.0,2.0,Entire home/apt,52.4473536,13.618211,0.0,0,5.438079308923196,1,1,0
96.0,2,1.0,1.0,Entire home/apt,52.519576,13.4632803,0.0,0,4.564348191467836,1,1,0
128.0,2,1.0,1.0,Entire home/apt,52.4854958,13.3746238,0.0,0,4.852030263919617,1,1,0
67.0,2,1.0,1.0,Entire home/apt,52.48989016367533,13.393025105240532,4.9,115,4.204692619390966,1,0,0
100.0,2,1.0,1.0,Entire home/apt,52.47945693386429,13.531230852120762,5.0,11,4.605170185988092,1,1,0
200.0,3,2.0,1.0,Entire home/apt,52.50152,13.32342,5.0,1,5.298317366548036,1,1,0
187.0,4,1.0,1.0,Entire home/apt,52.52302869950818,13.398366527734732,4.84,75,5.231108616854587,1,1,0
288.0,6,2.0,1.0,Entire home/apt,52.51332,13.4179,4.91,78,5.662960480135946,1,1,0
60.0,1,1.0,1.0,Entire home/apt,52.50871,13.28649,4.43,7,4.0943445622221,1,1,0
51.0,2,1.0,1.0,Entire home/apt,52.50852,13.46617,0.0,0,3.9318256327243257,1,1,0
200.0,3,2.0,2.0,Entire home/apt,52.53738954,13.399169304657327,0.0,0,5.298317366548036,1,1,0
160.0,2,1.0,1.0,Entire home/apt,52.5383542,13.4062367,0.0,0,5.075173815233827,1,1,1
1041.0,4,2.0,0.0,Entire home/apt,52.50728007674692,13.298826282498636,0.0,0,6.947937068614969,1,1,1
456.0,4,3.0,1.0,Entire home/apt,52.47908,13.49957,0.0,0,6.1224928095143865,1,1,0
943.0,4,2.0,0.0,Entire home/apt,52.50858,13.29683,0.0,0,6.849066282633458,1,1,1
60.0,2,1.0,0.5,Private room,52.43235,13.38289,5.0,5,4.0943445622221,1,1,0
99.0,2,1.0,1.0,Entire home/apt,52.49073,13.40401,5.0,15,4.59511985013459,1,1,0
153.0,3,1.0,1.0,Entire home/apt,52.48181719999999,13.421524,4.93,14,5.030437921392435,1,1,0
54.0,2,1.0,1.0,Shared room,52.4846267,13.4409226,4.57,44,3.9889840465642745,1,0,1
177.0,5,2.0,1.0,Entire home/apt,52.529062316527536,13.44847193918303,4.8,10,5.176149732573829,1,1,0
145.0,3,0.0,1.0,Entire home/apt,52.52403,13.30039,5.0,8,4.976733742420574,1,1,1
76.0,2,1.0,1.0,Entire home/apt,52.5358753,13.2722109,0.0,0,4.330733340286331,1,1,0
94.0,2,1.0,1.0,Entire home/apt,52.49788547277912,13.438095723666342,4.81,16,4.543294782270004,1,1,0
289.0,7,4.0,3.0,Entire home/apt,52.45249,13.31887,0.0,0,5.666426688112432,1,1,0
69.0,1,1.0,0.5,Private room,52.5050807,13.4077485,4.98,49,4.23410650459726,1,1,0
136.0,4,1.0,1.0,Entire home/apt,52.53923287100661,13.436898088809189,4.89,27,4.912654885736052,1,1,0
89.0,2,1.0,1.0,Entire home/apt,52.45821930082462,13.377142360058915,4.67,3,4.48863636973214,1,1,0
450.0,4,2.0,2.5,Entire home/apt,52.53537019334717,13.37966274,0.0,0,6.1092475827643655,1,1,1
112.0,4,1.0,1.0,Entire home/apt,52.5123105,13.307142,4.69,121,4.718498871295094,1,1,0
91.0,2,1.0,1.0,Entire home/apt,52.50375622541175,13.343604268713715,4.69,16,4.51085950651685,1,1,0
130.0,8,2.0,1.0,Entire home/apt,52.48504819999999,13.3576941,4.4,81,4.867534450455582,1,1,0
135.0,3,3.0,2.0,Entire home/apt,52.53901855892813,13.413464714666013,0.0,0,4.90527477843843,1,1,0
116.0,3,1.0,1.0,Entire home/apt,52.45476,13.36546,4.93,14,4.7535901911063645,1,1,0
191.0,6,2.0,1.0,Entire home/apt,52.4140349,13.3930978,4.97,73,5.25227342804663,1,1,0
162.0,1,0.0,1.0,Entire home/apt,52.5454584,13.3709931,4.77,30,5.087596335232384,1,1,0
85.0,4,2.0,1.0,Entire home/apt,52.4976443,13.4644559,0.0,0,4.442651256490317,1,1,0
83.0,2,1.0,1.0,Entire home/apt,52.5454584,13.3709931,5.0,3,4.418840607796598,1,1,0
152.0,4,1.0,1.0,Entire home/apt,52.5158717,13.4594608,0.0,0,5.0238805208462765,1,1,1
159.0,4,1.0,1.0,Entire home/apt,52.51118679008967,13.50282831,4.6,40,5.068904202220232,1,1,0
60.0,2,1.0,1.0,Private room,52.50987,13.2379,4.91,32,4.0943445622221,1,1,0
104.0,4,1.0,1.0,Entire home/apt,52.46673891443144,13.42515382646248,4.71,7,4.6443908991413725,1,1,0
171.0,4,2.0,1.0,Entire home/apt,52.47124,13.45059,4.96,26,5.14166355650266,1,1,0
130.0,4,2.0,1.0,Entire home/apt,52.5151,13.47346,0.0,0,4.867534450455582,1,1,0
228.0,12,2.0,1.0,Entire home/apt,52.4856978,13.428699,4.6,5,5.429345628954441,1,1,0
54.0,2,1.0,1.0,Entire home/apt,52.48816,13.33077,4.5,6,3.9889840465642745,1,1,0
44.0,2,1.0,1.0,Private room,52.457813004978185,13.271031601816912,4.85,103,3.784189633918261,1,1,0
69.0,3,1.0,1.0,Entire home/apt,52.53465,13.3498,4.25,4,4.23410650459726,1,1,0
48.0,2,1.0,1.0,Private room,52.528514242535536,13.138377765121382,4.63,19,3.871201010907891,1,0,0
77.0,7,2.0,1.5,Entire home/apt,52.41725,13.28542,4.73,51,4.343805421853684,1,1,1
51.0,2,1.0,1.0,Entire home/apt,52.50938282057195,13.42255392540894,5.0,1,3.9318256327243257,1,1,0
136.0,4,2.0,2.0,Entire home/apt,52.51312,13.43336,0.0,0,4.912654885736052,1,1,0
55.0,2,1.0,1.0,Entire home/apt,52.55867220343136,13.379652335259715,4.38,8,4.007333185232471,1,1,0
120.0,3,1.0,1.0,Entire home/apt,52.50073,13.33929,0.0,0,4.787491742782046,1,1,0
147.0,3,1.0,1.0,Entire home/apt,52.469213012771775,13.437356539070606,4.9,31,4.990432586778736,1,1,0
250.0,3,5.0,2.5,Private room,52.45447,13.59794,0.0,0,5.521460917862246,1,1,1
54.0,1,0.0,1.0,Private room,52.51732,13.47895,0.0,0,3.9889840465642745,1,1,0
103.0,4,1.0,1.0,Entire home/apt,52.51274717764255,13.308105013437746,4.74,100,4.634728988229636,1,1,0
80.0,1,1.0,1.0,Private room,52.49791522547808,13.447866061171265,0.0,0,4.382026634673881,1,1,0
63.0,2,1.0,1.0,Entire home/apt,52.55388218,13.413152222781743,0.0,0,4.143134726391533,1,1,0
106.0,2,1.0,1.0,Entire home/apt,52.512569839591926,13.503982774104507,4.4,25,4.663439094112067,1,1,0
406.0,4,1.0,1.0,Entire home/apt,52.506648600000005,13.319968902516184,4.97,36,6.0063531596017325,1,1,0
167.0,3,2.0,2.0,Entire home/apt,52.5171,13.30034,4.96,24,5.117993812416755,1,1,0
143.0,2,1.0,1.0,Entire home/apt,52.542009081775326,13.410895312537018,4.83,6,4.962844630259907,1,1,0
86.0,3,2.0,1.0,Entire home/apt,52.47897,13.53244,4.49,51,4.454347296253507,1,1,0
90.0,2,0.0,1.0,Entire home/apt,52.4671824,13.4366736,5.0,1,4.499809670330265,1,1,0
95.0,2,1.0,1.0,Entire home/apt,52.5219289,13.452605,0.0,0,4.553876891600541,1,1,0
79.0,2,0.0,1.0,Entire home/apt,52.4439971,13.3167006,0.0,0,4.3694478524670215,1,1,0
88.0,3,0.0,1.0,Entire home/apt,52.5524614,13.4158825,4.75,24,4.477336814478207,1,0,0
69.0,1,1.0,1.5,Private room,52.49419,13.46911,5.0,7,4.23410650459726,1,1,0
117.0,4,1.0,1.0,Entire home/apt,52.4912669,13.3462603,4.79,19,4.762173934797756,1,1,0
129.0,2,1.0,1.0,Entire home/apt,52.48161287,13.431016407219513,5.0,9,4.859812404361672,1,1,0
206.0,8,4.0,2.0,Entire home/apt,52.482278751672986,13.34820292633421,3.85,13,5.327876168789581,1,1,0
339.0,4,2.0,1.5,Entire home/apt,52.4939318,13.4374785,4.54,13,5.82600010738045,1,1,0
120.0,2,1.0,1.0,Entire home/apt,52.552875907532986,13.40256977215884,0.0,0,4.787491742782046,1,1,0
85.0,3,1.0,1.0,Entire home/apt,52.519576,13.4632803,4.97,37,4.442651256490317,1,1,0
108.0,4,0.0,1.0,Entire home/apt,52.5138389,13.46239,4.12,33,4.68213122712422,1,1,0
297.0,6,3.0,1.5,Entire home/apt,52.52215,13.38357,4.88,80,5.6937321388027,1,1,0
340.0,5,3.0,2.0,Entire home/apt,52.48765581,13.419137199930754,5.0,9,5.828945617610208,1,1,0
171.0,4,2.0,1.0,Entire home/apt,52.5499628,13.4502797,4.97,31,5.14166355650266,1,1,0
147.0,4,1.0,1.0,Entire home/apt,52.55036949121404,13.417175434032172,4.93,80,4.990432586778736,1,1,0
201.0,5,2.0,1.0,Entire home/apt,52.55005798473019,13.415710182800018,4.87,109,5.303304908059076,1,1,0
74.0,2,1.0,1.0,Entire home/apt,52.43417,13.21932,0.0,0,4.30406509320417,1,1,0
99.0,2,1.0,1.0,Private room,52.49378817342632,13.394552950040556,5.0,21,4.59511985013459,1,1,0
142.0,3,1.0,1.0,Entire home/apt,52.50865540450025,13.470359162860388,4.93,15,4.955827057601261,1,1,0
52.0,2,1.0,1.0,Entire home/apt,52.44727,13.34752,4.5,2,3.951243718581428,1,1,0
35.0,1,1.0,1.0,Private room,52.500071021601954,13.459021774547685,0.0,0,3.555348061489413,1,1,0
72.0,2,1.0,1.0,Private room,52.51370434162506,13.46503855181606,4.94,116,4.276666119016055,1,0,0
112.0,4,0.0,1.0,Entire home/apt,52.5039465,13.387056,4.13,75,4.718498871295094,1,1,0
144.0,3,1.0,1.0,Entire home/apt,52.53346622646154,13.37909371333116,4.79,57,4.969813299576001,1,1,0
242.0,5,2.0,1.0,Entire home/apt,52.53389,13.3796,4.89,87,5.488937726156687,1,1,0
107.0,3,1.0,1.0,Entire home/apt,52.53213,13.37987,4.73,77,4.672828834461906,1,1,0
65.0,2,1.0,1.0,Private room,52.51556972641772,13.422388127607883,4.83,42,4.174387269895637,1,1,0
160.0,2,1.0,1.0,Entire home/apt,52.5306407,13.4149894,4.91,32,5.075173815233827,1,1,0
64.0,2,0.0,1.0,Private room,52.50236222966304,13.35706336711005,4.5,6,4.158883083359672,1,1,0
194.0,4,2.0,1.0,Entire home/apt,52.50974,13.4238,4.93,14,5.267858159063328,1,1,0
56.0,4,1.0,1.0,Entire home/apt,52.49759442691773,13.57755678,0.0,0,4.02535169073515,1,1,0
265.0,8,3.0,1.0,Entire home/apt,52.49915801437034,13.466300435810563,4.75,81,5.579729825986222,1,1,0
50.0,2,1.0,1.0,Entire home/apt,52.48249999999999,13.3102,0.0,0,3.912023005428146,1,1,0
52.0,4,1.0,1.0,Entire home/apt,52.54029472884683,13.505139772698506,0.0,0,3.951243718581428,1,1,0
106.0,4,1.0,1.0,Entire home/apt,52.52406655965967,13.199502085900166,4.2,10,4.663439094112067,1,1,0
189.0,2,1.0,1.0,Entire home/apt,52.52732073972113,13.397931557080296,0.0,0,5.241747015059643,1,1,0
168.0,2,1.0,1.0,Entire home/apt,52.47209213120827,13.446060408808368,5.0,1,5.123963979403259,1,1,1
283.0,8,4.0,2.0,Entire home/apt,52.52294512,13.38356807136935,4.87,84,5.645446897643238,1,1,0
91.0,6,3.0,1.0,Entire home/apt,52.49852011800638,13.38732281897593,4.77,96,4.51085950651685,1,1,0
146.0,6,1.0,1.0,Entire home/apt,52.48610172094479,13.429670843531138,4.23,13,4.983606621708336,1,1,0
154.0,4,1.0,1.5,Entire home/apt,52.5539243,13.4405976,4.86,22,5.0369526024136295,1,1,0
50.0,2,1.0,1.0,Entire home/apt,52.52951255519085,13.448022064262412,5.0,2,3.912023005428146,1,1,0
338.0,10,4.0,2.0,Entire home/apt,52.46818030000001,13.3902455,4.9,42,5.823045895483019,1,1,0
239.0,8,3.0,1.0,Entire home/apt,52.46818030000001,13.3902455,4.92,26,5.476463551931511,1,1,0
68.0,1,1.0,1.0,Private room,52.49727,13.42984,4.95,39,4.219507705176107,1,1,0
115.0,4,2.0,1.0,Entire home/apt,52.49146597166002,13.292980948694105,0.0,0,4.74493212836325,1,1,0
482.0,6,2.0,2.0,Entire home/apt,52.5196,13.26816,5.0,32,6.1779441140506,1,1,1
119.0,7,3.0,1.5,Entire home/apt,52.48524075860534,13.36232806232976,4.62,74,4.77912349311153,1,1,0
132.0,10,3.0,2.0,Entire home/apt,52.48562,13.4654,4.58,66,4.882801922586371,1,1,0
89.0,2,0.0,1.0,Private room,52.5033188,13.2863558,5.0,58,4.48863636973214,1,0,0
150.0,1,0.0,1.0,Entire home/apt,52.5002559612488,13.331444302276475,4.36,72,5.010635294096256,1,1,0
76.0,1,0.0,1.0,Entire home/apt,52.501927931504696,13.329473012345252,4.5,12,4.330733340286331,1,1,0
117.0,3,1.0,1.0,Entire home/apt,52.46906,13.42875,0.0,0,4.762173934797756,1,1,0
96.0,2,0.0,1.0,Entire home/apt,52.4939273,13.3841199,0.0,0,4.564348191467836,1,1,0
52.0,2,1.0,1.5,Private room,52.4173397,13.3221028,5.0,62,3.951243718581428,1,1,0
72.0,5,2.0,1.5,Entire home/apt,52.62335673,13.248017189164925,0.0,0,4.276666119016055,0,1,0
900.0,8,3.0,3.0,Entire home/apt,52.49960502055676,13.301290084836571,0.0,0,6.802394763324311,1,1,0
134.0,2,1.0,1.0,Entire home/apt,52.5096359,13.4660593,0.0,0,4.897839799950911,1,1,0
96.0,2,0.0,1.0,Entire home/apt,52.5227595,13.451267,0.0,0,4.564348191467836,1,1,0
159.0,9,2.0,1.0,Entire home/apt,52.45441896277984,13.521370068151692,4.6,20,5.068904202220232,1,1,0
124.0,2,1.0,1.0,Entire home/apt,52.52785129999999,13.4034497,4.93,41,4.820281565605037,1,1,0
94.0,2,2.0,1.0,Entire home/apt,52.47886670801764,13.318633430247388,0.0,0,4.543294782270004,1,1,0
35.0,2,1.0,1.0,Private room,52.51304,13.45266,0.0,0,3.555348061489413,1,1,0
70.0,2,1.0,1.0,Entire home/apt,52.4898185,13.404901,0.0,0,4.248495242049359,1,1,0
33.0,1,1.0,1.0,Private room,52.4373,13.32138,5.0,1,3.49650756146648,1,1,0
59.0,4,1.0,1.0,Entire home/apt,52.53323,13.20444,0.0,0,4.07753744390572,1,1,0
90.0,2,1.0,1.0,Entire home/apt,52.46397,13.38139,4.91,22,4.499809670330265,1,1,0
45.0,2,1.0,1.0,Entire home/apt,52.51148,13.31118,0.0,0,3.80666248977032,1,1,0
155.0,6,1.0,1.0,Entire home/apt,52.49096816134289,13.427555969147685,4.89,9,5.043425116919247,1,1,0
334.0,10,2.0,1.0,Private room,52.495,13.33006,5.0,4,5.811140992976701,1,1,0
90.0,5,1.0,1.0,Entire home/apt,52.546861,13.4119518,4.35,105,4.499809670330265,1,1,0
277.0,8,3.0,1.5,Entire home/apt,52.44549509494604,13.622816875576971,5.0,4,5.6240175061873385,1,1,1
61.0,2,2.0,1.0,Entire home/apt,52.50970000000002,13.42256749206542,0.0,0,4.110873864173311,1,1,0
150.0,2,1.0,1.0,Entire home/apt,52.49153376676772,13.39176657146766,5.0,17,5.010635294096256,1,1,0
165.0,6,2.0,2.0,Entire home/apt,52.43433614729289,13.688052197874107,0.0,0,5.10594547390058,1,1,0
48.0,2,1.0,1.0,Entire home/apt,52.4978674,13.464585,0.0,0,3.871201010907891,1,1,0
68.0,2,1.0,1.0,Entire home/apt,52.52941,13.39921,0.0,0,4.219507705176107,1,1,0
92.0,2,1.0,1.0,Private room,52.508537598509214,13.4478600859877,4.96,53,4.5217885770490405,1,1,0
115.0,4,1.0,1.0,Private room,52.42964,13.47722,4.15,13,4.74493212836325,1,0,0
113.0,3,1.0,1.0,Private room,52.42899840505352,13.476915730227685,4.45,11,4.727387818712341,1,0,0
107.0,3,1.0,1.0,Private room,52.430615786895125,13.478932489389434,4.5,4,4.672828834461906,1,0,0
97.0,2,1.0,1.0,Private room,52.42904,13.47769,4.0,2,4.574710978503383,1,0,0
94.0,2,1.0,1.0,Private room,52.42932,13.47727,4.0,4,4.543294782270004,1,0,0
55.0,2,1.0,1.0,Private room,52.43701,13.337055,4.75,16,4.007333185232471,1,1,0
25.0,1,1.0,1.0,Private room,52.57561986096943,13.362356147487931,4.5,2,3.218875824868201,1,1,0
331.0,10,3.0,2.0,Entire home/apt,52.51013916,13.287460517039166,4.9,31,5.802118375377063,1,1,0
81.0,2,1.0,1.5,Private room,52.50942889908154,13.471927309342744,4.93,14,4.394449154672439,1,0,0
268.0,10,2.0,2.0,Entire home/apt,52.5368139,13.3967393,4.91,120,5.5909869805108565,1,1,0
52.0,2,1.0,1.0,Entire home/apt,52.48084690587381,13.360620068313096,0.0,0,3.951243718581428,1,1,0
90.0,4,1.0,1.0,Entire home/apt,52.4874677,13.5711146,5.0,10,4.499809670330265,1,1,0
160.0,6,3.0,2.0,Entire home/apt,52.530622707459,13.43606620164192,0.0,0,5.075173815233827,1,1,0
49.0,2,1.0,1.0,Private room,52.50392594355798,13.50990791100462,4.68,37,3.8918202981106265,1,1,0
145.0,8,4.0,2.0,Entire home/apt,52.49893852810081,13.307482937662694,4.44,48,4.976733742420574,1,1,0
55.0,2,1.0,1.0,Entire home/apt,52.51199926873087,13.45754892180356,0.0,0,4.007333185232471,1,1,0
150.0,4,2.0,1.5,Entire home/apt,52.4953796,13.4181458,5.0,1,5.010635294096256,1,1,0
84.0,2,1.0,1.0,Private room,52.49872,13.32421,4.95,111,4.430816798843313,1,1,0
79.0,2,1.0,1.0,Private room,52.49811677788092,13.3239825387242,4.99,97,4.3694478524670215,1,1,0
80.0,3,1.0,1.0,Entire home/apt,52.5063427,13.467404,0.0,0,4.382026634673881,1,1,0
95.0,2,1.0,1.0,Private room,52.50787,13.45683,5.0,32,4.553876891600541,1,1,0
51.0,4,1.0,1.0,Entire home/apt,52.52445793124454,13.397167996186566,0.0,0,3.9318256327243257,1,1,0
120.0,4,2.0,2.0,Entire home/apt,52.53812,13.40729,0.0,0,4.787491742782046,1,1,0
347.0,4,2.0,1.0,Entire home/apt,52.52644763,13.388714326983662,4.68,19,5.849324779946859,1,1,0
85.0,4,1.0,1.0,Entire home/apt,52.447443,13.627098,4.77,31,4.442651256490317,1,1,0
238.0,3,2.0,1.0,Entire home/apt,52.4779038994464,13.437525839783149,5.0,21,5.472270673671475,1,1,0
89.0,4,1.0,1.0,Entire home/apt,52.497627090005466,13.307509635700224,4.58,52,4.48863636973214,1,1,0
68.0,2,1.0,1.0,Private room,52.572,13.43291,0.0,0,4.219507705176107,0,1,0
68.0,2,1.0,1.0,Private room,52.51463627954895,13.465040704277117,4.95,58,4.219507705176107,1,1,0
373.0,16,4.0,2.0,Entire home/apt,52.5031141,13.3269197,4.96,25,5.921578419643816,1,1,0
46.0,1,1.0,1.5,Private room,52.52471778570234,13.460553299502813,5.0,31,3.828641396489095,1,1,0
83.0,2,1.0,1.0,Private room,52.490920212061205,13.290466554990507,4.98,56,4.418840607796598,1,1,0
138.0,3,1.0,1.0,Entire home/apt,52.4921745,13.3422051,5.0,7,4.927253685157205,1,1,0
94.0,4,1.0,1.0,Entire home/apt,52.54145762999611,13.358960030478164,4.66,71,4.543294782270004,1,1,0
62.0,4,2.0,1.0,Entire home/apt,52.51903,13.30678,0.0,0,4.127134385045092,1,1,0
35.0,1,1.0,1.0,Private room,52.56213609720679,13.382979851311202,3.0,1,3.555348061489413,1,1,0
57.0,2,1.0,1.0,Private room,52.48215288776907,13.454342562786971,0.0,0,4.04305126783455,1,1,1
49.0,2,1.0,1.0,Private room,52.48398,13.35386,4.96,115,3.8918202981106265,1,1,0
135.0,3,2.0,1.0,Entire home/apt,52.56254574875645,13.390692113777586,5.0,4,4.90527477843843,1,1,0
149.0,5,2.0,1.0,Entire home/apt,52.53219313749248,13.415998108685017,4.85,13,5.003946305945459,1,1,0
132.0,5,1.0,1.0,Entire home/apt,52.49208669999999,13.3901606,3.78,9,4.882801922586371,0,1,0
68.0,2,1.0,1.0,Private room,52.5051125,13.3859484,4.59,27,4.219507705176107,1,1,0
33.0,1,1.0,1.5,Private room,52.46516481960754,13.512912778650977,5.0,2,3.49650756146648,1,1,0
106.0,2,1.0,1.0,Entire home/apt,52.46049726312237,13.11860576318693,4.82,22,4.663439094112067,1,1,0
269.0,6,2.0,1.0,Entire home/apt,52.51106697354371,13.416286441433186,4.49,57,5.594711379601839,1,1,0
41.0,1,1.0,1.0,Private room,52.57098,13.43158,3.5,4,3.713572066704308,0,1,0
132.0,2,1.0,1.0,Entire home/apt,52.49346,13.4168,4.93,90,4.882801922586371,1,1,0
442.0,8,4.0,2.0,Entire home/apt,52.53046834422597,13.404844207310274,5.0,26,6.091309882077698,1,1,0
55.0,6,4.0,1.0,Private room,52.57845,13.31085,0.0,0,4.007333185232471,1,1,1
150.0,2,0.0,1.0,Entire home/apt,52.5454584,13.3709931,4.38,8,5.010635294096256,1,1,0
82.0,1,1.0,1.0,Private room,52.50189031053099,13.459892277041044,0.0,0,4.406719247264253,1,1,0
59.0,2,2.0,1.0,Entire home/apt,52.61387593391551,13.308751669201577,0.0,0,4.07753744390572,1,1,0
207.0,8,3.0,1.0,Entire home/apt,52.5218602,13.4348503,4.73,103,5.332718793265369,1,1,0
48.0,1,1.0,1.0,Private room,52.57201304119852,13.433274780426006,4.21,14,3.871201010907891,0,1,0
190.0,4,1.0,1.0,Entire home/apt,52.52667,13.38882,4.87,54,5.247024072160486,1,1,0
73.0,2,1.0,1.5,Private room,52.50363,13.29428,4.94,51,4.290459441148391,1,1,0
139.0,1,1.0,1.0,Private room,52.43789650000001,13.5484264,4.0,1,4.934473933130692,1,1,0
266.0,8,3.0,2.0,Entire home/apt,52.50102058129975,13.304937157069734,4.1,10,5.583496308781699,1,1,0
69.0,2,1.0,1.0,Private room,52.47678221806848,13.449904035070576,0.0,0,4.23410650459726,1,1,0
202.0,2,1.0,1.0,Entire home/apt,52.43789650000001,13.5484264,0.0,0,5.308267697401205,1,1,0
193.0,4,2.0,2.0,Entire home/apt,52.43789650000001,13.5484264,4.66,47,5.262690188904886,1,1,0
163.0,2,1.0,1.0,Entire home/apt,52.51255804093937,13.427337484130874,4.77,177,5.093750200806762,1,1,0
148.0,1,1.0,1.0,Private room,52.43789650000001,13.5484264,0.0,0,4.997212273764115,1,0,0
93.0,6,2.0,2.0,Entire home/apt,52.51110743518375,13.51979185341732,0.0,0,4.532599493153256,1,1,0
95.0,7,2.0,2.0,Entire home/apt,52.55827,13.19689,5.0,8,4.553876891600541,1,1,0
53.0,2,1.0,1.0,Private room,52.53914630000001,13.4553373,4.87,115,3.970291913552122,1,0,0
199.0,2,0.0,1.0,Entire home/apt,52.5148123,13.3807511,0.0,0,5.293304824724492,1,1,0
71.0,2,1.0,1.0,Private room,52.4855452,13.6170018,0.0,0,4.262679877041316,1,1,0
281.0,3,2.0,1.0,Entire home/apt,52.5148123,13.3807511,3.88,8,5.638354669333745,1,1,0
404.0,8,4.0,2.0,Entire home/apt,52.5309278,13.4057346,5.0,6,6.001414877961151,1,1,0
81.0,2,1.0,1.0,Entire home/apt,52.50985868327437,13.243019658721916,0.0,0,4.394449154672439,1,1,0
49.0,2,1.0,1.0,Private room,52.49861246666867,13.438875639786266,4.73,49,3.8918202981106265,1,1,0
83.0,2,1.0,1.0,Entire home/apt,52.54699,13.36948,4.63,97,4.418840607796598,1,1,0
105.0,2,0.0,1.0,Entire home/apt,52.53355790000001,13.3800164,4.77,26,4.653960350157523,1,1,0
75.0,1,1.0,1.0,Entire home/apt,52.5471458,13.4100408,5.0,1,4.31748811353631,1,1,0
126.0,3,1.0,1.0,Entire home/apt,52.5099797,13.4030124,5.0,7,4.836281906951478,1,1,0
97.0,2,1.0,1.0,Private room,52.42888402075153,13.477350806405472,4.39,18,4.574710978503383,1,0,0
113.0,3,1.0,1.0,Private room,52.42895,13.47749,4.25,8,4.727387818712341,1,0,0
146.0,5,3.0,2.0,Private room,52.46199,13.48018,4.5,2,4.983606621708336,1,1,0
67.0,5,2.0,1.0,Entire home/apt,52.51935,13.308614,0.0,0,4.204692619390966,1,1,0
261.0,3,1.0,1.0,Entire home/apt,52.5294031,13.4013102,0.0,0,5.564520407322694,1,1,0
261.0,3,1.0,1.0,Entire home/apt,52.5294031,13.4013102,0.0,0,5.564520407322694,1,1,0
322.0,5,2.0,1.0,Entire home/apt,52.531628184575965,13.40687989059818,0.0,0,5.7745515455444085,1,1,0
29.0,1,1.0,1.0,Private room,52.56228,13.38371,5.0,1,3.367295829986474,1,1,0
133.0,3,1.0,1.0,Entire home/apt,52.52314950977401,13.405507671154112,4.79,24,4.890349128221754,1,1,0
300.0,4,2.0,1.5,Entire home/apt,52.50625,13.32633,4.97,38,5.703782474656201,1,1,0
60.0,2,1.0,1.0,Private room,52.54992,13.4508,4.84,37,4.0943445622221,1,1,0
171.0,4,2.0,2.0,Entire home/apt,52.4712598,13.4310978,5.0,7,5.14166355650266,1,1,0
60.0,1,0.0,1.0,Private room,52.52458,13.35188,5.0,17,4.0943445622221,1,1,0
143.0,4,1.0,1.0,Entire home/apt,52.52365,13.25308,5.0,4,4.962844630259907,1,1,0
101.0,2,1.0,1.0,Entire home/apt,52.52435234005398,13.313552889260974,5.0,2,4.61512051684126,1,1,0
72.0,4,1.0,1.0,Entire home/apt,52.54325951992197,13.591437717999275,0.0,0,4.276666119016055,1,1,0
101.0,3,0.0,1.0,Entire home/apt,52.53070976,13.39851908929462,4.89,128,4.61512051684126,1,1,0
39.0,2,1.0,1.0,Entire home/apt,52.53055519999999,13.4002425,0.0,0,3.6635616461296463,1,1,0
145.0,4,1.0,1.0,Entire home/apt,52.53237,13.42144,4.89,9,4.976733742420574,1,1,0
173.0,2,0.0,1.0,Entire home/apt,52.5454584,13.3709931,4.68,80,5.153291594497779,1,1,0
151.0,4,1.0,1.0,Entire home/apt,52.52236054943688,13.335869315584972,4.64,61,5.017279836814924,1,1,0
222.0,5,1.0,1.0,Entire home/apt,52.5488362,13.3511302,4.72,50,5.402677381872279,1,1,0
30.0,2,1.0,1.0,Private room,52.554112633504445,13.416869308379027,4.94,17,3.4011973816621555,1,1,0
275.0,6,2.0,1.0,Entire home/apt,52.52065,13.33678,4.68,63,5.616771097666572,1,1,0
45.0,2,1.0,1.0,Entire home/apt,52.49821857719987,13.460473630849233,0.0,0,3.80666248977032,1,1,0
48.0,4,1.0,1.0,Entire home/apt,52.57753210000001,13.3217406,0.0,0,3.871201010907891,1,1,0
174.0,11,4.0,2.0,Entire home/apt,52.4914715,13.3777906,4.59,56,5.159055299214529,1,1,0
166.0,5,2.0,1.5,Entire home/apt,52.48589,13.54134,4.8,5,5.111987788356544,1,1,0
67.0,3,1.0,1.0,Entire home/apt,52.53178,13.33519,4.07,29,4.204692619390966,1,1,0
160.0,4,1.0,1.0,Entire home/apt,52.50518671683137,13.440719614819333,0.0,0,5.075173815233827,0,1,0
40.0,2,1.0,1.0,Entire home/apt,52.53055519999999,13.4002425,0.0,0,3.688879454113936,1,1,0
40.0,2,1.0,1.0,Entire home/apt,52.53055519999999,13.4002425,0.0,0,3.688879454113936,1,1,0
277.0,6,3.0,2.0,Entire home/apt,52.5510913,13.3810908,4.88,66,5.6240175061873385,1,1,0
405.0,2,1.0,1.0,Entire home/apt,52.54859,13.361,0.0,0,6.003887067106539,1,1,0
42.0,2,1.0,1.0,Entire home/apt,52.50951797,13.45752183007524,0.0,0,3.737669618283368,1,1,0
90.0,2,3.0,1.0,Private room,52.51877561920831,13.418733454267455,4.98,92,4.499809670330265,1,1,0
54.0,2,1.0,1.0,Entire home/apt,52.51438,13.47072,0.0,0,3.9889840465642745,1,1,0
32.0,16,1.0,0.5,Private room,52.50815,13.47223,0.0,0,3.4657359027997265,1,1,0
45.0,2,1.0,1.0,Entire home/apt,52.51153052317348,13.456819152335594,5.0,1,3.80666248977032,1,1,0
50000.0,9,3.0,3.0,Hotel room,52.52453,13.4187,5.0,1,10.819778284410283,1,0,1
50000.0,3,1.0,1.0,Hotel room,52.52453,13.4187,4.44,9,10.819778284410283,1,0,1
104.0,2,1.0,1.0,Entire home/apt,52.51348,13.30758,4.71,75,4.6443908991413725,1,1,0
150.0,4,1.0,1.0,Entire home/apt,52.4699,13.3354,4.0,4,5.010635294096256,1,1,0
132.0,4,1.0,1.0,Entire home/apt,52.46928,13.33387,0.0,0,4.882801922586371,1,0,0
160.0,2,1.0,1.0,Private room,52.5076761,13.3278325,5.0,2,5.075173815233827,1,1,1
160.0,2,1.0,1.0,Private room,52.5076761,13.3278325,0.0,0,5.075173815233827,1,1,1
160.0,2,1.0,1.0,Entire home/apt,52.5076761,13.3278325,5.0,1,5.075173815233827,1,1,1
160.0,2,1.0,1.0,Private room,52.5076761,13.3278325,5.0,3,5.075173815233827,1,1,1
90.0,3,1.0,1.0,Entire home/apt,52.5328933,13.4350783,4.7,84,4.499809670330265,1,1,0
135.0,4,1.0,1.0,Entire home/apt,52.473597138638326,13.439764492213728,4.76,29,4.90527477843843,1,1,0
85.0,4,2.0,1.0,Entire home/apt,52.49359376835074,13.34918305908096,0.0,0,4.442651256490317,0,1,0
45.0,4,1.0,1.0,Entire home/apt,52.54056,13.49435,0.0,0,3.80666248977032,1,1,0
95.0,2,1.0,1.0,Private room,52.5109675567202,13.4495419362152,4.99,68,4.553876891600541,1,1,0
79.0,2,1.0,1.0,Entire home/apt,52.48741,13.32804,5.0,1,4.3694478524670215,1,1,0
354.0,6,1.0,1.0,Entire home/apt,52.49619738604358,13.328996885180668,4.56,9,5.869296913133774,1,1,0
77.0,2,1.0,1.5,Private room,52.4972507,13.4209217,4.93,41,4.343805421853684,1,1,0
105.0,1,1.0,1.0,Entire home/apt,52.501002978277626,13.325102187924768,0.0,0,4.653960350157523,1,1,0
302.0,8,2.0,2.0,Entire home/apt,52.52421532235539,13.396519157676664,4.67,52,5.71042701737487,1,1,0
232.0,7,1.0,1.0,Entire home/apt,52.54515,13.37087,4.52,25,5.44673737166631,1,1,0
46.0,2,1.0,1.0,Entire home/apt,52.50067,13.48876,0.0,0,3.828641396489095,1,1,0
78.0,3,3.0,1.0,Entire home/apt,52.51177999999999,13.3137724,0.0,0,4.356708826689592,1,1,0
56.0,2,1.0,1.0,Private room,52.516772187437965,13.4529097029354,0.0,0,4.02535169073515,1,1,0
241.0,2,1.0,1.0,Entire home/apt,52.53017970000001,13.4549889,4.4,5,5.484796933490655,1,1,0
241.0,2,1.0,1.0,Entire home/apt,52.53017970000001,13.4549889,4.17,6,5.484796933490655,1,1,0
241.0,2,1.0,1.0,Entire home/apt,52.53017970000001,13.4549889,4.57,49,5.484796933490655,1,1,0
40.0,2,1.0,1.0,Entire home/apt,52.50076139999999,13.4885455,0.0,0,3.688879454113936,1,1,0
26.0,1,1.0,1.0,Private room,52.4546927,13.5172182,5.0,9,3.258096538021482,1,1,0
209.0,1,1.0,1.0,Private room,52.48079569999999,13.5255529,5.0,2,5.342334251964811,1,1,0
209.0,2,1.0,1.0,Private room,52.48079569999999,13.5255529,4.75,4,5.342334251964811,1,1,0
209.0,2,1.0,1.0,Private room,52.48079569999999,13.5255529,0.0,0,5.342334251964811,1,1,0
209.0,2,1.0,1.0,Private room,52.48079569999999,13.5255529,3.0,1,5.342334251964811,1,1,0
209.0,2,1.0,1.0,Private room,52.48079569999999,13.5255529,4.25,4,5.342334251964811,1,1,0
147.0,2,1.0,1.0,Private room,52.48079569999999,13.5255529,4.8,10,4.990432586778736,1,1,0
147.0,2,1.0,1.0,Private room,52.48079569999999,13.5255529,4.54,24,4.990432586778736,1,1,0
147.0,2,1.0,1.0,Private room,52.48079569999999,13.5255529,3.5,2,4.990432586778736,1,1,0
201.0,2,1.0,1.0,Private room,52.48079569999999,13.5255529,0.0,0,5.303304908059076,1,1,0
201.0,2,1.0,1.0,Private room,52.48079569999999,13.5255529,4.0,1,5.303304908059076,1,1,0
201.0,2,1.0,1.0,Private room,52.48079569999999,13.5255529,5.0,3,5.303304908059076,1,1,0
187.0,4,1.0,1.0,Entire home/apt,52.52435,13.39856,4.88,66,5.231108616854587,1,1,0
85.0,2,1.0,1.0,Entire home/apt,52.4300513,13.2575375,0.0,0,4.442651256490317,1,1,0
153.0,4,2.0,1.0,Entire home/apt,52.46055639999999,13.4268384,0.0,0,5.030437921392435,1,1,0
102.0,2,0.0,1.0,Entire home/apt,52.50567299999999,13.3904664,0.0,0,4.624972813284271,1,1,0
125.0,2,1.0,1.0,Entire home/apt,52.5148239,13.4735944,0.0,0,4.8283137373023015,1,1,0
53.0,1,1.0,1.0,Private room,52.53201216320218,13.423809580950923,4.73,82,3.970291913552122,1,1,1
50000.0,6,3.0,3.0,Hotel room,52.52453,13.4187,0.0,0,10.819778284410283,1,0,1
40000.0,6,3.0,3.0,Hotel room,52.52453,13.4187,0.0,0,10.596634733096073,1,0,1
50000.0,6,3.0,3.0,Hotel room,52.52453,13.4187,0.0,0,10.819778284410283,1,0,1
40000.0,4,2.0,2.0,Hotel room,52.52453,13.4187,0.0,0,10.596634733096073,1,0,1
40000.0,4,2.0,2.0,Hotel room,52.52453,13.4187,0.0,0,10.596634733096073,1,0,1
40000.0,6,2.0,2.0,Hotel room,52.52453,13.4187,0.0,0,10.596634733096073,1,0,1
50000.0,2,1.0,1.0,Hotel room,52.52453,13.4187,5.0,2,10.819778284410283,1,0,1
40000.0,2,1.0,1.0,Hotel room,52.52453,13.4187,0.0,0,10.596634733096073,1,0,1
50000.0,2,1.0,1.0,Hotel room,52.52453,13.4187,5.0,3,10.819778284410283,1,0,1
40000.0,4,2.0,2.0,Hotel room,52.52453,13.4187,0.0,0,10.596634733096073,1,0,1
144.0,8,4.0,1.0,Entire home/apt,52.4921,13.37858,4.45,73,4.969813299576001,1,1,0
244.0,5,2.0,1.0,Entire home/apt,52.51497073359242,13.46973396837848,4.94,115,5.497168225293202,1,1,0
99.0,2,1.0,1.0,Entire home/apt,52.53096918661826,13.332679644227028,4.53,17,4.59511985013459,1,1,0
149.0,4,1.0,1.0,Entire home/apt,52.48153929999999,13.3476019,4.76,46,5.003946305945459,1,1,0
106.0,2,1.0,1.0,Entire home/apt,52.48396,13.43708,4.83,65,4.663439094112067,1,1,0
260.0,8,2.0,1.5,Entire home/apt,52.51223719999999,13.4703318,4.72,64,5.560681631015528,1,1,0
209.0,9,1.0,1.0,Entire home/apt,52.54512,13.37081,4.68,40,5.342334251964811,1,1,0
90.0,2,1.0,1.0,Entire home/apt,52.548005386633086,13.409618037605773,0.0,0,4.499809670330265,1,1,0
148.0,5,1.0,1.0,Entire home/apt,52.4754302,13.4229721,4.4,10,4.997212273764115,1,1,0
53.0,3,1.0,1.0,Entire home/apt,52.50691150000001,13.5198932,5.0,2,3.970291913552122,1,1,0
78.0,4,2.0,1.0,Entire home/apt,52.45199,13.34587,4.5,2,4.356708826689592,1,1,0
77.0,3,1.0,1.0,Private room,52.42112621397649,13.322153530688468,4.89,19,4.343805421853684,1,1,0
162.0,4,1.0,1.0,Entire home/apt,52.49196,13.39177,4.96,55,5.087596335232384,1,1,0
375.0,4,2.0,2.0,Entire home/apt,52.49538,13.47426,0.0,0,5.926926025970411,1,1,0
364.0,8,4.0,1.5,Entire home/apt,52.54174,13.42107,4.74,46,5.8971538676367405,1,1,0
102.0,2,1.0,1.0,Entire home/apt,52.528427237551455,13.379333453967275,4.52,25,4.624972813284271,1,1,0
63.0,2,1.0,1.0,Entire home/apt,52.55558,13.33691,0.0,0,4.143134726391533,1,1,0
225.0,5,1.0,1.0,Entire home/apt,52.52318818483612,13.400374110141202,4.85,55,5.41610040220442,1,1,0
38.0,1,1.0,1.0,Entire home/apt,52.4997094,13.3015408,5.0,1,3.6375861597263857,1,1,0
70.0,2,1.0,1.0,Entire home/apt,52.539300244109405,13.375230221025154,4.94,49,4.248495242049359,1,1,0
168.0,5,1.0,1.0,Entire home/apt,52.5521669,13.3587789,4.8,10,5.123963979403259,1,1,0
187.0,4,1.0,1.0,Entire home/apt,52.52267445785499,13.399801867181534,4.81,53,5.231108616854587,1,1,0
62.0,2,1.0,1.0,Private room,52.4102645,13.506452,5.0,43,4.127134385045092,1,0,0
91.0,4,1.0,1.0,Entire home/apt,52.50579,13.49099,4.97,62,4.51085950651685,1,1,0
177.0,4,0.0,1.0,Entire home/apt,52.52439,13.39851,4.72,58,5.176149732573829,1,1,0
264.0,5,2.0,1.0,Entire home/apt,52.52278,13.39997,4.73,66,5.575949103146316,1,1,0
93.0,2,1.0,1.0,Entire home/apt,52.5088101,13.3912905,4.33,21,4.532599493153256,1,1,0
24.0,4,1.0,1.0,Private room,52.4477564215178,13.356697140801472,0.0,0,3.1780538303479458,1,1,0
155.0,6,2.0,1.0,Entire home/apt,52.5366173,13.3977257,4.93,57,5.043425116919247,1,1,0
187.0,4,1.0,1.0,Entire home/apt,52.52325866,13.400234346359335,4.76,45,5.231108616854587,1,1,0
187.0,4,1.0,1.0,Entire home/apt,52.52445,13.40037,4.66,64,5.231108616854587,1,1,0
72.0,2,2.0,1.0,Entire home/apt,52.49871,13.43607,0.0,0,4.276666119016055,1,1,0
66.0,2,1.0,1.0,Entire home/apt,52.566898,13.3976019,5.0,2,4.189654742026425,1,1,0
79.0,2,1.0,1.0,Entire home/apt,52.5182537,13.2820084,4.56,16,4.3694478524670215,1,1,0
132.0,2,0.0,1.0,Entire home/apt,52.53380123576088,13.4305099831722,4.86,77,4.882801922586371,1,1,0
317.0,11,6.0,3.0,Entire home/apt,52.55008536326065,13.411610823008736,4.75,91,5.75890177387728,1,1,0
187.0,4,1.0,1.0,Entire home/apt,52.52275,13.39846,4.83,69,5.231108616854587,1,1,0
180.0,4,1.0,1.0,Entire home/apt,52.52456238562732,13.398584202102011,4.84,55,5.19295685089021,1,1,0
225.0,5,1.0,1.0,Entire home/apt,52.52446,13.39829,4.72,53,5.41610040220442,1,1,0
225.0,5,1.0,1.0,Entire home/apt,52.52486139687981,13.398442297312457,4.66,38,5.41610040220442,1,1,0
225.0,5,1.0,1.0,Entire home/apt,52.52436,13.40052,4.84,80,5.41610040220442,1,1,0
180.0,4,1.0,1.0,Entire home/apt,52.52481,13.40012,4.62,39,5.19295685089021,1,1,0
225.0,5,1.0,1.0,Entire home/apt,52.52464,13.40053,4.69,39,5.41610040220442,1,1,0
187.0,4,1.0,1.0,Entire home/apt,52.52421,13.40034,4.87,68,5.231108616854587,1,1,0
261.0,6,3.0,1.0,Entire home/apt,52.52287,13.39873,4.66,82,5.564520407322694,1,1,0
143.0,6,1.0,1.0,Entire home/apt,52.4470148,13.3068068,4.73,66,4.962844630259907,1,1,0
156.0,5,3.0,1.0,Entire home/apt,52.507118885507246,13.460822331457177,4.95,20,5.049856007249537,1,1,0
91.0,2,0.0,1.0,Entire home/apt,52.47901,13.44624,3.0,2,4.51085950651685,1,1,0
77.0,4,1.0,1.0,Entire home/apt,52.48113787916105,13.361707553277004,4.68,50,4.343805421853684,1,1,0
103.0,4,2.0,1.0,Entire home/apt,52.4962451,13.444104,4.43,37,4.634728988229636,1,1,0
41.0,1,1.0,1.0,Private room,52.54758847452683,13.3444596502501,0.0,0,3.713572066704308,1,0,0
113.0,2,1.0,1.0,Entire home/apt,52.51306,13.30792,4.64,84,4.727387818712341,1,1,0
225.0,5,1.0,1.0,Entire home/apt,52.52454364824412,13.400423019339252,4.91,46,5.41610040220442,1,1,0
225.0,5,1.0,1.0,Entire home/apt,52.52338,13.39855,4.76,67,5.41610040220442,1,1,0
112.0,2,1.0,1.0,Entire home/apt,52.49047846650056,13.394562229514122,4.85,53,4.718498871295094,1,1,0
63.0,3,1.0,2.0,Entire home/apt,52.52376,13.4093,0.0,0,4.143134726391533,1,1,0
54.0,2,1.0,1.0,Entire home/apt,52.60023,13.3277,5.0,38,3.9889840465642745,1,1,1
130.0,2,2.0,1.0,Entire home/apt,52.49228900000001,13.351641,5.0,3,4.867534450455582,1,1,0
365.0,8,3.0,1.0,Entire home/apt,52.51237,13.40377,4.67,49,5.899897353582492,1,1,0
117.0,4,1.0,1.0,Private room,52.48768934950876,13.39328393403058,5.0,15,4.762173934797756,1,1,0
209.0,9,4.0,2.0,Entire home/apt,52.49308406292644,13.39917314603626,4.63,67,5.342334251964811,1,1,0
66.0,2,1.0,0.5,Private room,52.44379933000396,13.372350416286707,4.8,30,4.189654742026425,1,1,0
203.0,10,2.0,2.0,Entire home/apt,52.53749,13.3956,4.84,91,5.313205979041787,1,1,0
81.0,4,2.0,1.0,Entire home/apt,52.50887939001356,13.445621282971327,5.0,8,4.394449154672439,1,1,0
80.0,4,1.0,1.0,Entire home/apt,52.47596,13.44369,4.53,30,4.382026634673881,1,1,0
94.0,3,1.0,1.0,Entire home/apt,52.52311410000001,13.4361314,4.7,60,4.543294782270004,1,1,0
126.0,5,1.0,1.0,Entire home/apt,52.52311410000001,13.4361314,4.64,77,4.836281906951478,1,1,0
66.0,2,1.0,1.0,Private room,52.48809749630122,13.385341556225717,4.94,16,4.189654742026425,1,1,0
64.0,4,1.0,1.0,Entire home/apt,52.54464,13.45832,0.0,0,4.158883083359672,1,1,0
168.0,6,1.0,1.0,Entire home/apt,52.52352,13.38768,4.88,80,5.123963979403259,1,1,0
90.0,2,1.0,1.0,Entire home/apt,52.51305951249927,13.460075717796812,5.0,2,4.499809670330265,1,1,0
96.0,4,1.0,1.0,Entire home/apt,52.46856070424001,13.432809827830567,4.97,30,4.564348191467836,1,1,0
183.0,4,1.0,1.0,Entire home/apt,52.52466416466685,13.398585646280178,4.58,33,5.209486152841421,1,1,0
74.0,2,1.0,1.0,Private room,52.49473,13.28301,4.67,3,4.30406509320417,0,1,0
187.0,5,1.0,1.0,Entire home/apt,52.52305030974384,13.398285861673251,4.75,64,5.231108616854587,1,1,0
78.0,3,1.0,1.0,Entire home/apt,52.4602331,13.325561,4.86,63,4.356708826689592,1,1,0
119.0,8,2.0,1.0,Entire home/apt,52.48401693680581,13.468663419049076,4.7,96,4.77912349311153,1,1,0
121.0,5,1.0,1.0,Entire home/apt,52.4839516,13.4684703,4.57,100,4.795790545596741,1,1,0
100.0,4,1.0,1.0,Entire home/apt,52.4839516,13.4684703,4.75,100,4.605170185988092,1,1,0
146.0,3,1.0,1.0,Entire home/apt,52.55209773564175,13.41182492645875,4.92,26,4.983606621708336,1,1,0
143.0,7,2.0,1.0,Entire home/apt,52.4839506,13.4683253,4.7,94,4.962844630259907,1,1,0
91.0,5,2.0,1.0,Entire home/apt,52.6315,13.29663,4.56,16,4.51085950651685,1,1,0
160.0,6,1.0,1.0,Entire home/apt,52.4839506,13.4683253,4.7,91,5.075173815233827,1,1,0
97.0,2,0.0,1.0,Entire home/apt,52.5517616,13.4152986,0.0,0,4.574710978503383,1,1,0
112.0,2,1.0,1.0,Entire home/apt,52.4828068,13.2905687,0.0,0,4.718498871295094,1,1,0
92.0,2,1.0,1.0,Entire home/apt,52.514426612601135,13.459470571411789,4.38,8,4.5217885770490405,1,1,1
130.0,2,1.0,1.0,Entire home/apt,52.49268,13.41499,4.89,84,4.867534450455582,0,1,0
103.0,1,1.0,1.0,Entire home/apt,52.5101744,13.4642644,4.83,6,4.634728988229636,0,1,0
53.0,1,2.0,1.0,Private room,52.50930407953516,13.310420809034785,4.94,69,3.970291913552122,1,1,0
146.0,2,0.0,1.0,Entire home/apt,52.49061,13.4897,4.79,28,4.983606621708336,1,1,1
177.0,3,1.0,1.0,Entire home/apt,52.50634885550247,13.344556473953212,4.92,12,5.176149732573829,1,1,0
122.0,4,2.0,1.0,Entire home/apt,52.6088,13.31205,0.0,0,4.804021044733257,1,1,0
62.0,2,1.0,1.0,Entire home/apt,52.5226627,13.4098361,0.0,0,4.127134385045092,1,1,0
320.0,6,3.0,1.0,Entire home/apt,52.51246,13.40172,4.9,29,5.768320995793772,1,1,0
261.0,6,2.0,1.0,Entire home/apt,52.52462976054829,13.398605457404264,4.86,73,5.564520407322694,1,1,0
288.0,8,2.0,1.0,Entire home/apt,52.52502,13.39968,4.77,35,5.662960480135946,1,1,0
180.0,2,1.0,2.0,Entire home/apt,52.51825371,13.419368915869152,4.75,4,5.19295685089021,1,1,0
79.0,4,1.0,1.0,Entire home/apt,52.51268,13.43355,5.0,6,4.3694478524670215,1,1,0
132.0,3,1.0,1.0,Entire home/apt,52.55045589448202,13.39043387620458,5.0,1,4.882801922586371,1,1,1
59.0,2,1.0,1.0,Private room,52.55454,13.44677,4.98,112,4.07753744390572,1,0,0
143.0,6,2.0,1.0,Entire home/apt,52.51147,13.41691,4.33,18,4.962844630259907,1,1,0
45.0,2,1.0,1.0,Private room,52.60924059560011,13.23280000177205,4.95,39,3.80666248977032,1,1,0
133.0,9,2.0,1.0,Entire home/apt,52.52189,13.38612,4.88,89,4.890349128221754,1,1,0
49.0,2,1.0,1.0,Private room,52.41877,13.58078,5.0,1,3.8918202981106265,1,0,0
180.0,4,2.0,2.5,Entire home/apt,52.5268599,13.3320216,0.0,0,5.19295685089021,1,1,0
93.0,2,1.0,1.5,Private room,52.53042,13.34758,4.83,6,4.532599493153256,1,1,0
63.0,2,1.0,1.0,Private room,52.51598,13.33343,5.0,18,4.143134726391533,1,1,0
80.0,4,2.0,2.0,Entire home/apt,52.47221147477424,13.335795393500224,0.0,0,4.382026634673881,1,1,0
95.0,2,1.0,1.0,Entire home/apt,52.46648189217731,13.32460143928681,4.88,41,4.553876891600541,1,1,0
58.0,2,1.0,1.0,Entire home/apt,52.42482504523469,13.53557755767211,0.0,0,4.060443010546419,1,1,0
61.0,1,1.0,1.5,Private room,52.5844,13.42957,5.0,4,4.110873864173311,1,1,1
56.0,4,1.0,1.0,Entire home/apt,52.3875386,13.6343853,0.0,0,4.02535169073515,1,1,0
81.0,2,0.0,1.0,Private room,52.49452,13.35156,5.0,9,4.394449154672439,1,0,0
49.0,2,1.0,1.0,Entire home/apt,52.51043,13.41572,5.0,2,3.8918202981106265,1,1,1
331.0,10,3.0,2.0,Entire home/apt,52.511219824838726,13.287792573218963,4.86,56,5.802118375377063,1,1,0
149.0,4,2.0,1.0,Entire home/apt,52.51083030764564,13.504363107715706,4.18,28,5.003946305945459,1,1,0
72.0,2,1.0,1.0,Entire home/apt,52.49783,13.44517,0.0,0,4.276666119016055,1,1,0
159.0,4,2.0,1.0,Entire home/apt,52.51061086136503,13.504420499222354,4.44,27,5.068904202220232,1,1,0
105.0,6,3.0,1.0,Entire home/apt,52.51237097876563,13.45424906482808,0.0,0,4.653960350157523,1,1,0
99.0,2,1.0,1.0,Private room,52.495050594568006,13.43055895706001,4.8,5,4.59511985013459,1,0,0
117.0,2,1.0,1.0,Entire home/apt,52.53442,13.42988,5.0,7,4.762173934797756,1,1,0
100.0,10,3.0,2.0,Entire home/apt,52.4473536,13.618211,0.0,0,4.605170185988092,1,1,0
162.0,2,1.0,1.0,Entire home/apt,52.48717969661576,13.354099650262436,5.0,11,5.087596335232384,1,1,0
98.0,2,0.0,1.0,Entire home/apt,52.5285,13.40076,4.96,102,4.584967478670572,1,1,0
274.0,4,1.0,1.0,Entire home/apt,52.5645672,13.2328542,5.0,2,5.613128106388071,1,1,0
261.0,4,2.0,1.5,Entire home/apt,52.53322491171805,13.380144014954569,4.67,21,5.564520407322694,1,1,0
82.0,2,1.0,1.0,Private room,52.50964693778743,13.448727553967284,4.97,60,4.406719247264253,1,1,0
128.0,4,1.0,1.0,Entire home/apt,52.444461004555805,13.318594050926208,4.98,47,4.852030263919617,1,1,0
97.0,2,1.0,1.0,Entire home/apt,52.4805757,13.4302446,0.0,0,4.574710978503383,1,1,0
122.0,2,1.0,1.0,Entire home/apt,52.51067959999999,13.4581918,0.0,0,4.804021044733257,1,1,0
249.0,3,2.0,1.0,Entire home/apt,52.5556653,13.4080031,0.0,0,5.517452896464707,1,1,0
105.0,2,1.0,1.0,Entire home/apt,52.43774694254892,13.263295379199436,4.82,68,4.653960350157523,1,1,0
129.0,2,1.0,1.0,Private room,52.50587,13.30161,4.0,39,4.859812404361672,1,0,0
105.0,5,1.0,1.0,Entire home/apt,52.45913534616719,13.32450873,4.87,99,4.653960350157523,1,1,0
79.0,6,1.0,1.0,Entire home/apt,52.48064602273905,13.34936727468579,4.78,69,4.3694478524670215,1,1,0
113.0,3,1.0,1.0,Entire home/apt,52.481205466256846,13.445836937884476,4.86,7,4.727387818712341,1,1,0
38.0,2,1.0,1.0,Private room,52.47517029999999,13.5302836,4.79,87,3.6375861597263857,1,0,0
180.0,3,1.0,1.0,Entire home/apt,52.51344253250325,13.467452738677808,4.89,9,5.19295685089021,1,1,0
101.0,1,1.0,1.0,Entire home/apt,52.5453757,13.4137611,5.0,5,4.61512051684126,1,1,0
81.0,2,0.0,1.0,Entire home/apt,52.51375,13.33855,4.83,106,4.394449154672439,1,1,0
73.0,5,1.0,1.0,Private room,52.4808436,13.5291331,5.0,36,4.290459441148391,1,1,0
50.0,2,1.0,1.0,Entire home/apt,52.54706410097588,13.356487173227542,4.67,3,3.912023005428146,1,1,0
85.0,4,2.0,1.0,Entire home/apt,52.54376425582672,13.422177826926664,5.0,1,4.442651256490317,1,1,0
115.0,5,2.0,1.0,Entire home/apt,52.49403187157678,13.365107231450216,4.86,14,4.74493212836325,1,1,1
288.0,8,2.0,1.0,Entire home/apt,52.52309704126222,13.398668362880814,4.86,37,5.662960480135946,1,1,0
288.0,8,2.0,1.0,Entire home/apt,52.52520318839266,13.399496506298007,4.67,24,5.662960480135946,1,1,0
288.0,8,2.0,1.0,Entire home/apt,52.52337297793435,13.399821640837672,4.77,30,5.662960480135946,1,1,0
115.0,3,2.0,1.0,Entire home/apt,52.52995,13.3974,4.47,17,4.74493212836325,1,1,0
288.0,8,2.0,1.0,Entire home/apt,52.52336504816873,13.400464454676989,4.83,30,5.662960480135946,1,1,0
72.0,2,1.0,1.0,Private room,52.52495292525618,13.528018509159812,0.0,0,4.276666119016055,1,1,0
71.0,2,1.0,0.5,Private room,52.5404,13.42062,4.99,102,4.262679877041316,1,1,0
288.0,8,2.0,1.0,Entire home/apt,52.52532703699443,13.398988985172846,4.79,24,5.662960480135946,1,1,0
295.0,9,2.0,1.0,Entire home/apt,52.52469,13.39853,4.73,33,5.68697535633982,1,1,0
187.0,4,1.0,1.0,Entire home/apt,52.52496,13.40046,4.59,22,5.231108616854587,1,1,0
86.0,2,1.0,1.0,Private room,52.48685390000001,13.4305958,5.0,21,4.454347296253507,1,1,0
52.0,2,1.0,0.5,Private room,52.5306503,13.3360129,4.96,28,3.951243718581428,1,1,0
35.0,2,1.0,1.0,Private room,52.50557827,13.469087858821078,0.0,0,3.555348061489413,1,1,0
268.0,6,3.0,1.0,Entire home/apt,52.51296077740571,13.402765765786173,4.59,29,5.5909869805108565,1,1,0
35.0,1,1.0,1.0,Private room,52.52329658434523,13.357238955795763,5.0,2,3.555348061489413,1,1,0
79.0,4,1.0,1.0,Private room,52.48266,13.37344,4.61,31,4.3694478524670215,1,0,0
260.0,8,3.0,1.0,Entire home/apt,52.51275293,13.402089951127785,4.8,35,5.560681631015528,1,1,0
32.0,2,1.0,1.0,Entire home/apt,52.57252,13.51779,4.0,1,3.4657359027997265,1,0,0
276.0,8,2.0,1.0,Entire home/apt,52.52522,13.39994,4.72,39,5.62040086571715,1,1,0
99.0,5,1.0,1.0,Entire home/apt,52.50148,13.48261,4.61,23,4.59511985013459,1,1,0
115.0,6,1.0,1.0,Entire home/apt,52.50307432523916,13.48268912326884,4.64,25,4.74493212836325,1,1,0
131.0,2,0.0,1.0,Entire home/apt,52.5317948,13.4248182,0.0,0,4.875197323201151,1,1,0
132.0,2,1.0,1.0,Entire home/apt,52.50601,13.39027,0.0,0,4.882801922586371,1,1,0
93.0,2,0.0,1.0,Entire home/apt,52.4828928,13.2905235,0.0,0,4.532599493153256,1,1,0
48.0,2,1.0,1.0,Entire home/apt,52.52086851014333,13.342016934821544,0.0,0,3.871201010907891,1,1,0
118.0,2,1.0,1.0,Entire home/apt,52.52284269292692,13.38118638843298,4.78,27,4.770684624465665,1,1,0
500.0,2,1.0,1.0,Private room,52.4969373,13.3072214,0.0,0,6.214608098422191,1,0,1
180.0,4,2.0,1.0,Entire home/apt,52.4847759,13.3542221,4.96,112,5.19295685089021,1,1,0
124.0,2,2.0,1.0,Entire home/apt,52.489761300185066,13.391385488212109,5.0,7,4.820281565605037,1,1,0
96.0,2,1.0,1.0,Entire home/apt,52.49300731522317,13.397415908025758,5.0,1,4.564348191467836,1,1,0
154.0,3,1.0,1.5,Entire home/apt,52.52358836679809,13.384801615344257,4.77,57,5.0369526024136295,0,1,0
115.0,4,1.0,1.0,Entire home/apt,52.53058282855572,13.3259336,4.95,83,4.74493212836325,1,1,0
115.0,2,0.0,1.0,Entire home/apt,52.5027,13.32538,4.95,19,4.74493212836325,1,1,0
247.0,4,2.0,1.0,Entire home/apt,52.52262,13.44979,0.0,0,5.5093883366279774,1,1,0
118.0,2,1.0,1.0,Entire home/apt,52.4837212,13.2916297,0.0,0,4.770684624465665,1,1,0
118.0,2,1.0,1.0,Entire home/apt,52.4888522,13.3290707,0.0,0,4.770684624465665,1,1,0
124.0,2,1.0,1.5,Entire home/apt,52.4888522,13.3290707,0.0,0,4.820281565605037,1,1,0
93.0,2,0.0,1.0,Private room,52.50437,13.48958,5.0,2,4.532599493153256,1,1,0
103.0,1,1.0,1.0,Private room,52.471669060144734,13.444480705466836,5.0,8,4.634728988229636,1,1,0
135.0,4,2.0,1.0,Entire home/apt,52.38438,13.40215,4.75,12,4.90527477843843,1,1,0
143.0,4,2.0,1.0,Private room,52.50185371698758,13.31675040952621,5.0,9,4.962844630259907,1,1,0
79.0,2,1.0,1.0,Private room,52.49299,13.43329,4.9,69,4.3694478524670215,1,1,0
261.0,6,3.0,1.5,Entire home/apt,52.52550217258497,13.398855207676608,4.73,55,5.564520407322694,1,1,0
288.0,8,2.0,1.0,Entire home/apt,52.52540891,13.398775073992123,4.79,24,5.662960480135946,1,1,0
261.0,6,3.0,1.5,Entire home/apt,52.52361857379508,13.398492913094255,4.71,66,5.564520407322694,1,1,0
288.0,8,2.0,1.0,Entire home/apt,52.52397939537204,13.40041038915306,4.82,38,5.662960480135946,1,1,0
122.0,4,2.0,1.0,Entire home/apt,52.59576149999999,13.347228,4.76,21,4.804021044733257,1,1,1
463.0,6,3.0,2.0,Entire home/apt,52.529817819037305,13.4067837,5.0,1,6.137727054086234,1,1,0
153.0,4,2.0,1.0,Entire home/apt,52.49274765765804,13.42021660957683,4.53,79,5.030437921392435,1,1,0
92.0,2,0.0,1.0,Entire home/apt,52.553287106477725,13.44880538095094,4.87,67,4.5217885770490405,1,1,0
506.0,6,3.0,2.0,Entire home/apt,52.53181702,13.40594618,5.0,2,6.226536669287466,1,1,0
288.0,8,2.0,1.0,Entire home/apt,52.52384273719799,13.398221989165773,4.9,51,5.662960480135946,1,1,0
243.0,6,2.0,1.0,Entire home/apt,52.52476638628634,13.398307447722466,4.8,20,5.493061443340548,1,1,0
60.0,2,1.0,1.0,Entire home/apt,52.48973443484611,13.331717918792664,0.0,0,4.0943445622221,1,1,0
136.0,6,3.0,1.0,Entire home/apt,52.40743,13.66954,0.0,0,4.912654885736052,1,1,0
170.0,4,1.0,1.0,Entire home/apt,52.46303,13.33744,4.88,74,5.135798437050262,1,1,0
158.0,6,2.0,1.0,Entire home/apt,52.5115059,13.4169484,4.39,36,5.062595033026967,1,1,0
260.0,10,3.0,2.0,Entire home/apt,52.5115059,13.4169484,4.46,24,5.560681631015528,1,1,0
175.0,6,2.0,1.0,Entire home/apt,52.5115059,13.4169484,4.07,15,5.1647859739235145,1,1,0
196.0,10,3.0,2.0,Entire home/apt,52.5115059,13.4169484,4.1,21,5.278114659230517,1,1,0
154.0,3,1.0,1.0,Entire home/apt,52.49361930020122,13.39214633180604,4.93,60,5.0369526024136295,1,1,0
162.0,4,2.0,1.0,Entire home/apt,52.4955261,13.4868397,4.57,7,5.087596335232384,0,1,0
97.0,6,2.0,1.0,Entire home/apt,52.4137041,13.5049537,4.75,36,4.574710978503383,1,1,0
195.0,5,3.0,2.0,Entire home/apt,52.53590983345115,13.430054456864752,0.0,0,5.272999558563747,1,1,0
108.0,2,2.0,1.0,Private room,52.49705,13.47042,4.76,17,4.68213122712422,1,1,0
35.0,2,1.0,1.0,Private room,52.49486075496184,13.436155664980966,4.83,12,3.555348061489413,1,1,0
60.0,2,1.0,1.0,Private room,52.55825832648294,13.343323284655767,4.99,67,4.0943445622221,1,0,0
131.0,2,1.0,1.0,Private room,52.49864415742651,13.313833764640693,0.0,0,4.875197323201151,1,0,0
163.0,4,1.0,1.0,Private room,52.49667787443306,13.31447025618274,5.0,1,5.093750200806762,1,1,0
322.0,4,2.0,2.0,Entire home/apt,52.544786525405605,13.367345859833147,4.85,54,5.7745515455444085,1,0,0
81.0,1,1.0,1.0,Private room,52.49544923281695,13.424031984655777,4.84,56,4.394449154672439,1,1,0
65.0,1,1.0,1.0,Private room,52.49529246507498,13.424096357672134,4.62,42,4.174387269895637,1,1,0
56.0,1,1.0,1.0,Private room,52.495606,13.4240749,4.61,59,4.02535169073515,1,1,0
122.0,4,1.0,1.0,Entire home/apt,52.506810455661466,13.318066969513891,4.68,25,4.804021044733257,1,1,0
172.0,4,2.0,1.0,Entire home/apt,52.4731904,13.4404607,0.0,0,5.147494476813453,1,1,0
219.0,10,3.0,2.0,Entire home/apt,52.51156539999999,13.4701854,4.88,57,5.389071729816501,1,1,0
46.0,2,1.0,1.0,Private room,52.4506958,13.5850396,5.0,5,3.828641396489095,1,1,0
67.0,2,1.0,1.0,Entire home/apt,52.480067559864935,13.32411811177674,0.0,0,4.204692619390966,1,1,0
553.0,9,3.0,2.0,Entire home/apt,52.57055,13.37954,0.0,0,6.315358001522335,1,1,0
155.0,3,1.0,1.0,Entire home/apt,52.55233,13.41398,5.0,20,5.043425116919247,1,1,0
247.0,8,2.0,1.0,Entire home/apt,52.56098910111746,13.472866331431842,4.8,41,5.5093883366279774,1,1,0
367.0,9,4.0,2.0,Entire home/apt,52.51234,13.40383,4.71,76,5.905361848054571,1,1,0
271.0,7,3.0,2.0,Entire home/apt,52.5019354,13.4172705,4.89,36,5.602118820879701,1,1,0
182.0,7,2.0,1.0,Entire home/apt,52.4856,13.46403,4.79,58,5.204006687076795,1,1,0
82.0,2,1.0,1.0,Entire home/apt,52.54823,13.20869,0.0,0,4.406719247264253,1,1,0
106.0,4,1.0,1.0,Entire home/apt,52.5487296,13.20717942810329,0.0,0,4.663439094112067,1,1,0
58.0,2,1.0,1.0,Private room,52.52225692280497,13.473681926819864,5.0,19,4.060443010546419,1,0,0
193.0,2,1.0,1.0,Private room,52.50561,13.32071,4.5,2,5.262690188904886,1,0,1
86.0,2,1.0,1.0,Entire home/apt,52.55235,13.38481,4.33,6,4.454347296253507,0,1,0
65.0,2,1.0,1.0,Private room,52.415206,13.5179019,5.0,35,4.174387269895637,1,1,0
93.0,3,1.0,1.0,Entire home/apt,52.52431878714972,13.417501913227136,4.72,32,4.532599493153256,1,1,1
93.0,2,1.0,1.0,Entire home/apt,52.47341,13.44101,0.0,0,4.532599493153256,1,1,0
96.0,2,1.0,1.0,Entire home/apt,52.52111610165113,13.325791991311313,4.76,92,4.564348191467836,1,1,0
178.0,3,1.0,1.0,Entire home/apt,52.5024253,13.4410753,4.22,9,5.181783550292085,1,1,0
28.0,1,4.0,1.0,Private room,52.4857,13.2962,4.0,1,3.332204510175204,1,1,0
104.0,2,1.0,2.0,Private room,52.49595739999999,13.415387,4.98,81,4.6443908991413725,1,0,1
72.0,4,1.0,1.0,Entire home/apt,52.51144,13.46031,0.0,0,4.276666119016055,1,1,0
42.0,2,1.0,1.0,Private room,52.49197132314616,13.317820146843752,0.0,0,3.737669618283368,1,1,0
215.0,4,1.0,1.0,Entire home/apt,52.49983109999999,13.4758279,5.0,6,5.3706380281276624,1,1,0
110.0,4,1.0,2.0,Entire home/apt,52.5077821,13.316116527848706,0.0,0,4.700480365792417,1,1,0
137.0,4,3.0,1.0,Entire home/apt,52.50585,13.38018,0.0,0,4.919980925828125,1,1,0
139.0,4,3.0,1.0,Entire home/apt,52.50585,13.38018,0.0,0,4.934473933130692,1,1,0
270.0,3,1.0,2.0,Entire home/apt,52.50442,13.4747,4.9,20,5.598421958998375,1,1,0
115.0,5,1.0,1.0,Entire home/apt,52.50311276970152,13.480724254000592,4.68,31,4.74493212836325,1,1,0
51.0,2,1.0,2.0,Private room,52.50395,13.30618,5.0,2,3.9318256327243257,1,1,0
205.0,5,1.0,1.0,Entire home/apt,52.51054237075891,13.298407173541271,0.0,0,5.3230099791384085,1,1,0
150.0,3,1.0,1.0,Entire home/apt,52.5389107,13.4074772,5.0,10,5.010635294096256,1,1,0
114.0,2,1.0,0.5,Private room,52.5609,13.35,0.0,0,4.736198448394496,1,1,0
81.0,2,1.0,1.0,Entire home/apt,52.55425536633252,13.449824297561369,3.89,19,4.394449154672439,1,1,0
120.0,4,2.0,1.0,Entire home/apt,52.50427,13.30946,0.0,0,4.787491742782046,1,1,0
142.0,4,2.0,1.0,Entire home/apt,52.55513286078546,13.495982614362555,4.82,34,4.955827057601261,1,1,0
322.0,4,2.0,1.5,Entire home/apt,52.52785,13.39758,4.67,24,5.7745515455444085,1,1,0
91.0,3,1.0,1.0,Entire home/apt,52.539254934745394,13.411618899554014,4.79,47,4.51085950651685,1,1,0
191.0,2,1.0,1.0,Entire home/apt,52.50702788,13.266615201622166,5.0,8,5.25227342804663,1,1,0
87.0,2,1.0,1.0,Entire home/apt,52.49675379471787,13.483710550262469,4.87,54,4.465908118654584,1,1,1
124.0,2,1.0,1.0,Entire home/apt,52.50227229999999,13.3130205,0.0,0,4.820281565605037,1,1,0
73.0,4,1.0,1.0,Entire home/apt,52.5637921,13.3630624,4.8,40,4.290459441148391,1,1,0
99.0,4,1.0,1.0,Entire home/apt,52.54036041311281,13.411813359707594,4.88,49,4.59511985013459,1,1,0
105.0,5,1.0,1.0,Entire home/apt,52.539459741832765,13.41092286631465,4.78,69,4.653960350157523,1,1,0
96.0,4,1.0,1.0,Entire home/apt,52.54063,13.41047,4.6,88,4.564348191467836,1,1,0
133.0,3,1.0,1.0,Entire home/apt,52.54617800234506,13.425727621121876,4.81,37,4.890349128221754,1,1,0
60.0,2,1.0,1.0,Private room,52.49395,13.39791,4.89,38,4.0943445622221,0,1,0
107.0,4,1.0,1.0,Entire home/apt,52.53331282162199,13.195643573999403,0.0,0,4.672828834461906,1,1,0
208.0,8,2.0,1.0,Entire home/apt,52.44963012039005,13.437856151501515,4.86,21,5.337538079701318,1,1,0
400.0,4,3.0,2.0,Entire home/apt,52.50086257449824,13.30421173402474,0.0,0,5.991464547107982,1,1,0
67.0,2,1.0,1.0,Private room,52.56454552073711,13.406080528508417,4.95,19,4.204692619390966,1,1,1
80.0,5,1.0,1.0,Entire home/apt,52.55342071063442,13.43656950628786,4.58,36,4.382026634673881,1,1,0
158.0,6,2.0,2.0,Entire home/apt,52.5518888345088,13.41791295602522,0.0,0,5.062595033026967,1,1,1
136.0,4,1.0,1.0,Entire home/apt,52.49771348307069,13.3174353231675,0.0,0,4.912654885736052,1,1,0
68.0,2,1.0,1.0,Private room,52.52475,13.32749,4.9,21,4.219507705176107,1,1,0
180.0,3,1.0,1.0,Entire home/apt,52.54077,13.41952,5.0,1,5.19295685089021,1,1,0
89.0,2,1.0,1.0,Entire home/apt,52.48532,13.32597,5.0,2,4.48863636973214,1,1,0
200.0,3,1.0,1.0,Entire home/apt,52.51045,13.29752,4.38,8,5.298317366548036,1,1,0
118.0,4,1.0,1.0,Entire home/apt,52.49722333579185,13.38523370559039,4.65,37,4.770684624465665,1,1,0
175.0,7,3.0,2.0,Entire home/apt,52.50190913223731,13.321422671429737,0.0,0,5.1647859739235145,1,1,1
36.0,1,1.0,1.0,Shared room,52.5239031,13.3909164,3.56,9,3.58351893845611,1,0,0
37.0,1,1.0,1.0,Shared room,52.5239031,13.3909164,4.0,1,3.610917912644224,1,0,0
129.0,3,1.0,1.0,Entire home/apt,52.48527,13.32685,4.67,3,4.859812404361672,1,1,0
38.0,1,1.0,1.0,Shared room,52.5239031,13.3909164,4.7,53,3.6375861597263857,1,0,0
129.0,3,1.0,1.0,Entire home/apt,52.48735176893652,13.325914441192683,5.0,2,4.859812404361672,1,1,0
100.0,1,1.0,1.0,Entire home/apt,52.54497,13.4181,4.43,7,4.605170185988092,1,1,0
40.0,1,1.0,1.0,Shared room,52.5239031,13.3909164,3.67,3,3.688879454113936,1,0,0
43.0,1,1.0,1.0,Shared room,52.5239031,13.3909164,4.75,4,3.7612001156935615,1,0,0
140.0,2,1.0,1.0,Private room,52.5239031,13.3909164,5.0,1,4.941642422609304,1,0,0
200.0,4,1.0,1.0,Private room,52.5239031,13.3909164,5.0,1,5.298317366548036,1,0,0
272.0,6,1.0,1.0,Private room,52.5239031,13.3909164,3.0,2,5.605802066295998,1,0,0
344.0,8,1.0,1.0,Private room,52.5239031,13.3909164,3.0,1,5.840641657373398,1,0,0
362.0,8,1.0,1.0,Private room,52.5239031,13.3909164,4.0,1,5.891644211825772,1,0,0
113.0,2,1.0,1.0,Entire home/apt,52.5018632,13.3165361,4.29,59,4.727387818712341,1,1,0
107.0,4,1.0,1.0,Entire home/apt,52.5018632,13.3165361,4.48,27,4.672828834461906,1,1,0
89.0,2,1.0,1.0,Entire home/apt,52.5018632,13.3165361,4.29,28,4.48863636973214,1,1,0
85.0,2,0.0,1.0,Entire home/apt,52.47285,13.44884,4.89,37,4.442651256490317,1,1,0
132.0,1,1.0,1.0,Private room,52.4639837,13.4443385,4.84,32,4.882801922586371,1,0,1
152.0,2,1.0,1.0,Private room,52.4639837,13.4443385,4.73,15,5.0238805208462765,1,0,1
120.0,2,1.0,1.0,Entire home/apt,52.52892286,13.414361384173503,5.0,25,4.787491742782046,1,1,0
53.0,2,1.0,1.0,Private room,52.5567595,13.4707424,5.0,15,3.970291913552122,1,1,0
37.0,2,1.0,1.0,Private room,52.49847738983654,13.388447446711824,4.87,93,3.610917912644224,1,1,0
171.0,2,1.0,1.0,Entire home/apt,52.46910375143968,13.316310803774591,5.0,2,5.14166355650266,1,1,0
279.0,4,2.0,1.0,Entire home/apt,52.5085293,13.4535958,5.0,17,5.631211781821365,1,1,0
176.0,4,1.0,1.0,Entire home/apt,52.49893700454002,13.315871157942825,5.0,16,5.170483995038151,1,1,0
44.0,2,1.0,1.0,Private room,52.52234180230992,13.356239901103343,5.0,1,3.784189633918261,1,1,0
73.0,2,1.0,1.0,Entire home/apt,52.60197215032364,13.322494060004638,5.0,3,4.290459441148391,1,1,0
178.0,4,1.0,1.0,Entire home/apt,52.54031940456444,13.353898357663445,4.95,20,5.181783550292085,1,1,0
52.0,1,1.0,1.0,Private room,52.49976,13.433,4.94,96,3.951243718581428,1,1,0
53.0,1,1.0,1.0,Private room,52.5492415,13.34872,4.78,23,3.970291913552122,1,1,0
77.0,1,0.0,1.0,Entire home/apt,52.5001715,13.3151285,5.0,1,4.343805421853684,1,0,0
137.0,2,1.0,1.0,Private room,52.52534,13.38898,3.0,4,4.919980925828125,1,0,0
150.0,4,1.0,1.0,Entire home/apt,52.529824437684766,13.38122181713516,4.87,31,5.010635294096256,1,1,0
77.0,3,3.0,1.0,Entire home/apt,52.5113835,13.3143172,0.0,0,4.343805421853684,1,1,0
49.0,2,1.0,1.0,Private room,52.530610641838926,13.40323859,0.0,0,3.8918202981106265,1,1,0
113.0,3,6.0,2.5,Private room,52.47752862163798,13.447295795351408,0.0,0,4.727387818712341,1,1,0
200.0,6,2.0,1.0,Entire home/apt,52.5249667,13.3968197,4.67,52,5.298317366548036,1,1,0
115.0,2,1.0,1.0,Entire home/apt,52.48943953,13.291944480079032,0.0,0,4.74493212836325,1,1,0
328.0,6,3.0,1.0,Entire home/apt,52.50472,13.32033,4.5,30,5.793013608384144,1,1,0
260.0,6,2.0,1.0,Entire home/apt,52.51375199069668,13.403741719290077,4.86,43,5.560681631015528,1,1,0
110.0,4,1.0,1.0,Private room,52.4881924,13.2842193,4.94,31,4.700480365792417,1,1,0
78.0,3,1.0,1.0,Private room,52.55455,13.41411,0.0,0,4.356708826689592,1,1,0
98.0,2,1.0,1.0,Entire home/apt,52.52323,13.32429,4.71,77,4.584967478670572,1,1,0
44.0,3,2.0,1.0,Entire home/apt,52.49669089092109,13.445271335489483,0.0,0,3.784189633918261,1,1,0
108.0,2,1.0,1.0,Entire home/apt,52.46066646247829,13.57846376,0.0,0,4.68213122712422,0,0,0
159.0,4,1.0,1.0,Entire home/apt,52.51062567,13.504242843622672,4.73,15,5.068904202220232,1,1,0
150.0,3,1.0,1.0,Entire home/apt,52.5306253,13.4070332,4.83,6,5.010635294096256,1,1,0
74.0,4,1.0,1.0,Entire home/apt,52.5002727,13.4602556,4.5,40,4.30406509320417,1,1,0
83.0,3,1.0,1.0,Entire home/apt,52.52031,13.34278,4.74,47,4.418840607796598,1,1,0
422.0,4,1.0,2.0,Entire home/apt,52.51996,13.44536,5.0,2,6.045005314036012,1,1,0
180.0,8,4.0,2.5,Entire home/apt,52.50346419359457,13.328521637329608,0.0,0,5.19295685089021,1,1,1
95.0,2,1.0,1.0,Entire home/apt,52.4989,13.46478,4.75,4,4.553876891600541,1,1,0
176.0,8,1.0,1.0,Entire home/apt,52.490037486418046,13.408220264770035,4.88,26,5.170483995038151,1,1,0
162.0,4,2.0,1.0,Entire home/apt,52.46196923894554,13.592086136341097,5.0,29,5.087596335232384,1,1,0
132.0,1,1.0,1.0,Entire home/apt,52.4609687,13.519843,5.0,1,4.882801922586371,0,0,0
106.0,1,1.0,1.0,Entire home/apt,52.4609687,13.519843,0.0,0,4.663439094112067,1,1,0
132.0,2,1.0,1.0,Entire home/apt,52.4609687,13.519843,5.0,2,4.882801922586371,1,1,0
107.0,1,1.0,1.0,Entire home/apt,52.4609687,13.519843,0.0,0,4.672828834461906,0,0,0
82.0,1,1.0,1.0,Entire home/apt,52.4609687,13.519843,0.0,0,4.406719247264253,0,0,0
99.0,1,1.0,1.0,Entire home/apt,52.4609687,13.519843,0.0,0,4.59511985013459,0,0,0
90.0,2,1.0,1.0,Entire home/apt,52.5002715,13.3356028,0.0,0,4.499809670330265,1,1,0
87.0,2,1.0,1.0,Entire home/apt,52.51099749999999,13.4583393,0.0,0,4.465908118654584,1,1,0
187.0,3,2.0,1.0,Entire home/apt,52.4828068,13.2905687,0.0,0,5.231108616854587,1,1,0
122.0,2,1.0,1.0,Entire home/apt,52.4834109,13.2914019,0.0,0,4.804021044733257,1,1,0
345.0,8,2.0,2.0,Entire home/apt,52.53787227026538,13.37525043,0.0,0,5.84354441703136,1,1,0
51.0,2,1.0,1.0,Entire home/apt,52.50954931953915,13.422535523803704,0.0,0,3.9318256327243257,1,1,0
72.0,4,1.0,1.0,Entire home/apt,52.48488,13.4288,0.0,0,4.276666119016055,0,1,0
66.0,2,1.0,1.0,Private room,52.51135,13.46686,5.0,1,4.189654742026425,1,0,0
29.0,1,1.0,1.0,Private room,52.57009,13.31843,0.0,0,3.367295829986474,1,1,0
165.0,2,1.0,1.0,Private room,52.5038752,13.3743635,4.89,53,5.10594547390058,1,1,0
10.0,1,1.0,1.0,Entire home/apt,52.48837911195095,13.449733470157346,0.0,0,2.302585092994046,1,1,0
172.0,3,1.0,1.0,Entire home/apt,52.509672540446914,13.372783843172442,4.77,30,5.147494476813453,1,1,0
84.0,3,1.0,1.0,Entire home/apt,52.47891320986739,13.429963300433096,0.0,0,4.430816798843313,1,1,0
123.0,5,2.0,1.0,Entire home/apt,52.42103698919507,13.532415404383553,4.96,28,4.812184355372417,1,1,0
135.0,4,1.0,1.0,Entire home/apt,52.52453,13.41682,4.86,44,4.90527477843843,1,1,0
60.0,2,1.0,1.0,Private room,52.49644,13.44199,4.93,15,4.0943445622221,1,1,0
196.0,3,1.0,1.0,Private room,52.5160889,13.4145751,4.68,25,5.278114659230517,1,1,0
225.0,4,1.0,0.0,Private room,52.5160889,13.4145751,4.96,26,5.41610040220442,1,1,0
92.0,2,1.0,1.0,Entire home/apt,52.46825,13.42444,0.0,0,4.5217885770490405,1,1,0
391.0,4,2.0,0.0,Private room,52.5160889,13.4145751,0.0,0,5.968707559985366,1,0,0
235.0,4,1.0,0.0,Private room,52.5160889,13.4145751,5.0,11,5.459585514144159,1,1,0
263.0,4,1.0,0.0,Private room,52.5160889,13.4145751,0.0,0,5.572154032177765,1,1,0
198.0,3,1.0,1.0,Entire home/apt,52.51845980880686,13.332756944836108,5.0,25,5.288267030694535,1,1,0
126.0,4,2.0,1.0,Entire home/apt,52.47805012756732,13.530983372447569,4.32,31,4.836281906951478,1,1,0
184.0,4,2.0,1.0,Entire home/apt,52.5008415,13.359691,5.0,1,5.214935757608986,1,1,0
72.0,2,1.0,1.0,Private room,52.55453049297236,13.34405649660789,4.92,13,4.276666119016055,1,1,0
160.0,2,1.0,1.0,Entire home/apt,52.5339155,13.4122988,0.0,0,5.075173815233827,1,1,0
81.0,2,1.0,1.0,Entire home/apt,52.56468273733033,13.322015999446062,4.95,58,4.394449154672439,1,1,0
125.0,3,1.0,1.0,Entire home/apt,52.49098626628005,13.488457504754631,4.33,9,4.8283137373023015,1,1,1
121.0,2,1.0,1.0,Private room,52.49216922914429,13.42942838740377,5.0,4,4.795790545596741,1,0,0
113.0,2,1.0,1.0,Entire home/apt,52.5363090963828,13.394020546032731,5.0,5,4.727387818712341,1,1,0
86.0,2,1.0,1.0,Entire home/apt,52.4989229,13.3255613,0.0,0,4.454347296253507,1,1,0
90.0,2,1.0,1.0,Entire home/apt,52.50940894019455,13.422468094720465,0.0,0,4.499809670330265,1,1,0
95.0,2,1.0,1.0,Entire home/apt,52.515673,13.29348,0.0,0,4.553876891600541,1,1,0
61.0,2,1.0,1.5,Private room,52.50163,13.39072,4.89,19,4.110873864173311,1,1,0
81.0,4,1.0,1.0,Entire home/apt,52.50119790928452,13.433110567188116,5.0,2,4.394449154672439,1,1,0
97.0,2,1.0,1.0,Private room,52.52202,13.40386,4.7,253,4.574710978503383,1,0,1
69.0,3,1.0,1.0,Entire home/apt,52.48759634748669,13.363188162059275,4.83,24,4.23410650459726,1,0,0
63.0,2,1.0,1.0,Entire home/apt,52.5316383,13.3813953,0.0,0,4.143134726391533,1,1,0
62.0,2,1.0,1.0,Entire home/apt,52.56896538417264,13.34735079151906,0.0,0,4.127134385045092,1,1,0
124.0,2,1.0,1.0,Private room,52.5308,13.40552,4.87,15,4.820281565605037,1,1,0
191.0,3,2.0,1.0,Entire home/apt,52.53137,13.40516,0.0,0,5.25227342804663,0,1,0
80.0,3,1.0,1.0,Entire home/apt,52.54149,13.2022,5.0,2,4.382026634673881,1,1,0
57.0,4,1.0,1.0,Private room,52.48768,13.42005,4.73,95,4.04305126783455,1,1,0
134.0,5,3.0,2.0,Entire home/apt,52.41554,13.57445,5.0,1,4.897839799950911,1,1,0
104.0,2,1.0,1.0,Entire home/apt,52.53422,13.36705,0.0,0,4.6443908991413725,1,1,0
144.0,8,3.0,2.0,Entire home/apt,52.49435,13.56474,4.96,23,4.969813299576001,1,1,0
72.0,2,1.0,1.0,Entire home/apt,52.50084,13.32696,0.0,0,4.276666119016055,1,1,0
76.0,1,1.0,1.0,Entire home/apt,52.4609687,13.519843,4.0,1,4.330733340286331,0,0,0
60.0,4,1.0,1.0,Entire home/apt,52.55889790417086,13.368037042327892,0.0,0,4.0943445622221,1,1,0
100.0,2,1.0,1.0,Entire home/apt,52.42846976,13.690547682344912,4.92,25,4.605170185988092,1,1,0
36.0,2,1.0,1.0,Private room,52.571181046190524,13.332662924872944,0.0,0,3.58351893845611,1,1,0
427.0,6,3.0,1.5,Entire home/apt,52.54936167302456,13.45211440719938,4.5,2,6.056784013228625,1,1,0
120.0,2,1.0,1.0,Entire home/apt,52.5070584,13.4148384,4.88,34,4.787491742782046,1,1,0
157.0,4,2.0,1.0,Entire home/apt,52.4562169,13.3286116,0.0,0,5.056245805348308,1,1,0
59.0,4,1.0,1.0,Entire home/apt,52.42475885331868,13.160305473395823,0.0,0,4.07753744390572,1,1,0
123.0,2,1.0,1.0,Entire home/apt,52.48801898508369,13.432798687148964,4.79,19,4.812184355372417,1,1,0
162.0,5,4.0,3.0,Entire home/apt,52.54284746716165,13.132510761231703,4.56,25,5.087596335232384,1,1,0
206.0,6,3.0,2.0,Entire home/apt,52.602238371208365,13.457709488360612,4.33,3,5.327876168789581,1,1,1
81.0,2,1.0,1.0,Entire home/apt,52.55026789999999,13.2618219,4.77,56,4.394449154672439,1,1,0
238.0,4,2.0,1.0,Entire home/apt,52.54346,13.42537,5.0,1,5.472270673671475,1,1,0
132.0,2,1.0,1.0,Entire home/apt,52.50922828684189,13.31724873534604,4.73,40,4.882801922586371,1,1,0
107.0,2,1.0,1.0,Entire home/apt,52.513272,13.4632777,0.0,0,4.672828834461906,1,1,0
155.0,6,3.0,1.5,Entire home/apt,52.51952,13.62265,4.9,10,5.043425116919247,1,1,0
74.0,2,1.0,1.0,Private room,52.46705,13.43061,4.81,37,4.30406509320417,1,1,0
234.0,6,2.0,2.0,Entire home/apt,52.4909589,13.3926881,4.89,47,5.455321115357702,1,1,0
159.0,3,1.0,1.0,Entire home/apt,52.5016296,13.3373022,0.0,0,5.068904202220232,1,1,0
60.0,4,1.0,1.0,Entire home/apt,52.49974405242971,13.463525507409656,0.0,0,4.0943445622221,1,1,0
60.0,3,1.0,1.0,Entire home/apt,52.60852386861659,13.432429980776202,4.1,10,4.0943445622221,1,1,0
80.0,2,1.0,1.0,Entire home/apt,52.45457941394088,13.635276407003404,4.98,41,4.382026634673881,1,1,0
217.0,6,2.0,2.0,Entire home/apt,52.514507737018526,13.300129169888312,4.77,56,5.37989735354046,1,1,1
235.0,3,1.0,1.0,Entire home/apt,52.496956161003375,13.423086017315145,4.75,4,5.459585514144159,1,1,1
241.0,4,2.0,1.0,Entire home/apt,52.56053884925538,13.240754641592504,5.0,10,5.484796933490655,1,1,0
138.0,2,1.0,1.0,Entire home/apt,52.55327,13.4027,4.97,36,4.927253685157205,1,1,0
164.0,4,1.0,1.0,Entire home/apt,52.5531237,13.4027582,4.88,16,5.099866427824199,1,1,0
52.0,3,1.0,1.0,Entire home/apt,52.51015551807384,13.49435775007862,0.0,0,3.951243718581428,1,1,0
207.0,3,2.0,1.0,Entire home/apt,52.50519,13.41316,5.0,28,5.332718793265369,1,1,0
221.0,6,3.0,1.0,Entire home/apt,52.52907,13.39071,0.0,0,5.3981627015177525,1,1,0
152.0,7,2.0,1.5,Entire home/apt,52.49104,13.4341,4.71,79,5.0238805208462765,1,1,0
65.0,1,1.0,15.0,Private room,52.55763,13.34262,0.0,0,4.174387269895637,1,1,0
91.0,2,1.0,1.0,Entire home/apt,52.5868914,13.3898677,5.0,9,4.51085950651685,1,1,0
89.0,4,0.0,1.0,Entire home/apt,52.50694,13.32395,2.17,6,4.48863636973214,1,1,0
285.0,5,2.0,1.0,Entire home/apt,52.481505753865065,13.429802376299852,4.95,20,5.652489180268651,1,1,0
50.0,2,1.0,1.0,Private room,52.44194120576035,13.22304249022861,4.75,28,3.912023005428146,1,1,0
129.0,4,2.0,1.0,Entire home/apt,52.50485108121419,13.415913345899256,0.0,0,4.859812404361672,1,1,0
65.0,1,2.0,1.0,Private room,52.5514026,13.356817,4.52,42,4.174387269895637,1,1,0
179.0,3,1.0,1.0,Entire home/apt,52.51470685496078,13.435083923172972,5.0,55,5.187385805840755,1,1,1
287.0,6,3.0,1.0,Entire home/apt,52.51107,13.27893,5.0,4,5.659482215759621,1,1,0
109.0,2,1.0,1.0,Private room,52.5220159,13.4038642,4.76,127,4.691347882229144,1,0,1
48.0,2,1.0,1.0,Entire home/apt,52.46210169102087,13.374957431944596,0.0,0,3.871201010907891,1,1,0
144.0,4,1.0,1.0,Private room,52.5220159,13.4038642,4.7,71,4.969813299576001,1,0,1
666.0,14,6.0,1.0,Private room,52.5220159,13.4038642,4.5,2,6.501289670540389,1,0,1
67.0,2,1.0,1.0,Entire home/apt,52.537267135781946,13.40646158867833,0.0,0,4.204692619390966,1,1,0
70.0,2,1.0,1.0,Entire home/apt,52.5414505,13.4095488,0.0,0,4.248495242049359,1,1,0
102.0,4,2.0,1.0,Entire home/apt,52.491,13.43417,4.54,70,4.624972813284271,1,1,0
102.0,5,1.0,1.0,Entire home/apt,52.50133123304453,13.480576880836088,4.55,22,4.624972813284271,1,1,0
231.0,4,1.0,1.0,Entire home/apt,52.49775,13.464082,0.0,0,5.442417710521793,1,1,0
237.0,2,1.0,1.0,Entire home/apt,52.49775,13.464082,0.0,0,5.468060141135132,1,1,0
237.0,2,1.0,1.0,Entire home/apt,52.49775,13.464082,4.67,3,5.468060141135132,1,1,0
237.0,2,1.0,1.0,Entire home/apt,52.49775,13.464082,4.67,3,5.468060141135132,1,1,0
237.0,2,1.0,1.0,Entire home/apt,52.49775,13.464082,5.0,3,5.468060141135132,1,1,0
237.0,2,1.0,1.0,Entire home/apt,52.49775,13.464082,4.5,2,5.468060141135132,1,1,0
237.0,2,1.0,1.0,Entire home/apt,52.49775,13.464082,0.0,0,5.468060141135132,1,1,0
237.0,2,1.0,1.0,Entire home/apt,52.49775,13.464082,5.0,3,5.468060141135132,1,1,0
237.0,2,1.0,1.0,Entire home/apt,52.49775,13.464082,5.0,1,5.468060141135132,1,1,0
410.0,7,3.0,2.0,Entire home/apt,52.49775,13.464082,5.0,2,6.016157159698354,1,1,0
410.0,6,3.0,2.0,Entire home/apt,52.49775,13.464082,4.5,2,6.016157159698354,1,1,0
410.0,7,3.0,2.0,Entire home/apt,52.49775,13.464082,5.0,2,6.016157159698354,1,1,0
352.0,4,2.0,2.0,Entire home/apt,52.49775,13.464082,5.0,2,5.863631175598097,1,1,0
231.0,4,1.0,1.5,Entire home/apt,52.49775,13.464082,0.0,0,5.442417710521793,1,1,0
209.0,4,1.0,1.0,Entire home/apt,52.49775,13.464082,0.0,0,5.342334251964811,1,1,1
258.0,4,2.0,1.0,Entire home/apt,52.49775,13.464082,5.0,4,5.552959584921617,1,1,0
237.0,2,1.0,1.0,Entire home/apt,52.49775,13.464082,5.0,2,5.468060141135132,1,1,1
158.0,4,2.0,1.0,Entire home/apt,52.48784371409166,13.430318565499412,5.0,1,5.062595033026967,1,1,0
116.0,5,1.0,1.0,Entire home/apt,52.4891,13.43446,4.71,69,4.7535901911063645,1,1,0
89.0,2,1.0,1.0,Entire home/apt,52.55336538699802,13.448741007934585,4.85,60,4.48863636973214,1,1,0
50.0,2,1.0,1.0,Private room,52.55540775543284,13.16623294950296,5.0,1,3.912023005428146,1,1,0
1260.0,12,2.0,1.0,Entire home/apt,52.3800491,13.647661171853542,5.0,10,7.138866999945524,1,1,0
72.0,2,1.0,1.0,Entire home/apt,52.50433560438224,13.479157745882867,0.0,0,4.276666119016055,1,1,0
71.0,2,1.0,1.0,Entire home/apt,52.48275830406144,13.362282121066016,4.49,55,4.262679877041316,1,1,0
116.0,3,1.0,1.0,Entire home/apt,52.54013,13.40679,4.79,14,4.7535901911063645,1,1,1
148.0,4,1.0,1.0,Entire home/apt,52.51265,13.50212,4.46,24,4.997212273764115,1,1,0
198.0,4,2.0,1.5,Entire home/apt,52.49234,13.48005,0.0,0,5.288267030694535,1,1,0
160.0,8,4.0,2.0,Entire home/apt,52.5256596,13.4568447,5.0,1,5.075173815233827,1,1,0
104.0,4,2.0,1.0,Entire home/apt,52.53059518,13.43644115948764,0.0,0,4.6443908991413725,1,1,0
104.0,4,1.0,1.0,Entire home/apt,52.51803547039465,13.459631444644373,4.78,9,4.6443908991413725,1,1,0
139.0,2,1.0,1.0,Entire home/apt,52.5327893,13.3708787,5.0,5,4.934473933130692,1,1,0
70.0,2,1.0,1.0,Private room,52.48359,13.43382,4.92,38,4.248495242049359,1,1,0
215.0,7,3.0,1.0,Entire home/apt,52.5255562,13.3914843,4.33,76,5.3706380281276624,1,1,0
61.0,2,1.0,1.0,Entire home/apt,52.50022065480191,13.336000604797247,0.0,0,4.110873864173311,1,1,0
69.0,2,1.0,1.0,Private room,52.46950739,13.43565210741179,4.85,20,4.23410650459726,1,1,0
60.0,2,1.0,1.0,Entire home/apt,52.51979733374132,13.359872870071536,4.5,2,4.0943445622221,1,1,0
101.0,1,1.0,0.5,Private room,52.5629493760684,13.348552094278483,0.0,0,4.61512051684126,1,1,0
59.0,2,1.0,1.0,Entire home/apt,52.492866541666096,13.436542888301156,1.0,1,4.07753744390572,1,1,0
72.0,2,1.0,1.0,Entire home/apt,52.50920402159747,13.270527720230469,0.0,0,4.276666119016055,1,1,0
89.0,2,1.0,1.0,Entire home/apt,52.49132,13.43705,0.0,0,4.48863636973214,1,1,0
81.0,4,2.0,1.0,Private room,52.50959245361855,13.278982003704847,4.92,66,4.394449154672439,1,0,0
428.0,8,3.0,2.0,Entire home/apt,52.56083855238333,13.402088294201832,4.92,13,6.059123195581797,1,1,1
81.0,2,1.0,1.0,Entire home/apt,52.49419,13.34126,4.97,59,4.394449154672439,1,1,0
162.0,3,1.0,1.0,Entire home/apt,52.50423,13.30457,5.0,1,5.087596335232384,1,1,0
117.0,2,1.0,1.0,Entire home/apt,52.46881,13.43433,0.0,0,4.762173934797756,1,1,0
133.0,4,2.0,1.0,Entire home/apt,52.49745,13.39589,0.0,0,4.890349128221754,1,1,0
99.0,2,1.0,1.0,Entire home/apt,52.50534,13.41944,4.93,56,4.59511985013459,1,1,0
153.0,5,1.0,1.0,Entire home/apt,52.47938747,13.443731072344129,4.5,8,5.030437921392435,1,1,0
81.0,3,1.0,1.0,Private room,52.549716222765305,13.412115581831149,5.0,3,4.394449154672439,1,1,0
195.0,4,1.0,1.0,Entire home/apt,52.53723259387916,13.418888476721207,4.52,21,5.272999558563747,1,1,0
80.0,2,0.0,1.0,Private room,52.50227229999999,13.3130205,4.43,23,4.382026634673881,1,0,0
193.0,4,2.0,1.0,Entire home/apt,52.48818,13.41067,5.0,13,5.262690188904886,1,1,0
70.0,2,1.0,1.0,Entire home/apt,52.53076073900897,13.405511341989042,0.0,0,4.248495242049359,1,1,0
76.0,2,0.0,1.0,Private room,52.502221638058906,13.312461050262447,4.43,7,4.330733340286331,1,1,0
63.0,2,1.0,1.0,Private room,52.47534127510142,13.426644002773283,0.0,0,4.143134726391533,1,1,0
298.0,4,2.0,1.0,Entire home/apt,52.49752924877748,13.424619865606696,5.0,8,5.697093486505405,1,1,0
143.0,2,1.0,1.0,Entire home/apt,52.49398018,13.342665363389154,5.0,10,4.962844630259907,1,1,0
40.0,1,1.0,1.0,Entire home/apt,52.51794750602872,13.468188866972923,3.0,1,3.688879454113936,1,1,0
64.0,2,1.0,1.0,Entire home/apt,52.5435621,13.3957087,0.0,0,4.158883083359672,1,1,1
149.0,4,1.0,1.0,Entire home/apt,52.51085,13.46671,5.0,21,5.003946305945459,1,1,0
191.0,4,2.0,1.0,Private room,52.50282,13.31776,5.0,4,5.25227342804663,1,1,0
117.0,2,1.0,1.0,Private room,52.50273,13.32003,4.97,29,4.762173934797756,1,1,0
220.0,4,2.0,1.0,Entire home/apt,52.50128,13.4594,4.8,10,5.393627546352362,1,1,1
63.0,3,1.0,1.0,Private room,52.41388534185921,13.477849907146693,4.91,57,4.143134726391533,1,1,0
122.0,4,2.0,1.0,Entire home/apt,52.47312,13.42361,5.0,2,4.804021044733257,1,1,0
497.0,12,5.0,2.0,Entire home/apt,52.48488,13.43471,4.8,30,6.208590026096629,1,1,0
123.0,2,1.0,1.0,Entire home/apt,52.50414499234154,13.31720029684304,0.0,0,4.812184355372417,1,1,0
202.0,4,3.0,1.0,Entire home/apt,52.49699,13.42457,4.94,82,5.308267697401205,1,1,0
72.0,1,1.0,1.0,Private room,52.487749,13.4322367,4.82,22,4.276666119016055,1,1,0
90.0,2,0.0,1.0,Private room,52.48603,13.42597,5.0,8,4.499809670330265,1,1,0
78.0,2,1.0,1.0,Private room,52.48893,13.44024,4.86,7,4.356708826689592,1,1,0
143.0,2,1.0,1.0,Entire home/apt,52.50366289999999,13.3386821,4.79,137,4.962844630259907,1,0,1
138.0,2,1.0,1.0,Entire home/apt,52.51621434,13.446659495142375,4.91,32,4.927253685157205,1,1,0
69.0,1,1.0,1.0,Private room,52.49623112029955,13.42366775245246,4.8,70,4.23410650459726,1,1,0
150.0,3,1.0,1.0,Entire home/apt,52.50366,13.33868,4.74,124,5.010635294096256,1,0,1
150.0,2,1.0,1.0,Entire home/apt,52.50366289999999,13.3386821,4.6,53,5.010635294096256,1,0,1
112.0,2,1.0,1.0,Entire home/apt,52.47944534681736,13.445454049978592,5.0,7,4.718498871295094,1,1,0
161.0,2,1.0,1.0,Entire home/apt,52.50366289999999,13.3386821,4.67,69,5.081404364984463,1,0,1
166.0,2,1.0,1.0,Entire home/apt,52.50366289999999,13.3386821,4.5,12,5.111987788356544,1,1,1
213.0,4,2.0,1.0,Entire home/apt,52.49328,13.43166,0.0,0,5.3612921657094255,1,1,0
89.0,2,1.0,1.0,Entire home/apt,52.49328,13.43166,5.0,1,4.48863636973214,1,1,0
136.0,3,2.0,1.0,Entire home/apt,52.49328,13.43166,0.0,0,4.912654885736052,1,1,0
127.0,2,1.0,1.0,Entire home/apt,52.49328,13.43166,0.0,0,4.844187086458591,1,1,0
110.0,4,2.0,1.0,Entire home/apt,52.49328,13.43166,0.0,0,4.700480365792417,1,1,0
131.0,4,2.0,1.0,Entire home/apt,52.5349397,13.4364139,0.0,0,4.875197323201151,1,1,0
128.0,2,1.0,1.0,Entire home/apt,52.54034,13.37208,0.0,0,4.852030263919617,1,1,0
137.0,4,1.0,1.0,Entire home/apt,52.53264316189597,13.357715578820812,4.78,54,4.919980925828125,1,1,0
140.0,4,2.0,1.0,Private room,52.43796260000001,13.2175701,5.0,18,4.941642422609304,1,0,0
518.0,6,2.0,1.0,Entire home/apt,52.50153,13.41422,4.72,18,6.249975242259483,1,1,0
159.0,2,1.0,1.0,Entire home/apt,52.49578634838597,13.39928394599139,4.88,66,5.068904202220232,1,1,0
111.0,5,1.0,1.0,Entire home/apt,52.49722,13.38166,4.12,33,4.709530201312334,1,1,0
105.0,7,2.0,1.0,Entire home/apt,52.5305137,13.383586,4.29,28,4.653960350157523,1,1,0
479.0,4,2.0,2.0,Entire home/apt,52.5042005,13.3345217,4.8,10,6.171700597410915,1,1,1
60.0,2,1.0,1.0,Entire home/apt,52.55170209462351,13.414607282014712,5.0,1,4.0943445622221,1,1,0
255.0,9,3.0,2.0,Entire home/apt,52.49970665615497,13.414382374311064,4.0,1,5.541263545158426,1,1,0
180.0,2,1.0,1.0,Private room,52.47316753659645,13.32085165521702,0.0,0,5.19295685089021,1,1,0
214.0,8,2.0,1.0,Entire home/apt,52.54766883,13.403553612176008,4.52,52,5.365976015021851,1,1,0
292.0,8,2.0,1.0,Entire home/apt,52.50554409999999,13.4659231,0.0,0,5.676753802268282,1,1,0
122.0,2,1.0,1.0,Entire home/apt,52.49085443762959,13.317439108974702,4.96,25,4.804021044733257,1,1,0
120.0,2,1.0,1.0,Private room,52.54534794401769,13.41307774591222,5.0,14,4.787491742782046,1,1,0
45.0,1,1.0,1.0,Private room,52.48701,13.42904,5.0,1,3.80666248977032,0,1,0
45.0,1,1.0,1.0,Entire home/apt,52.5124,13.30694,0.0,0,3.80666248977032,1,1,0
83.0,2,1.0,1.5,Private room,52.5306,13.32643,4.96,23,4.418840607796598,1,1,0
129.0,2,1.0,1.0,Entire home/apt,52.49915238882934,13.4602915818259,0.0,0,4.859812404361672,1,1,0
110.0,2,1.0,1.0,Private room,52.51709,13.38669,4.86,49,4.700480365792417,1,1,0
43.0,2,1.0,1.0,Entire home/apt,52.51068257940879,13.26733835041523,0.0,0,3.7612001156935615,1,1,0
180.0,5,2.0,1.5,Entire home/apt,52.49856759999999,13.401823,4.87,15,5.19295685089021,1,1,0
238.0,6,2.0,1.0,Entire home/apt,52.52314929873769,13.60341578722,4.88,41,5.472270673671475,1,1,0
120.0,3,1.0,1.0,Entire home/apt,52.53172777557559,13.431170728836904,0.0,0,4.787491742782046,1,1,0
131.0,4,2.0,1.0,Entire home/apt,52.48725719999999,13.3506006,4.8,5,4.875197323201151,1,1,0
116.0,5,1.0,1.0,Entire home/apt,52.4919767,13.3277112,4.7,43,4.7535901911063645,1,1,0
166.0,3,1.0,1.0,Entire home/apt,52.47515740637159,13.427304290235044,4.85,20,5.111987788356544,1,1,0
288.0,8,2.0,1.0,Entire home/apt,52.51168199288606,13.416617210293827,4.73,45,5.662960480135946,1,1,0
280.0,5,2.0,2.5,Entire home/apt,52.535729,13.4055134,4.94,36,5.634789603169249,1,1,0
82.0,3,2.0,1.0,Entire home/apt,52.4968,13.4819,4.97,69,4.406719247264253,1,1,0
318.0,12,5.0,1.5,Entire home/apt,52.52929,13.3669,4.6,48,5.762051382780177,1,1,1
133.0,4,2.0,2.0,Entire home/apt,52.49001,13.41516,5.0,4,4.890349128221754,1,1,0
700.0,10,3.0,3.0,Entire home/apt,52.49612294472497,13.469671034015226,4.86,22,6.551080335043404,1,1,1
265.0,8,3.0,2.0,Entire home/apt,52.52983,13.40023,4.3,37,5.579729825986222,1,1,0
28.0,2,1.0,1.0,Private room,52.55611,13.34396,5.0,2,3.332204510175204,1,1,0
73.0,2,1.0,1.0,Entire home/apt,52.53959663422255,13.415872040263476,0.0,0,4.290459441148391,1,1,0
107.0,3,1.0,1.0,Entire home/apt,52.48679251142092,13.36178610913786,4.88,16,4.672828834461906,1,1,0
42.0,1,1.0,1.0,Private room,52.49945,13.44418,0.0,0,3.737669618283368,1,1,0
121.0,2,1.0,1.0,Entire home/apt,52.50713989,13.504140639852944,5.0,12,4.795790545596741,1,1,0
225.0,5,2.0,1.0,Entire home/apt,52.50999,13.29913,5.0,2,5.41610040220442,1,1,0
384.0,4,1.0,1.0,Entire home/apt,52.50869,13.31902,4.83,54,5.950642552587727,1,1,1
85.0,2,1.0,1.0,Entire home/apt,52.548784,13.3809409,4.86,29,4.442651256490317,1,1,0
46.0,1,0.0,1.0,Private room,52.48768197249725,13.527666181325912,4.8,5,3.828641396489095,1,0,0
44.0,2,1.0,0.5,Private room,52.44049,13.56829,4.87,127,3.784189633918261,1,0,0
159.0,4,2.0,1.0,Entire home/apt,52.5652576,13.4049244,4.91,47,5.068904202220232,1,1,0
114.0,6,2.0,1.0,Entire home/apt,52.43223,13.68757,4.36,22,4.736198448394496,1,1,0
140.0,4,1.0,1.0,Entire home/apt,52.5095748,13.4728752,5.0,1,4.941642422609304,1,1,0
50.0,2,1.0,1.0,Private room,52.51630035447348,13.3113623,4.73,33,3.912023005428146,1,1,0
126.0,2,0.0,1.0,Entire home/apt,52.5092096,13.4578777,4.88,42,4.836281906951478,1,1,0
68.0,2,1.0,1.0,Private room,52.49623689288909,13.474790453910828,4.94,33,4.219507705176107,1,0,0
112.0,4,2.0,1.0,Entire home/apt,52.55414622153634,13.432049035847694,4.93,45,4.718498871295094,1,1,0
131.0,4,2.0,1.0,Entire home/apt,52.52189344952995,13.399431585377148,4.58,33,4.875197323201151,1,1,0
184.0,4,1.0,1.0,Entire home/apt,52.53438031554134,13.40347196843121,5.0,3,5.214935757608986,1,1,1
191.0,4,1.0,1.0,Entire home/apt,52.53262,13.40183,4.75,4,5.25227342804663,1,1,1
199.0,6,2.0,1.5,Entire home/apt,52.52479806,13.35734203,4.97,60,5.293304824724492,1,1,0
113.0,2,1.0,1.0,Entire home/apt,52.52869022267197,13.332327091669567,4.75,4,4.727387818712341,1,1,0
207.0,4,2.0,1.0,Entire home/apt,52.4880232,13.4406878,4.75,4,5.332718793265369,1,1,0
135.0,2,1.0,1.0,Private room,52.51662051656966,13.458115907574276,5.0,13,4.90527477843843,1,1,0
95.0,2,1.0,1.0,Private room,52.43693593523463,13.287376294524288,5.0,7,4.553876891600541,1,0,0
68.0,2,1.0,1.0,Private room,52.52944221532903,13.333186219115229,3.71,7,4.219507705176107,1,1,0
92.0,5,2.0,1.0,Entire home/apt,52.61393597127684,13.427939035581966,0.0,0,4.5217885770490405,1,1,0
284.0,8,3.0,1.0,Entire home/apt,52.503328352730136,13.320692304015918,4.68,19,5.648974238161206,1,1,0
166.0,2,1.0,1.0,Private room,52.4640169,13.4443527,4.75,4,5.111987788356544,1,0,1
179.0,2,1.0,1.0,Private room,52.4640169,13.4443527,5.0,8,5.187385805840755,1,1,1
63.0,2,2.0,1.0,Entire home/apt,52.49952,13.36598,0.0,0,4.143134726391533,1,1,0
73.0,3,1.0,1.0,Entire home/apt,52.4954242,13.4292876,0.0,0,4.290459441148391,1,1,0
68.0,2,1.0,1.0,Private room,52.46462819247186,13.384077362565623,4.97,37,4.219507705176107,1,1,0
54.0,2,1.0,1.0,Private room,52.5839966,13.4080479,5.0,34,3.9889840465642745,1,1,0
54.0,1,1.0,1.0,Private room,52.495795530398816,13.42001867354126,4.74,54,3.9889840465642745,1,0,1
88.0,3,1.0,1.0,Entire home/apt,52.50965,13.31297,0.0,0,4.477336814478207,1,1,0
50.0,2,1.0,1.0,Entire home/apt,52.4984696,13.5138153,5.0,4,3.912023005428146,1,1,0
82.0,5,1.0,1.0,Entire home/apt,52.4110479,13.5716369,4.92,37,4.406719247264253,1,1,0
95.0,3,0.0,1.0,Private room,52.50227,13.31302,4.76,17,4.553876891600541,1,0,0
283.0,8,4.0,1.5,Entire home/apt,52.49116359071481,13.434126093666636,4.68,81,5.645446897643238,1,1,0
57.0,3,1.0,1.0,Private room,52.61308400850542,13.42689186540652,0.0,0,4.04305126783455,1,1,0
220.0,2,1.0,1.0,Entire home/apt,52.51302360101339,13.29914294,4.96,23,5.393627546352362,1,1,0
100.0,2,1.0,1.0,Entire home/apt,52.50629,13.46387,0.0,0,4.605170185988092,1,1,0
331.0,6,2.0,1.0,Entire home/apt,52.472544096968754,13.431133719869536,4.96,48,5.802118375377063,1,1,0
147.0,9,3.0,1.0,Entire home/apt,52.51896925185013,13.305207791157033,4.0,3,4.990432586778736,1,1,0
50.0,1,1.0,1.0,Private room,52.52066,13.45216,5.0,7,3.912023005428146,1,1,0
73.0,2,1.0,1.0,Entire home/apt,52.47494,13.42205,0.0,0,4.290459441148391,1,1,0
164.0,4,2.0,1.0,Entire home/apt,52.6146459,13.3268386,0.0,0,5.099866427824199,1,1,0
109.0,2,1.0,1.0,Entire home/apt,52.4923355,13.4183634,0.0,0,4.691347882229144,1,1,0
136.0,4,2.0,1.0,Entire home/apt,52.5232975,13.3013714,4.25,4,4.912654885736052,1,1,0
52.0,1,1.0,2.0,Private room,52.54415,13.41762,0.0,0,3.951243718581428,1,1,0
105.0,6,3.0,1.0,Entire home/apt,52.51555884714151,13.458456009617858,0.0,0,4.653960350157523,1,1,0
119.0,3,2.0,1.0,Entire home/apt,52.54689,13.3811,0.0,0,4.77912349311153,1,1,0
68.0,2,1.0,1.0,Private room,52.496519,13.435876990846149,4.0,4,4.219507705176107,1,1,0
277.0,6,3.0,2.5,Entire home/apt,52.550773,13.445724,4.9,52,5.6240175061873385,1,1,1
164.0,4,1.0,1.0,Entire home/apt,52.49582665476345,13.292509010256426,4.81,47,5.099866427824199,1,1,0
33.0,3,1.0,1.0,Private room,52.448201502217934,13.59756112974588,4.85,65,3.49650756146648,0,0,0
83.0,1,1.0,1.0,Private room,52.47981883634892,13.442951185391657,4.68,19,4.418840607796598,1,1,0
64.0,2,1.0,0.5,Private room,52.53301073588333,13.42531907798644,4.93,83,4.158883083359672,1,0,0
117.0,2,1.0,1.0,Entire home/apt,52.51971,13.40805,4.86,79,4.762173934797756,1,1,1
90.0,7,2.0,1.0,Entire home/apt,52.43384,13.68607,4.23,26,4.499809670330265,1,1,0
57.0,2,1.0,1.0,Private room,52.51168,13.3116,3.75,4,4.04305126783455,1,1,0
211.0,4,1.0,1.0,Entire home/apt,52.52321,13.40208,4.89,46,5.351858133476067,1,1,0
62.0,2,1.0,1.0,Private room,52.48631623076659,13.358109831512415,5.0,12,4.127134385045092,1,0,0
101.0,7,3.0,1.0,Entire home/apt,52.43373,13.68685,4.31,13,4.61512051684126,1,1,0
67.0,3,1.0,1.0,Entire home/apt,52.53108389576014,13.33436165026244,4.5,12,4.204692619390966,1,1,0
79.0,3,1.0,1.0,Private room,52.5064,13.29184,4.85,13,4.3694478524670215,1,1,0
57.0,1,1.0,1.0,Private room,52.4946,13.4021,5.0,15,4.04305126783455,1,1,0
146.0,4,1.0,1.0,Entire home/apt,52.48328,13.5244,4.81,27,4.983606621708336,1,1,0
53.0,2,1.0,1.0,Private room,52.51153443538036,13.465126403829524,5.0,3,3.970291913552122,1,1,0
59.0,2,1.0,1.0,Private room,52.52989869054908,13.352008017732226,4.78,55,4.07753744390572,1,1,0
46.0,1,1.0,1.0,Private room,52.4098258,13.3320283,4.84,87,3.828641396489095,1,0,0
136.0,2,1.0,1.0,Entire home/apt,52.49384736913949,13.347139005898711,4.89,19,4.912654885736052,1,1,0
154.0,2,1.0,1.0,Entire home/apt,52.48921,13.41529,5.0,8,5.0369526024136295,1,1,0
42.0,2,1.0,1.5,Private room,52.46085368047739,13.528006999999995,4.86,64,3.737669618283368,1,1,0
118.0,2,1.0,1.0,Entire home/apt,52.54823,13.37926,0.0,0,4.770684624465665,0,1,0
115.0,4,1.0,1.0,Entire home/apt,52.53924744384101,13.400151335902986,4.68,60,4.74493212836325,1,1,0
96.0,2,1.0,1.0,Entire home/apt,52.49699556134908,13.365927112890011,4.78,9,4.564348191467836,1,1,0
58.0,2,1.0,1.0,Private room,52.4931718,13.4227233,4.76,41,4.060443010546419,1,0,0
283.0,6,2.0,1.0,Entire home/apt,52.52202,13.43532,5.0,1,5.645446897643238,1,1,0
83.0,2,1.0,1.0,Entire home/apt,52.497806281602536,13.353082632019962,4.47,15,4.418840607796598,1,1,0
105.0,3,1.0,1.0,Entire home/apt,52.52939797298561,13.387486837383944,5.0,2,4.653960350157523,1,1,0
47.0,2,1.0,1.0,Entire home/apt,52.50023105225818,13.292023242345632,0.0,0,3.8501476017100575,1,1,0
75.0,2,1.0,1.0,Entire home/apt,52.49506,13.35025,4.67,6,4.31748811353631,1,1,0
35.0,2,1.0,1.0,Private room,52.43399699120629,13.579403442130824,4.97,34,3.555348061489413,1,1,0
81.0,2,1.0,1.0,Entire home/apt,52.482043493376864,13.43139668514246,4.86,7,4.394449154672439,1,1,0
69.0,2,1.0,1.0,Private room,52.51784081459761,13.47053710777482,4.93,14,4.23410650459726,1,1,0
87.0,1,1.0,1.0,Private room,52.5111877,13.3162492,5.0,1,4.465908118654584,1,1,0
67.0,1,1.0,1.0,Entire home/apt,52.51511421539651,13.405177510794932,4.77,13,4.204692619390966,1,1,0
81.0,2,1.0,1.0,Entire home/apt,52.53661282928286,13.404656991837362,5.0,1,4.394449154672439,1,1,0
58.0,2,1.0,1.0,Entire home/apt,52.5057254,13.380306,5.0,1,4.060443010546419,1,1,1
50.0,2,1.0,0.5,Private room,52.56100594744814,13.558797974695455,4.83,18,3.912023005428146,1,1,0
97.0,4,2.0,1.0,Entire home/apt,52.549453670436485,13.34949343303985,0.0,0,4.574710978503383,1,1,0
65.0,2,1.0,1.0,Entire home/apt,52.55641,13.41039,0.0,0,4.174387269895637,0,1,0
77.0,3,1.0,1.0,Entire home/apt,52.56771581176679,13.413392228676232,0.0,0,4.343805421853684,1,1,0
60.0,1,1.0,1.5,Private room,52.50266135450219,13.38983046978239,4.67,15,4.0943445622221,1,1,0
81.0,2,1.0,1.0,Private room,52.5235657,13.4049384,4.71,118,4.394449154672439,1,0,0
184.0,2,1.0,1.0,Private room,52.5835729,13.2874066,4.0,2,5.214935757608986,1,0,1
249.0,2,1.0,1.0,Private room,52.5835729,13.2874066,5.0,1,5.517452896464707,1,1,1
106.0,2,1.0,1.0,Entire home/apt,52.50546,13.3265,0.0,0,4.663439094112067,1,1,0
102.0,4,1.0,1.0,Entire home/apt,52.47769,13.44875,4.92,48,4.624972813284271,1,1,1
81.0,4,1.0,1.0,Entire home/apt,52.46597,13.42527,4.0,3,4.394449154672439,1,1,0
291.0,2,1.0,1.5,Entire home/apt,52.499736,13.4363343,5.0,60,5.673323267171493,1,1,0
79.0,2,0.0,1.0,Entire home/apt,52.50509,13.46526,0.0,0,4.3694478524670215,1,1,0
153.0,2,1.0,1.0,Entire home/apt,52.50560984726494,13.438370512966932,4.89,105,5.030437921392435,1,1,1
63.0,2,1.0,1.0,Private room,52.48749455680603,13.359316647457952,5.0,3,4.143134726391533,1,1,0
225.0,6,0.0,0.0,Entire home/apt,52.50231,13.40906,0.0,0,5.41610040220442,1,1,0
90.0,2,1.0,0.5,Private room,52.48741093234135,13.431716886129482,5.0,7,4.499809670330265,1,1,0
96.0,4,2.0,1.0,Entire home/apt,52.55199,13.38496,4.72,53,4.564348191467836,1,1,0
77.0,3,1.0,1.5,Entire home/apt,52.49848091193996,13.316545616637375,0.0,0,4.343805421853684,1,1,0
147.0,9,4.0,1.0,Entire home/apt,52.50709,13.28871,0.0,0,4.990432586778736,1,1,0
112.0,2,1.0,1.0,Private room,52.50295126172821,13.4310302,4.67,3,4.718498871295094,1,1,0
138.0,7,2.0,1.0,Entire home/apt,52.44847,13.50682,5.0,5,4.927253685157205,1,1,0
80.0,3,1.0,1.0,Entire home/apt,52.52262,13.42411,0.0,0,4.382026634673881,1,1,0
44.0,2,1.0,1.0,Private room,52.53039,13.33019,4.52,44,3.784189633918261,1,1,0
87.0,2,0.0,1.0,Entire home/apt,52.5050903,13.4652572,0.0,0,4.465908118654584,1,1,0
148.0,2,1.0,1.0,Entire home/apt,52.48380346560165,13.466793157238124,5.0,22,4.997212273764115,1,1,0
192.0,6,1.0,1.5,Entire home/apt,52.53885965524872,13.397629082936632,4.77,44,5.2574953720277815,1,1,0
99.0,2,1.0,1.0,Entire home/apt,52.51881,13.41594,0.0,0,4.59511985013459,1,1,0
75.0,1,1.0,1.0,Private room,52.50272,13.36268,4.97,30,4.31748811353631,1,1,0
291.0,7,3.0,2.0,Entire home/apt,52.4975442,13.3112764,4.76,93,5.673323267171493,1,1,0
226.0,6,3.0,1.0,Entire home/apt,52.4975442,13.3112764,4.94,77,5.420534999272286,1,1,0
150.0,2,1.0,1.0,Entire home/apt,52.4753419,13.4214065,5.0,1,5.010635294096256,1,1,0
92.0,1,1.0,1.0,Entire home/apt,52.51743914823888,13.46193000107485,0.0,0,4.5217885770490405,1,1,0
72.0,2,1.0,1.0,Entire home/apt,52.51968060612848,13.426706241278085,4.95,19,4.276666119016055,1,1,0
165.0,6,3.0,1.5,Entire home/apt,52.47466,13.42607,4.77,65,5.10594547390058,1,1,0
132.0,2,1.0,1.0,Entire home/apt,52.53983,13.48609,0.0,0,4.882801922586371,1,1,0
109.0,2,1.0,1.0,Private room,52.50295126172821,13.430922911114504,4.67,3,4.691347882229144,1,1,0
220.0,6,3.0,1.5,Entire home/apt,52.51444859999999,13.4629066,4.94,50,5.393627546352362,1,1,0
193.0,2,1.0,1.0,Entire home/apt,52.5238976,13.3997418,4.66,44,5.262690188904886,1,1,0
311.0,6,3.0,1.0,Entire home/apt,52.50284676779396,13.430858538098146,4.65,23,5.739792912179234,1,1,0
1500.0,6,1.0,1.0,Entire home/apt,52.51436250593059,13.45864723095817,0.0,0,7.313220387090301,0,1,0
102.0,2,1.0,1.0,Private room,52.5028728913008,13.431116030163576,4.0,1,4.624972813284271,1,1,0
185.0,10,2.0,2.0,Entire home/apt,52.5298843673376,13.31822809565208,4.73,33,5.220355825078324,1,1,0
172.0,2,1.0,1.0,Entire home/apt,52.4708454,13.2790413,4.67,12,5.147494476813453,1,0,0
281.0,11,2.0,2.0,Entire home/apt,52.53839,13.39622,4.74,43,5.638354669333745,1,1,0
90.0,5,1.0,1.0,Entire home/apt,52.50094949262299,13.345760988006049,4.56,55,4.499809670330265,1,1,0
117.0,2,1.0,1.0,Entire home/apt,52.48512,13.32521,5.0,27,4.762173934797756,1,1,0
131.0,4,2.0,1.0,Entire home/apt,52.47498849999999,13.4239202,0.0,0,4.875197323201151,1,1,0
46.0,2,1.0,2.0,Private room,52.50472,13.44318,4.67,3,3.828641396489095,1,1,0
187.0,6,3.0,1.0,Entire home/apt,52.53755779999999,13.3963168,4.33,58,5.231108616854587,1,1,0
28.0,1,1.0,1.0,Private room,52.45299255830529,13.321574920169969,0.0,0,3.332204510175204,1,1,0
28.0,1,0.0,1.0,Private room,52.45456279,13.322107975812836,0.0,0,3.332204510175204,1,1,0
126.0,3,1.0,1.0,Entire home/apt,52.52118559935119,13.644107441066105,5.0,1,4.836281906951478,1,1,0
77.0,2,1.0,1.0,Entire home/apt,52.47323,13.45076,0.0,0,4.343805421853684,1,1,0
141.0,2,1.0,1.0,Entire home/apt,52.51157346458851,13.467362115869143,4.5,22,4.948759890378168,1,1,0
40.0,1,1.0,1.0,Private room,52.4997772,13.4657586,4.61,36,3.688879454113936,1,0,0
137.0,2,1.0,1.0,Entire home/apt,52.54372886,13.412959809588012,5.0,6,4.919980925828125,1,1,0
240.0,2,1.0,1.0,Entire home/apt,52.52908060509631,13.325946446583409,0.0,0,5.480638923341991,1,1,0
300.0,8,3.0,2.0,Entire home/apt,52.5347569,13.4082903,4.9,30,5.703782474656201,1,1,0
182.0,7,2.0,1.5,Entire home/apt,52.55507246555981,13.381150380893123,4.0,11,5.204006687076795,1,1,0
92.0,5,2.0,1.0,Entire home/apt,52.52331662441167,13.338301955551348,4.67,57,4.5217885770490405,1,1,0
192.0,4,2.0,1.0,Entire home/apt,52.48873834843642,13.444362466132953,5.0,7,5.2574953720277815,1,1,0
54.0,2,1.0,1.0,Private room,52.52586,13.41681,4.98,47,3.9889840465642745,1,0,0
51.0,1,1.0,1.0,Private room,52.50016749499272,13.357903956009237,4.91,55,3.9318256327243257,1,0,0
191.0,6,2.0,1.5,Entire home/apt,52.525252584598746,13.356301081747302,4.88,51,5.25227342804663,1,1,0
81.0,2,1.0,1.0,Private room,52.49217829279381,13.429177549950976,5.0,3,4.394449154672439,1,1,0
204.0,4,2.0,1.0,Entire home/apt,52.5378523,13.4039493912234,4.85,71,5.318119993844216,1,1,0
106.0,2,1.0,1.0,Entire home/apt,52.536096300823495,13.402110147636929,4.9,70,4.663439094112067,1,1,0
92.0,3,2.0,1.0,Entire home/apt,52.50067,13.29579,0.0,0,4.5217885770490405,1,1,0
104.0,2,1.0,1.0,Entire home/apt,52.5403558,13.4150934,4.84,58,4.6443908991413725,1,0,0
144.0,5,3.0,1.0,Entire home/apt,52.472673426829935,13.33780400454998,5.0,3,4.969813299576001,1,1,0
283.0,7,3.0,1.0,Entire home/apt,52.51287809999999,13.4028694,4.76,45,5.645446897643238,1,1,0
106.0,2,1.0,1.0,Entire home/apt,52.469323437392845,13.33533135004954,4.44,18,4.663439094112067,1,1,0
119.0,2,1.0,1.0,Entire home/apt,52.47115210705014,13.335328369078296,4.55,11,4.77912349311153,1,1,0
107.0,2,1.0,1.0,Entire home/apt,52.46966,13.33531,3.67,3,4.672828834461906,1,1,0
128.0,4,1.0,1.0,Entire home/apt,52.53837699955518,13.42493681901125,4.25,12,4.852030263919617,1,1,0
85.0,2,1.0,1.0,Entire home/apt,52.50228599196971,13.29638633877039,0.0,0,4.442651256490317,0,1,0
223.0,4,2.0,1.0,Entire home/apt,52.5403558,13.4150934,4.9,70,5.407171771460119,1,1,0
167.0,5,3.0,1.5,Entire home/apt,52.58038828950517,13.380850174937247,5.0,2,5.117993812416755,1,1,0
132.0,4,1.0,1.0,Entire home/apt,52.5403558,13.4150934,4.86,49,4.882801922586371,1,1,0
167.0,2,1.0,1.0,Entire home/apt,52.5291612,13.3924158,5.0,75,5.117993812416755,1,1,0
50.0,2,1.0,1.0,Private room,52.51823443145455,13.306141840911668,0.0,0,3.912023005428146,1,1,0
125.0,2,1.0,1.0,Entire home/apt,52.503192769907656,13.295167570950644,5.0,5,4.8283137373023015,1,1,0
171.0,2,0.0,1.0,Entire home/apt,52.5001715,13.3151285,4.25,4,5.14166355650266,1,1,0
94.0,2,0.0,1.0,Entire home/apt,52.5001715,13.3151285,0.0,0,4.543294782270004,1,1,0
80.0,2,1.0,2.0,Private room,52.603297360174565,13.456981780284265,4.86,7,4.382026634673881,1,1,1
226.0,2,1.0,1.0,Entire home/apt,52.49544845837169,13.351136974099392,5.0,7,5.420534999272286,1,1,0
85.0,2,1.0,1.0,Entire home/apt,52.50304349655345,13.436938085636331,0.0,0,4.442651256490317,1,1,0
80.0,4,2.0,1.0,Entire home/apt,52.47908,13.44852,0.0,0,4.382026634673881,1,1,0
810.0,8,4.0,4.0,Entire home/apt,52.49425682546205,13.435889735596607,4.94,34,6.697034247666484,1,1,0
32.0,4,1.0,1.0,Entire home/apt,52.51609822927469,13.438951904731216,0.0,0,3.4657359027997265,1,1,0
92.0,4,1.0,1.0,Entire home/apt,52.48094,13.43413,4.8,75,4.5217885770490405,1,1,0
61.0,2,1.0,1.0,Private room,52.53670589999999,13.3968473,4.8,15,4.110873864173311,1,1,0
120.0,2,1.0,1.0,Entire home/apt,52.48236,13.38059,4.83,6,4.787491742782046,1,1,0
72.0,2,1.0,1.0,Private room,52.53670589999999,13.3968473,5.0,6,4.276666119016055,1,1,0
82.0,4,2.0,1.0,Private room,52.53670589999999,13.3968473,4.81,37,4.406719247264253,1,1,0
61.0,2,1.0,1.0,Private room,52.51974526276346,13.451697938098146,4.84,45,4.110873864173311,1,1,0
56.0,2,1.0,0.5,Private room,52.56018295,13.55735900434198,5.0,3,4.02535169073515,1,1,0
81.0,2,1.0,1.0,Entire home/apt,52.454984288296814,13.321817857504692,4.95,37,4.394449154672439,1,1,0
56.0,2,1.0,1.0,Entire home/apt,52.512829,13.4270644,0.0,0,4.02535169073515,1,1,0
99.0,2,0.0,1.0,Entire home/apt,52.46374307041642,13.487099271931458,4.92,12,4.59511985013459,1,1,0
272.0,7,2.0,1.0,Entire home/apt,52.50194704763061,13.492446753711784,2.33,3,5.605802066295998,1,1,0
33.0,1,1.0,1.5,Private room,52.43660164488016,13.322661864014538,5.0,1,3.49650756146648,1,1,0
44.0,2,1.0,1.0,Entire home/apt,52.509448119599305,13.422489552392584,3.0,1,3.784189633918261,1,1,0
124.0,4,2.0,1.0,Entire home/apt,52.412988037806834,13.251313237815792,0.0,0,4.820281565605037,1,1,0
80.0,4,1.0,1.0,Entire home/apt,52.50636203165067,13.322143890461405,0.0,0,4.382026634673881,1,1,0
93.0,6,2.0,1.0,Entire home/apt,52.47054360730874,13.453683638881158,4.68,38,4.532599493153256,1,1,1
33.0,1,1.0,1.0,Private room,52.5166,13.44989,5.0,1,3.49650756146648,1,1,0
126.0,4,2.0,1.0,Entire home/apt,52.48495900605367,13.579560220241548,4.96,23,4.836281906951478,1,1,0
284.0,3,1.0,1.0,Entire home/apt,52.5325515,13.388407,0.0,0,5.648974238161206,1,1,0
265.0,7,2.0,1.0,Entire home/apt,52.50181,13.4919,1.0,1,5.579729825986222,1,1,0
135.0,2,1.0,1.0,Entire home/apt,52.52958126909533,13.443232110436057,5.0,10,4.90527477843843,1,1,0
90.0,2,1.0,2.0,Entire home/apt,52.45121,13.32602,4.88,26,4.499809670330265,1,1,0
148.0,2,1.0,1.0,Entire home/apt,52.50590219999999,13.3119574,4.6,5,4.997212273764115,1,1,1
119.0,3,1.0,1.0,Entire home/apt,52.4904758,13.4171432,4.21,28,4.77912349311153,1,1,0
391.0,11,4.0,2.0,Entire home/apt,52.50407449999999,13.3465833,4.76,29,5.968707559985366,1,1,0
50.0,1,1.0,1.0,Private room,52.42871239999999,13.3277044,4.0,7,3.912023005428146,1,1,0
111.0,3,1.0,1.0,Entire home/apt,52.50049509999999,13.4527781,5.0,1,4.709530201312334,1,1,0
56.0,2,1.0,4.0,Private room,52.49815,13.3457,4.57,54,4.02535169073515,1,1,0
59.0,2,1.0,4.0,Private room,52.49815,13.3457,4.59,39,4.07753744390572,1,1,0
62.0,2,1.0,4.0,Private room,52.49815,13.3457,4.6,50,4.127134385045092,1,1,0
62.0,2,1.0,4.0,Private room,52.49815,13.3457,4.64,70,4.127134385045092,1,1,0
62.0,2,1.0,4.0,Private room,52.49815,13.3457,4.65,51,4.127134385045092,1,1,0
59.0,2,1.0,4.0,Private room,52.4981483,13.3456969,3.88,17,4.07753744390572,1,1,0
62.0,2,1.0,4.0,Private room,52.49815,13.3457,4.4,48,4.127134385045092,1,1,0
59.0,2,1.0,4.0,Private room,52.49815,13.3457,4.83,47,4.07753744390572,1,1,0
61.0,2,1.0,4.0,Private room,52.49815,13.3457,4.52,52,4.110873864173311,1,1,0
62.0,2,1.0,4.0,Private room,52.49815,13.3457,4.42,33,4.127134385045092,1,1,0
62.0,2,1.0,4.0,Private room,52.49815,13.3457,4.59,27,4.127134385045092,1,1,0
62.0,2,1.0,4.0,Private room,52.49815,13.3457,4.72,53,4.127134385045092,1,1,0
77.0,2,1.0,1.0,Private room,52.49265579999999,13.4155938,4.97,37,4.343805421853684,1,0,0
114.0,3,2.0,1.0,Entire home/apt,52.51935622256419,13.466511464127464,0.0,0,4.736198448394496,1,1,0
82.0,2,1.0,1.0,Private room,52.49253,13.42676,5.0,22,4.406719247264253,1,1,0
970.0,6,2.0,1.0,Entire home/apt,52.3779,13.64445,0.0,0,6.877296071497429,1,1,0
87.0,2,1.0,1.0,Entire home/apt,52.470520640578286,13.452730041309431,5.0,5,4.465908118654584,1,1,0
108.0,2,1.0,1.0,Entire home/apt,52.52316,13.32414,4.76,54,4.68213122712422,1,1,0
63.0,2,1.0,1.0,Entire home/apt,52.4637136,13.517782,0.0,0,4.143134726391533,1,1,0
92.0,4,2.0,2.0,Entire home/apt,52.5031522,13.3217152,0.0,0,4.5217885770490405,1,1,0
129.0,1,1.0,1.0,Private room,52.44670439999999,13.6235383,0.0,0,4.859812404361672,1,1,0
79.0,2,1.0,1.0,Private room,52.504670157933326,13.313035737312934,5.0,4,4.3694478524670215,1,1,0
129.0,4,1.0,1.0,Entire home/apt,52.45576,13.44308,4.89,18,4.859812404361672,1,1,0
71.0,2,1.0,0.0,Private room,52.49835,13.30245,4.54,24,4.262679877041316,1,0,0
3800.0,16,1.0,1.0,Entire home/apt,52.37719,13.64452,0.0,0,8.242756345714477,1,1,0
67.0,2,1.0,1.0,Entire home/apt,52.52252852079512,13.354940773925552,0.0,0,4.204692619390966,1,1,0
405.0,11,5.0,2.0,Entire home/apt,52.50289,13.34713,4.56,34,6.003887067106539,1,1,0
52.0,2,1.0,1.0,Private room,52.47517759999999,13.5302662,4.2,5,3.951243718581428,1,0,0
88.0,6,2.0,1.0,Entire home/apt,52.46784,13.34063,0.0,0,4.477336814478207,0,1,0
93.0,2,1.0,1.0,Private room,52.54803,13.40271,4.97,30,4.532599493153256,1,1,0
207.0,6,3.0,2.0,Entire home/apt,52.40661,13.26077,4.75,4,5.332718793265369,1,1,0
87.0,2,1.0,1.0,Private room,52.540386264842994,13.360792652430332,5.0,24,4.465908118654584,1,1,0
63.0,2,1.0,1.0,Entire home/apt,52.56183,13.33501,0.0,0,4.143134726391533,1,1,0
99.0,2,2.0,1.0,Entire home/apt,52.5328394,13.3802598,0.0,0,4.59511985013459,1,1,0
41.0,2,1.0,0.5,Private room,52.51883062836584,13.624397471464937,5.0,9,3.713572066704308,1,1,0
262.0,9,3.0,4.0,Entire home/apt,52.48974,13.31697,4.67,36,5.568344503761097,1,1,0
35.0,1,1.0,1.0,Private room,52.43516868247836,13.32208971979856,0.0,0,3.555348061489413,1,1,0
33.0,1,1.0,1.0,Private room,52.436516500788336,13.323109024117294,0.0,0,3.49650756146648,1,1,0
136.0,2,1.0,1.0,Entire home/apt,52.477158861417934,13.424169793725014,5.0,4,4.912654885736052,1,1,0
270.0,7,2.0,1.0,Entire home/apt,52.52793787559021,13.452597708265772,4.33,3,5.598421958998375,1,1,0
575.0,6,3.0,2.0,Entire home/apt,52.49983516649596,13.412466524438182,4.29,17,6.354370040797351,1,1,0
115.0,4,2.0,1.0,Entire home/apt,52.52498,13.42748,4.67,33,4.74493212836325,1,1,0
214.0,4,1.0,1.0,Entire home/apt,52.5416705,13.4210762,5.0,16,5.365976015021851,1,1,0
135.0,3,1.0,1.0,Entire home/apt,52.52903,13.39479,5.0,1,4.90527477843843,1,1,0
172.0,2,1.0,1.0,Entire home/apt,52.4708454,13.2790413,4.5,6,5.147494476813453,1,0,0
172.0,4,2.0,1.0,Entire home/apt,52.4708454,13.2790413,4.0,5,5.147494476813453,1,1,0
172.0,4,2.0,1.0,Entire home/apt,52.4708454,13.2790413,4.72,25,5.147494476813453,1,0,0
172.0,2,1.0,1.0,Entire home/apt,52.4708454,13.2790413,5.0,2,5.147494476813453,1,0,0
172.0,4,2.0,1.0,Entire home/apt,52.4708454,13.2790413,4.0,4,5.147494476813453,1,0,0
121.0,6,3.0,2.0,Entire home/apt,52.50156217260004,13.412927904593689,4.22,18,4.795790545596741,1,1,0
58.0,2,1.0,1.0,Entire home/apt,52.5237938,13.4091964,0.0,0,4.060443010546419,1,1,0
45.0,2,1.0,1.0,Entire home/apt,52.50957871736301,13.42259684075318,5.0,1,3.80666248977032,1,1,0
44.0,2,1.0,1.0,Entire home/apt,52.50947541997991,13.422575382495127,0.0,0,3.784189633918261,1,1,0
197.0,4,1.0,1.0,Entire home/apt,52.53297,13.38038,5.0,9,5.2832037287379885,1,1,0
123.0,2,1.0,1.0,Entire home/apt,52.51026309048135,13.457632822404015,5.0,10,4.812184355372417,1,1,0
62.0,2,1.0,1.0,Private room,52.553340812326255,13.400402035933473,5.0,16,4.127134385045092,1,1,0
89.0,2,1.0,1.0,Entire home/apt,52.55411,13.41675,4.54,24,4.48863636973214,1,1,0
341.0,4,2.0,2.0,Entire home/apt,52.5036013,13.3932586,0.0,0,5.831882477283517,1,1,0
85.0,2,1.0,1.0,Entire home/apt,52.49291,13.42476,4.8,10,4.442651256490317,0,0,0
85.0,2,1.0,1.0,Entire home/apt,52.51230184392232,13.41757769466527,4.58,12,4.442651256490317,1,1,0
138.0,6,3.0,1.0,Entire home/apt,52.50182,13.41273,4.65,26,4.927253685157205,1,1,0
82.0,2,1.0,1.0,Entire home/apt,52.5172,13.44594,4.69,16,4.406719247264253,1,1,0
67.0,3,1.0,1.0,Entire home/apt,52.53105792443429,13.33356629,4.0,15,4.204692619390966,1,1,0
114.0,1,1.0,1.0,Entire home/apt,52.51263,13.42701,4.5,2,4.736198448394496,1,1,0
102.0,2,1.0,1.0,Entire home/apt,52.53335,13.40683,0.0,0,4.624972813284271,1,1,0
114.0,2,1.0,1.0,Entire home/apt,52.56413611596788,13.418963198405804,5.0,4,4.736198448394496,1,1,0
216.0,4,2.0,2.0,Entire home/apt,52.51405342532415,13.288999008787853,0.0,0,5.375278407684165,1,1,0
193.0,6,3.0,2.0,Entire home/apt,52.50146740151795,13.412894903143783,4.5,22,5.262690188904886,1,1,0
105.0,2,1.0,1.0,Private room,52.53023,13.40876,5.0,8,4.653960350157523,1,1,0
58.0,2,0.0,1.0,Private room,52.55252,13.34704,5.0,25,4.060443010546419,1,1,0
83.0,2,1.0,1.0,Private room,52.5048115,13.4153243,4.95,80,4.418840607796598,1,0,0
617.0,4,1.0,2.0,Entire home/apt,52.46502,13.43552,0.0,0,6.424869023905388,1,1,0
110.0,2,0.0,1.0,Entire home/apt,52.5096359,13.4660593,0.0,0,4.700480365792417,1,1,0
91.0,2,0.0,1.0,Entire home/apt,52.4939273,13.3841199,0.0,0,4.51085950651685,1,1,0
104.0,2,0.0,1.0,Entire home/apt,52.4939273,13.3841199,0.0,0,4.6443908991413725,1,1,0
107.0,2,1.0,1.0,Entire home/apt,52.49019999999999,13.4342211,0.0,0,4.672828834461906,1,1,0
144.0,2,1.0,1.0,Entire home/apt,52.5062595,13.3903512,0.0,0,4.969813299576001,1,1,0
75.0,2,0.0,1.0,Entire home/apt,52.49765360000001,13.30033,0.0,0,4.31748811353631,1,1,0
160.0,4,1.0,1.0,Entire home/apt,52.46995750000001,13.4447925,4.0,172,5.075173815233827,1,1,0
215.0,5,1.0,1.0,Entire home/apt,52.46995750000001,13.4447925,2.0,4,5.3706380281276624,1,1,0
68.0,2,1.0,0.5,Entire home/apt,52.51332,13.43376,0.0,0,4.219507705176107,1,1,0
127.0,6,2.0,1.0,Entire home/apt,52.5059596,13.4207633,4.38,13,4.844187086458591,1,1,1
56.0,2,1.0,1.0,Entire home/apt,52.5487069,13.4090506,5.0,1,4.02535169073515,1,1,0
96.0,2,1.0,1.0,Private room,52.47045,13.42404,0.0,0,4.564348191467836,1,1,0
64.0,2,2.0,1.0,Entire home/apt,52.4995207,13.3659762,0.0,0,4.158883083359672,1,1,0
117.0,3,3.0,2.0,Entire home/apt,52.4995207,13.3659762,0.0,0,4.762173934797756,1,1,0
90.0,2,1.0,1.5,Private room,52.52429281291359,13.328913904240624,0.0,0,4.499809670330265,1,1,0
200.0,4,2.0,2.0,Private room,52.53223908391063,13.411014569975274,5.0,3,5.298317366548036,1,0,0
332.0,6,3.0,1.5,Entire home/apt,52.50901,13.47334,5.0,7,5.805134968916488,1,1,0
133.0,1,1.0,0.0,Private room,52.50340869999999,13.4455127,5.0,2,4.890349128221754,1,0,0
136.0,1,1.0,0.0,Private room,52.50340869999999,13.4455127,4.0,1,4.912654885736052,1,0,0
142.0,2,1.0,0.0,Private room,52.50340869999999,13.4455127,4.87,15,4.955827057601261,1,0,0
190.0,2,1.0,1.0,Entire home/apt,52.50072,13.43966,4.96,24,5.247024072160486,1,1,0
145.0,2,1.0,0.0,Private room,52.50340869999999,13.4455127,4.0,1,4.976733742420574,1,0,0
137.0,4,1.0,1.0,Entire home/apt,52.4662624,13.3244364,4.5,2,4.919980925828125,1,1,0
128.0,1,1.0,1.0,Private room,52.52860137625228,13.424852861315903,4.76,115,4.852030263919617,1,0,0
133.0,2,2.0,1.0,Entire home/apt,52.49243125967036,13.433217051191164,5.0,12,4.890349128221754,1,1,0
80.0,2,1.0,1.0,Entire home/apt,52.51049527049296,13.467836630688463,4.95,20,4.382026634673881,1,1,0
64.0,3,1.0,1.0,Private room,52.48244,13.43729,0.0,0,4.158883083359672,1,1,0
182.0,4,1.0,1.5,Entire home/apt,52.51175,13.45683,4.96,23,5.204006687076795,1,1,0
134.0,2,1.0,1.0,Entire home/apt,52.5285889,13.4091011,4.78,148,4.897839799950911,1,0,1
136.0,2,1.0,1.0,Entire home/apt,52.5285889,13.4091011,4.73,67,4.912654885736052,1,0,1
141.0,2,1.0,1.0,Entire home/apt,52.5285889,13.4091011,4.67,3,4.948759890378168,1,0,1
147.0,2,1.0,1.0,Entire home/apt,52.5285889,13.4091011,3.33,3,4.990432586778736,1,0,1
155.0,3,1.0,1.0,Entire home/apt,52.5285889,13.4091011,4.94,31,5.043425116919247,1,0,1
149.0,2,1.0,1.0,Entire home/apt,52.5285889,13.4091011,4.6,50,5.003946305945459,1,1,1
163.0,3,1.0,1.0,Entire home/apt,52.5285889,13.4091011,4.76,121,5.093750200806762,1,1,1
188.0,4,1.0,1.0,Entire home/apt,52.5285889,13.4091011,4.77,26,5.236441962829949,1,1,1
441.0,6,3.0,2.0,Entire home/apt,52.50758961519939,13.38625106960535,0.0,0,6.089044875446846,1,1,0
111.0,3,2.0,1.0,Entire home/apt,52.48131414705134,13.35058532797891,4.58,12,4.709530201312334,1,1,0
65.0,2,1.0,1.0,Private room,52.515520381884215,13.263482657554578,4.71,7,4.174387269895637,1,1,0
84.0,3,1.0,1.0,Entire home/apt,52.48131257623105,13.425089791224574,0.0,0,4.430816798843313,0,1,0
56.0,1,1.0,0.5,Private room,52.46445017789677,13.321747347188538,4.9,60,4.02535169073515,1,0,0
60.0,1,1.0,1.0,Entire home/apt,52.49825009513972,13.28902708095093,0.0,0,4.0943445622221,1,1,0
154.0,2,1.0,1.0,Private room,52.52752052680199,13.423967560030627,4.72,47,5.0369526024136295,1,0,0
173.0,3,1.0,1.0,Private room,52.52919633833788,13.42551784525792,4.92,106,5.153291594497779,1,0,0
228.0,4,2.0,1.0,Entire home/apt,52.49423,13.45747,4.71,24,5.429345628954441,1,1,0
68.0,2,1.0,1.0,Entire home/apt,52.488701133677154,13.298425823450089,0.0,0,4.219507705176107,0,1,0
41.0,2,3.0,1.0,Entire home/apt,52.616774164943216,13.30794165781583,0.0,0,3.713572066704308,1,1,0
316.0,13,5.0,3.0,Entire home/apt,52.52936949999999,13.4094619,4.86,36,5.755742213586912,1,1,0
113.0,4,1.0,1.0,Entire home/apt,52.5035618,13.3033082,4.8,5,4.727387818712341,1,1,0
108.0,4,1.0,1.0,Entire home/apt,52.51925,13.34192,4.5,4,4.68213122712422,1,1,0
76.0,2,0.0,1.0,Entire home/apt,52.49328,13.43166,0.0,0,4.330733340286331,1,1,0
180.0,4,2.0,1.0,Entire home/apt,52.53879059999999,13.4031414,0.0,0,5.19295685089021,1,1,0
106.0,2,1.0,1.0,Entire home/apt,52.4836317,13.2916152,0.0,0,4.663439094112067,1,1,0
145.0,2,1.0,1.0,Entire home/apt,52.4975838,13.4379759,0.0,0,4.976733742420574,1,1,0
213.0,2,1.0,1.0,Entire home/apt,52.52445890000001,13.3908876,0.0,0,5.3612921657094255,1,1,0
320.0,4,1.0,1.0,Entire home/apt,52.45281110986154,13.527981330688478,5.0,2,5.768320995793772,1,1,1
60.0,2,1.0,1.0,Private room,52.49669715453383,13.39813168235916,4.96,47,4.0943445622221,1,1,0
80.0,2,1.0,1.0,Entire home/apt,52.54204,13.3964,0.0,0,4.382026634673881,1,1,0
73.0,2,1.0,1.0,Entire home/apt,52.53411,13.43465,0.0,0,4.290459441148391,1,1,0
198.0,4,2.0,1.0,Entire home/apt,52.53206969675362,13.431943473456192,4.76,41,5.288267030694535,1,1,0
133.0,4,1.0,1.0,Entire home/apt,52.5062451,13.4163842,4.24,34,4.890349128221754,1,1,0
98.0,2,1.0,1.0,Entire home/apt,52.53745,13.45864,4.93,30,4.584967478670572,1,1,0
90.0,2,0.0,1.0,Entire home/apt,52.41864547909462,13.587526599444573,0.0,0,4.499809670330265,1,0,0
76.0,2,1.0,3.0,Private room,52.51238813,13.383538884655763,3.9,77,4.330733340286331,1,1,0
112.0,4,1.0,3.0,Private room,52.51274596746591,13.384740022282276,3.75,16,4.718498871295094,1,1,0
132.0,6,1.0,3.0,Private room,52.51333,13.38288,4.04,25,4.882801922586371,1,1,1
146.0,6,3.0,1.0,Entire home/apt,52.46905805681287,13.335729175626888,4.79,57,4.983606621708336,1,1,0
100.0,2,1.0,1.0,Entire home/apt,52.63223001,13.293920047581196,4.91,34,4.605170185988092,1,1,1
102.0,4,1.0,2.0,Entire home/apt,52.42503,13.67145,4.5,6,4.624972813284271,1,1,0
317.0,4,2.0,1.5,Private room,52.51229671274008,13.383560342327884,0.0,0,5.75890177387728,1,1,0
219.0,6,2.0,1.5,Entire home/apt,52.52719860101806,13.394720842843643,4.88,43,5.389071729816501,1,1,0
104.0,2,1.0,1.0,Entire home/apt,52.4917109,13.4017261,4.88,8,4.6443908991413725,1,1,0
913.0,3,1.0,1.0,Entire home/apt,52.43928385474923,13.265531117413689,0.0,0,6.816735880594968,1,1,0
167.0,5,2.0,2.0,Entire home/apt,52.54888,13.4036,5.0,10,5.117993812416755,1,1,0
136.0,5,1.0,1.0,Entire home/apt,52.5062451,13.4163842,4.09,57,4.912654885736052,1,1,0
140.0,6,1.0,1.0,Entire home/apt,52.5062451,13.4163842,4.29,21,4.941642422609304,0,0,0
152.0,7,1.0,1.0,Entire home/apt,52.5062451,13.4163842,3.64,11,5.0238805208462765,1,1,0
138.0,2,1.0,1.0,Private room,52.48577772255994,13.37609964760598,5.0,5,4.927253685157205,1,1,0
254.0,9,5.0,1.0,Entire home/apt,52.54482052922873,13.41355941728471,4.72,53,5.537334267018537,1,1,0
246.0,9,5.0,1.0,Entire home/apt,52.54611,13.41398,4.77,61,5.5053315359323625,1,1,0
80.0,4,1.0,1.0,Entire home/apt,52.53755518277924,13.428429270080072,0.0,0,4.382026634673881,1,1,0
59.0,2,1.0,1.0,Private room,52.4152046,13.5178791,4.95,19,4.07753744390572,1,1,0
50.0,2,1.0,1.0,Entire home/apt,52.5350298,13.4004729,0.0,0,3.912023005428146,1,1,0
56.0,2,1.0,1.0,Entire home/apt,52.54355840869764,13.242945601462344,0.0,0,4.02535169073515,1,1,0
117.0,4,2.0,1.0,Entire home/apt,52.53175666516341,13.378219865262508,4.5,2,4.762173934797756,1,1,1
121.0,4,1.0,1.0,Entire home/apt,52.49032806193763,13.431234515344244,4.46,13,4.795790545596741,1,1,0
123.0,5,1.0,1.0,Entire home/apt,52.49769808519826,13.40178697469722,4.83,12,4.812184355372417,1,1,0
108.0,3,1.0,1.0,Entire home/apt,52.52967830982958,13.33946194499731,4.86,29,4.68213122712422,1,1,0
256.0,8,3.0,2.5,Entire home/apt,52.524177897507336,13.458458881522755,0.0,0,5.545177444479562,1,1,0
174.0,2,1.0,1.0,Entire home/apt,52.52445890000001,13.3908876,0.0,0,5.159055299214529,1,1,0
95.0,5,2.0,1.0,Entire home/apt,52.58468917084118,13.36711667192127,0.0,0,4.553876891600541,1,1,0
151.0,4,2.0,1.0,Entire home/apt,52.56044630747526,13.43011010515463,4.75,24,5.017279836814924,1,1,0
64.0,1,1.0,1.0,Entire home/apt,52.49074,13.33429,5.0,3,4.158883083359672,1,1,0
110.0,2,1.0,1.0,Entire home/apt,52.47411,13.45137,4.94,16,4.700480365792417,1,1,0
82.0,1,1.0,1.0,Entire home/apt,52.472193883335656,13.45130804926157,0.0,0,4.406719247264253,0,1,0
68.0,2,1.0,1.0,Entire home/apt,52.464041706538026,13.327847506347684,4.33,9,4.219507705176107,1,1,0
46.0,3,1.0,1.0,Entire home/apt,52.52631914,13.391348203526396,0.0,0,3.828641396489095,1,1,0
111.0,2,1.0,1.0,Entire home/apt,52.51024659065206,13.42574708465576,4.96,28,4.709530201312334,1,1,0
66.0,2,1.0,1.0,Entire home/apt,52.50295529683624,13.478519325773082,4.89,37,4.189654742026425,1,0,0
162.0,4,2.0,1.0,Entire home/apt,52.521308,13.453579,5.0,3,5.087596335232384,1,1,1
187.0,5,2.0,1.5,Entire home/apt,52.48449211237355,13.422602263326846,4.83,12,5.231108616854587,1,1,0
35.0,2,1.0,1.0,Private room,52.54832,13.40372,0.0,0,3.555348061489413,1,1,0
85.0,4,1.0,1.0,Entire home/apt,52.49698,13.44873,0.0,0,4.442651256490317,1,1,0
171.0,6,3.0,1.5,Entire home/apt,52.49415,13.28656,0.0,0,5.14166355650266,1,1,0
408.0,6,2.0,2.5,Entire home/apt,52.53264698007177,13.40492209404342,0.0,0,6.0112671744041615,1,1,0
205.0,4,2.0,2.0,Entire home/apt,52.49641295947952,13.310963248586388,0.0,0,5.3230099791384085,1,1,0
70.0,2,1.0,1.0,Entire home/apt,52.51527859999999,13.3095562,5.0,1,4.248495242049359,1,1,0
45.0,2,1.0,1.0,Entire home/apt,52.49856759999999,13.401823,0.0,0,3.80666248977032,1,1,0
113.0,2,2.0,1.0,Entire home/apt,52.55741,13.43196,0.0,0,4.727387818712341,1,1,0
88.0,2,0.0,1.0,Private room,52.49220124922083,13.438635687764409,5.0,10,4.477336814478207,1,1,0
35.0,2,1.0,1.0,Private room,52.51030067715373,13.448120477984828,0.0,0,3.555348061489413,1,1,0
83.0,2,1.0,1.0,Private room,52.55394,13.41692,5.0,3,4.418840607796598,1,1,0
177.0,2,1.0,1.0,Entire home/apt,52.54747980356869,13.410407533729565,5.0,1,5.176149732573829,1,1,0
81.0,2,1.0,1.0,Private room,52.50081,13.47444,5.0,22,4.394449154672439,1,1,0
45.0,2,1.0,1.0,Entire home/apt,52.49962752,13.40116920018897,0.0,0,3.80666248977032,1,1,0
61.0,5,2.0,1.0,Entire home/apt,52.54995,13.36759,3.0,1,4.110873864173311,1,1,0
120.0,4,2.0,1.0,Entire home/apt,52.5340042,13.428148,0.0,0,4.787491742782046,1,1,0
60.0,2,1.0,1.5,Entire home/apt,52.53473007922547,13.42894561717105,0.0,0,4.0943445622221,1,1,0
256.0,3,1.0,1.0,Entire home/apt,52.5325515,13.388407,0.0,0,5.545177444479562,1,1,0
227.0,3,1.0,1.0,Entire home/apt,52.5325515,13.388407,5.0,1,5.424950017481403,1,1,0
199.0,3,1.0,1.0,Entire home/apt,52.5325515,13.388407,0.0,0,5.293304824724492,1,1,0
147.0,3,1.0,1.0,Entire home/apt,52.5325515,13.388407,0.0,0,4.990432586778736,1,1,0
285.0,3,1.0,1.0,Entire home/apt,52.5325515,13.388407,0.0,0,5.652489180268651,1,1,0
257.0,3,1.0,1.0,Entire home/apt,52.5325515,13.388407,0.0,0,5.54907608489522,1,1,0
228.0,3,1.0,1.0,Entire home/apt,52.5325515,13.388407,0.0,0,5.429345628954441,1,1,0
200.0,3,1.0,1.0,Entire home/apt,52.5325515,13.388407,0.0,0,5.298317366548036,1,1,0
144.0,3,1.0,1.0,Entire home/apt,52.5325515,13.388407,5.0,1,4.969813299576001,1,1,0
311.0,3,1.0,1.0,Entire home/apt,52.532118033656445,13.388542142327887,5.0,1,5.739792912179234,1,1,0
249.0,3,1.0,1.0,Entire home/apt,52.5324052,13.3885636,5.0,1,5.517452896464707,1,1,0
218.0,3,1.0,1.0,Entire home/apt,52.5324052,13.3885636,0.0,0,5.384495062789089,1,1,0
160.0,3,1.0,1.0,Entire home/apt,52.5324052,13.3885636,0.0,0,5.075173815233827,1,1,0
252.0,3,1.0,1.0,Entire home/apt,52.5324052,13.3885636,5.0,1,5.529429087511423,1,1,0
227.0,3,1.0,1.0,Entire home/apt,52.5324052,13.3885636,5.0,1,5.424950017481403,1,1,0
201.0,3,1.0,1.0,Entire home/apt,52.5324052,13.3885636,5.0,1,5.303304908059076,1,1,0
176.0,3,1.0,1.0,Entire home/apt,52.5324052,13.3885636,0.0,0,5.170483995038151,1,1,0
123.0,3,1.0,1.0,Entire home/apt,52.5324052,13.3885636,0.0,0,4.812184355372417,1,1,0
248.0,2,1.0,1.0,Entire home/apt,52.5324052,13.3885636,0.0,0,5.513428746164983,1,1,0
223.0,2,0.0,1.0,Entire home/apt,52.5324052,13.3885636,0.0,0,5.407171771460119,1,1,0
198.0,2,0.0,1.0,Entire home/apt,52.5324052,13.3885636,0.0,0,5.288267030694535,1,1,0
174.0,2,0.0,1.0,Entire home/apt,52.5324052,13.3885636,0.0,0,5.159055299214529,1,1,0
129.0,2,0.0,1.0,Entire home/apt,52.5324052,13.3885636,5.0,1,4.859812404361672,1,1,0
189.0,2,0.0,1.0,Entire home/apt,52.5324052,13.3885636,5.0,1,5.241747015059643,1,1,0
212.0,2,0.0,1.0,Entire home/apt,52.5324052,13.3885636,0.0,0,5.356586274672012,1,1,0
236.0,2,0.0,1.0,Entire home/apt,52.5324052,13.3885636,0.0,0,5.4638318050256105,1,1,0
165.0,2,0.0,1.0,Entire home/apt,52.5324052,13.3885636,0.0,0,5.10594547390058,1,1,0
117.0,2,0.0,1.0,Entire home/apt,52.5324052,13.3885636,0.0,0,4.762173934797756,1,1,0
173.0,3,1.0,1.0,Entire home/apt,52.48153929999999,13.3476019,4.9,40,5.153291594497779,1,1,0
63.0,2,1.0,1.0,Private room,52.5031079,13.4970742,5.0,30,4.143134726391533,1,0,0
110.0,6,3.0,1.0,Entire home/apt,52.55004,13.36748,0.0,0,4.700480365792417,1,1,0
61.0,2,1.0,1.0,Entire home/apt,52.54963014136817,13.367317541487838,0.0,0,4.110873864173311,1,1,0
87.0,3,1.0,1.0,Entire home/apt,52.52445890000001,13.3908876,0.0,0,4.465908118654584,1,1,1
60.0,2,0.0,1.0,Entire home/apt,52.5136564,13.4562265,5.0,1,4.0943445622221,1,1,0
204.0,7,3.0,2.0,Entire home/apt,52.4480374,13.3553146,5.0,7,5.318119993844216,1,1,0
102.0,3,2.0,1.0,Entire home/apt,52.49110132,13.334125952881868,0.0,0,4.624972813284271,1,1,0
122.0,2,1.0,1.0,Entire home/apt,52.5115,13.40778,5.0,5,4.804021044733257,1,1,0
190.0,12,3.0,2.0,Entire home/apt,52.49621,13.42066,4.7,56,5.247024072160486,1,1,0
120.0,4,2.0,1.0,Entire home/apt,52.50160016843362,13.412256576525746,4.88,17,4.787491742782046,1,1,0
64.0,2,1.0,1.0,Private room,52.52456,13.32893,4.75,16,4.158883083359672,1,1,0
246.0,6,2.0,2.0,Entire home/apt,52.42473,13.57668,5.0,3,5.5053315359323625,1,1,0
125.0,2,0.0,1.0,Entire home/apt,52.45870912369403,13.379167459525387,5.0,1,4.8283137373023015,1,1,0
65.0,1,1.0,1.0,Entire home/apt,52.522487089937925,13.450851629475322,0.0,0,4.174387269895637,1,1,0
104.0,2,1.0,1.0,Entire home/apt,52.51305374391989,13.306443489755337,4.59,51,4.6443908991413725,1,1,0
79.0,2,1.0,1.0,Entire home/apt,52.4855256,13.32647829511152,0.0,0,4.3694478524670215,1,1,0
45.0,2,1.0,1.0,Entire home/apt,52.51202618588175,13.314208265667723,0.0,0,3.80666248977032,1,1,0
81.0,2,1.0,1.0,Entire home/apt,52.4644439,13.4349377,4.44,9,4.394449154672439,1,1,0
140.0,4,2.0,1.0,Entire home/apt,52.49585797434758,13.197208805279551,4.73,11,4.941642422609304,0,1,0
145.0,3,1.0,1.0,Entire home/apt,52.46984680000001,13.4440094,4.26,107,4.976733742420574,0,0,0
149.0,5,1.0,1.0,Entire home/apt,52.46984680000001,13.4440094,4.17,183,5.003946305945459,0,0,0
139.0,2,1.0,1.0,Entire home/apt,52.44228,13.57221,4.67,3,4.934473933130692,0,1,0
94.0,4,1.0,1.0,Entire home/apt,52.50737549999999,13.4710931,4.92,37,4.543294782270004,1,1,0
399.0,8,4.0,3.5,Entire home/apt,52.5232067,13.3845044,4.92,52,5.988961416889864,1,1,1
93.0,4,1.0,1.0,Entire home/apt,52.53959683529814,13.418346206142958,0.0,0,4.532599493153256,1,1,1
76.0,4,2.0,1.0,Entire home/apt,52.5483,13.36344,0.0,0,4.330733340286331,1,1,0
190.0,6,2.0,1.0,Entire home/apt,52.49997682510122,13.414439861098527,4.84,50,5.247024072160486,1,1,0
99.0,2,0.0,1.0,Entire home/apt,52.5143609,13.4507191,4.79,38,4.59511985013459,1,1,0
83.0,2,1.0,1.0,Entire home/apt,52.51714,13.47034,4.5,2,4.418840607796598,1,1,0
246.0,4,2.0,1.0,Entire home/apt,52.47197,13.44417,5.0,18,5.5053315359323625,1,1,0
145.0,6,2.0,1.0,Entire home/apt,52.44465231561061,13.318553790450096,4.86,35,4.976733742420574,1,1,0
128.0,4,1.0,1.0,Entire home/apt,52.49457,13.39593,0.0,0,4.852030263919617,1,1,0
53.0,2,1.0,1.0,Private room,52.38863,13.38798,5.0,11,3.970291913552122,1,1,0
55.0,2,1.0,1.0,Private room,52.5132241,13.4337508,0.0,0,4.007333185232471,1,0,0
156.0,4,1.0,1.0,Entire home/apt,52.47645,13.42195,4.5,10,5.049856007249537,1,1,0
45.0,2,1.0,1.0,Private room,52.40028266972873,13.556088289605125,0.0,0,3.80666248977032,1,0,0
65.0,2,1.0,1.5,Private room,52.54855,13.41582,4.83,6,4.174387269895637,1,1,0
51.0,1,1.0,0.5,Private room,52.54832299159908,13.347937840164064,4.82,11,3.9318256327243257,1,1,0
72.0,1,0.0,1.0,Private room,52.47103,13.44547,4.8,5,4.276666119016055,1,1,0
90.0,5,2.0,1.0,Entire home/apt,52.52954,13.33511,3.91,11,4.499809670330265,1,1,0
144.0,9,4.0,2.0,Entire home/apt,52.4983,13.42131,4.74,46,4.969813299576001,1,1,0
54.0,2,1.0,1.0,Private room,52.54788629999999,13.3748509,4.4,15,3.9889840465642745,1,1,0
225.0,4,2.0,1.0,Entire home/apt,52.51933,13.45902,0.0,0,5.41610040220442,1,1,0
100.0,2,1.0,1.0,Entire home/apt,52.5260103,13.3110794,0.0,0,4.605170185988092,1,1,0
84.0,2,1.0,1.0,Entire home/apt,52.5080006,13.3203965,0.0,0,4.430816798843313,1,1,0
43.0,2,1.0,1.0,Private room,52.42010909,13.525884377626165,5.0,4,3.7612001156935615,1,0,0
173.0,4,1.0,1.0,Entire home/apt,52.499716021382525,13.475583054492194,4.93,15,5.153291594497779,1,1,0
102.0,2,0.0,1.0,Entire home/apt,52.52452,13.44677,5.0,22,4.624972813284271,1,1,0
451.0,4,2.0,2.5,Entire home/apt,52.54304,13.36729,4.8,5,6.111467339502679,1,0,0
53.0,4,2.0,1.0,Entire home/apt,52.49972381210411,13.439559269696309,0.0,0,3.970291913552122,0,0,0
116.0,1,1.0,1.0,Private room,52.50884380179711,13.28798370786704,4.43,56,4.7535901911063645,1,0,0
120.0,4,2.0,1.0,Entire home/apt,52.47403182505218,13.133516273594925,0.0,0,4.787491742782046,1,1,1
68.0,2,2.0,1.0,Entire home/apt,52.49018,13.42719,0.0,0,4.219507705176107,1,1,0
143.0,2,1.0,1.0,Entire home/apt,52.5257379,13.4066971,4.44,9,4.962844630259907,1,1,0
77.0,5,1.0,1.0,Entire home/apt,52.5469,13.41152,5.0,4,4.343805421853684,1,1,0
181.0,5,1.0,1.0,Entire home/apt,52.5356373,13.4119408,4.95,22,5.198497031265826,1,1,0
35.0,2,1.0,1.0,Entire home/apt,52.43975,13.59975,4.44,9,3.555348061489413,1,1,0
104.0,2,1.0,1.0,Private room,52.47574721149677,13.42904229929698,5.0,13,4.6443908991413725,1,1,0
225.0,4,1.0,1.0,Entire home/apt,52.46079,13.38529,0.0,0,5.41610040220442,1,1,0
90.0,3,0.0,1.0,Entire home/apt,52.5368,13.15775,5.0,5,4.499809670330265,1,1,0
95.0,2,1.0,1.0,Entire home/apt,52.49286332791058,13.39594937970508,4.84,64,4.553876891600541,1,1,0
20.0,2,1.0,2.0,Private room,52.47945939722064,13.500610033578624,0.0,0,2.995732273553991,0,1,0
93.0,4,1.0,1.0,Entire home/apt,52.54857,13.36798,4.52,46,4.532599493153256,1,1,1
63.0,1,1.0,1.0,Private room,52.5336012,13.4248628,4.91,44,4.143134726391533,1,0,0
53.0,2,1.0,1.0,Entire home/apt,52.56591655642838,13.416544313094414,0.0,0,3.970291913552122,1,1,0
72.0,3,1.0,1.0,Private room,52.477240492350674,13.308359713543965,4.71,7,4.276666119016055,1,1,0
79.0,2,1.0,1.0,Entire home/apt,52.42887,13.2066,0.0,0,4.3694478524670215,1,1,0
297.0,5,1.0,1.0,Entire home/apt,52.52163,13.38879,5.0,4,5.6937321388027,1,1,0
540.0,6,2.0,2.0,Entire home/apt,52.54998125884858,13.453974264036292,0.0,0,6.29156913955832,1,1,1
125.0,4,3.0,2.0,Entire home/apt,52.48774113879119,13.38501015571264,5.0,1,4.8283137373023015,1,1,0
103.0,2,1.0,1.0,Private room,52.51597,13.33324,5.0,1,4.634728988229636,1,1,1
103.0,2,1.0,1.0,Private room,52.51621,13.33287,5.0,2,4.634728988229636,1,1,1
103.0,2,1.0,1.0,Private room,52.5162,13.33161,5.0,1,4.634728988229636,1,1,1
103.0,2,1.0,1.0,Private room,52.51475,13.33286,5.0,2,4.634728988229636,1,1,1
125.0,3,1.0,1.0,Entire home/apt,52.53458036172648,13.425920887716092,5.0,5,4.8283137373023015,1,1,0
106.0,2,1.0,1.0,Entire home/apt,52.532189,13.4259495,0.0,0,4.663439094112067,1,1,0
77.0,4,1.0,1.0,Entire home/apt,52.568597487044805,13.310309635945822,4.84,19,4.343805421853684,1,1,0
100.0,4,2.0,1.0,Entire home/apt,52.4879796,13.4435793,0.0,0,4.605170185988092,1,1,0
125.0,3,1.0,1.0,Entire home/apt,52.53166,13.42835,3.83,6,4.8283137373023015,1,1,0
180.0,6,1.0,1.0,Entire home/apt,52.53165999999999,13.42835,3.76,29,5.19295685089021,1,1,0
191.0,9,1.0,1.0,Entire home/apt,52.53165999999999,13.42835,4.0,5,5.25227342804663,1,1,0
85.0,2,1.0,1.0,Private room,52.52684526483533,13.411890521532044,4.8,5,4.442651256490317,1,1,0
160.0,3,1.0,1.0,Entire home/apt,52.48849256364794,13.4097850423279,5.0,4,5.075173815233827,1,1,0
165.0,6,3.0,2.0,Entire home/apt,52.432887607647714,13.688190224738594,0.0,0,5.10594547390058,1,1,0
116.0,2,1.0,1.5,Entire home/apt,52.53496951333401,13.43502212698365,4.92,13,4.7535901911063645,1,1,0
8004.0,3,2.0,1.0,Entire home/apt,52.40821773,13.66304398,0.0,0,8.987696695703624,1,1,0
10007.0,3,1.0,1.0,Entire home/apt,52.49404,13.32817,4.0,4,9.211040127090456,1,1,0
9999.0,4,1.0,1.0,Entire home/apt,52.5874792,13.4239459,5.0,2,9.21024036697585,1,1,0
9999.0,4,1.0,1.0,Entire home/apt,52.41686,13.48523,4.33,3,9.21024036697585,1,1,0
44.0,1,1.0,1.0,Private room,52.48415,13.45476,4.75,4,3.784189633918261,1,1,0
53.0,2,1.0,1.0,Entire home/apt,52.49348,13.28659,0.0,0,3.970291913552122,1,1,0
116.0,3,1.0,1.0,Entire home/apt,52.49357,13.40002,4.72,29,4.7535901911063645,1,1,0
136.0,4,1.0,1.0,Entire home/apt,52.46535,13.32971,4.93,27,4.912654885736052,1,1,0
98.0,2,1.0,1.0,Entire home/apt,52.54642290028907,13.415492107578576,4.56,32,4.584967478670572,1,1,0
137.0,2,1.0,1.0,Entire home/apt,52.54741,13.40173,4.84,58,4.919980925828125,1,1,0
95.0,2,1.0,1.0,Entire home/apt,52.5099706,13.4719283,5.0,10,4.553876891600541,1,1,0
42.0,1,1.0,1.0,Entire home/apt,52.52834548812695,13.405071288100611,0.0,0,3.737669618283368,1,1,0
71.0,2,1.0,1.0,Private room,52.55721927091,13.430171345643224,5.0,31,4.262679877041316,1,1,0
287.0,8,2.0,1.5,Entire home/apt,52.52858,13.39635,4.71,48,5.659482215759621,1,1,0
75.0,2,1.0,1.0,Entire home/apt,52.5193374,13.265037,4.65,43,4.31748811353631,1,1,0
133.0,5,1.0,1.0,Entire home/apt,52.5304988,13.4009116,4.15,13,4.890349128221754,1,1,0
59.0,2,1.0,1.0,Entire home/apt,52.46033980656952,13.306536786624012,4.8,45,4.07753744390572,1,1,0
111.0,2,1.0,1.0,Entire home/apt,52.546777474708406,13.411168456077576,4.85,26,4.709530201312334,1,1,0
40.0,2,1.0,1.0,Entire home/apt,52.5286,13.33196,5.0,1,3.688879454113936,1,1,0
95.0,4,1.0,1.0,Entire home/apt,52.54926154389911,13.42454647452445,0.0,0,4.553876891600541,1,1,0
200.0,2,1.0,1.0,Entire home/apt,52.51059,13.422,5.0,1,5.298317366548036,1,1,0
153.0,2,1.0,1.0,Entire home/apt,52.54598679999999,13.4241427,5.0,44,5.030437921392435,1,1,0
324.0,4,2.0,2.0,Entire home/apt,52.52576990273791,13.395931045941964,4.87,47,5.780743515792329,1,1,0
90.0,2,1.0,1.0,Entire home/apt,52.49985,13.43031,0.0,0,4.499809670330265,1,1,0
150.0,3,1.0,1.0,Entire home/apt,52.526701212123534,13.490406179180097,4.36,25,5.010635294096256,1,0,0
49.0,1,1.0,0.5,Private room,52.57224,13.39554,5.0,9,3.8918202981106265,1,1,0
145.0,4,2.0,1.0,Entire home/apt,52.56685628056263,13.397718045618063,5.0,2,4.976733742420574,1,1,0
115.0,2,1.0,1.0,Entire home/apt,52.49885804674388,13.434758216034666,0.0,0,4.74493212836325,1,1,0
36.0,1,1.0,1.0,Private room,52.539839313138046,13.3465442,0.0,0,3.58351893845611,1,1,0
86.0,2,0.0,1.0,Entire home/apt,52.47194247,13.441840842064137,4.69,36,4.454347296253507,1,1,0
48.0,2,0.0,1.0,Entire home/apt,52.58851,13.40151,4.78,76,3.871201010907891,1,1,0
35.0,2,2.0,1.0,Private room,52.54182,13.49139,5.0,12,3.555348061489413,1,1,0
70.0,3,1.0,1.0,Entire home/apt,52.51054016,13.47320161390272,5.0,1,4.248495242049359,1,1,0
375.0,6,2.0,1.0,Entire home/apt,52.37726,13.64654,5.0,1,5.926926025970411,1,1,0
228.0,4,2.0,1.0,Entire home/apt,52.51036,13.4169,4.83,52,5.429345628954441,1,1,0
67.0,2,1.0,1.0,Private room,52.50426,13.31468,4.78,18,4.204692619390966,1,1,0
135.0,4,2.0,2.0,Private room,52.47682714072735,13.29712494612142,0.0,0,4.90527477843843,1,1,0
100.0,3,2.0,1.0,Entire home/apt,52.46908937499847,13.43174975840114,4.46,13,4.605170185988092,1,1,0
231.0,5,2.0,2.0,Entire home/apt,52.5567022,13.4321685,4.0,1,5.442417710521793,1,1,0
174.0,4,1.0,1.0,Entire home/apt,52.50682186807835,13.39880551653292,4.92,12,5.159055299214529,1,1,0
174.0,4,1.0,1.0,Entire home/apt,52.50673370910083,13.398896711639424,5.0,19,5.159055299214529,1,1,0
174.0,4,1.0,1.0,Entire home/apt,52.50669779242968,13.398961084655785,4.92,59,5.159055299214529,1,1,0
174.0,4,1.0,1.0,Entire home/apt,52.50671085304076,13.398902076057457,4.91,11,5.159055299214529,1,1,0
174.0,4,1.0,1.0,Entire home/apt,52.5068327,13.3986661,4.6,5,5.159055299214529,1,1,0
174.0,4,1.0,1.0,Entire home/apt,52.5068327,13.3986661,4.75,69,5.159055299214529,1,1,0
55.0,2,1.0,1.0,Entire home/apt,52.51935164777935,13.468943060039026,0.0,0,4.007333185232471,1,1,0
68.0,3,1.0,1.0,Entire home/apt,52.43282,13.71783,4.82,28,4.219507705176107,1,1,1
85.0,4,1.0,1.0,Entire home/apt,52.56747,13.45951,5.0,18,4.442651256490317,1,1,0
37.0,2,1.0,1.0,Private room,52.51502809999999,13.458659,5.0,1,3.610917912644224,1,1,0
74.0,4,0.0,3.0,Private room,52.5152744,13.4565813,4.54,26,4.30406509320417,1,1,0
322.0,5,3.0,2.0,Entire home/apt,52.511044277981846,13.288887780426014,4.0,4,5.7745515455444085,1,1,0
248.0,6,1.0,1.0,Entire home/apt,52.5086018,13.4033065,4.93,14,5.513428746164983,1,1,0
94.0,2,1.0,1.0,Entire home/apt,52.51835042557183,13.446271211975752,4.38,42,4.543294782270004,1,1,0
25.0,1,1.0,0.0,Private room,52.45002992820423,13.31043004989624,0.0,0,3.218875824868201,1,1,0
112.0,2,1.0,1.0,Entire home/apt,52.525946,13.4074468,0.0,0,4.718498871295094,1,1,0
58.0,1,1.0,1.0,Private room,52.48645878,13.348633931801434,5.0,7,4.060443010546419,1,1,0
53.0,2,1.0,1.0,Entire home/apt,52.45171,13.34124,0.0,0,3.970291913552122,1,1,1
174.0,8,2.0,1.0,Entire home/apt,52.54693,13.4562,3.25,4,5.159055299214529,1,1,0
163.0,4,1.0,1.0,Entire home/apt,52.549987621279726,13.350559431682424,1.0,1,5.093750200806762,1,1,0
63.0,2,1.0,1.0,Entire home/apt,52.50452221726248,13.470673729488416,5.0,2,4.143134726391533,0,1,0
224.0,10,4.0,2.0,Entire home/apt,52.413715,13.504938,5.0,1,5.41164605185504,1,1,0
68.0,2,1.0,1.0,Private room,52.49734359873165,13.438461465006052,5.0,16,4.219507705176107,1,1,0
211.0,6,2.0,2.0,Entire home/apt,52.5322286,13.3930825,4.94,36,5.351858133476067,1,1,0
99.0,4,1.0,1.0,Entire home/apt,52.60124,13.29298,4.45,11,4.59511985013459,1,1,0
75.0,3,1.0,1.0,Entire home/apt,52.480693067556906,13.444540116398526,0.0,0,4.31748811353631,1,1,0
131.0,4,1.0,1.0,Entire home/apt,52.52217187696339,13.480917986816475,4.97,37,4.875197323201151,1,1,1
114.0,2,1.0,1.0,Entire home/apt,52.54439,13.35974,0.0,0,4.736198448394496,1,1,0
122.0,8,2.0,1.0,Entire home/apt,52.5725176,13.4166697,4.07,14,4.804021044733257,1,1,0
120.0,4,1.0,1.0,Entire home/apt,52.54597829999999,13.4941654,0.0,0,4.787491742782046,1,0,0
85.0,3,2.0,1.0,Entire home/apt,52.5062811,13.2336738,4.94,32,4.442651256490317,1,0,0
43.0,4,2.0,1.0,Private room,52.52854,13.27194,0.0,0,3.7612001156935615,1,1,0
72.0,2,1.0,1.0,Entire home/apt,52.48942,13.45356,4.65,31,4.276666119016055,1,1,0
120.0,6,2.0,1.0,Entire home/apt,52.52761,13.272,0.0,0,4.787491742782046,0,1,0
135.0,4,2.0,1.0,Entire home/apt,52.49740737881412,13.433583120617952,5.0,2,4.90527477843843,1,1,0
98.0,2,1.0,1.0,Entire home/apt,52.48707150000001,13.3925628,0.0,0,4.584967478670572,1,1,0
106.0,2,0.0,1.0,Entire home/apt,52.5096942,13.4622975,0.0,0,4.663439094112067,1,1,0
134.0,2,1.0,1.0,Entire home/apt,52.51076750000001,13.4622796,0.0,0,4.897839799950911,1,1,0
162.0,3,1.0,1.0,Entire home/apt,52.5115278,13.4149719,4.98,50,5.087596335232384,1,1,0
70.0,2,1.0,1.0,Private room,52.43494272059804,13.477332517504692,5.0,2,4.248495242049359,1,1,0
110.0,3,1.0,1.0,Private room,52.43494272059804,13.477332517504692,3.75,4,4.700480365792417,1,1,0
87.0,3,1.0,1.0,Entire home/apt,52.51529423126676,13.43752252972294,0.0,0,4.465908118654584,0,1,0
110.0,2,1.0,1.0,Entire home/apt,52.42462722552144,13.451311737298964,5.0,15,4.700480365792417,1,1,0
57.0,2,1.0,1.0,Entire home/apt,52.5057254,13.380306,0.0,0,4.04305126783455,1,1,1
66.0,3,1.0,1.0,Entire home/apt,52.54413238218051,13.436584062874315,0.0,0,4.189654742026425,1,1,0
125.0,4,2.0,2.0,Entire home/apt,52.54283,13.41635,0.0,0,4.8283137373023015,1,1,0
64.0,1,1.0,1.0,Entire home/apt,52.55796646444558,13.341715795727108,0.0,0,4.158883083359672,1,1,0
94.0,2,1.0,1.0,Entire home/apt,52.49295468,13.395338746032728,4.81,73,4.543294782270004,1,1,0
59.0,2,1.0,1.0,Private room,52.51923166128843,13.443710030304992,5.0,24,4.07753744390572,1,0,0
52.0,2,1.0,1.0,Private room,52.457597251727215,13.370604384570791,4.78,18,3.951243718581428,1,1,0
117.0,2,1.0,1.0,Entire home/apt,52.47165042,13.44496663659811,0.0,0,4.762173934797756,1,1,0
96.0,2,1.0,1.0,Entire home/apt,52.49080784,13.41779024803059,5.0,1,4.564348191467836,1,1,0
180.0,4,2.0,2.0,Entire home/apt,52.48118,13.43527,5.0,3,5.19295685089021,1,1,1
105.0,2,1.0,1.0,Entire home/apt,52.49306,13.41298,5.0,2,4.653960350157523,1,1,0
88.0,4,1.0,1.0,Entire home/apt,52.52082,13.42657,5.0,3,4.477336814478207,1,1,0
160.0,3,1.0,1.0,Entire home/apt,52.54981645557328,13.40702601519406,4.75,4,5.075173815233827,1,1,0
139.0,2,2.0,1.0,Entire home/apt,52.53329937665028,13.408148227213925,4.76,29,4.934473933130692,1,1,0
116.0,3,2.0,1.0,Entire home/apt,52.40082,13.52305,4.63,8,4.7535901911063645,1,1,1
266.0,4,3.0,1.5,Entire home/apt,52.41587,13.13784,5.0,6,5.583496308781699,1,1,0
74.0,2,1.0,1.0,Private room,52.4998,13.43194,4.26,54,4.30406509320417,1,1,0
74.0,2,1.0,1.0,Private room,52.50185605292039,13.432638481922806,4.46,46,4.30406509320417,1,1,0
62.0,2,1.0,1.0,Private room,52.5018,13.43268,4.3,53,4.127134385045092,1,1,0
72.0,2,1.0,1.0,Entire home/apt,52.43441862044661,13.718912816217529,4.86,22,4.276666119016055,1,0,0
124.0,1,1.0,1.0,Entire home/apt,52.5126292,13.4270103,4.59,29,4.820281565605037,1,1,0
60.0,1,1.0,1.0,Private room,52.48853642190181,13.45594592756344,0.0,0,4.0943445622221,1,1,0
263.0,4,2.0,1.0,Entire home/apt,52.5259041,13.3867775,4.67,33,5.572154032177765,1,1,0
36.0,2,1.0,1.0,Private room,52.52885,13.33049,4.75,16,3.58351893845611,1,1,0
28.0,2,1.0,0.5,Private room,52.3779387,13.614422,4.91,34,3.332204510175204,1,1,0
104.0,2,0.0,1.0,Entire home/apt,52.5345467,13.1879998,4.6,5,4.6443908991413725,1,1,1
84.0,3,2.0,1.0,Entire home/apt,52.43553342844376,13.454326614126074,0.0,0,4.430816798843313,1,1,0
112.0,2,1.0,1.0,Entire home/apt,52.43195,13.30213,0.0,0,4.718498871295094,1,1,0
275.0,7,3.0,1.5,Entire home/apt,52.5235492,13.3847587,4.84,37,5.616771097666572,1,1,0
172.0,4,2.0,1.0,Entire home/apt,52.53819,13.42755,3.4,5,5.147494476813453,1,1,0
150.0,2,1.0,1.0,Entire home/apt,52.53729786862111,13.426968714087277,4.5,4,5.010635294096256,1,1,0
148.0,4,1.0,1.0,Entire home/apt,52.43078,13.70368,4.7,10,4.997212273764115,1,1,0
83.0,1,1.0,1.0,Private room,52.50266768028958,13.365976633198818,4.76,21,4.418840607796598,1,0,0
85.0,1,1.0,0.5,Private room,52.51088424473741,13.530748862781246,4.92,13,4.442651256490317,1,0,0
143.0,3,1.0,1.0,Entire home/apt,52.5140683,13.4691889,5.0,8,4.962844630259907,1,0,0
83.0,2,2.0,1.0,Entire home/apt,52.52518,13.33306,0.0,0,4.418840607796598,1,1,0
113.0,4,1.0,1.0,Entire home/apt,52.5081,13.3957,4.75,48,4.727387818712341,1,1,0
310.0,8,2.0,1.0,Entire home/apt,52.45736,13.38566,4.85,47,5.736572297479192,1,1,1
80.0,2,1.0,1.0,Entire home/apt,52.51620599520654,13.286988710254873,4.93,30,4.382026634673881,1,1,0
162.0,4,3.0,3.0,Entire home/apt,52.58011307,13.384639698457772,0.0,0,5.087596335232384,1,1,0
100.0,2,1.0,1.0,Entire home/apt,52.48836,13.44448,0.0,0,4.605170185988092,1,1,0
65.0,2,1.0,0.5,Private room,52.48815,13.43894,5.0,23,4.174387269895637,1,1,0
382.0,10,4.0,3.0,Entire home/apt,52.52506009351737,13.411841600000018,4.96,48,5.945420608606575,1,1,0
232.0,6,2.0,1.0,Entire home/apt,52.4972537,13.4465248,4.91,66,5.44673737166631,1,1,0
130.0,2,1.0,1.0,Entire home/apt,52.488799393802594,13.374682636472814,4.94,18,4.867534450455582,1,1,0
329.0,9,4.0,2.0,Entire home/apt,52.542513525392216,13.438744164670137,4.84,19,5.796057750765372,1,1,0
75.0,1,1.0,1.5,Private room,52.50263,13.38941,5.0,4,4.31748811353631,1,1,0
90.0,4,1.0,1.0,Entire home/apt,52.46306,13.42399,5.0,2,4.499809670330265,1,1,0
40.0,1,1.0,1.0,Private room,52.4981312,13.2887146,0.0,0,3.688879454113936,1,1,0
56.0,4,4.0,2.0,Entire home/apt,52.541051778539256,13.596087212042615,5.0,1,4.02535169073515,1,1,0
58.0,1,1.0,0.5,Private room,52.49256,13.39686,5.0,15,4.060443010546419,1,1,0
100.0,4,1.0,1.0,Entire home/apt,52.51812012872202,13.43019233403587,0.0,0,4.605170185988092,1,1,0
142.0,4,1.0,1.0,Entire home/apt,52.53307672,13.40361305125176,4.0,3,4.955827057601261,1,1,1
199.0,4,1.0,1.0,Entire home/apt,52.553565,13.4314335,4.75,8,5.293304824724492,1,1,0
280.0,4,2.0,2.0,Entire home/apt,52.52549,13.40683,0.0,0,5.634789603169249,1,1,0
224.0,8,4.0,2.0,Entire home/apt,52.48121094234089,13.348150590343591,3.25,4,5.41164605185504,1,1,0
72.0,4,1.0,1.0,Entire home/apt,52.47301,13.45383,4.75,4,4.276666119016055,1,1,0
72.0,2,1.0,1.0,Entire home/apt,52.50533,13.29593,0.0,0,4.276666119016055,1,1,0
257.0,4,2.0,2.0,Entire home/apt,52.501029,13.3589616,0.0,0,5.54907608489522,1,1,0
128.0,5,2.0,1.0,Entire home/apt,52.46601,13.3326,3.0,3,4.852030263919617,1,1,0
1440.0,16,1.0,1.0,Entire home/apt,52.51016709111656,13.455859401912496,0.0,0,7.272398392570047,1,1,0
157.0,2,1.0,1.0,Entire home/apt,52.5057254,13.380306,4.67,278,5.056245805348308,1,0,0
99.0,2,1.0,1.0,Entire home/apt,52.52874991450852,13.448466684263334,4.75,4,4.59511985013459,1,1,0
169.0,2,1.0,1.0,Entire home/apt,52.5057254,13.380306,4.67,12,5.1298987149230735,1,0,0
170.0,2,1.0,1.0,Entire home/apt,52.50624,13.37916,4.71,34,5.135798437050262,1,0,0
171.0,2,1.0,1.0,Entire home/apt,52.5057254,13.380306,4.33,9,5.14166355650266,1,1,0
204.0,4,1.0,1.0,Entire home/apt,52.5057254,13.380306,4.0,4,5.318119993844216,1,0,0
209.0,4,1.0,1.0,Entire home/apt,52.5057254,13.380306,4.69,48,5.342334251964811,1,1,0
212.0,4,1.0,1.0,Entire home/apt,52.5057254,13.380306,3.75,4,5.356586274672012,1,1,0
411.0,6,4.0,2.0,Entire home/apt,52.53230882331805,13.434610971380634,5.0,10,6.018593214496234,1,1,0
63.0,3,1.0,1.0,Entire home/apt,52.64000685309672,13.273778793038046,0.0,0,4.143134726391533,1,1,0
213.0,7,3.0,1.5,Entire home/apt,52.50556,13.35691,4.7,40,5.3612921657094255,1,1,0
56.0,4,1.0,1.0,Entire home/apt,52.49321,13.39794,0.0,0,4.02535169073515,1,1,0
153.0,3,1.0,1.0,Entire home/apt,52.4956772,13.4674914,5.0,9,5.030437921392435,1,1,0
104.0,3,1.0,1.0,Private room,52.494,13.30974,4.5,10,4.6443908991413725,1,1,0
141.0,4,2.0,1.0,Private room,52.49488,13.30997,4.77,31,4.948759890378168,1,1,0
160.0,6,2.0,1.0,Private room,52.494,13.30974,4.9,21,5.075173815233827,1,1,0
151.0,6,1.0,1.0,Entire home/apt,52.494,13.30974,4.74,35,5.017279836814924,1,1,0
81.0,4,1.0,1.0,Entire home/apt,52.49864870784517,13.446388207376003,5.0,4,4.394449154672439,1,1,0
113.0,2,1.0,1.0,Entire home/apt,52.49333416901916,13.438631029546354,4.0,1,4.727387818712341,1,1,0
34.0,3,1.0,1.0,Entire home/apt,52.531553912233534,13.305750941211132,0.0,0,3.5263605246161616,1,1,0
91.0,2,1.0,1.0,Entire home/apt,52.538518160307945,13.48309590503499,4.88,25,4.51085950651685,1,1,0
225.0,5,2.0,1.0,Entire home/apt,52.491649034547365,13.397995792329311,5.0,1,5.41610040220442,1,1,0
86.0,2,1.0,1.0,Entire home/apt,52.51749969999999,13.4539603,5.0,12,4.454347296253507,1,1,0
144.0,2,1.0,1.0,Entire home/apt,52.5338984,13.4131515,0.0,0,4.969813299576001,1,1,0
102.0,2,1.0,1.0,Entire home/apt,52.51689947242704,13.322316607589087,5.0,5,4.624972813284271,1,1,0
35.0,2,1.0,1.0,Private room,52.49072,13.38949,0.0,0,3.555348061489413,1,1,0
45.0,2,1.0,1.0,Entire home/apt,52.5097,13.42231,0.0,0,3.80666248977032,1,1,0
89.0,3,1.0,1.0,Entire home/apt,52.50182,13.2927,4.67,3,4.48863636973214,1,1,0
161.0,2,1.0,1.5,Entire home/apt,52.51978114327688,13.393621315344223,5.0,1,5.081404364984463,1,1,1
112.0,3,2.0,1.0,Entire home/apt,52.51708909527423,13.41987973296725,4.6,30,4.718498871295094,1,1,0
444.0,13,9.0,3.0,Entire home/apt,52.49149,13.39444,4.44,45,6.095824562432225,1,1,0
291.0,8,3.0,2.0,Entire home/apt,52.49945,13.30332,4.8,5,5.673323267171493,1,1,0
70.0,2,1.0,1.0,Entire home/apt,52.49429,13.31344,0.0,0,4.248495242049359,1,1,0
117.0,3,1.0,1.0,Entire home/apt,52.50157,13.42059,0.0,0,4.762173934797756,1,1,0
144.0,2,1.0,1.0,Entire home/apt,52.49265,13.39539,0.0,0,4.969813299576001,1,1,0
81.0,2,1.0,1.0,Private room,52.50086,13.45272,4.9,20,4.394449154672439,1,1,0
95.0,2,1.0,1.0,Entire home/apt,52.45025,13.24741,5.0,9,4.553876891600541,1,1,0
34.0,2,1.0,1.0,Private room,52.482048,13.4385488,0.0,0,3.5263605246161616,1,1,0
29.0,2,1.0,1.0,Private room,52.482048,13.4385488,0.0,0,3.367295829986474,1,1,0
32.0,2,1.0,1.0,Private room,52.482048,13.4385488,0.0,0,3.4657359027997265,1,1,0
41.0,2,1.0,1.0,Private room,52.53763264204747,13.281223219846863,0.0,0,3.713572066704308,1,1,0
135.0,4,1.0,1.0,Entire home/apt,52.53356938773695,13.370768688619137,4.73,26,4.90527477843843,1,1,0
57.0,3,1.0,1.0,Entire home/apt,52.51251,13.45997,4.5,4,4.04305126783455,1,1,0
140.0,2,1.0,1.0,Entire home/apt,52.47936307191003,13.346167802810667,0.0,0,4.941642422609304,1,1,0
197.0,6,2.0,1.0,Entire home/apt,52.54489856373398,13.377587713940112,4.3,10,5.2832037287379885,1,1,0
121.0,2,1.0,1.0,Entire home/apt,52.4916175,13.4220701,4.25,4,4.795790545596741,1,1,0
83.0,4,2.0,2.0,Entire home/apt,52.49179,13.27142,0.0,0,4.418840607796598,0,1,0
104.0,3,1.0,1.0,Entire home/apt,52.49297403803204,13.421734271852277,4.75,4,4.6443908991413725,1,1,0
105.0,2,1.0,1.0,Entire home/apt,52.51327,13.46928,5.0,13,4.653960350157523,1,1,0
86.0,2,1.0,1.0,Private room,52.4546577,13.6341847,5.0,18,4.454347296253507,1,1,0
126.0,4,2.0,1.0,Entire home/apt,52.53763,13.37426,0.0,0,4.836281906951478,1,1,0
65.0,2,1.0,1.0,Entire home/apt,52.5530374,13.3860606,0.0,0,4.174387269895637,0,1,0
140.0,8,4.0,1.0,Entire home/apt,52.51063256645352,13.458672092014144,0.0,0,4.941642422609304,1,1,0
77.0,3,1.0,2.5,Private room,52.50127891295987,13.328189236529749,0.0,0,4.343805421853684,1,1,1
85.0,2,0.0,1.0,Entire home/apt,52.4594775,13.3260596,0.0,0,4.442651256490317,1,1,0
86.0,2,1.0,1.0,Entire home/apt,52.475616694937145,13.448815339637475,4.67,3,4.454347296253507,1,1,0
81.0,2,1.0,1.0,Entire home/apt,52.5110219,13.4583673,5.0,1,4.394449154672439,1,1,0
60.0,3,1.0,1.0,Entire home/apt,52.4852293,13.3539758,0.0,0,4.0943445622221,1,1,0
76.0,4,2.0,1.0,Entire home/apt,52.4832621,13.2911831,0.0,0,4.330733340286331,1,1,0
59.0,2,0.0,1.0,Entire home/apt,52.4828447,13.2899457,0.0,0,4.07753744390572,1,1,0
77.0,2,1.0,1.0,Entire home/apt,52.49498,13.34817,4.81,26,4.343805421853684,1,1,0
138.0,7,1.0,1.0,Entire home/apt,52.45788940000001,13.3240244,4.89,28,4.927253685157205,1,1,1
238.0,2,1.0,1.0,Entire home/apt,52.51294,13.47345,4.82,17,5.472270673671475,1,1,1
153.0,8,3.0,1.0,Entire home/apt,52.5347622,13.4075782,4.25,28,5.030437921392435,1,1,1
68.0,2,1.0,1.0,Private room,52.47835,13.4362,0.0,0,4.219507705176107,1,1,0
200.0,4,1.0,1.5,Entire home/apt,52.53113492751249,13.39059972,0.0,0,5.298317366548036,1,1,0
204.0,10,2.0,1.0,Entire home/apt,52.5453577,13.4135009,4.46,24,5.318119993844216,1,1,0
260.0,11,3.0,2.0,Entire home/apt,52.5338621,13.4437448,4.43,46,5.560681631015528,1,1,1
140.0,4,1.0,1.0,Entire home/apt,52.53640438,13.413749411702156,4.93,41,4.941642422609304,1,1,0
101.0,3,1.0,1.0,Entire home/apt,52.53074110000001,13.401757,4.36,11,4.61512051684126,1,1,1
49.0,2,1.0,3.0,Entire home/apt,52.54597,13.40198,5.0,1,3.8918202981106265,1,1,0
71.0,2,1.0,1.0,Entire home/apt,52.48127,13.34497,0.0,0,4.262679877041316,1,1,0
175.0,4,1.0,1.0,Entire home/apt,52.54009019999999,13.414734,4.89,27,5.1647859739235145,1,1,0
62.0,3,2.0,1.0,Entire home/apt,52.49039,13.52655,0.0,0,4.127134385045092,1,0,0
138.0,2,1.0,1.0,Entire home/apt,52.5052259,13.4401188,4.54,13,4.927253685157205,1,1,1
152.0,4,1.0,1.0,Entire home/apt,52.5052259,13.4401188,4.55,40,5.0238805208462765,1,1,1
114.0,2,1.0,1.0,Entire home/apt,52.54366,13.3588,0.0,0,4.736198448394496,1,1,0
77.0,3,1.0,1.0,Entire home/apt,52.44053,13.38703,4.27,11,4.343805421853684,1,1,0
52.0,1,1.0,1.0,Private room,52.4349304,13.5443298,4.72,29,3.951243718581428,1,1,1
89.0,4,2.0,1.0,Entire home/apt,52.47859,13.53039,4.36,28,4.48863636973214,1,1,0
50.0,2,1.0,1.0,Private room,52.57336022385405,13.31761635604976,0.0,0,3.912023005428146,1,1,0
52.0,1,1.0,1.0,Private room,52.51866,13.31373,0.0,0,3.951243718581428,0,0,0
65.0,2,1.0,1.0,Private room,52.43494279999999,13.4773326,0.0,0,4.174387269895637,1,1,0
45.0,1,1.0,1.0,Private room,52.41579884508694,13.575552222226507,5.0,6,3.80666248977032,1,0,0
35.0,2,1.0,1.0,Private room,52.43494279999999,13.4773326,4.63,8,3.555348061489413,1,1,0
44.0,2,1.0,1.0,Entire home/apt,52.4844,13.28677,5.0,1,3.784189633918261,1,1,0
50.0,1,1.0,1.0,Private room,52.55135696102717,13.404379552713744,0.0,0,3.912023005428146,1,1,0
82.0,2,1.0,1.0,Entire home/apt,52.58885,13.39197,4.63,8,4.406719247264253,1,1,0
153.0,2,1.0,1.5,Entire home/apt,52.4917976,13.4219049,5.0,8,5.030437921392435,1,1,0
68.0,2,1.0,1.0,Entire home/apt,52.52312837487081,13.350614863211828,0.0,0,4.219507705176107,1,1,0
98.0,4,1.0,1.0,Entire home/apt,52.52175855988187,13.452641219843896,4.0,2,4.584967478670572,1,1,0
81.0,2,1.0,1.0,Private room,52.511,13.46169,0.0,0,4.394449154672439,1,1,0
81.0,2,1.0,1.0,Private room,52.509050097220495,13.46027787,0.0,0,4.394449154672439,1,1,0
130.0,2,1.0,1.0,Entire home/apt,52.5232067,13.3845044,4.71,7,4.867534450455582,1,1,0
420.0,6,2.0,1.0,Entire home/apt,52.50193449120172,13.441064837506833,5.0,10,6.040254711277414,1,1,0
35.0,2,1.0,1.0,Private room,52.50971,13.46186,0.0,0,3.555348061489413,1,1,0
57.0,2,1.0,1.0,Private room,52.49743301765242,13.440580823904863,0.0,0,4.04305126783455,1,1,0
99.0,2,1.0,1.0,Entire home/apt,52.52964043209449,13.387141761304823,0.0,0,4.59511985013459,0,1,0
84.0,3,1.0,1.0,Entire home/apt,52.41791006415893,13.286800512790064,0.0,0,4.430816798843313,1,1,0
173.0,2,1.0,1.0,Entire home/apt,52.53445893007402,13.42805241852416,5.0,1,5.153291594497779,1,1,0
138.0,6,2.0,1.0,Entire home/apt,52.522879859128544,13.452972137664856,4.63,8,4.927253685157205,1,1,0
76.0,3,1.0,1.0,Entire home/apt,52.44005314445945,13.387090842830672,4.2,15,4.330733340286331,1,1,0
77.0,3,1.0,1.0,Entire home/apt,52.44012,13.38729,4.43,14,4.343805421853684,1,1,0
194.0,6,1.0,1.0,Entire home/apt,52.50445936959929,13.48037366812187,4.73,37,5.267858159063328,1,1,0
83.0,3,1.0,1.0,Entire home/apt,52.44076945689384,13.38890221207543,4.0,23,4.418840607796598,1,1,0
68.0,3,1.0,1.0,Entire home/apt,52.50969,13.30107,0.0,0,4.219507705176107,1,1,0
308.0,10,4.0,1.0,Entire home/apt,52.50509998413128,13.3201390012803,4.77,35,5.730099782973574,1,1,0
84.0,3,1.0,1.0,Entire home/apt,52.5545336,13.3919026,4.23,30,4.430816798843313,1,1,0
138.0,6,2.0,1.0,Entire home/apt,52.52291999963453,13.454709492509908,4.33,9,4.927253685157205,1,1,0
128.0,2,1.0,1.0,Entire home/apt,52.53220133488082,13.423334830688464,5.0,17,4.852030263919617,1,1,0
108.0,2,0.0,1.0,Entire home/apt,52.5096235,13.4661866,0.0,0,4.68213122712422,1,1,0
94.0,2,0.0,1.0,Entire home/apt,52.5096235,13.4661866,0.0,0,4.543294782270004,1,1,0
99.0,2,1.0,1.0,Entire home/apt,52.5390366,13.4091437,0.0,0,4.59511985013459,1,1,0
39.0,1,1.0,1.0,Private room,52.523329011659285,13.449023373726629,2.33,3,3.6635616461296463,1,1,0
73.0,1,1.0,8.0,Private room,52.49711675047205,13.446566679450369,4.5,2,4.290459441148391,1,1,0
240.0,16,0.0,2.0,Entire home/apt,52.510291448624656,13.457802533424404,0.0,0,5.480638923341991,1,1,0
47.0,3,1.0,1.0,Entire home/apt,52.56670731230823,13.413033546348125,0.0,0,3.8501476017100575,1,1,0
28.0,1,1.0,1.0,Entire home/apt,52.552693458675925,13.39135625833184,0.0,0,3.332204510175204,1,1,0
74.0,2,1.0,1.0,Private room,52.4962976,13.3632759,0.0,0,4.30406509320417,1,1,0
216.0,6,3.0,2.0,Entire home/apt,52.52596866950758,13.312008487417875,0.0,0,5.375278407684165,1,1,0
150.0,4,2.0,1.0,Entire home/apt,52.52811,13.39812,4.83,12,5.010635294096256,1,1,0
94.0,2,1.0,1.0,Entire home/apt,52.4869309,13.4292267,0.0,0,4.543294782270004,1,1,0
54.0,2,1.0,1.0,Private room,52.50058,13.3865,4.5,2,3.9889840465642745,1,1,0
76.0,4,1.0,1.0,Entire home/apt,52.5136564,13.4562265,0.0,0,4.330733340286331,1,1,0
78.0,2,1.0,1.0,Entire home/apt,52.5108216,13.4583748,0.0,0,4.356708826689592,1,1,0
66.0,2,1.0,1.0,Entire home/apt,52.48311,13.2908961,0.0,0,4.189654742026425,1,1,0
78.0,4,1.0,1.0,Entire home/apt,52.5226228,13.449786,0.0,0,4.356708826689592,1,1,0
50.0,2,0.0,1.0,Entire home/apt,52.4790289,13.4463329,0.0,0,3.912023005428146,1,1,0
71.0,2,1.0,1.0,Entire home/apt,52.47816520000001,13.4467096,0.0,0,4.262679877041316,1,1,0
138.0,4,1.0,1.0,Entire home/apt,52.53548927586069,13.41822754122383,5.0,1,4.927253685157205,1,1,0
85.0,3,1.0,1.0,Entire home/apt,52.53061719141232,13.333137555167296,4.17,6,4.442651256490317,1,1,0
63.0,3,1.0,1.0,Private room,52.564703837306446,13.387976625619022,4.94,54,4.143134726391533,1,1,0
144.0,3,1.0,1.0,Entire home/apt,52.49306,13.42322,4.91,11,4.969813299576001,1,1,0
128.0,6,1.0,1.0,Entire home/apt,52.52492,13.44931,5.0,1,4.852030263919617,1,1,0
220.0,2,1.0,1.0,Entire home/apt,52.49356316352323,13.412444109070949,0.0,0,5.393627546352362,1,1,0
92.0,3,1.0,1.0,Entire home/apt,52.52331,13.4487,3.5,2,4.5217885770490405,1,1,0
138.0,6,1.0,1.0,Entire home/apt,52.523442923448215,13.448717217773854,4.5,2,4.927253685157205,1,1,0
328.0,4,2.0,1.0,Entire home/apt,52.51398,13.39527,4.25,4,5.793013608384144,1,1,1
60.0,2,1.0,1.0,Entire home/apt,52.46674652459567,13.392973549436636,0.0,0,4.0943445622221,1,1,0
54.0,1,1.0,1.0,Private room,52.492027899567184,13.393627184216893,4.93,15,3.9889840465642745,1,1,0
86.0,2,1.0,1.0,Private room,52.51708164170804,13.457551561295986,5.0,6,4.454347296253507,1,1,0
110.0,4,1.0,1.0,Entire home/apt,52.52483,13.44955,1.0,1,4.700480365792417,1,1,0
165.0,9,3.0,1.0,Entire home/apt,52.52268531140154,13.44898866566954,4.15,13,5.10594547390058,1,1,0
156.0,8,2.0,1.0,Entire home/apt,52.52333312436251,13.448818675535035,4.63,8,5.049856007249537,1,1,0
117.0,3,2.0,1.0,Entire home/apt,52.4195321,13.42805,0.0,0,4.762173934797756,1,1,0
40.0,2,1.0,1.0,Entire home/apt,52.50106614168392,13.438682197609118,0.0,0,3.688879454113936,1,1,0
298.0,12,4.0,1.5,Entire home/apt,52.54582272479015,13.40129166980511,4.91,47,5.697093486505405,1,1,0
92.0,3,1.0,2.0,Entire home/apt,52.52794,13.33597,5.0,7,4.5217885770490405,1,1,0
142.0,4,1.0,1.0,Entire home/apt,52.56008139999999,13.4724768,4.9,30,4.955827057601261,1,1,0
84.0,2,1.0,1.0,Private room,52.54919824780342,13.416669968343871,4.0,2,4.430816798843313,1,0,0
89.0,3,2.0,1.0,Entire home/apt,52.49207,13.33422,5.0,1,4.48863636973214,1,1,0
73.0,3,1.0,1.0,Entire home/apt,52.47446,13.31696,0.0,0,4.290459441148391,1,1,0
197.0,4,2.0,1.0,Entire home/apt,52.461959131468106,13.382017747205644,4.18,17,5.2832037287379885,1,1,0
161.0,4,1.0,1.0,Entire home/apt,52.4680209,13.4255386,4.95,19,5.081404364984463,1,1,0
89.0,2,1.0,1.0,Shared room,52.49885215005333,13.445851392753235,5.0,3,4.48863636973214,1,1,0
90.0,2,1.0,2.0,Shared room,52.4980954,13.4468262,4.59,17,4.499809670330265,1,1,0
52.0,2,1.0,1.0,Private room,52.47098,13.4229,4.95,21,3.951243718581428,1,1,0
80.0,2,0.0,1.0,Entire home/apt,52.52909952054217,13.407022850214108,5.0,2,4.382026634673881,1,1,0
42.0,4,1.0,2.0,Shared room,52.4980954,13.4468262,4.83,18,3.737669618283368,1,1,0
65.0,3,0.0,3.0,Private room,52.5152744,13.4565813,4.49,37,4.174387269895637,1,1,0
39.0,6,1.0,2.0,Shared room,52.4980954,13.4468262,4.76,29,3.6635616461296463,1,1,0
39.0,6,1.0,2.0,Shared room,52.4980954,13.4468262,4.75,12,3.6635616461296463,1,1,0
65.0,3,0.0,1.0,Private room,52.5152744,13.4565813,4.39,31,4.174387269895637,1,1,0
36.0,8,1.0,2.0,Shared room,52.4980954,13.4468262,4.91,55,3.58351893845611,1,1,0
96.0,2,1.0,2.0,Shared room,52.4980954,13.4468262,5.0,3,4.564348191467836,1,1,0
96.0,2,1.0,2.0,Shared room,52.4980954,13.4468262,4.0,2,4.564348191467836,1,1,0
59.0,2,1.0,1.0,Entire home/apt,52.552117,13.3589293,0.0,0,4.07753744390572,1,1,0
80.0,3,2.0,1.5,Entire home/apt,52.496864464846645,13.325288915344252,0.0,0,4.382026634673881,1,1,0
95.0,3,1.0,1.5,Entire home/apt,52.51356,13.48679,0.0,0,4.553876891600541,1,1,0
118.0,2,1.0,0.0,Entire home/apt,52.52667058952093,13.490384580426031,4.75,208,4.770684624465665,1,0,0
189.0,5,1.0,1.0,Entire home/apt,52.49498565101322,13.432471384655775,4.79,24,5.241747015059643,1,1,0
68.0,4,1.0,1.0,Entire home/apt,52.48971,13.48195,4.67,3,4.219507705176107,0,1,0
49.0,2,1.0,1.0,Private room,52.53718,13.42243,0.0,0,3.8918202981106265,1,1,0
212.0,7,2.0,2.0,Entire home/apt,52.52559,13.39634,4.21,19,5.356586274672012,1,1,0
43.0,2,1.0,1.0,Entire home/apt,52.5097,13.42231,0.0,0,3.7612001156935615,1,1,0
180.0,2,1.0,1.0,Entire home/apt,52.57667619999999,13.393221,5.0,3,5.19295685089021,1,1,0
71.0,2,1.0,1.0,Private room,52.53465817316575,13.373049678519504,4.92,24,4.262679877041316,1,1,0
82.0,4,1.0,1.0,Entire home/apt,52.50509,13.51944,0.0,0,4.406719247264253,1,1,0
99.0,3,1.0,1.0,Entire home/apt,52.54568281196877,13.452814265081798,4.86,14,4.59511985013459,1,1,0
140.0,4,1.0,1.0,Entire home/apt,52.514876065620925,13.47267621060637,5.0,8,4.941642422609304,1,1,0
82.0,4,1.0,1.0,Entire home/apt,52.5065,13.51978,4.75,4,4.406719247264253,1,1,0
110.0,5,2.0,1.0,Entire home/apt,52.5052,13.52131,4.25,4,4.700480365792417,1,1,0
81.0,2,1.0,1.0,Entire home/apt,52.45857388437425,13.537974995928778,0.0,0,4.394449154672439,0,1,0
210.0,12,3.0,1.0,Entire home/apt,52.51982,13.35606,4.77,48,5.3471075307174685,1,1,0
72.0,4,1.0,1.5,Entire home/apt,52.5502688,13.3598555,0.0,0,4.276666119016055,1,1,0
290.0,4,1.0,1.0,Entire home/apt,52.5324537,13.4187202,5.0,2,5.66988092298052,1,1,0
136.0,2,1.0,1.0,Entire home/apt,52.50675349999999,13.4202906,0.0,0,4.912654885736052,1,1,0
117.0,2,1.0,1.0,Entire home/apt,52.5517119,13.4152727,0.0,0,4.762173934797756,1,1,0
129.0,2,1.0,1.0,Entire home/apt,52.49753,13.41957,0.0,0,4.859812404361672,1,1,0
126.0,4,1.0,1.0,Entire home/apt,52.51371,13.60477,5.0,9,4.836281906951478,1,1,0
383.0,6,3.0,2.5,Entire home/apt,52.52573,13.39637,4.5,8,5.948034989180646,1,1,0
65.0,2,1.0,1.0,Entire home/apt,52.48752,13.32678,0.0,0,4.174387269895637,1,1,0
88.0,2,1.0,1.0,Entire home/apt,52.54146267743141,13.359406407083242,4.54,26,4.477336814478207,1,1,0
72.0,4,1.0,1.0,Entire home/apt,52.5132906,13.4632552,0.0,0,4.276666119016055,1,1,0
138.0,2,1.0,1.0,Entire home/apt,52.53713,13.39586,4.72,39,4.927253685157205,1,1,0
279.0,4,1.0,1.0,Entire home/apt,52.54234275057287,13.221014205804456,5.0,5,5.631211781821365,1,1,1
115.0,6,3.0,1.0,Entire home/apt,52.44618419122276,13.555065941770524,4.72,36,4.74493212836325,1,1,0
119.0,2,1.0,1.0,Entire home/apt,52.512624758867865,13.42663646931152,5.0,9,4.77912349311153,1,1,0
99.0,1,1.0,1.0,Entire home/apt,52.51283369999999,13.4267223,0.0,0,4.59511985013459,1,1,0
127.0,2,1.0,1.0,Entire home/apt,52.51283369999999,13.4267223,0.0,0,4.844187086458591,1,1,0
82.0,1,1.0,1.0,Entire home/apt,52.51283369999999,13.4267223,4.6,5,4.406719247264253,1,1,0
96.0,1,1.0,1.0,Entire home/apt,52.51283369999999,13.4267223,0.0,0,4.564348191467836,1,1,0
111.0,2,1.0,1.0,Private room,52.53992861037731,13.40446747217078,5.0,15,4.709530201312334,1,1,0
208.0,2,1.0,1.0,Entire home/apt,52.52384970000001,13.3806719,4.95,21,5.337538079701318,1,1,0
246.0,4,2.0,1.0,Entire home/apt,52.493389541242735,13.321808176668188,4.76,33,5.5053315359323625,1,1,0
311.0,15,6.0,4.0,Entire home/apt,52.48199108372015,13.349198700000017,4.78,9,5.739792912179234,1,1,0
42.0,2,1.0,1.0,Private room,52.56376601270952,13.362890738623028,4.83,18,3.737669618283368,1,1,0
97.0,2,0.0,1.0,Entire home/apt,52.45041,13.14624,4.61,23,4.574710978503383,1,1,0
39.0,2,1.0,1.0,Private room,52.377,13.6136,4.73,15,3.6635616461296463,1,0,0
45.0,2,1.0,1.0,Private room,52.54074409162522,13.412017060835923,4.58,12,3.80666248977032,1,1,0
321.0,9,3.0,1.0,Entire home/apt,52.51189000593096,13.403652052417232,4.61,18,5.771441123130016,1,1,0
145.0,6,2.0,1.0,Entire home/apt,52.48199108372015,13.349177242327896,5.0,3,4.976733742420574,1,1,0
74.0,2,1.0,2.0,Private room,52.53736533048225,13.510302761375211,0.0,0,4.30406509320417,1,1,0
94.0,3,1.0,1.0,Private room,52.5435,13.37834,2.0,1,4.543294782270004,1,1,0
680.0,12,4.0,1.0,Entire home/apt,52.56902,13.37972,0.0,0,6.522092798170152,1,1,0
108.0,2,1.0,1.0,Entire home/apt,52.4896875,13.4076529,0.0,0,4.68213122712422,1,1,0
111.0,3,1.0,1.0,Private room,52.54477,13.37805,3.4,5,4.709530201312334,1,1,0
116.0,3,1.0,1.0,Entire home/apt,52.5333991,13.3717674,4.66,29,4.7535901911063645,1,1,0
169.0,6,3.0,2.0,Entire home/apt,52.5755057,13.3984545,4.79,29,5.1298987149230735,1,1,0
90.0,2,2.0,1.0,Entire home/apt,52.5055,13.3173,5.0,1,4.499809670330265,1,1,0
149.0,2,1.0,1.0,Private room,52.49203564117095,13.389542322165925,4.86,65,5.003946305945459,1,0,0
178.0,6,3.0,2.0,Entire home/apt,52.5755057,13.3984545,4.69,29,5.181783550292085,1,1,0
109.0,12,4.0,2.5,Entire home/apt,52.5755057,13.3984545,4.38,13,4.691347882229144,1,1,0
197.0,8,2.0,1.5,Entire home/apt,52.519573944614336,13.448491793819176,4.86,21,5.2832037287379885,1,1,0
160.0,2,1.0,1.0,Private room,52.4903,13.38734,4.69,13,5.075173815233827,1,0,0
155.0,2,1.0,1.0,Private room,52.4903,13.38725,4.43,7,5.043425116919247,1,0,0
155.0,2,1.0,1.0,Private room,52.49145531045983,13.389272970912511,4.76,17,5.043425116919247,1,0,0
72.0,2,1.0,1.0,Private room,52.53608,13.37959,5.0,18,4.276666119016055,1,1,0
115.0,2,1.0,1.0,Entire home/apt,52.52306,13.32381,4.5,2,4.74493212836325,1,1,0
96.0,4,1.0,1.0,Entire home/apt,52.43284950124658,13.457996310703605,0.0,0,4.564348191467836,1,1,0
138.0,2,1.0,0.0,Private room,52.50340869999999,13.4455127,4.6,5,4.927253685157205,1,0,0
172.0,3,1.0,0.0,Private room,52.50340869999999,13.4455127,4.5,6,5.147494476813453,1,0,0
72.0,2,1.0,1.0,Entire home/apt,52.53254,13.43256,0.0,0,4.276666119016055,1,1,0
63.0,2,1.0,1.0,Private room,52.48753,13.44058,4.92,13,4.143134726391533,1,1,0
76.0,2,1.0,1.0,Private room,52.50057644629887,13.391380205442708,5.0,8,4.330733340286331,1,1,0
236.0,3,1.0,1.0,Entire home/apt,52.61143140000001,13.3364872,0.0,0,5.4638318050256105,1,1,0
156.0,1,1.0,1.0,Entire home/apt,52.5057254,13.380306,5.0,1,5.049856007249537,1,0,0
144.0,4,2.0,1.0,Entire home/apt,52.4975442,13.3112764,4.88,58,4.969813299576001,1,1,0
49.0,2,1.0,1.0,Entire home/apt,52.50888,13.50675,0.0,0,3.8918202981106265,1,1,0
54.0,1,1.0,1.0,Private room,52.47334,13.33876,0.0,0,3.9889840465642745,1,1,0
286.0,9,3.0,1.0,Entire home/apt,52.51269121566422,13.40397564296842,4.78,18,5.655991810819852,1,1,0
80.0,4,2.0,2.0,Entire home/apt,52.52414935784356,13.41269099649066,0.0,0,4.382026634673881,1,1,0
66.0,2,0.0,1.0,Entire home/apt,52.4865223,13.4309749,0.0,0,4.189654742026425,1,1,0
117.0,2,1.0,1.0,Entire home/apt,52.48884529999999,13.3290406,0.0,0,4.762173934797756,1,1,0
235.0,4,1.0,1.0,Entire home/apt,52.5012013,13.3319076,4.97,30,5.459585514144159,1,1,0
90.0,2,1.0,1.0,Entire home/apt,52.51556,13.45862,5.0,3,4.499809670330265,1,1,0
97.0,2,0.0,1.0,Entire home/apt,52.45840173917405,13.377304385975847,4.0,1,4.574710978503383,1,1,0
57.0,2,1.0,1.0,Private room,52.47011495330874,13.432290279361874,4.94,31,4.04305126783455,1,1,0
40.0,2,1.0,1.0,Private room,52.46449,13.43266,4.55,22,3.688879454113936,1,1,0
54.0,2,1.0,2.0,Private room,52.52215950544748,13.453719070598313,5.0,11,3.9889840465642745,1,1,1
165.0,2,1.0,1.0,Entire home/apt,52.52402,13.39585,4.83,35,5.10594547390058,1,1,0
146.0,6,1.0,1.0,Entire home/apt,52.5062451,13.4163842,4.28,32,4.983606621708336,0,0,0
33.0,2,1.0,1.0,Private room,52.5057209,13.4692622,0.0,0,3.49650756146648,1,1,0
114.0,4,2.0,1.0,Entire home/apt,52.55455774457834,13.346078375597347,4.79,52,4.736198448394496,1,1,0
88.0,2,1.0,1.0,Entire home/apt,52.48973,13.40884,4.91,53,4.477336814478207,1,1,0
131.0,2,1.0,1.0,Entire home/apt,52.53658892853608,13.398141972720625,4.64,11,4.875197323201151,1,1,0
152.0,2,1.0,1.0,Entire home/apt,52.50250820526097,13.300586426458754,5.0,6,5.0238805208462765,1,1,0
171.0,4,2.0,1.0,Entire home/apt,52.48935007239999,13.450337983483948,4.0,2,5.14166355650266,1,1,0
40.0,2,1.0,1.0,Private room,52.529592921058295,13.448033408988156,0.0,0,3.688879454113936,1,1,1
89.0,2,1.0,1.0,Entire home/apt,52.51155324460681,13.244936491298253,4.88,16,4.48863636973214,1,1,0
95.0,3,2.0,1.5,Entire home/apt,52.53270096747181,13.37292082607746,0.0,0,4.553876891600541,1,1,0
63.0,2,1.0,1.0,Private room,52.53590432590564,13.183146491646768,4.93,15,4.143134726391533,1,0,0
59.0,2,1.0,1.0,Private room,52.49759936,13.443406047822409,4.93,15,4.07753744390572,1,1,0
137.0,2,1.0,1.0,Entire home/apt,52.54356065677248,13.42050850455272,4.94,17,4.919980925828125,1,1,0
100.0,4,1.0,1.0,Entire home/apt,52.48840696154614,13.378258641330731,4.61,31,4.605170185988092,1,1,0
107.0,4,1.0,1.0,Entire home/apt,52.49076128911122,13.37862136918935,4.67,30,4.672828834461906,1,1,0
105.0,5,1.0,1.0,Entire home/apt,52.503554139026186,13.496258385197756,0.0,0,4.653960350157523,1,1,0
90.0,5,2.0,1.0,Entire home/apt,52.5164106,13.2552099,0.0,0,4.499809670330265,1,1,0
80.0,2,1.0,1.0,Entire home/apt,52.51637,13.29777,4.9,10,4.382026634673881,1,1,0
127.0,2,1.0,1.0,Entire home/apt,52.5022648,13.306079,4.59,270,4.844187086458591,1,1,0
105.0,2,0.0,1.0,Entire home/apt,52.50310781,13.323904834393453,5.0,2,4.653960350157523,1,1,0
103.0,2,1.0,1.0,Entire home/apt,52.5022648,13.306079,0.0,0,4.634728988229636,1,1,0
128.0,2,1.0,1.0,Entire home/apt,52.5022648,13.306079,4.5,8,4.852030263919617,1,1,0
127.0,2,1.0,1.0,Entire home/apt,52.5022648,13.306079,4.63,8,4.844187086458591,1,1,0
86.0,2,0.0,1.0,Entire home/apt,52.5345309,13.4226224,0.0,0,4.454347296253507,1,1,0
348.0,8,3.0,2.0,Entire home/apt,52.51208317214509,13.402099031880637,4.41,22,5.8522024797744745,1,1,0
103.0,3,1.0,1.0,Private room,52.49855774805185,13.365448578723502,4.79,28,4.634728988229636,1,1,0
86.0,2,1.0,1.0,Entire home/apt,52.54453978212757,13.416141001885848,4.37,19,4.454347296253507,1,1,0
138.0,2,1.0,1.0,Entire home/apt,52.5022648,13.306079,4.75,4,4.927253685157205,1,1,0
110.0,6,1.0,1.0,Entire home/apt,52.5222918,13.4495036,4.81,36,4.700480365792417,1,1,1
143.0,2,1.0,1.0,Entire home/apt,52.5022648,13.306079,4.75,16,4.962844630259907,1,1,0
147.0,1,1.0,1.0,Entire home/apt,52.5022648,13.306079,4.67,6,4.990432586778736,1,1,0
153.0,2,1.0,1.0,Entire home/apt,52.5022648,13.306079,4.4,5,5.030437921392435,1,1,0
175.0,4,1.0,1.0,Entire home/apt,52.5022648,13.306079,4.56,36,5.1647859739235145,1,1,0
200.0,4,1.0,1.0,Entire home/apt,52.5022648,13.306079,4.82,11,5.298317366548036,1,1,0
57.0,1,1.0,1.0,Private room,52.4112,13.25119,5.0,1,4.04305126783455,1,1,0
108.0,3,1.0,1.0,Entire home/apt,52.5135033831338,13.456710022355674,3.4,5,4.68213122712422,1,0,1
178.0,6,2.0,1.0,Entire home/apt,52.51301393739973,13.458859368909836,3.86,7,5.181783550292085,1,0,1
93.0,2,1.0,1.0,Entire home/apt,52.54404907517942,13.41267310847504,4.21,14,4.532599493153256,1,0,0
58.0,2,1.0,1.0,Private room,52.46470521214045,13.43317006146408,4.0,8,4.060443010546419,1,1,0
96.0,4,1.0,1.0,Entire home/apt,52.543435,13.358562,4.85,27,4.564348191467836,1,1,0
192.0,4,2.0,1.0,Entire home/apt,52.5269737,13.3920085,0.0,0,5.2574953720277815,1,1,0
298.0,6,3.0,2.0,Entire home/apt,52.42539269057542,13.534319065511228,5.0,1,5.697093486505405,1,1,0
42.0,2,1.0,1.0,Private room,52.54477613800335,13.361129364372411,0.0,0,3.737669618283368,1,1,0
122.0,4,1.0,1.0,Entire home/apt,52.50344,13.43906,4.44,25,4.804021044733257,1,1,1
255.0,4,2.0,1.5,Entire home/apt,52.49981,13.38809,4.98,40,5.541263545158426,1,1,1
23.0,2,1.0,1.0,Private room,52.50000566484184,13.368182915755307,5.0,1,3.1354942159291497,1,1,0
163.0,4,1.0,1.0,Entire home/apt,52.54331,13.41814,3.67,3,5.093750200806762,1,1,0
71.0,3,1.0,1.0,Entire home/apt,52.52906985342808,13.336138465190276,4.94,16,4.262679877041316,1,1,0
32.0,2,1.0,1.0,Entire home/apt,52.57215434555471,13.519369438290596,0.0,0,3.4657359027997265,1,1,0
189.0,4,2.0,1.0,Entire home/apt,52.48980540731887,13.396828476067894,4.4,10,5.241747015059643,1,1,0
111.0,3,1.0,1.0,Entire home/apt,52.49196,13.43807,5.0,27,4.709530201312334,1,1,0
72.0,3,1.0,1.0,Entire home/apt,52.60828,13.43362,2.8,5,4.276666119016055,1,1,0
71.0,3,1.0,1.0,Entire home/apt,52.60623,13.43341,4.38,16,4.262679877041316,1,1,0
180.0,4,2.0,1.0,Entire home/apt,52.50585,13.4775,4.8,20,5.19295685089021,1,1,0
174.0,6,2.0,1.0,Entire home/apt,52.50515282570294,13.466158717805468,4.65,17,5.159055299214529,1,1,0
158.0,2,1.0,1.0,Entire home/apt,52.53957,13.41807,5.0,1,5.062595033026967,1,1,0
146.0,1,0.0,1.0,Entire home/apt,52.5454375,13.3710113,5.0,1,4.983606621708336,1,1,0
177.0,4,1.0,1.0,Entire home/apt,52.4980556,13.4652901,4.83,35,5.176149732573829,1,1,0
103.0,4,2.0,1.0,Entire home/apt,52.43417,13.33394,5.0,3,4.634728988229636,1,1,0
108.0,2,1.0,1.0,Entire home/apt,52.48836401990887,13.420639224762438,4.79,34,4.68213122712422,1,1,0
72.0,4,1.0,1.0,Entire home/apt,52.470322,13.4267089,0.0,0,4.276666119016055,1,1,0
50.0,2,1.0,1.0,Entire home/apt,52.53463444154679,13.351293851321977,5.0,1,3.912023005428146,1,1,0
144.0,4,2.0,1.0,Entire home/apt,52.5226577,13.4459819,4.86,7,4.969813299576001,1,1,0
104.0,3,1.0,1.0,Entire home/apt,52.53861446814643,13.397569447552607,0.0,0,4.6443908991413725,1,1,0
117.0,3,1.0,1.0,Entire home/apt,52.49349134719581,13.286472474927896,0.0,0,4.762173934797756,1,1,0
124.0,3,1.0,1.0,Entire home/apt,52.4980556,13.4652901,4.85,20,4.820281565605037,1,1,0
199.0,7,2.0,1.0,Entire home/apt,52.4980556,13.4652901,5.0,14,5.293304824724492,1,1,0
117.0,2,1.0,1.0,Entire home/apt,52.4835121,13.4683833,4.55,11,4.762173934797756,1,1,0
66.0,2,1.0,1.0,Entire home/apt,52.47942,13.33647,4.5,8,4.189654742026425,1,1,0
72.0,2,1.0,1.0,Entire home/apt,52.53280606,13.350845693518147,0.0,0,4.276666119016055,1,1,0
55.0,2,1.0,1.0,Entire home/apt,52.53416716045648,13.35291143362471,0.0,0,4.007333185232471,1,1,0
47.0,2,1.0,1.0,Entire home/apt,52.53455817085238,13.351009590896128,0.0,0,3.8501476017100575,1,1,0
70.0,2,1.0,1.0,Entire home/apt,52.53249177228492,13.352236320555036,0.0,0,4.248495242049359,1,1,0
183.0,5,2.0,1.5,Entire home/apt,52.52088,13.30328,4.85,27,5.209486152841421,1,1,0
99.0,2,1.0,1.0,Entire home/apt,52.4609687,13.519843,5.0,3,4.59511985013459,1,1,0
89.0,2,1.0,1.0,Entire home/apt,52.4609687,13.519843,0.0,0,4.48863636973214,1,1,0
353.0,8,2.0,2.0,Entire home/apt,52.53093,13.41526,5.0,8,5.8664680569332965,1,1,0
77.0,3,1.0,1.0,Entire home/apt,52.44013317,13.389343536387877,4.13,8,4.343805421853684,1,1,0
135.0,3,1.0,1.0,Entire home/apt,52.54699,13.42627,4.96,46,4.90527477843843,1,1,0
122.0,3,1.0,1.0,Entire home/apt,52.553211,13.403175,0.0,0,4.804021044733257,1,1,0
90.0,3,1.0,1.0,Entire home/apt,52.52920899999999,13.3841791,0.0,0,4.499809670330265,1,1,0
151.0,2,1.0,1.0,Entire home/apt,52.5371373,13.41848,0.0,0,5.017279836814924,1,1,0
47.0,2,0.0,1.0,Private room,52.468008618898594,13.420795624369836,4.0,6,3.8501476017100575,1,1,0
268.0,8,3.0,1.0,Entire home/apt,52.49096058377448,13.321221795770247,4.93,27,5.5909869805108565,1,1,1
175.0,4,1.0,1.0,Entire home/apt,52.55265868649199,13.416633828084477,4.91,11,5.1647859739235145,1,1,0
164.0,4,1.0,1.0,Entire home/apt,52.55099377565004,13.418779641620814,4.85,13,5.099866427824199,1,1,0
72.0,3,1.0,2.0,Private room,52.45238,13.5994,4.8,10,4.276666119016055,1,1,1
43.0,2,1.0,1.0,Private room,52.47411603950584,13.336571083563893,0.0,0,3.7612001156935615,1,1,0
90.0,4,0.0,1.0,Entire home/apt,52.4693906,13.4544234,4.72,18,4.499809670330265,1,1,0
76.0,2,1.0,1.0,Entire home/apt,52.42360704315335,13.576838848130468,4.88,25,4.330733340286331,1,1,0
132.0,2,1.0,1.0,Private room,52.5931017,13.3464794,0.0,0,4.882801922586371,1,1,0
124.0,4,1.0,1.0,Entire home/apt,52.516570553994576,13.461530469311532,4.75,16,4.820281565605037,1,1,0
67.0,2,0.0,0.5,Private room,52.50213673534711,13.31240204166412,4.69,16,4.204692619390966,1,1,0
249.0,6,2.0,2.0,Entire home/apt,52.50357343789637,13.368533488451815,4.16,19,5.517452896464707,1,1,0
62.0,2,1.0,1.0,Entire home/apt,52.52002,13.28947,5.0,1,4.127134385045092,1,1,0
126.0,3,1.0,1.0,Entire home/apt,52.490588060888285,13.395340139393785,4.83,24,4.836281906951478,1,1,0
205.0,5,2.0,1.0,Entire home/apt,52.5319484,13.4231844,4.84,51,5.3230099791384085,1,1,0
125.0,2,1.0,1.0,Entire home/apt,52.553352012349606,13.411766002133644,0.0,0,4.8283137373023015,1,1,0
90.0,4,1.0,1.0,Entire home/apt,52.5414768,13.35189,4.89,9,4.499809670330265,1,1,0
81.0,1,1.0,1.0,Entire home/apt,52.51283369999999,13.4267223,4.67,3,4.394449154672439,1,1,0
67.0,1,1.0,1.0,Entire home/apt,52.512794523613394,13.42663646931152,4.9,10,4.204692619390966,1,1,0
188.0,6,2.0,1.0,Entire home/apt,52.5242654,13.417542,4.8,5,5.236441962829949,1,1,0
124.0,4,2.0,1.0,Entire home/apt,52.4798955,13.4223584,5.0,5,4.820281565605037,1,1,0
136.0,3,1.0,1.0,Entire home/apt,52.52344370865671,13.417269531695135,4.72,18,4.912654885736052,1,1,0
113.0,4,1.0,1.0,Entire home/apt,52.5242722,13.4177993,4.79,66,4.727387818712341,1,1,0
110.0,7,3.0,1.0,Entire home/apt,52.4973781,13.3248592,0.0,0,4.700480365792417,1,1,0
74.0,2,1.0,1.0,Private room,52.5344841,13.4028312,4.97,33,4.30406509320417,1,1,0
22.0,1,1.0,1.0,Shared room,52.53828,13.42419,4.73,15,3.091042453358316,1,1,0
90.0,4,2.0,1.5,Entire home/apt,52.542389197224566,13.417972559487374,0.0,0,4.499809670330265,1,1,0
55.0,4,1.0,1.5,Private room,52.456465739661226,13.379990282381344,4.56,27,4.007333185232471,1,0,0
436.0,4,2.0,2.5,Entire home/apt,52.5238,13.39805,4.0,6,6.077642243349034,1,1,0
65.0,1,1.0,1.0,Private room,52.49928,13.31611,4.5,2,4.174387269895637,1,0,0
52.0,1,1.0,1.0,Private room,52.50214803162722,13.41897658911284,5.0,29,3.951243718581428,1,1,0
53.0,2,1.0,1.0,Entire home/apt,52.5110219,13.4583673,0.0,0,3.970291913552122,1,1,0
58.0,2,1.0,1.0,Entire home/apt,52.4973781,13.3248592,0.0,0,4.060443010546419,0,1,0
62.0,2,1.0,1.0,Private room,52.50782,13.4566,5.0,3,4.127134385045092,1,1,0
115.0,2,1.0,1.0,Entire home/apt,52.5129207,13.4664468,4.81,155,4.74493212836325,1,0,1
289.0,11,3.0,1.5,Private room,52.58983512828106,13.428521396322688,5.0,5,5.666426688112432,1,1,0
324.0,4,1.0,1.0,Entire home/apt,52.5012013,13.3319076,4.88,25,5.780743515792329,1,1,0
242.0,4,1.0,1.0,Entire home/apt,52.5012013,13.3319076,4.89,18,5.488937726156687,1,1,0
46.0,1,1.0,1.0,Private room,52.54386921116378,13.358146986634855,0.0,0,3.828641396489095,1,1,0
118.0,7,2.0,1.5,Entire home/apt,52.4167371,13.423878,4.82,17,4.770684624465665,1,1,0
180.0,4,1.0,1.0,Entire home/apt,52.53269,13.36686,4.89,35,5.19295685089021,1,1,0
237.0,6,3.0,1.0,Entire home/apt,52.49368,13.31421,4.96,25,5.468060141135132,1,1,1
90.0,2,1.0,1.0,Entire home/apt,52.5402767,13.432275094091892,5.0,1,4.499809670330265,0,1,1
82.0,2,1.0,1.0,Entire home/apt,52.49072883668212,13.389762267510305,0.0,0,4.406719247264253,1,1,0
132.0,4,1.0,1.0,Entire home/apt,52.52926,13.38028,5.0,6,4.882801922586371,1,1,0
145.0,4,2.0,1.0,Entire home/apt,52.54493,13.42197,0.0,0,4.976733742420574,0,1,0
41.0,1,1.0,1.0,Shared room,52.52277,13.33214,4.65,40,3.713572066704308,1,1,0
166.0,4,1.0,1.0,Entire home/apt,52.50299,13.39343,4.0,1,5.111987788356544,1,1,0
91.0,4,1.0,1.0,Entire home/apt,52.5425,13.41315,4.73,26,4.51085950651685,1,1,0
648.0,1,1.0,1.0,Entire home/apt,52.4512,13.35307,0.0,0,6.473890696352274,1,1,1
93.0,3,1.0,1.0,Entire home/apt,52.50169,13.29842,5.0,1,4.532599493153256,1,1,0
83.0,2,1.0,1.0,Entire home/apt,52.48645,13.42658,0.0,0,4.418840607796598,1,1,0
77.0,2,1.0,1.0,Private room,52.53033,13.3364,5.0,24,4.343805421853684,1,1,0
236.0,4,2.0,1.0,Entire home/apt,52.48902,13.44324,5.0,6,5.4638318050256105,1,1,1
100.0,5,0.0,0.0,Entire home/apt,52.42497,13.57029,0.0,0,4.605170185988092,1,1,0
95.0,2,1.0,1.0,Private room,52.54842,13.40636,5.0,1,4.553876891600541,1,1,0
135.0,4,1.0,1.0,Entire home/apt,52.52628,13.33216,5.0,2,4.90527477843843,1,1,1
67.0,2,1.0,1.0,Entire home/apt,52.49994,13.30928,4.5,2,4.204692619390966,1,1,0
88.0,4,2.0,1.5,Entire home/apt,52.48005,13.4344,4.86,44,4.477336814478207,1,1,0
145.0,4,2.0,1.0,Entire home/apt,52.50454,13.29532,5.0,10,4.976733742420574,1,1,1
54.0,2,1.0,1.0,Entire home/apt,52.4834,13.34266,0.0,0,3.9889840465642745,1,1,0
108.0,2,1.0,1.0,Private room,52.46937,13.42792,5.0,8,4.68213122712422,1,1,0
239.0,6,2.0,1.0,Entire home/apt,52.49212,13.41475,5.0,25,5.476463551931511,1,1,0
44.0,3,1.0,2.0,Private room,52.48349,13.42915,5.0,1,3.784189633918261,1,1,0
44.0,3,1.0,2.0,Private room,52.48349,13.42915,4.0,1,3.784189633918261,1,1,0
44.0,1,1.0,2.0,Private room,52.48349,13.42915,5.0,1,3.784189633918261,1,1,0
44.0,1,1.0,2.0,Private room,52.48349,13.42915,5.0,5,3.784189633918261,1,1,0
112.0,6,3.0,1.0,Entire home/apt,52.4831,13.356,4.5,12,4.718498871295094,1,1,0
117.0,2,1.0,1.0,Entire home/apt,52.49571,13.42874,4.83,6,4.762173934797756,1,1,0
120.0,4,2.0,2.0,Entire home/apt,52.52454,13.31434,0.0,0,4.787491742782046,1,1,0
44.0,2,1.0,1.5,Private room,52.48349,13.42915,5.0,1,3.784189633918261,1,1,0
44.0,2,1.0,1.5,Private room,52.48349,13.42915,4.5,4,3.784189633918261,1,1,0
44.0,1,1.0,1.5,Private room,52.48349,13.42915,0.0,0,3.784189633918261,1,1,0
44.0,2,1.0,1.5,Private room,52.4834895,13.429148,4.43,7,3.784189633918261,1,1,0
44.0,2,1.0,1.5,Private room,52.48349,13.42915,5.0,1,3.784189633918261,1,1,0
44.0,1,1.0,1.5,Private room,52.48349,13.42915,4.71,7,3.784189633918261,1,1,0
130.0,4,2.0,1.0,Entire home/apt,52.52832,13.39617,4.62,21,4.867534450455582,1,1,0
60.0,2,1.0,1.0,Private room,52.4878,13.46042,0.0,0,4.0943445622221,1,1,0
91.0,2,0.0,0.0,Entire home/apt,52.50524,13.28958,0.0,0,4.51085950651685,1,1,0
28.0,2,1.0,1.0,Private room,52.51208,13.2952,0.0,0,3.332204510175204,1,1,0
84.0,3,1.0,1.5,Entire home/apt,52.52135,13.4676,0.0,0,4.430816798843313,1,1,0
90.0,3,1.0,1.0,Entire home/apt,52.51483,13.2722,4.87,39,4.499809670330265,1,1,0
115.0,2,1.0,1.0,Entire home/apt,52.50598,13.41118,0.0,0,4.74493212836325,1,1,0
125.0,4,1.0,1.0,Entire home/apt,52.52256,13.43492,0.0,0,4.8283137373023015,1,1,0
128.0,3,1.0,1.0,Entire home/apt,52.47643,13.42447,5.0,5,4.852030263919617,1,1,0
39.0,1,1.0,1.0,Private room,52.57509,13.33863,0.0,0,3.6635616461296463,1,1,0
92.0,2,1.0,1.0,Entire home/apt,52.53353,13.42183,4.92,13,4.5217885770490405,1,1,0
41.0,1,1.0,1.0,Private room,52.51607,13.16775,4.78,9,3.713572066704308,1,0,0
200.0,4,2.0,2.0,Entire home/apt,52.48964,13.31966,0.0,0,5.298317366548036,1,1,1
71.0,3,1.0,1.0,Entire home/apt,52.60804,13.43332,3.2,5,4.262679877041316,1,1,0
82.0,3,1.0,1.0,Entire home/apt,52.42224,13.5757,4.93,29,4.406719247264253,1,1,0
282.0,5,2.0,2.0,Entire home/apt,52.52303,13.44366,4.75,4,5.641907070938114,0,1,0
55.0,2,1.0,1.0,Entire home/apt,52.60649,13.43408,3.5,2,4.007333185232471,1,1,0
250.0,3,1.0,1.0,Entire home/apt,52.60744,13.43416,3.67,3,5.521460917862246,1,1,0
62.0,6,1.0,1.0,Entire home/apt,52.46604,13.34905,0.0,0,4.127134385045092,1,1,0
62.0,2,1.0,1.0,Entire home/apt,52.48226,13.43942,4.73,52,4.127134385045092,1,1,0
222.0,4,1.0,1.0,Entire home/apt,52.5221,13.3843,5.0,15,5.402677381872279,1,1,0
73.0,1,1.0,1.0,Private room,52.44578,13.50764,0.0,0,4.290459441148391,1,1,0
245.0,7,4.0,2.0,Entire home/apt,52.48507524,13.613744470786749,5.0,3,5.501258210544727,1,1,1
82.0,2,1.0,1.0,Entire home/apt,52.53896,13.37591,4.72,18,4.406719247264253,1,1,0
142.0,2,1.0,1.0,Entire home/apt,52.49136870759692,13.436960183683563,5.0,1,4.955827057601261,1,1,0
123.0,4,1.0,1.0,Entire home/apt,52.49447,13.28452,4.36,25,4.812184355372417,1,1,0
63.0,2,1.0,1.0,Private room,52.53167,13.34606,4.97,64,4.143134726391533,1,0,0
270.0,5,3.0,1.0,Entire home/apt,52.49109,13.42649,4.9,10,5.598421958998375,1,1,0
131.0,2,1.0,1.0,Entire home/apt,52.5512953,13.4158138,0.0,0,4.875197323201151,1,1,0
169.0,4,2.0,1.0,Entire home/apt,52.50210281522386,13.304118308313084,0.0,0,5.1298987149230735,1,1,0
45.0,1,1.0,1.0,Private room,52.47449,13.48277,0.0,0,3.80666248977032,1,1,0
46.0,2,1.0,1.0,Private room,52.50837230854115,13.463279150323483,4.97,39,3.828641396489095,1,1,0
81.0,2,1.0,1.0,Entire home/apt,52.52169002443283,13.236461273223156,5.0,11,4.394449154672439,1,1,0
106.0,3,1.0,1.0,Entire home/apt,52.5126122,13.47047,4.5,32,4.663439094112067,1,1,0
162.0,4,1.0,1.0,Entire home/apt,52.5512870579384,13.490582538098126,0.0,0,5.087596335232384,1,1,1
86.0,2,1.0,1.0,Private room,52.44242704,13.501520261617763,5.0,8,4.454347296253507,1,1,0
41.0,2,0.0,1.0,Entire home/apt,52.51341107213025,13.49718368,4.91,11,3.713572066704308,1,1,0
99.0,3,0.0,1.0,Entire home/apt,52.52080663374534,13.45347973483496,4.5,2,4.59511985013459,1,0,0
82.0,4,1.0,1.0,Entire home/apt,52.51504,13.43736,5.0,14,4.406719247264253,1,0,0
96.0,3,1.0,1.0,Entire home/apt,52.48137,13.42986,0.0,0,4.564348191467836,1,1,0
76.0,1,1.0,1.0,Entire home/apt,52.49301999999999,13.39521,4.73,49,4.330733340286331,1,1,0
315.0,6,3.0,2.0,Entire home/apt,52.53577163509533,13.400056072284096,5.0,3,5.752572638825633,1,1,0
55.0,1,1.0,1.0,Private room,52.49715855712514,13.51156152533485,0.0,0,4.007333185232471,0,0,0
85.0,2,1.0,1.0,Entire home/apt,52.56715,13.4004,0.0,0,4.442651256490317,0,1,0
64.0,4,2.0,0.5,Entire home/apt,52.39876,13.39599,0.0,0,4.158883083359672,1,1,0
72.0,4,1.0,1.0,Entire home/apt,52.49813598650497,13.352511515624425,0.0,0,4.276666119016055,1,1,0
97.0,2,1.0,1.0,Entire home/apt,52.45672,13.37737,5.0,1,4.574710978503383,1,1,0
75.0,2,1.0,1.0,Entire home/apt,52.4897482736972,13.420136487058976,0.0,0,4.31748811353631,1,1,0
147.0,4,2.0,1.0,Entire home/apt,52.52882647432855,13.407434184906087,5.0,2,4.990432586778736,1,1,0
102.0,3,1.0,1.0,Entire home/apt,52.53119,13.4059,0.0,0,4.624972813284271,1,1,0
181.0,6,2.0,1.0,Private room,52.49382925622245,13.310685679000096,4.58,12,5.198497031265826,1,1,0
70.0,4,1.0,1.0,Private room,52.5152744,13.4565813,4.57,23,4.248495242049359,1,1,0
31.0,11,2.0,1.0,Shared room,52.49485327419851,13.363642099771468,4.9,10,3.4339872044851463,1,1,0
28.0,11,2.0,1.0,Shared room,52.49309990937776,13.362217125792704,4.44,9,3.332204510175204,1,1,0
99.0,2,1.0,1.0,Entire home/apt,52.46536096138712,13.42564428095093,4.92,13,4.59511985013459,1,1,0
99.0,7,2.0,1.0,Entire home/apt,52.4564767,13.5103407,4.0,51,4.59511985013459,1,1,0
143.0,4,1.0,2.0,Private room,52.49514671110218,13.295118144106407,4.33,3,4.962844630259907,1,1,0
81.0,4,1.0,1.0,Entire home/apt,52.40348,13.41993,0.0,0,4.394449154672439,1,1,0
113.0,6,2.0,1.0,Entire home/apt,52.5240588650664,13.38808319914076,4.0,1,4.727387818712341,1,1,0
155.0,4,2.0,1.0,Entire home/apt,52.4591502,13.3197205,5.0,2,5.043425116919247,1,1,0
196.0,4,3.0,1.0,Entire home/apt,52.51859604521243,13.437769567275398,5.0,1,5.278114659230517,1,1,0
126.0,2,1.0,1.0,Entire home/apt,52.51366881871059,13.450046118569656,0.0,0,4.836281906951478,1,1,0
100.0,4,1.0,1.0,Entire home/apt,52.43833,13.57046,4.57,14,4.605170185988092,1,1,0
57.0,4,1.0,1.0,Entire home/apt,52.440634274579615,13.500834694270392,4.7,30,4.04305126783455,1,1,0
65.0,2,1.0,1.0,Entire home/apt,52.52161929672076,13.36235779062624,0.0,0,4.174387269895637,1,1,0
69.0,2,1.0,1.0,Private room,52.4318524,13.3105677,4.73,15,4.23410650459726,1,0,0
106.0,2,1.0,1.0,Entire home/apt,52.5311,13.42083,4.68,22,4.663439094112067,1,1,0
58.0,2,1.0,1.0,Entire home/apt,52.5536662,13.3654406,5.0,1,4.060443010546419,1,1,0
111.0,5,2.0,1.0,Entire home/apt,52.49330389,13.437906899247634,4.9,10,4.709530201312334,1,1,0
91.0,2,1.0,1.0,Private room,52.4984881,13.435362,5.0,9,4.51085950651685,1,1,0
68.0,2,1.0,1.0,Entire home/apt,52.54571053359212,13.426632984076512,0.0,0,4.219507705176107,1,1,0
123.0,3,0.0,0.0,Entire home/apt,52.49471730906359,13.428183926761568,5.0,1,4.812184355372417,1,1,0
50.0,2,1.0,1.0,Private room,52.51104,13.47332,4.33,12,3.912023005428146,1,1,0
110.0,6,0.0,0.0,Entire home/apt,52.48988,13.42477,4.5,12,4.700480365792417,1,1,0
80.0,2,1.0,1.0,Entire home/apt,52.54870766769219,13.446815818104232,5.0,1,4.382026634673881,0,1,0
128.0,5,2.0,1.0,Entire home/apt,52.52254,13.33787,5.0,6,4.852030263919617,1,1,0
76.0,1,1.0,1.0,Private room,52.47596819974336,13.44083570218537,4.95,22,4.330733340286331,1,1,0
110.0,2,1.0,1.0,Entire home/apt,52.41981441143943,13.423338982626197,5.0,1,4.700480365792417,1,1,0
80.0,4,1.0,1.0,Entire home/apt,52.49145957847026,13.419634322011964,0.0,0,4.382026634673881,1,1,0
64.0,1,1.0,1.0,Entire home/apt,52.48127,13.32355,5.0,2,4.158883083359672,1,1,0
55.0,2,1.0,1.0,Private room,52.4821137961134,13.42811575408722,4.83,12,4.007333185232471,1,1,0
108.0,2,1.0,1.0,Entire home/apt,52.4893,13.33071,4.83,6,4.68213122712422,1,1,0
284.0,6,3.0,3.5,Entire home/apt,52.49592731,13.45429169848284,5.0,1,5.648974238161206,1,1,0
135.0,4,2.0,1.0,Entire home/apt,52.5395553,13.4149754,4.39,18,4.90527477843843,1,1,0
83.0,2,1.0,1.0,Entire home/apt,52.5656745,13.4129143,0.0,0,4.418840607796598,1,1,0
46.0,2,1.0,1.0,Entire home/apt,52.5656745,13.4129143,0.0,0,3.828641396489095,1,1,0
80.0,2,1.0,1.0,Entire home/apt,52.561366766455535,13.382357507944109,5.0,2,4.382026634673881,1,1,0
114.0,4,1.0,1.0,Entire home/apt,52.53889760415845,13.39745684,0.0,0,4.736198448394496,1,1,0
85.0,2,1.0,1.0,Entire home/apt,52.4693906,13.4544234,4.67,9,4.442651256490317,1,1,0
68.0,2,1.0,1.0,Private room,52.54222,13.41062,4.66,38,4.219507705176107,1,0,0
180.0,5,2.0,1.0,Entire home/apt,52.48618,13.46342,5.0,3,5.19295685089021,1,1,0
191.0,5,2.0,2.0,Entire home/apt,52.518693195576574,13.42649593949318,5.0,10,5.25227342804663,1,1,0
78.0,3,1.0,1.0,Entire home/apt,52.50601,13.39027,0.0,0,4.356708826689592,1,1,0
156.0,6,2.0,1.5,Entire home/apt,52.529649707591744,13.32666110317993,4.84,37,5.049856007249537,1,1,0
96.0,3,2.0,1.0,Entire home/apt,52.53629697482147,13.35706612713729,0.0,0,4.564348191467836,1,1,0
186.0,8,2.0,1.0,Entire home/apt,52.5218821,13.3272825,4.7,27,5.225746673713202,1,1,0
77.0,2,1.0,1.0,Private room,52.50231540729684,13.42797813926144,4.76,34,4.343805421853684,1,0,0
215.0,7,2.0,1.0,Entire home/apt,52.52322886512594,13.416742580312953,4.73,22,5.3706380281276624,1,1,0
66.0,4,1.0,1.0,Entire home/apt,52.5078293,13.3038391,5.0,1,4.189654742026425,1,1,0
58.0,4,2.0,1.0,Entire home/apt,52.5324293,13.4271875,0.0,0,4.060443010546419,1,1,0
141.0,2,1.0,1.0,Private room,52.44539839828546,13.578867919049094,0.0,0,4.948759890378168,1,0,0
128.0,4,1.0,1.0,Entire home/apt,52.52397965284776,13.418687783499312,4.75,59,4.852030263919617,1,1,0
270.0,6,3.0,2.0,Entire home/apt,52.52067,13.20449,5.0,4,5.598421958998375,1,1,0
200.0,4,1.0,1.0,Entire home/apt,52.48710276254807,13.430689573287964,4.88,8,5.298317366548036,1,1,0
83.0,2,1.0,1.0,Entire home/apt,52.54648,13.41359,4.68,25,4.418840607796598,1,1,0
100.0,2,1.0,1.0,Entire home/apt,52.54443350546515,13.414206458528044,4.52,21,4.605170185988092,1,1,0
86.0,2,1.0,1.0,Entire home/apt,52.54630948952768,13.415061605313053,4.54,28,4.454347296253507,1,1,0
89.0,4,1.0,1.0,Entire home/apt,52.51068,13.46421,5.0,5,4.48863636973214,1,1,0
125.0,2,1.0,1.0,Entire home/apt,52.50916037658756,13.466246197929747,4.6,15,4.8283137373023015,1,1,0
142.0,3,2.0,1.0,Entire home/apt,52.49415,13.43642,5.0,1,4.955827057601261,1,1,1
57.0,4,0.0,0.5,Entire home/apt,52.5129653,13.4900174,4.0,1,4.04305126783455,1,1,0
78.0,2,1.0,2.0,Private room,52.53282,13.34795,5.0,3,4.356708826689592,1,1,0
207.0,6,5.0,2.0,Entire home/apt,52.53235,13.35106,0.0,0,5.332718793265369,1,1,0
207.0,6,5.0,2.0,Entire home/apt,52.53252,13.35209,0.0,0,5.332718793265369,1,1,0
75.0,2,1.0,1.0,Entire home/apt,52.4707344,13.3185967,0.0,0,4.31748811353631,1,1,0
73.0,2,1.0,1.0,Entire home/apt,52.5324293,13.4271875,0.0,0,4.290459441148391,1,1,0
17.0,1,1.0,2.0,Private room,52.57304,13.37011,0.0,0,2.833213344056216,1,1,0
200.0,5,3.0,2.0,Entire home/apt,52.44489060000001,13.2971317,5.0,3,5.298317366548036,1,1,0
86.0,4,2.0,1.5,Entire home/apt,52.433938501132495,13.579539542373269,4.6,5,4.454347296253507,1,1,0
59.0,2,1.0,1.5,Private room,52.52478,13.41905,0.0,0,4.07753744390572,1,1,0
112.0,4,2.0,1.0,Entire home/apt,52.42569793241488,13.675104863941671,5.0,5,4.718498871295094,1,1,0
162.0,4,1.0,1.0,Entire home/apt,52.51051423998492,13.397400006651878,4.97,30,5.087596335232384,1,1,0
255.0,11,3.0,1.0,Entire home/apt,52.49849603103622,13.38390715420246,4.0,4,5.541263545158426,1,1,0
172.0,6,2.0,1.0,Entire home/apt,52.51894,13.46698,5.0,10,5.147494476813453,1,1,0
50.0,2,0.0,1.0,Entire home/apt,52.4865223,13.4309749,0.0,0,3.912023005428146,1,1,0
83.0,4,1.0,1.0,Entire home/apt,52.55102118582304,13.438317889045871,4.36,14,4.418840607796598,1,1,0
67.0,2,1.0,1.0,Private room,52.50123079999999,13.33315,0.0,0,4.204692619390966,1,1,0
191.0,2,0.0,0.0,Private room,52.50461,13.37507,5.0,4,5.25227342804663,1,1,0
332.0,4,2.0,1.0,Entire home/apt,52.50805,13.19842,0.0,0,5.805134968916488,1,1,1
60.0,2,1.0,1.0,Entire home/apt,52.51327,13.49802,0.0,0,4.0943445622221,0,1,0
120.0,2,1.0,1.0,Entire home/apt,52.45991,13.43736,5.0,20,4.787491742782046,1,1,0
262.0,10,5.0,1.0,Entire home/apt,52.50382,13.46854,0.0,0,5.568344503761097,1,1,0
140.0,8,4.0,1.0,Entire home/apt,52.51054214482345,13.449838286952524,0.0,0,4.941642422609304,1,1,0
170.0,4,2.0,1.0,Entire home/apt,52.41700192183381,13.371503308719218,0.0,0,5.135798437050262,1,1,0
85.0,4,1.0,1.0,Entire home/apt,52.4904033,13.325336,0.0,0,4.442651256490317,1,1,0
900.0,4,2.0,1.0,Entire home/apt,52.4956902,13.4130365,5.0,14,6.802394763324311,1,1,0
206.0,4,1.0,1.5,Entire home/apt,52.52327243597924,13.352432971910403,5.0,6,5.327876168789581,1,1,0
68.0,2,1.0,1.0,Private room,52.5159747,13.4200659,5.0,12,4.219507705176107,1,1,0
309.0,2,1.0,1.0,Entire home/apt,52.5435647,13.5610891,0.0,0,5.733341276897746,1,1,0
68.0,2,1.0,1.0,Private room,52.49298,13.42158,4.88,17,4.219507705176107,1,1,0
308.0,6,3.0,3.0,Entire home/apt,52.5307106,13.4026407,5.0,2,5.730099782973574,1,1,1
156.0,2,1.0,1.0,Entire home/apt,52.52556879999999,13.4045014,4.85,154,5.049856007249537,1,0,0
157.0,2,1.0,1.0,Entire home/apt,52.52556879999999,13.4045014,5.0,6,5.056245805348308,1,0,0
165.0,2,1.0,1.0,Entire home/apt,52.52556879999999,13.4045014,4.82,28,5.10594547390058,1,0,0
57.0,2,1.0,1.0,Entire home/apt,52.53731254,13.276178576015498,0.0,0,4.04305126783455,0,1,0
75.0,3,1.0,1.0,Private room,52.46092865787935,13.43554075,0.0,0,4.31748811353631,1,1,0
56.0,1,1.0,1.5,Private room,52.50107,13.31787,0.0,0,4.02535169073515,1,1,0
112.0,2,1.0,1.5,Entire home/apt,52.5010714,13.3178723,0.0,0,4.718498871295094,1,1,0
105.0,3,1.0,1.0,Entire home/apt,52.5057254,13.380306,2.0,1,4.653960350157523,1,1,1
99.0,2,1.0,1.0,Entire home/apt,52.54435841992412,13.413628750511064,4.5,26,4.59511985013459,1,1,0
55.0,4,1.0,1.5,Private room,52.45929693578508,13.372282588892643,4.29,17,4.007333185232471,1,1,0
113.0,3,1.0,1.0,Entire home/apt,52.5011211,13.4156499,5.0,2,4.727387818712341,1,1,0
64.0,2,1.0,1.0,Private room,52.49055161,13.451331723456049,5.0,10,4.158883083359672,1,1,0
220.0,6,1.0,1.0,Entire home/apt,52.52753,13.44754,4.78,27,5.393627546352362,1,1,0
85.0,5,2.0,1.0,Private room,52.47507,13.43999,0.0,0,4.442651256490317,1,1,0
81.0,4,1.0,1.0,Entire home/apt,52.4944212,13.4385798,5.0,1,4.394449154672439,1,1,0
73.0,5,2.0,1.0,Entire home/apt,52.46055639999999,13.4268384,0.0,0,4.290459441148391,1,1,0
153.0,3,2.0,1.0,Entire home/apt,52.5435647,13.5610891,4.71,7,5.030437921392435,1,1,0
230.0,2,1.0,1.0,Entire home/apt,52.53207,13.40664,5.0,1,5.438079308923196,1,1,0
74.0,2,1.0,0.5,Private room,52.50270964697317,13.438623785245476,4.73,11,4.30406509320417,1,1,1
117.0,2,1.0,1.0,Entire home/apt,52.5129207,13.4664468,4.79,67,4.762173934797756,1,0,1
122.0,2,1.0,1.0,Entire home/apt,52.5129207,13.4664468,4.83,12,4.804021044733257,1,0,1
124.0,2,1.0,1.0,Entire home/apt,52.5129207,13.4664468,4.87,127,4.820281565605037,1,1,1
128.0,2,1.0,1.0,Entire home/apt,52.5129207,13.4664468,5.0,4,4.852030263919617,1,1,1
193.0,7,1.0,1.0,Entire home/apt,52.4846245,13.4234453,4.84,19,5.262690188904886,1,1,0
55.0,1,1.0,1.0,Entire home/apt,52.45119810000001,13.3712372,5.0,1,4.007333185232471,1,1,0
80.0,2,1.0,1.0,Private room,52.49317,13.32826,5.0,22,4.382026634673881,1,1,0
32.0,2,1.0,1.0,Private room,52.4341389,13.3450697,0.0,0,3.4657359027997265,0,1,0
40.0,2,1.0,1.0,Private room,52.53256,13.43973,0.0,0,3.688879454113936,1,1,0
164.0,7,4.0,2.0,Entire home/apt,52.53318,13.3506,4.6,35,5.099866427824199,1,1,0
225.0,4,2.0,1.0,Entire home/apt,52.48702043270935,13.414542020145388,5.0,5,5.41610040220442,1,1,0
160.0,8,2.0,1.0,Entire home/apt,52.48749,13.40921,4.95,21,5.075173815233827,1,1,0
352.0,12,3.0,2.0,Entire home/apt,52.496896740686495,13.437778358844753,4.94,31,5.863631175598097,1,1,0
124.0,6,2.0,1.0,Entire home/apt,52.54493637655441,13.416837966386266,4.93,40,4.820281565605037,1,1,0
73.0,4,1.0,1.0,Private room,52.48762839385647,13.409110755336943,4.79,24,4.290459441148391,1,1,0
45.0,2,1.0,1.0,Private room,52.48828,13.51372,0.0,0,3.80666248977032,1,1,0
31.0,3,1.0,1.0,Entire home/apt,52.54389,13.58886,4.74,19,3.4339872044851463,0,1,0
182.0,4,2.0,1.5,Entire home/apt,52.479199435452266,13.299596724060503,5.0,1,5.204006687076795,1,1,0
43.0,1,0.0,0.0,Entire home/apt,52.52153977939387,13.405656135400807,5.0,1,3.7612001156935615,1,1,0
346.0,6,3.0,2.0,Entire home/apt,52.53971259999999,13.418146,4.88,17,5.846438775057725,1,1,0
40.0,2,1.0,1.0,Entire home/apt,52.4892538,13.6083813,4.85,33,3.688879454113936,1,1,0
39.0,2,1.0,1.5,Private room,52.50244,13.49174,4.9,41,3.6635616461296463,1,0,0
88.0,4,1.0,1.0,Entire home/apt,52.51366,13.40649,4.83,30,4.477336814478207,1,1,0
64.0,2,1.0,1.0,Private room,52.5031575,13.4384806,4.94,18,4.158883083359672,1,1,0
61.0,2,1.0,2.0,Private room,52.43048921,13.385330138669117,4.88,34,4.110873864173311,1,1,0
92.0,4,1.0,1.0,Entire home/apt,52.54456,13.41702,4.92,39,4.5217885770490405,1,1,0
43.0,1,1.0,1.0,Private room,52.50270709272484,13.364260086589148,4.87,31,3.7612001156935615,1,1,0
104.0,3,1.0,1.5,Entire home/apt,52.54318813604301,13.416742523158044,4.86,29,4.6443908991413725,1,1,0
57.0,2,1.0,1.0,Private room,52.4493413,13.4368438,4.78,18,4.04305126783455,1,1,0
67.0,2,1.0,1.0,Entire home/apt,52.41651,13.41531,5.0,8,4.204692619390966,1,1,0
101.0,4,1.0,1.0,Entire home/apt,52.54361,13.41653,4.93,29,4.61512051684126,1,1,0
124.0,4,1.0,1.0,Entire home/apt,52.5321,13.42524,4.95,37,4.820281565605037,1,1,0
146.0,8,2.0,1.0,Entire home/apt,52.51254381,13.461420119996344,4.95,39,4.983606621708336,1,1,0
142.0,9,3.0,1.0,Entire home/apt,52.518182645220485,13.47104859523276,4.98,43,4.955827057601261,1,1,0
135.0,4,1.0,1.0,Entire home/apt,52.5233,13.30137,4.0,2,4.90527477843843,1,1,0
125.0,6,2.0,1.0,Entire home/apt,52.54507786926518,13.415086787462098,4.92,39,4.8283137373023015,1,1,0
29.0,1,1.0,1.0,Private room,52.50688,13.54454,5.0,1,3.367295829986474,0,0,0
72.0,2,1.0,1.0,Private room,52.47584930000001,13.3416908,0.0,0,4.276666119016055,1,1,0
54.0,2,1.0,1.0,Private room,52.52380913000028,13.449520193197245,5.0,13,3.9889840465642745,1,1,0
205.0,4,1.0,1.0,Entire home/apt,52.4773361,13.3143163,5.0,7,5.3230099791384085,1,1,0
81.0,2,1.0,1.5,Private room,52.48737,13.41652,5.0,2,4.394449154672439,1,1,0
199.0,2,0.0,0.0,Private room,52.50388,13.37436,5.0,11,5.293304824724492,1,1,0
62.0,1,1.0,0.5,Private room,52.53094,13.37986,4.86,36,4.127134385045092,1,0,0
65.0,3,1.0,1.0,Entire home/apt,52.55591509143153,13.392118153335074,0.0,0,4.174387269895637,1,1,0
260.0,4,1.0,0.0,Private room,52.5038752,13.3743635,4.94,36,5.560681631015528,1,1,0
218.0,6,2.0,1.0,Entire home/apt,52.5563994,13.3904987,4.87,30,5.384495062789089,1,1,0
177.0,8,6.0,2.0,Entire home/apt,52.44130170108875,13.505327738821508,4.88,8,5.176149732573829,1,1,0
245.0,6,3.0,1.0,Entire home/apt,52.504344409536486,13.32010612537673,4.18,11,5.501258210544727,1,1,1
226.0,8,2.0,1.0,Entire home/apt,52.5396527,13.4148699,0.0,0,5.420534999272286,1,1,0
207.0,4,2.0,1.0,Entire home/apt,52.484021357666975,13.355141887442258,4.89,9,5.332718793265369,1,1,0
261.0,4,2.0,2.0,Entire home/apt,52.5067849,13.3143707,4.5,2,5.564520407322694,0,0,0
38.0,2,1.0,0.0,Entire home/apt,52.43177160499759,13.548176877528553,0.0,0,3.6375861597263857,1,1,0
40.0,1,1.0,1.0,Entire home/apt,52.46165826546496,13.33386982956122,0.0,0,3.688879454113936,1,1,0
101.0,4,1.0,1.0,Entire home/apt,52.48445543522198,13.430508230577985,5.0,2,4.61512051684126,0,1,0
310.0,8,3.0,2.0,Entire home/apt,52.53199,13.41072,4.97,34,5.736572297479192,1,1,0
225.0,10,3.0,1.5,Entire home/apt,52.533348661331885,13.411301686653731,4.97,32,5.41610040220442,1,1,0
99.0,4,2.0,1.5,Entire home/apt,52.4208683587156,13.154892535410749,0.0,0,4.59511985013459,1,1,0
83.0,3,2.0,1.0,Entire home/apt,52.47075,13.44391,4.09,11,4.418840607796598,1,1,0
114.0,4,2.0,1.0,Entire home/apt,52.48897,13.39596,5.0,9,4.736198448394496,1,1,0
338.0,6,3.0,2.0,Entire home/apt,52.4401,13.29675,4.91,11,5.823045895483019,1,1,0
153.0,4,2.0,1.0,Entire home/apt,52.5168215,13.4191081,4.2,5,5.030437921392435,1,1,0
124.0,6,1.0,1.0,Entire home/apt,52.53074476552912,13.413314088885482,4.63,16,4.820281565605037,1,1,0
71.0,3,1.0,1.0,Entire home/apt,52.4923355,13.4183634,0.0,0,4.262679877041316,1,1,0
60.0,2,1.0,1.0,Entire home/apt,52.4470877,13.2896667,5.0,1,4.0943445622221,1,1,1
150.0,4,2.0,2.0,Entire home/apt,52.50221991692272,13.437286623621263,0.0,0,5.010635294096256,1,1,0
81.0,1,1.0,1.5,Private room,52.5087674,13.3158778,4.88,25,4.394449154672439,1,0,1
55.0,2,1.0,1.0,Shared room,52.55085333621235,13.347058821655695,5.0,1,4.007333185232471,1,0,0
138.0,4,2.0,2.0,Entire home/apt,52.37938129699918,13.648032486235865,4.33,3,4.927253685157205,0,1,1
33.0,6,1.0,1.5,Private room,52.4873589,13.3263076,4.95,20,3.49650756146648,0,0,0
54.0,2,1.0,1.0,Entire home/apt,52.481813175609005,13.34228772902925,0.0,0,3.9889840465642745,0,0,0
123.0,3,1.0,1.0,Entire home/apt,52.53331,13.40493,5.0,15,4.812184355372417,1,1,0
136.0,4,1.0,1.0,Entire home/apt,52.53678,13.43092,4.93,15,4.912654885736052,1,1,0
46.0,2,1.0,3.0,Private room,52.50153024403672,13.490621800000016,3.0,1,3.828641396489095,1,1,0
79.0,1,0.0,1.0,Entire home/apt,52.49975640428315,13.300514928996565,5.0,4,4.3694478524670215,1,1,0
174.0,6,2.0,2.0,Entire home/apt,52.418861056874455,13.580269603539868,5.0,6,5.159055299214529,1,1,0
53.0,2,1.0,1.0,Entire home/apt,52.4995207,13.3659762,0.0,0,3.970291913552122,1,1,0
340.0,9,3.0,2.0,Entire home/apt,52.49813,13.33038,5.0,8,5.828945617610208,1,1,0
75.0,2,1.0,2.0,Private room,52.50164696729311,13.332080401600214,0.0,0,4.31748811353631,1,1,0
189.0,2,1.0,1.0,Entire home/apt,52.49520050551559,13.42848416256574,5.0,7,5.241747015059643,1,1,0
107.0,3,1.0,1.0,Entire home/apt,52.52840571348716,13.121395480377751,0.0,0,4.672828834461906,1,1,0
75.0,2,1.0,1.0,Private room,52.43494279999999,13.4773326,5.0,3,4.31748811353631,1,1,0
133.0,2,1.0,1.0,Entire home/apt,52.5428392,13.3660048,4.7,165,4.890349128221754,1,1,0
84.0,2,1.0,1.0,Entire home/apt,52.49286429461981,13.3570629610766,4.71,7,4.430816798843313,1,1,0
129.0,2,1.0,1.0,Entire home/apt,52.5428392,13.3660048,4.75,4,4.859812404361672,1,1,0
27.0,2,1.0,1.0,Private room,52.4760249,13.4329514,0.0,0,3.295836866004329,1,1,0
56.0,2,1.0,1.0,Entire home/apt,52.57476581076434,13.456902538655791,4.67,27,4.02535169073515,1,1,0
45.0,2,1.0,1.0,Entire home/apt,52.509487,13.5047421,0.0,0,3.80666248977032,1,1,0
102.0,2,1.0,1.0,Entire home/apt,52.52288,13.33603,4.67,3,4.624972813284271,1,1,0
64.0,2,1.0,1.0,Entire home/apt,52.41635,13.35028,0.0,0,4.158883083359672,0,1,0
78.0,4,2.0,1.0,Entire home/apt,52.4716032,13.4322145,0.0,0,4.356708826689592,1,1,0
26.0,1,1.0,1.5,Private room,52.46449,13.43761,0.0,0,3.258096538021482,1,1,1
52.0,1,1.0,1.0,Private room,52.5665856,13.3922779,5.0,34,3.951243718581428,1,0,0
53.0,1,1.0,0.5,Private room,52.50250194,13.361088299765528,5.0,1,3.970291913552122,1,1,0
66.0,3,1.0,1.0,Entire home/apt,52.5017613,13.3333512,0.0,0,4.189654742026425,1,1,0
38.0,2,1.0,1.0,Private room,52.54028508242965,13.424014386153754,0.0,0,3.6375861597263857,1,1,0
144.0,2,1.0,0.5,Private room,52.500393652685865,13.407040055904032,5.0,1,4.969813299576001,0,1,0
158.0,4,2.0,2.0,Entire home/apt,52.5313442968158,13.416683369132842,4.73,30,5.062595033026967,1,1,0
96.0,3,1.0,1.0,Private room,52.45319,13.27409,4.46,28,4.564348191467836,1,1,0
83.0,2,1.0,0.5,Private room,52.48105754304223,13.42564065251188,4.8,5,4.418840607796598,1,1,0
80.0,3,1.0,1.0,Entire home/apt,52.52906961069943,13.350453243686337,4.63,32,4.382026634673881,1,1,1
72.0,4,2.0,1.0,Private room,52.43984023807927,13.249237300903593,4.7,10,4.276666119016055,1,1,0
261.0,7,3.0,1.0,Entire home/apt,52.529872206214186,13.396429094747807,4.89,9,5.564520407322694,1,1,0
51.0,2,1.0,1.0,Entire home/apt,52.56409318169992,13.342577841154592,5.0,1,3.9318256327243257,1,1,0
60.0,3,1.0,1.0,Entire home/apt,52.45435,13.32078,0.0,0,4.0943445622221,1,1,0
164.0,5,1.0,1.0,Entire home/apt,52.55200080775574,13.414928953846314,4.96,54,5.099866427824199,1,1,0
95.0,4,2.0,1.0,Entire home/apt,52.52426,13.40623,1.0,1,4.553876891600541,1,1,0
66.0,2,1.0,1.0,Entire home/apt,52.5699304,13.3647558,4.67,6,4.189654742026425,1,1,0
72.0,4,2.0,2.0,Entire home/apt,52.4791602,13.4289978,5.0,1,4.276666119016055,1,1,0
59.0,2,1.0,1.0,Private room,52.51355919395533,13.469733189054775,4.93,14,4.07753744390572,1,1,0
233.0,5,4.0,1.0,Entire home/apt,52.4924298648542,13.417457619573964,5.0,1,5.4510384535657,1,1,0
77.0,2,1.0,1.0,Entire home/apt,52.55049,13.44789,4.75,12,4.343805421853684,1,1,0
142.0,2,1.0,1.0,Entire home/apt,52.55159,13.1996,4.92,12,4.955827057601261,1,1,0
83.0,1,1.0,1.0,Private room,52.49013,13.42218,5.0,4,4.418840607796598,1,1,0
79.0,2,1.0,1.0,Entire home/apt,52.53067309999999,13.3426113,0.0,0,4.3694478524670215,1,1,0
93.0,2,1.0,1.0,Private room,52.53368931625181,13.39662216603756,4.96,25,4.532599493153256,1,1,0
85.0,5,2.0,2.0,Entire home/apt,52.3963083,13.3858681,0.0,0,4.442651256490317,1,1,0
27.0,1,1.0,1.0,Private room,52.476633698724136,13.431913713083263,0.0,0,3.295836866004329,1,1,0
31.0,1,1.0,1.0,Private room,52.47638,13.43195,0.0,0,3.4339872044851463,1,1,0
86.0,2,1.0,1.0,Entire home/apt,52.520113202516,13.271269895078005,4.94,18,4.454347296253507,1,1,0
56.0,2,1.0,1.0,Private room,52.50327560935898,13.305843443975938,3.0,1,4.02535169073515,1,1,1
140.0,2,1.0,1.5,Entire home/apt,52.4921689,13.4157829,0.0,0,4.941642422609304,1,1,0
45.0,2,1.0,1.0,Entire home/apt,52.5097,13.42231,0.0,0,3.80666248977032,1,1,0
158.0,8,2.0,1.0,Entire home/apt,52.56008139999999,13.4724768,4.77,13,5.062595033026967,1,1,0
69.0,2,1.0,1.0,Private room,52.46644736107178,13.42478226534722,5.0,3,4.23410650459726,1,1,0
75.0,2,1.0,1.0,Private room,52.51076625301589,13.455487152064569,5.0,8,4.31748811353631,1,1,0
120.0,6,2.0,1.0,Entire home/apt,52.57498,13.43921,4.75,4,4.787491742782046,1,1,0
42.0,2,1.0,1.0,Private room,52.5746405,13.4402615,5.0,6,3.737669618283368,1,1,0
57.0,2,1.0,1.0,Entire home/apt,52.41476622417888,13.273084110479545,0.0,0,4.04305126783455,1,1,0
60.0,2,1.0,1.0,Private room,52.53352,13.36558,5.0,1,4.0943445622221,1,1,0
120.0,5,2.0,1.0,Entire home/apt,52.509363,13.4697013,4.91,22,4.787491742782046,1,1,1
84.0,4,1.0,1.0,Entire home/apt,52.51094923572844,13.288151695867548,0.0,0,4.430816798843313,1,1,0
163.0,2,1.0,1.0,Entire home/apt,52.49573903,13.469619636871291,4.89,9,5.093750200806762,1,1,0
172.0,4,2.0,1.0,Entire home/apt,52.53072810000002,13.406917135443123,0.0,0,5.147494476813453,1,1,0
117.0,2,1.0,1.0,Private room,52.5722694,13.404539,4.67,6,4.762173934797756,1,1,0
129.0,2,1.0,1.0,Private room,52.5722694,13.404539,5.0,2,4.859812404361672,1,1,0
141.0,2,1.0,1.0,Entire home/apt,52.5722694,13.404539,4.33,3,4.948759890378168,1,1,0
148.0,2,1.0,1.0,Entire home/apt,52.5722694,13.404539,5.0,4,4.997212273764115,1,1,0
34.0,2,1.0,1.0,Private room,52.5057209,13.4692622,0.0,0,3.5263605246161616,1,1,0
154.0,2,1.0,1.0,Entire home/apt,52.5719217,13.403966,4.43,7,5.0369526024136295,1,1,0
166.0,2,1.0,1.0,Entire home/apt,52.5719217,13.403966,0.0,0,5.111987788356544,1,1,0
115.0,2,1.0,1.0,Entire home/apt,52.51391171797114,13.457982554411563,5.0,2,4.74493212836325,1,1,0
62.0,2,1.0,1.0,Private room,52.48976195112216,13.377361853873069,4.93,43,4.127134385045092,1,1,0
50.0,1,0.0,1.0,Shared room,52.51656,13.30228,4.57,14,3.912023005428146,1,1,0
99.0,2,1.0,1.0,Entire home/apt,52.5336,13.33568,5.0,4,4.59511985013459,1,1,0
139.0,5,2.0,2.0,Entire home/apt,52.4925436,13.3981425,4.75,4,4.934473933130692,1,1,0
72.0,2,1.0,1.0,Entire home/apt,52.4925436,13.3981425,4.75,4,4.276666119016055,1,1,0
180.0,4,2.0,2.0,Entire home/apt,52.53092688,13.448837329394758,5.0,2,5.19295685089021,1,1,0
136.0,2,1.0,1.0,Entire home/apt,52.508405525036174,13.388097401106505,5.0,23,4.912654885736052,1,1,0
223.0,6,3.0,2.0,Entire home/apt,52.5418873,13.3714682,4.95,21,5.407171771460119,1,1,0
84.0,2,1.0,1.5,Private room,52.53021,13.34747,5.0,5,4.430816798843313,1,1,0
98.0,3,1.0,2.0,Entire home/apt,52.500674,13.4742704,0.0,0,4.584967478670572,1,1,0
74.0,3,1.0,1.0,Entire home/apt,52.4868781736069,13.36164675864442,4.86,7,4.30406509320417,1,1,0
74.0,3,1.0,1.0,Entire home/apt,52.48872201112731,13.362831237597891,4.91,11,4.30406509320417,1,1,0
63.0,2,1.0,1.5,Entire home/apt,52.501109987620175,13.336838799979123,0.0,0,4.143134726391533,1,1,0
69.0,1,1.0,1.0,Private room,52.5130828,13.4058708,0.0,0,4.23410650459726,1,1,0
71.0,2,1.0,1.0,Entire home/apt,52.51775,13.29572,4.33,9,4.262679877041316,1,1,0
198.0,8,2.0,1.0,Entire home/apt,52.5231256,13.4361785,4.5,26,5.288267030694535,1,1,0
115.0,4,2.0,2.0,Entire home/apt,52.5433669,13.41181455767212,5.0,1,4.74493212836325,1,1,0
135.0,4,2.0,1.0,Entire home/apt,52.51499277539342,13.314893418727593,4.88,25,4.90527477843843,1,1,0
63.0,2,1.0,1.0,Entire home/apt,52.53394,13.36572,0.0,0,4.143134726391533,1,1,0
70.0,3,1.0,1.0,Entire home/apt,52.5555488,13.3418462,0.0,0,4.248495242049359,1,1,0
71.0,3,1.0,1.0,Entire home/apt,52.5554488,13.3417162,4.0,1,4.262679877041316,1,1,0
80.0,4,2.0,1.0,Entire home/apt,52.4825752,13.3807247,0.0,0,4.382026634673881,1,1,0
92.0,3,2.0,1.0,Entire home/apt,52.48734419848183,13.3630934398106,4.67,12,4.5217885770490405,1,1,0
78.0,4,2.0,1.0,Entire home/apt,52.5555488,13.3418462,0.0,0,4.356708826689592,1,1,0
76.0,2,1.0,1.0,Entire home/apt,52.53067309999999,13.3426113,0.0,0,4.330733340286331,1,1,0
110.0,4,1.0,1.0,Entire home/apt,52.49015321370393,13.412345064462317,4.71,7,4.700480365792417,1,1,0
88.0,2,0.0,1.0,Entire home/apt,52.51691986710022,13.41961763167966,4.81,26,4.477336814478207,1,1,0
55.0,2,1.0,1.0,Entire home/apt,52.5057254,13.380306,0.0,0,4.007333185232471,1,1,1
65.0,2,1.0,1.0,Entire home/apt,52.5057254,13.380306,0.0,0,4.174387269895637,1,1,1
79.0,4,2.0,1.0,Entire home/apt,52.5057254,13.380306,0.0,0,4.3694478524670215,1,1,1
71.0,2,1.0,1.0,Private room,52.473602865647344,13.338438279229605,4.78,18,4.262679877041316,1,1,0
75.0,3,1.0,1.0,Entire home/apt,52.50929,13.5062,5.0,1,4.31748811353631,1,1,0
228.0,11,4.0,2.0,Entire home/apt,52.48618,13.36568,4.59,29,5.429345628954441,1,1,0
92.0,2,1.0,1.0,Entire home/apt,52.52973102372039,13.407782031213369,5.0,26,4.5217885770490405,1,1,0
84.0,2,1.0,1.0,Entire home/apt,52.49738994614715,13.296142257750034,0.0,0,4.430816798843313,1,1,0
120.0,2,1.0,1.0,Entire home/apt,52.513031600000005,13.305959304229726,3.71,7,4.787491742782046,1,1,0
90.0,3,1.0,1.0,Entire home/apt,52.4799055,13.3507375,3.67,9,4.499809670330265,1,1,0
68.0,2,1.0,1.0,Entire home/apt,52.52325,13.24675,5.0,31,4.219507705176107,1,1,0
92.0,3,2.0,1.0,Entire home/apt,52.48886803151235,13.362413555344409,4.92,13,4.5217885770490405,1,1,0
131.0,4,2.0,1.0,Entire home/apt,52.431884,13.2584385,4.0,3,4.875197323201151,1,1,0
49.0,2,1.0,1.0,Entire home/apt,52.4978674,13.464585,0.0,0,3.8918202981106265,1,1,0
104.0,2,1.0,1.0,Entire home/apt,52.50606,13.41056,5.0,16,4.6443908991413725,1,1,0
365.0,9,3.0,2.0,Entire home/apt,52.50257,13.34693,4.94,35,5.899897353582492,1,0,0
80.0,1,1.0,1.0,Private room,52.5053,13.35645,0.0,0,4.382026634673881,1,1,0
167.0,3,2.0,1.0,Entire home/apt,52.476731,13.4491388,4.78,9,5.117993812416755,1,1,0
78.0,4,1.0,1.0,Entire home/apt,52.51066,13.46485,4.43,7,4.356708826689592,1,0,0
100.0,3,1.0,1.0,Entire home/apt,52.4963993,13.4307448,0.0,0,4.605170185988092,1,1,0
135.0,3,1.0,1.0,Entire home/apt,52.52920694104794,13.40260568465578,4.87,39,4.90527477843843,1,1,0
141.0,5,1.0,1.0,Entire home/apt,52.5496057,13.3446286,4.0,6,4.948759890378168,1,1,0
327.0,6,2.0,1.0,Entire home/apt,52.5002583,13.4331629,5.0,22,5.7899601708972535,1,1,0
268.0,6,3.0,1.0,Entire home/apt,52.564793667886086,13.425882403557614,4.57,7,5.5909869805108565,1,1,0
132.0,4,1.0,1.0,Entire home/apt,52.53693,13.40761,4.81,16,4.882801922586371,1,1,0
162.0,4,1.0,1.0,Entire home/apt,52.53560441995656,13.409183056074625,4.89,9,5.087596335232384,1,1,0
54.0,2,1.0,1.0,Private room,52.46467,13.42433,5.0,19,3.9889840465642745,1,1,0
66.0,3,1.0,1.0,Private room,52.528131895560186,13.423968070693178,5.0,24,4.189654742026425,1,1,0
44.0,3,1.0,1.0,Entire home/apt,52.51838,13.47308,5.0,1,3.784189633918261,1,1,0
158.0,4,2.0,1.0,Entire home/apt,52.44759029999999,13.4508856,4.8,5,5.062595033026967,1,1,1
65.0,2,1.0,1.0,Private room,52.55072836490079,13.385131879586666,5.0,4,4.174387269895637,1,1,0
281.0,6,3.0,2.0,Entire home/apt,52.5235492,13.3847587,4.78,23,5.638354669333745,1,1,0
46.0,2,1.0,0.5,Private room,52.5418873,13.3714682,4.6,43,3.828641396489095,1,0,0
360.0,6,2.0,1.0,Entire home/apt,52.52911756790242,13.418185888885498,5.0,5,5.886104031450156,1,1,1
71.0,2,2.0,1.0,Private room,52.50109375185129,13.474611278517656,4.67,9,4.262679877041316,1,1,0
135.0,3,1.0,1.0,Entire home/apt,52.50967637868736,13.394589051604273,4.7,20,4.90527477843843,1,1,0
108.0,3,1.0,1.0,Private room,52.52429002400739,13.394661177663586,5.0,14,4.68213122712422,1,1,0
104.0,3,1.0,1.0,Entire home/apt,52.481922476912125,13.349134326983656,4.67,3,4.6443908991413725,1,1,0
55.0,2,1.0,1.0,Private room,52.3991813,13.5590964,4.5,2,4.007333185232471,1,1,0
42.0,2,1.0,1.0,Entire home/apt,52.51194191007456,13.30172570412749,0.0,0,3.737669618283368,1,1,0
86.0,6,2.0,1.0,Entire home/apt,52.549858727295934,13.368809439472646,4.18,40,4.454347296253507,1,1,0
66.0,6,1.0,1.0,Entire home/apt,52.54977867378352,13.36735112514986,4.65,17,4.189654742026425,1,1,0
91.0,2,1.0,1.0,Private room,52.55081,13.45363,5.0,2,4.51085950651685,1,1,0
99.0,4,1.0,1.0,Entire home/apt,52.54797,13.36915,4.17,23,4.59511985013459,1,1,0
92.0,4,1.0,1.0,Entire home/apt,52.54966198336385,13.369092961386436,3.93,45,4.5217885770490405,1,1,0
113.0,4,2.0,1.0,Entire home/apt,52.55012,13.36883,4.25,24,4.727387818712341,1,1,0
69.0,2,1.0,1.0,Entire home/apt,52.49138,13.32992,4.53,15,4.23410650459726,1,1,0
57.0,2,1.0,1.0,Entire home/apt,52.50485637185862,13.379831329249969,0.0,0,4.04305126783455,1,1,1
115.0,3,1.0,1.0,Entire home/apt,52.48192574390542,13.349128962565628,0.0,0,4.74493212836325,1,1,0
108.0,2,1.0,3.0,Private room,52.56497,13.42801,3.0,2,4.68213122712422,1,1,0
124.0,2,1.0,1.0,Private room,52.56304849029369,13.426118167103336,1.0,1,4.820281565605037,1,1,0
105.0,2,1.0,1.0,Private room,52.56478,13.4275,0.0,0,4.653960350157523,1,1,0
53.0,2,1.0,1.0,Entire home/apt,52.4944212,13.4385798,0.0,0,3.970291913552122,1,1,0
72.0,4,1.0,0.5,Private room,52.46192550643786,13.377216115487212,4.91,11,4.276666119016055,1,1,0
100.0,2,1.0,1.0,Private room,52.51323337752093,13.432259000837805,5.0,17,4.605170185988092,1,0,0
87.0,3,1.0,1.0,Entire home/apt,52.503223390444255,13.358180026898422,3.0,1,4.465908118654584,1,1,0
84.0,4,1.0,1.0,Entire home/apt,52.5029661,13.35961762,0.0,0,4.430816798843313,1,1,0
84.0,3,1.0,1.0,Entire home/apt,52.50335,13.3576,0.0,0,4.430816798843313,1,1,0
201.0,10,4.0,1.5,Entire home/apt,52.49996,13.36436,4.9,10,5.303304908059076,1,1,0
81.0,4,2.0,1.0,Entire home/apt,52.49376512890603,13.400947563120145,4.88,8,4.394449154672439,1,1,0
89.0,2,0.0,1.0,Entire home/apt,52.45866,13.3771,5.0,2,4.48863636973214,1,1,0
59.0,1,1.0,1.0,Entire home/apt,52.55558,13.41544,4.67,30,4.07753744390572,1,1,0
153.0,2,0.0,1.0,Entire home/apt,52.51867819991589,13.335188026577235,4.86,7,5.030437921392435,1,1,0
66.0,3,1.0,1.0,Entire home/apt,52.504467,13.2970563,0.0,0,4.189654742026425,1,1,0
94.0,4,2.0,1.0,Entire home/apt,52.5078293,13.3038391,0.0,0,4.543294782270004,1,1,0
63.0,1,1.0,1.0,Private room,52.48955903801316,13.355126386417842,4.75,4,4.143134726391533,1,1,0
59.0,2,1.0,1.0,Private room,52.480963985856846,13.42713075078735,5.0,4,4.07753744390572,1,1,0
85.0,3,1.0,1.0,Entire home/apt,52.469835895696896,13.345216924732188,0.0,0,4.442651256490317,1,1,0
85.0,3,1.0,1.0,Entire home/apt,52.47178,13.34555,4.0,3,4.442651256490317,1,1,0
55.0,2,1.0,1.0,Entire home/apt,52.50072289357371,13.300229803727074,0.0,0,4.007333185232471,1,1,0
106.0,2,1.0,1.0,Entire home/apt,52.49756,13.42502,5.0,5,4.663439094112067,1,1,0
99.0,4,2.0,1.0,Entire home/apt,52.53778,13.4098,0.0,0,4.59511985013459,1,1,0
109.0,4,0.0,1.0,Entire home/apt,52.46817359511706,13.453631360618385,4.73,15,4.691347882229144,1,1,0
51.0,2,1.0,1.0,Entire home/apt,52.4795941,13.3458816,0.0,0,3.9318256327243257,1,1,1
57.0,2,1.0,1.0,Private room,52.490670309826605,13.34954150605836,5.0,15,4.04305126783455,1,0,0
62.0,2,0.0,1.0,Entire home/apt,52.51262029999999,13.466134,4.86,21,4.127134385045092,1,0,0
144.0,4,2.0,2.0,Entire home/apt,52.49532267355622,13.44495583622916,5.0,6,4.969813299576001,1,1,0
54.0,2,1.0,1.0,Private room,52.551,13.37661,0.0,0,3.9889840465642745,1,1,0
283.0,4,2.0,1.5,Entire home/apt,52.48997,13.42318,4.92,12,5.645446897643238,1,1,0
85.0,2,1.0,1.0,Entire home/apt,52.5488003,13.2183725,4.6,10,4.442651256490317,1,1,0
95.0,2,1.0,1.0,Private room,52.51039922239909,13.30884529143119,2.0,2,4.553876891600541,1,1,0
26.0,2,2.0,1.0,Entire home/apt,52.51347067282365,13.314076858600323,0.0,0,3.258096538021482,1,1,0
153.0,4,2.0,2.0,Entire home/apt,52.51229873582577,13.41166641,4.25,12,5.030437921392435,0,1,0
122.0,2,1.0,1.0,Private room,52.56154679231943,13.378466068262023,3.96,27,4.804021044733257,1,0,0
127.0,3,1.0,1.0,Private room,52.56175,13.37694,4.34,47,4.844187086458591,1,0,0
148.0,4,1.0,1.0,Private room,52.56315155734411,13.378963689396178,3.97,37,4.997212273764115,1,0,0
181.0,6,1.0,1.0,Private room,52.56336448886219,13.378354300560169,4.42,118,5.198497031265826,1,0,0
48.0,2,1.0,1.0,Shared room,52.5085,13.30963,3.67,3,3.871201010907891,1,1,0
95.0,6,3.0,1.0,Entire home/apt,52.546494284062426,13.40233569189686,4.9,31,4.553876891600541,1,1,0
69.0,2,1.0,1.0,Entire home/apt,52.52845,13.38439,0.0,0,4.23410650459726,1,1,0
300.0,10,2.0,1.0,Entire home/apt,52.49336554315557,13.397790473525184,4.86,42,5.703782474656201,1,1,0
56.0,1,1.0,1.0,Private room,52.41147003171382,13.252832063407016,0.0,0,4.02535169073515,1,1,0
191.0,7,2.0,1.0,Entire home/apt,52.49463,13.39821,4.79,14,5.25227342804663,1,1,0
220.0,4,1.0,0.5,Entire home/apt,52.46362,13.37544,0.0,0,5.393627546352362,1,1,0
119.0,3,1.0,1.0,Entire home/apt,52.54468907445534,13.422510670474855,4.88,295,4.77912349311153,1,1,0
220.0,10,3.0,1.0,Entire home/apt,52.53205380823415,13.419474375700949,4.17,6,5.393627546352362,1,1,0
118.0,2,2.0,1.0,Entire home/apt,52.47570277187668,13.428674033107653,0.0,0,4.770684624465665,1,1,0
138.0,3,1.0,1.0,Entire home/apt,52.49392,13.34646,4.74,23,4.927253685157205,1,1,0
171.0,4,1.0,1.0,Entire home/apt,52.505193274164434,13.349390738415472,3.8,5,5.14166355650266,1,1,1
265.0,4,2.0,1.5,Entire home/apt,52.50501,13.35136,1.5,2,5.579729825986222,1,1,1
108.0,3,1.0,1.0,Entire home/apt,52.5360056,13.3997818,4.77,26,4.68213122712422,1,1,0
126.0,6,2.0,1.0,Entire home/apt,52.5394979,13.4160649,4.58,24,4.836281906951478,1,1,0
137.0,6,2.0,1.0,Entire home/apt,52.5319051,13.4227929,4.67,15,4.919980925828125,1,1,0
142.0,7,3.0,1.0,Entire home/apt,52.5516501,13.4172286,4.79,28,4.955827057601261,1,1,0
125.0,4,2.0,1.0,Entire home/apt,52.5509333,13.4187527,4.48,23,4.8283137373023015,1,1,0
129.0,5,3.0,1.5,Entire home/apt,52.5509333,13.4187527,4.76,25,4.859812404361672,1,1,0
90.0,2,1.0,1.0,Private room,52.51249,13.55482,4.7,10,4.499809670330265,0,1,0
112.0,4,2.0,1.0,Entire home/apt,52.4594775,13.3260596,0.0,0,4.718498871295094,1,1,0
72.0,3,1.0,1.0,Entire home/apt,52.49765360000001,13.30033,0.0,0,4.276666119016055,1,1,0
99.0,4,2.0,2.0,Entire home/apt,52.42187133,13.413099961154945,5.0,3,4.59511985013459,1,1,0
272.0,5,2.0,1.0,Entire home/apt,52.5123786,13.4167393,4.53,15,5.605802066295998,1,1,0
106.0,3,1.0,1.0,Entire home/apt,52.51617126715585,13.462318497005176,4.8,5,4.663439094112067,1,1,0
163.0,3,1.0,1.0,Entire home/apt,52.54378,13.41523,4.63,19,5.093750200806762,1,1,0
180.0,5,2.0,1.0,Entire home/apt,52.45086542256083,13.320210415308892,4.86,7,5.19295685089021,1,1,0
75.0,2,1.0,1.0,Private room,52.55232720212495,13.41440264739593,5.0,8,4.31748811353631,1,1,0
97.0,4,1.0,1.0,Entire home/apt,52.53491,13.43817,4.38,24,4.574710978503383,1,1,0
312.0,16,3.0,2.5,Entire home/apt,52.52418533288459,13.320531703249458,4.33,6,5.7430031878094825,1,1,1
64.0,3,1.0,1.0,Entire home/apt,52.49969041078043,13.32869894625921,0.0,0,4.158883083359672,1,1,0
37.0,8,1.0,3.0,Shared room,52.49818455,13.446933488360608,4.79,103,3.610917912644224,1,1,0
96.0,4,2.0,1.0,Entire home/apt,52.43568655491405,13.249339249758428,0.0,0,4.564348191467836,1,1,0
197.0,8,2.0,1.0,Entire home/apt,52.5119316,13.4680279,5.0,11,5.2832037287379885,1,1,0
274.0,5,2.0,2.0,Entire home/apt,52.53267050133083,13.397914096246955,4.94,16,5.613128106388071,1,1,0
29.0,1,1.0,1.0,Private room,52.54022,13.35706,0.0,0,3.367295829986474,1,1,0
111.0,4,1.0,1.0,Entire home/apt,52.48189050396681,13.349088873016347,5.0,1,4.709530201312334,1,1,0
195.0,4,2.0,1.0,Entire home/apt,52.54578,13.36298,4.92,13,5.272999558563747,1,1,0
198.0,4,2.0,1.0,Entire home/apt,52.54405,13.36251,4.5,12,5.288267030694535,1,1,0
63.0,1,1.0,1.0,Private room,52.5448,13.37195,0.0,0,4.143134726391533,1,1,0
58.0,2,1.0,1.0,Entire home/apt,52.5057254,13.380306,0.0,0,4.060443010546419,1,1,1
149.0,2,1.0,2.0,Entire home/apt,52.50608,13.43902,0.0,0,5.003946305945459,0,1,0
37.0,1,1.0,1.0,Private room,52.5629,13.20332,0.0,0,3.610917912644224,1,1,0
56.0,2,1.0,1.0,Entire home/apt,52.5159721,13.4686402,0.0,0,4.02535169073515,1,1,0
84.0,2,1.0,1.0,Entire home/apt,52.53268532363044,13.360632455017072,0.0,0,4.430816798843313,1,1,0
180.0,4,2.0,1.0,Entire home/apt,52.49788090990928,13.442126341711695,4.69,16,5.19295685089021,1,1,0
55.0,2,1.0,1.0,Entire home/apt,52.4973781,13.3248592,0.0,0,4.007333185232471,1,1,0
139.0,3,1.0,1.0,Entire home/apt,52.53810091366805,13.403049836176184,0.0,0,4.934473933130692,1,1,0
176.0,4,2.0,1.0,Entire home/apt,52.52699,13.45259,5.0,1,5.170483995038151,1,1,0
112.0,2,1.0,1.0,Entire home/apt,52.5008321,13.360125,4.83,24,4.718498871295094,1,1,0
115.0,2,0.0,1.0,Entire home/apt,52.50316669982201,13.32371465214011,4.8,5,4.74493212836325,1,1,0
112.0,2,1.0,1.0,Entire home/apt,52.5012,13.32498,4.5,2,4.718498871295094,1,1,0
107.0,6,1.0,1.0,Entire home/apt,52.55037489999999,13.3499425,4.4,5,4.672828834461906,1,1,0
91.0,4,1.0,1.0,Entire home/apt,52.51384,13.46239,3.71,7,4.51085950651685,1,1,0
93.0,2,1.0,1.0,Entire home/apt,52.43752802864282,13.261389822757357,0.0,0,4.532599493153256,1,1,0
8000.0,2,2.0,1.0,Entire home/apt,52.4135266,13.3478408,0.0,0,8.987196820661973,1,1,0
89.0,4,1.0,1.0,Entire home/apt,52.49503128193479,13.414137513022949,3.9,10,4.48863636973214,1,1,0
260.0,4,2.0,1.0,Entire home/apt,52.49507683725513,13.325014271163935,5.0,16,5.560681631015528,1,1,0
45.0,3,1.0,1.0,Private room,52.43567197900195,13.542249818173032,4.89,9,3.80666248977032,1,1,0
24.0,1,1.0,1.0,Private room,52.51388,13.29011,0.0,0,3.1780538303479458,1,0,0
69.0,4,1.0,1.0,Entire home/apt,52.57077666898444,13.308479351820989,0.0,0,4.23410650459726,1,1,0
66.0,3,1.0,1.0,Entire home/apt,52.4790289,13.4463329,0.0,0,4.189654742026425,1,1,0
66.0,3,1.0,1.0,Entire home/apt,52.4790289,13.4463329,0.0,0,4.189654742026425,1,1,0
100.0,2,1.0,1.0,Entire home/apt,52.45886401488562,13.376972633584629,0.0,0,4.605170185988092,1,1,0
479.0,13,3.0,2.0,Entire home/apt,52.51851,13.45518,4.89,9,6.171700597410915,1,1,0
49.0,3,1.0,1.0,Entire home/apt,52.4489237,13.6168603,5.0,1,3.8918202981106265,1,1,0
177.0,7,2.0,1.0,Entire home/apt,52.56008139999999,13.4724768,4.67,9,5.176149732573829,1,1,0
101.0,2,1.0,1.0,Private room,52.60024,13.43251,0.0,0,4.61512051684126,1,1,0
69.0,2,1.0,1.5,Private room,52.60037018,13.434652419306802,0.0,0,4.23410650459726,1,1,0
41.0,2,1.0,1.0,Entire home/apt,52.62899995670129,13.50174242911856,0.0,0,3.713572066704308,1,1,0
238.0,6,4.0,1.0,Entire home/apt,52.51420922332901,13.309881890294951,5.0,1,5.472270673671475,1,1,0
347.0,7,3.0,2.0,Entire home/apt,52.48722528238213,13.366531331920909,5.0,1,5.849324779946859,1,1,0
72.0,3,1.0,1.0,Entire home/apt,52.5107175,13.4579619,0.0,0,4.276666119016055,1,1,0
89.0,2,1.0,1.0,Shared room,52.509743679141295,13.446278884655769,4.85,13,4.48863636973214,1,0,0
39.0,6,1.0,1.0,Shared room,52.5167261,13.4254443,4.5,8,3.6635616461296463,1,1,0
215.0,7,3.0,1.0,Entire home/apt,52.50040509998645,13.2996081550171,4.81,36,5.3706380281276624,1,1,0
204.0,6,3.0,1.0,Entire home/apt,52.5009938453024,13.300424780950934,4.88,34,5.318119993844216,1,1,0
130.0,2,1.0,1.0,Entire home/apt,52.50916886439406,13.182060451334012,5.0,1,4.867534450455582,1,1,0
135.0,4,3.0,1.5,Entire home/apt,52.53148,13.31665,5.0,1,4.90527477843843,1,1,1
220.0,4,3.0,2.0,Entire home/apt,52.55,13.40999,5.0,2,5.393627546352362,1,1,0
523.0,4,2.0,2.0,Entire home/apt,52.4708454,13.2790413,0.0,0,6.259581464064923,1,1,1
208.0,8,2.0,2.0,Entire home/apt,52.4139101,13.6498404,0.0,0,5.337538079701318,1,1,0
70.0,2,1.0,1.0,Private room,52.45427,13.27215,4.31,13,4.248495242049359,1,0,0
122.0,2,1.0,2.0,Private room,52.57341706346506,13.34769452559964,2.5,2,4.804021044733257,1,1,0
60.0,2,1.0,0.5,Private room,52.39959476606562,13.556269258714886,5.0,1,4.0943445622221,1,0,0
92.0,3,1.0,1.0,Entire home/apt,52.491651882927975,13.458608190277742,4.7,27,4.5217885770490405,1,0,0
322.0,8,3.0,1.0,Entire home/apt,52.48741713492214,13.37649238,5.0,13,5.7745515455444085,1,1,0
213.0,6,2.0,1.0,Entire home/apt,52.48662,13.4269,4.94,18,5.3612921657094255,1,1,0
130.0,3,1.0,1.0,Entire home/apt,52.44596,13.55927,0.0,0,4.867534450455582,1,1,0
152.0,4,1.0,1.0,Entire home/apt,52.53165392525648,13.394249474176489,5.0,7,5.0238805208462765,1,1,0
104.0,4,1.0,1.0,Entire home/apt,52.48132822251489,13.3501343952198,0.0,0,4.6443908991413725,1,1,0
115.0,4,1.0,1.0,Entire home/apt,52.48102123260466,13.349979487329596,0.0,0,4.74493212836325,1,1,0
104.0,4,1.0,1.0,Entire home/apt,52.48263614686271,13.348619046621582,0.0,0,4.6443908991413725,1,1,0
109.0,2,1.0,1.0,Entire home/apt,52.5006,13.43636,4.96,24,4.691347882229144,1,1,0
54.0,2,1.0,1.0,Entire home/apt,52.448035879487726,13.383133317848449,0.0,0,3.9889840465642745,1,1,0
48.0,2,1.0,1.0,Private room,52.478517551343806,13.331689037068989,0.0,0,3.871201010907891,1,1,0
99.0,2,1.0,1.0,Entire home/apt,52.49856759999999,13.401823,4.76,33,4.59511985013459,1,1,0
121.0,6,2.0,1.0,Entire home/apt,52.49055798696513,13.433698105665757,4.67,21,4.795790545596741,1,1,0
228.0,5,2.0,2.0,Entire home/apt,52.50260264012284,13.391404209786998,5.0,7,5.429345628954441,1,1,0
84.0,3,2.0,1.0,Private room,52.51212,13.47093,4.44,25,4.430816798843313,1,1,0
211.0,4,2.0,1.0,Entire home/apt,52.5380224,13.398045,4.83,24,5.351858133476067,1,1,0
91.0,2,1.0,1.0,Entire home/apt,52.49974669410483,13.368013858299443,5.0,1,4.51085950651685,1,1,0
173.0,2,2.0,2.5,Entire home/apt,52.53760301,13.423844431401276,0.0,0,5.153291594497779,1,1,0
161.0,6,2.0,1.0,Entire home/apt,52.48277,13.34802,5.0,1,5.081404364984463,1,1,0
161.0,6,2.0,1.0,Entire home/apt,52.48305648103487,13.349350526417943,0.0,0,5.081404364984463,1,1,0
152.0,6,1.0,1.0,Entire home/apt,52.54072,13.4152,2.5,2,5.0238805208462765,1,1,0
322.0,5,2.0,1.0,Entire home/apt,52.4933254,13.3964241,4.64,11,5.7745515455444085,1,1,0
229.0,6,2.0,1.0,Entire home/apt,52.53703906057586,13.42654835203719,4.87,23,5.43372200355424,1,1,0
100.0,3,1.0,1.0,Entire home/apt,52.49686,13.44218,4.8,5,4.605170185988092,1,1,0
74.0,2,1.0,1.0,Entire home/apt,52.54243415739936,13.421558444208827,0.0,0,4.30406509320417,1,1,1
245.0,4,1.0,1.0,Entire home/apt,52.4982,13.33196,4.8,5,5.501258210544727,1,1,0
250.0,5,2.0,1.0,Entire home/apt,52.49616722,13.33153934735033,5.0,3,5.521460917862246,1,1,0
89.0,4,1.0,1.0,Entire home/apt,52.49878677357374,13.443877972317004,4.58,12,4.48863636973214,1,1,0
69.0,2,1.0,1.0,Entire home/apt,52.55460739999999,13.4159533,4.78,23,4.23410650459726,1,1,0
89.0,1,1.0,1.0,Entire home/apt,52.5361631,13.4298428,5.0,11,4.48863636973214,1,1,0
44.0,1,1.0,1.0,Private room,52.56389356520701,13.362614496641063,5.0,2,3.784189633918261,1,1,1
25.0,1,1.0,1.0,Entire home/apt,52.34171613270607,13.646793617288653,0.0,0,3.218875824868201,1,1,0
129.0,2,2.0,1.0,Entire home/apt,52.46028734705211,13.118178552581409,5.0,2,4.859812404361672,1,1,0
224.0,6,3.0,2.0,Entire home/apt,52.52846563873658,13.449406012303156,4.7,10,5.41164605185504,0,1,0
69.0,1,1.0,1.0,Private room,52.45263916555448,13.273880122512676,4.5,14,4.23410650459726,1,1,0
76.0,2,1.0,1.0,Private room,52.45292,13.27415,4.5,14,4.330733340286331,1,0,0
85.0,3,1.0,1.0,Private room,52.45276441170216,13.274060204750574,3.88,8,4.442651256490317,1,1,0
70.0,3,1.0,1.0,Private room,52.54765628243382,13.343887172608,0.0,0,4.248495242049359,1,0,0
41.0,2,1.0,1.0,Private room,52.55491,13.42576,0.0,0,3.713572066704308,1,1,0
65.0,3,1.0,1.0,Entire home/apt,52.52759,13.30126,0.0,0,4.174387269895637,1,1,0
237.0,10,3.0,1.0,Entire home/apt,52.51728489173437,13.47098171710968,5.0,4,5.468060141135132,1,1,0
148.0,5,2.0,2.0,Entire home/apt,52.54956650426908,13.459357807852264,5.0,6,4.997212273764115,1,1,0
175.0,6,2.0,1.0,Entire home/apt,52.54180408,13.36385282535443,0.0,0,5.1647859739235145,1,1,0
32.0,1,1.0,2.0,Private room,52.34211,13.64594,0.0,0,3.4657359027997265,1,1,0
57.0,2,1.0,1.0,Entire home/apt,52.46939368582687,13.346071792378916,4.5,6,4.04305126783455,1,1,0
180.0,4,1.0,1.0,Entire home/apt,52.49383452496428,13.41532752698365,4.86,14,5.19295685089021,1,1,0
64.0,1,1.0,1.0,Entire home/apt,52.48984,13.39272,0.0,0,4.158883083359672,1,1,0
292.0,8,3.0,2.0,Entire home/apt,52.5108,13.28887,4.58,12,5.676753802268282,1,1,0
13.0,2,1.0,1.5,Private room,52.50249,13.46713,5.0,1,2.5649493574615367,1,1,0
194.0,5,4.0,1.0,Entire home/apt,52.47616621593807,13.343190550804138,4.0,1,5.267858159063328,1,1,0
85.0,4,2.0,2.0,Entire home/apt,52.50597783618766,13.462551371966546,0.0,0,4.442651256490317,1,1,0
73.0,2,1.0,1.0,Entire home/apt,52.41934715301984,13.425650736556769,0.0,0,4.290459441148391,1,1,0
251.0,4,2.0,1.0,Entire home/apt,52.53743,13.39694,4.86,22,5.525452939131784,1,1,0
130.0,4,2.0,1.0,Entire home/apt,52.47519519999999,13.3296778,0.0,0,4.867534450455582,1,1,0
184.0,2,1.0,1.0,Entire home/apt,52.53074,13.40116,4.69,13,5.214935757608986,1,1,0
106.0,4,1.0,1.0,Entire home/apt,52.53485,13.39911,0.0,0,4.663439094112067,1,1,0
225.0,10,3.0,2.0,Entire home/apt,52.5529051,13.4153659,5.0,24,5.41610040220442,1,1,0
277.0,11,4.0,1.0,Entire home/apt,52.53857,13.37361,4.84,19,5.6240175061873385,1,1,1
180.0,4,2.0,2.0,Entire home/apt,52.53009051864491,13.44810415059328,4.88,8,5.19295685089021,1,1,0
77.0,2,1.0,1.0,Entire home/apt,52.5102681,13.4676495,0.0,0,4.343805421853684,1,1,0
1200.0,10,6.0,1.0,Entire home/apt,52.451939253085634,13.328930229168328,0.0,0,7.090076835776092,1,1,0
230.0,9,2.0,1.0,Entire home/apt,52.5371,13.37189,4.8,15,5.438079308923196,1,1,0
130.0,2,1.0,1.0,Entire home/apt,52.4976102,13.3482512,5.0,4,4.867534450455582,1,1,1
89.0,2,0.0,1.0,Entire home/apt,52.45703,13.37735,0.0,0,4.48863636973214,1,1,0
50.0,2,1.0,1.0,Entire home/apt,52.477115,13.4242355,0.0,0,3.912023005428146,1,1,0
1290.0,6,0.0,2.5,Entire home/apt,52.51569001701659,13.46239014296036,0.0,0,7.162397497355718,1,1,1
31.0,2,1.0,1.0,Private room,52.5057209,13.4692622,0.0,0,3.4339872044851463,1,1,0
181.0,4,3.0,1.0,Entire home/apt,52.49712283654396,13.44043022,5.0,1,5.198497031265826,1,1,0
65.0,2,1.0,1.0,Entire home/apt,52.52711541616201,13.45056193067051,4.88,8,4.174387269895637,1,1,0
77.0,2,1.0,1.0,Entire home/apt,52.50645683377287,13.426168374717236,4.42,26,4.343805421853684,1,1,0
97.0,4,2.0,1.0,Entire home/apt,52.50662415320581,13.459378014606624,0.0,0,4.574710978503383,1,1,0
103.0,4,1.0,1.0,Entire home/apt,52.46716,13.49329,0.0,0,4.634728988229636,1,1,0
99.0,3,1.0,1.0,Entire home/apt,52.525794061467046,13.304718244134172,4.76,17,4.59511985013459,1,1,0
93.0,3,1.0,1.0,Entire home/apt,52.52728539458396,13.303047187510384,4.71,17,4.532599493153256,1,1,0
93.0,3,1.0,1.0,Entire home/apt,52.52714962278685,13.304179687623805,4.93,15,4.532599493153256,1,1,0
147.0,2,1.0,1.0,Entire home/apt,52.510629,13.406011,5.0,14,4.990432586778736,1,1,0
421.0,16,6.0,2.0,Entire home/apt,52.5381,13.37372,4.5,10,6.042632833682381,1,1,1
60.0,3,1.0,1.0,Entire home/apt,52.4657,13.42023,4.5,10,4.0943445622221,0,0,0
144.0,3,1.0,1.0,Entire home/apt,52.55036330000001,13.3714776,4.8,10,4.969813299576001,1,1,0
100.0,2,1.0,1.0,Entire home/apt,52.52015069377075,13.31987403952687,4.55,11,4.605170185988092,1,1,1
116.0,2,1.0,1.0,Entire home/apt,52.4776052,13.4376128,5.0,13,4.7535901911063645,1,1,0
144.0,6,3.0,1.0,Entire home/apt,52.4965465,13.3803224,4.33,6,4.969813299576001,1,1,0
147.0,6,3.0,1.0,Entire home/apt,52.4965465,13.3803224,0.0,0,4.990432586778736,1,1,0
145.0,6,3.0,1.0,Entire home/apt,52.4965465,13.3803224,3.67,3,4.976733742420574,1,1,0
81.0,2,1.0,3.0,Private room,52.51221760000001,13.3835651,3.17,6,4.394449154672439,1,1,0
70.0,4,1.0,1.0,Entire home/apt,52.49639440447181,13.401534899899216,0.0,0,4.248495242049359,1,1,0
152.0,2,2.0,1.0,Entire home/apt,52.48399961662097,13.322428693128948,4.79,14,5.0238805208462765,1,1,0
80.0,6,2.0,1.0,Entire home/apt,52.51229835341682,13.526886119923017,0.0,0,4.382026634673881,1,1,0
161.0,5,1.0,1.0,Entire home/apt,52.5319484,13.4231844,4.72,32,5.081404364984463,1,1,0
70.0,2,1.0,1.0,Entire home/apt,52.5094926,13.4643334,5.0,1,4.248495242049359,1,1,0
2407.0,16,12.0,6.0,Entire home/apt,52.43182,13.68722,0.0,0,7.786136437783072,1,1,0
117.0,4,2.0,2.0,Entire home/apt,52.5722795,13.2095607,5.0,1,4.762173934797756,1,1,0
74.0,2,1.0,1.0,Private room,52.44788618978252,13.35967647412746,5.0,9,4.30406509320417,1,1,1
63.0,3,1.0,1.0,Entire home/apt,52.5136564,13.4562265,0.0,0,4.143134726391533,1,1,0
89.0,2,1.0,1.0,Entire home/apt,52.50348830000001,13.4819013,0.0,0,4.48863636973214,1,1,0
231.0,4,3.0,1.0,Private room,52.53485,13.44344,4.33,3,5.442417710521793,1,1,0
67.0,3,1.0,1.0,Private room,52.54258,13.37184,4.83,24,4.204692619390966,1,1,0
200.0,5,2.0,1.0,Entire home/apt,52.5418873,13.3714682,5.0,1,5.298317366548036,1,1,0
113.0,4,1.0,1.0,Entire home/apt,52.52769058,13.388691919049071,4.93,15,4.727387818712341,1,1,0
56.0,4,1.0,1.0,Private room,52.44769969,13.30388925137209,0.0,0,4.02535169073515,1,1,0
70.0,2,1.0,1.0,Entire home/apt,52.47129,13.33128,0.0,0,4.248495242049359,1,1,0
162.0,4,2.0,1.5,Entire home/apt,52.5403402,13.4149689,4.25,4,5.087596335232384,1,1,1
362.0,6,3.0,2.0,Entire home/apt,52.5266917,13.390459,4.67,6,5.891644211825772,1,1,0
153.0,8,3.0,1.5,Entire home/apt,52.49978,13.36396,4.71,7,5.030437921392435,1,1,0
281.0,10,3.0,2.5,Entire home/apt,52.53339012247543,13.379152772216996,4.6,5,5.638354669333745,1,1,0
719.0,12,6.0,5.0,Entire home/apt,52.52286963327281,13.14753962872628,0.0,0,6.577861357721047,1,1,0
35.0,2,1.0,1.0,Private room,52.51620322,13.457477299828293,0.0,0,3.555348061489413,1,1,0
35.0,2,1.0,1.0,Private room,52.51418,13.4555,0.0,0,3.555348061489413,1,1,0
35.0,2,1.0,1.0,Private room,52.49872970722171,13.423096970219534,0.0,0,3.555348061489413,1,1,0
81.0,2,1.0,1.0,Private room,52.50020098974357,13.423325413880416,0.0,0,4.394449154672439,1,1,0
81.0,2,1.0,1.0,Private room,52.50081125694203,13.423278494450718,0.0,0,4.394449154672439,1,1,0
35.0,2,1.0,1.0,Private room,52.50067,13.42185,0.0,0,3.555348061489413,1,1,0
35.0,2,1.0,1.0,Private room,52.4674,13.43035,0.0,0,3.555348061489413,1,1,0
35.0,2,1.0,1.0,Private room,52.467404039497794,13.430539861424684,0.0,0,3.555348061489413,1,1,0
35.0,2,1.0,1.0,Private room,52.46950674031002,13.4307705757273,0.0,0,3.555348061489413,1,1,0
35.0,2,1.0,1.0,Private room,52.468379415761184,13.42174658120864,0.0,0,3.555348061489413,1,1,0
35.0,2,1.0,1.0,Private room,52.50618221782674,13.46747149405146,0.0,0,3.555348061489413,1,1,0
35.0,2,1.0,1.0,Private room,52.505956854378375,13.46929769288202,0.0,0,3.555348061489413,1,1,0
35.0,2,1.0,1.0,Private room,52.50758718744922,13.467832221512682,0.0,0,3.555348061489413,1,1,0
35.0,2,1.0,1.0,Private room,52.50779435068262,13.46935037106849,0.0,0,3.555348061489413,1,1,0
35.0,2,1.0,1.0,Private room,52.50744757621612,13.469418250478984,0.0,0,3.555348061489413,1,1,0
66.0,3,1.0,1.0,Entire home/apt,52.5136564,13.4562265,0.0,0,4.189654742026425,1,1,0
90.0,2,1.0,1.0,Entire home/apt,52.50186092121524,13.34652402337569,4.0,1,4.499809670330265,1,1,0
511.0,4,1.0,1.0,Entire home/apt,52.52205636816407,13.348057273541263,5.0,9,6.236369590203704,1,1,1
100.0,6,3.0,1.0,Entire home/apt,52.46885,13.43024,0.0,0,4.605170185988092,1,1,0
81.0,2,1.0,1.0,Private room,52.511056304344514,13.461729682199245,0.0,0,4.394449154672439,1,1,0
100.0,6,3.0,1.0,Entire home/apt,52.49878570285976,13.42304218607896,0.0,0,4.605170185988092,1,1,0
100.0,6,3.0,1.0,Entire home/apt,52.49873,13.42132,0.0,0,4.605170185988092,1,1,0
100.0,6,3.0,1.0,Entire home/apt,52.50092,13.42262,0.0,0,4.605170185988092,1,1,0
239.0,5,2.0,1.0,Entire home/apt,52.509346175529856,13.455330638190226,4.75,4,5.476463551931511,1,1,0
175.0,10,5.0,1.0,Entire home/apt,52.50551559223683,13.468636722503977,0.0,0,5.1647859739235145,1,1,0
105.0,6,3.0,1.0,Entire home/apt,52.49911014379974,13.310527247470478,0.0,0,4.653960350157523,1,1,0
100.0,6,3.0,1.0,Entire home/apt,52.50064,13.42326,0.0,0,4.605170185988092,1,1,0
35.0,2,1.0,1.0,Private room,52.49749,13.31046,0.0,0,3.555348061489413,1,1,0
35.0,2,1.0,1.0,Private room,52.497190636584605,13.31238059114616,0.0,0,3.555348061489413,1,1,0
35.0,2,1.0,1.0,Private room,52.49936143137288,13.312030116150902,0.0,0,3.555348061489413,1,1,0
86.0,2,1.0,1.0,Entire home/apt,52.4933207,13.3524522,4.64,11,4.454347296253507,1,1,0
189.0,5,4.0,1.0,Entire home/apt,52.5129,13.39895,0.0,0,5.241747015059643,1,1,0
108.0,6,2.0,1.0,Entire home/apt,52.49193767800875,13.342110626399515,0.0,0,4.68213122712422,1,1,0
137.0,2,3.0,2.0,Entire home/apt,52.50435,13.37341,0.0,0,4.919980925828125,1,1,0
72.0,2,1.0,1.0,Entire home/apt,52.51052,13.31008,5.0,1,4.276666119016055,1,1,0
250.0,11,2.0,1.0,Entire home/apt,52.4937056,13.3632505,4.75,4,5.521460917862246,1,1,0
41.0,1,1.0,1.0,Private room,52.54665,13.35113,5.0,9,3.713572066704308,1,1,0
55.0,3,1.0,1.0,Entire home/apt,52.52471,13.46954,0.0,0,4.007333185232471,1,1,0
268.0,5,3.0,1.0,Entire home/apt,52.54258347081131,13.373016190881556,4.0,7,5.5909869805108565,1,1,0
157.0,2,1.0,1.0,Entire home/apt,52.53096325387442,13.418826566776485,5.0,1,5.056245805348308,1,1,0
68.0,3,1.0,1.0,Entire home/apt,52.48884529999999,13.3290406,0.0,0,4.219507705176107,1,1,0
109.0,3,1.0,1.0,Entire home/apt,52.5099674,13.3009172,5.0,19,4.691347882229144,1,1,0
83.0,4,2.0,1.0,Entire home/apt,52.562831,13.3939932,0.0,0,4.418840607796598,1,1,0
105.0,2,1.0,1.0,Entire home/apt,52.5964486,13.4275737,4.0,1,4.653960350157523,1,0,0
57.0,2,1.0,1.0,Entire home/apt,52.53490848131247,13.404662422835829,0.0,0,4.04305126783455,1,1,0
118.0,2,1.0,1.0,Entire home/apt,52.50363,13.34172,5.0,6,4.770684624465665,1,1,0
220.0,5,2.0,1.0,Entire home/apt,52.5065017,13.3014572,4.71,7,5.393627546352362,1,1,0
351.0,6,2.0,1.0,Entire home/apt,52.49105718803538,13.489541061376942,0.0,0,5.860786223465865,0,1,0
151.0,2,1.0,1.0,Entire home/apt,52.5324052,13.3885636,0.0,0,5.017279836814924,1,1,0
154.0,2,1.0,1.0,Entire home/apt,52.50450859999999,13.3412938,1.0,1,5.0369526024136295,1,1,0
70.0,4,2.0,1.0,Entire home/apt,52.49504,13.39992,0.0,0,4.248495242049359,1,1,0
17.0,2,1.0,2.0,Shared room,52.52616,13.32,0.0,0,2.833213344056216,1,1,0
235.0,6,2.0,1.0,Entire home/apt,52.5028349,13.3074798,5.0,1,5.459585514144159,1,1,0
50.0,2,1.0,1.0,Entire home/apt,52.4795941,13.3458816,0.0,0,3.912023005428146,1,1,1
44.0,4,1.0,1.0,Shared room,52.51640573990954,13.426526230812208,4.75,12,3.784189633918261,1,0,0
77.0,2,1.0,2.0,Entire home/apt,52.50539,13.44113,0.0,0,4.343805421853684,1,1,1
69.0,2,1.0,1.0,Private room,52.44007,13.40954,5.0,14,4.23410650459726,1,1,0
152.0,4,3.0,2.0,Entire home/apt,52.56377229912322,13.411275645369678,5.0,1,5.0238805208462765,1,1,0
141.0,5,2.0,1.0,Entire home/apt,52.50098,13.41925,4.43,30,4.948759890378168,1,1,0
129.0,3,1.0,1.0,Entire home/apt,52.547663667886646,13.352692289549267,0.0,0,4.859812404361672,1,1,0
97.0,3,2.0,1.0,Entire home/apt,52.52422,13.33893,5.0,2,4.574710978503383,1,1,0
154.0,5,3.0,1.0,Entire home/apt,52.49861048686838,13.325319678684696,4.08,13,5.0369526024136295,1,1,0
85.0,3,2.0,1.0,Entire home/apt,52.49542,13.30121,0.0,0,4.442651256490317,1,1,0
72.0,2,1.0,1.0,Entire home/apt,52.54874,13.4568,0.0,0,4.276666119016055,1,1,0
70.0,2,1.0,1.0,Entire home/apt,52.49046438,13.44784799963236,0.0,0,4.248495242049359,1,1,0
142.0,3,1.0,1.0,Entire home/apt,52.48483719999999,13.3839123,4.5,6,4.955827057601261,1,1,0
55.0,3,1.0,1.0,Entire home/apt,52.52803,13.53906,0.0,0,4.007333185232471,1,1,0
209.0,10,1.0,1.0,Entire home/apt,52.55394059964685,13.412050766773348,4.95,21,5.342334251964811,1,1,0
205.0,3,2.0,1.0,Entire home/apt,52.49134,13.38395,5.0,13,5.3230099791384085,1,1,0
77.0,2,2.0,1.0,Entire home/apt,52.50221,13.49069,0.0,0,4.343805421853684,1,1,0
152.0,5,2.0,2.0,Entire home/apt,52.464724390207,13.324252985428087,4.5,12,5.0238805208462765,1,1,0
220.0,10,1.0,1.0,Entire home/apt,52.55077606083847,13.41223473917847,4.92,25,5.393627546352362,1,1,0
117.0,5,2.0,1.0,Entire home/apt,52.48058,13.43086,5.0,1,4.762173934797756,1,1,0
239.0,5,2.0,1.0,Entire home/apt,52.51285,13.45246,5.0,9,5.476463551931511,1,1,0
170.0,2,1.0,1.0,Entire home/apt,52.49164323518074,13.416928070654569,5.0,1,5.135798437050262,1,1,0
82.0,2,2.0,1.5,Private room,52.48648,13.38459,0.0,0,4.406719247264253,1,1,0
93.0,2,0.0,1.0,Entire home/apt,52.55011439138372,13.411975558861462,5.0,6,4.532599493153256,1,1,0
95.0,2,2.0,1.0,Entire home/apt,52.43885284469773,13.550956894697729,5.0,1,4.553876891600541,1,1,0
178.0,2,1.0,1.0,Private room,52.5095703,13.4312734,4.85,130,5.181783550292085,1,0,1
310.0,11,3.0,2.0,Entire home/apt,52.51778871799051,13.334387841053976,4.76,17,5.736572297479192,1,1,0
203.0,6,2.0,1.0,Entire home/apt,52.49815110241472,13.446075779244596,4.85,20,5.313205979041787,1,1,0
59.0,2,1.0,1.0,Entire home/apt,52.5629308,13.3437122,0.0,0,4.07753744390572,1,1,0
40.0,4,1.0,1.0,Shared room,52.5167261,13.4254443,4.88,8,3.688879454113936,1,0,0
106.0,3,1.0,1.0,Entire home/apt,52.5493506,13.346301,0.0,0,4.663439094112067,1,1,0
70.0,3,1.0,1.0,Entire home/apt,52.5555508,13.3418467,0.0,0,4.248495242049359,1,1,0
165.0,2,1.0,1.0,Private room,52.5171679,13.4066115,5.0,3,5.10594547390058,1,0,0
175.0,3,1.0,1.0,Private room,52.5171679,13.4066115,0.0,0,5.1647859739235145,1,0,0
291.0,6,2.0,1.0,Private room,52.5171679,13.4066115,5.0,2,5.673323267171493,1,0,0
219.0,4,1.0,1.0,Private room,52.5171679,13.4066115,0.0,0,5.389071729816501,1,0,0
158.0,2,1.0,1.0,Private room,52.5171679,13.4066115,5.0,1,5.062595033026967,1,0,0
211.0,6,2.0,1.0,Entire home/apt,52.50362901,13.308197163850814,4.5,2,5.351858133476067,1,1,0
201.0,5,2.0,1.0,Entire home/apt,52.5017096,13.3670063,5.0,6,5.303304908059076,1,1,0
79.0,3,1.0,1.0,Entire home/apt,52.55586382361523,13.469390783099447,5.0,6,4.3694478524670215,1,1,0
168.0,9,3.0,1.5,Entire home/apt,52.49951554561815,13.36372584447342,4.75,8,5.123963979403259,1,1,0
123.0,6,2.0,1.0,Entire home/apt,52.51368733841206,13.493057258917686,5.0,5,4.812184355372417,1,1,0
35.0,1,1.0,1.0,Entire home/apt,52.49771515345785,13.322989412908315,0.0,0,3.555348061489413,1,1,0
148.0,4,1.0,1.0,Entire home/apt,52.51379,13.46188,4.5,2,4.997212273764115,1,1,0
112.0,4,1.0,1.0,Entire home/apt,52.54541,13.41623,4.88,8,4.718498871295094,1,1,0
60.0,3,1.0,1.0,Private room,52.47165952,13.451803678693029,0.0,0,4.0943445622221,1,1,0
90.0,2,1.0,1.0,Entire home/apt,52.451165,13.5650788,0.0,0,4.499809670330265,1,1,0
162.0,2,1.0,1.0,Entire home/apt,52.46888,13.43224,0.0,0,5.087596335232384,1,1,0
81.0,2,1.0,1.0,Entire home/apt,52.488327751506446,13.321099816394048,4.67,6,4.394449154672439,1,1,0
66.0,4,1.0,1.0,Entire home/apt,52.48302725764019,13.351133934474428,4.86,7,4.189654742026425,1,1,0
99.0,1,1.0,1.0,Entire home/apt,52.4973576,13.349592,0.0,0,4.59511985013459,1,1,1
142.0,4,1.0,1.0,Entire home/apt,52.5401,13.41907,4.75,12,4.955827057601261,1,1,0
114.0,3,1.0,1.0,Entire home/apt,52.55445,13.3711,4.75,4,4.736198448394496,1,1,0
155.0,6,3.0,1.5,Private room,52.51065531177035,13.454013991051308,5.0,16,5.043425116919247,1,1,0
114.0,2,1.0,1.0,Entire home/apt,52.4945605,13.3402123,5.0,3,4.736198448394496,1,1,0
35.0,2,1.0,1.0,Entire home/apt,52.45898,13.31398,0.0,0,3.555348061489413,1,1,0
100.0,6,3.0,1.0,Entire home/apt,52.46720528699433,13.432018950467915,0.0,0,4.605170185988092,1,1,0
117.0,2,1.0,1.0,Entire home/apt,52.48261586694204,13.517747077277583,5.0,6,4.762173934797756,1,1,0
42.0,2,1.0,1.0,Private room,52.55803126809592,13.390946296454048,0.0,0,3.737669618283368,1,1,0
90.0,1,1.0,1.0,Private room,52.47905,13.42536,0.0,0,4.499809670330265,1,1,0
35.0,2,1.0,1.0,Private room,52.497589391297495,13.421167660232362,0.0,0,3.555348061489413,1,1,0
35.0,2,1.0,1.0,Private room,52.49573,13.42143,0.0,0,3.555348061489413,1,1,0
229.0,2,1.0,1.0,Private room,52.503921522218455,13.374567161376948,4.0,1,5.43372200355424,1,1,0
436.0,6,2.0,1.0,Entire home/apt,52.50377784616605,13.37480319577026,5.0,1,6.077642243349034,1,1,0
63.0,4,1.0,1.0,Private room,52.50032969701889,13.440692842896786,4.33,3,4.143134726391533,1,1,0
59.0,2,1.0,1.0,Private room,52.50084,13.44065,4.0,7,4.07753744390572,1,1,0
67.0,2,1.0,1.0,Private room,52.50074913497564,13.44050123762072,4.0,7,4.204692619390966,1,1,0
157.0,8,3.0,1.0,Entire home/apt,52.50246613735213,13.440344204351362,4.5,2,5.056245805348308,1,1,0
104.0,4,2.0,2.0,Entire home/apt,52.51054612259212,13.306642710362416,0.0,0,4.6443908991413725,1,1,0
128.0,2,1.0,1.0,Entire home/apt,52.45050854270433,13.599621739424087,5.0,5,4.852030263919617,1,1,0
58.0,1,1.0,1.0,Entire home/apt,52.55079,13.39041,4.42,12,4.060443010546419,1,1,0
69.0,2,1.0,1.0,Private room,52.4963674,13.3560336,5.0,15,4.23410650459726,1,1,0
164.0,2,1.0,0.0,Entire home/apt,52.5093122,13.4666882,4.0,1,5.099866427824199,1,1,1
108.0,2,1.0,1.0,Private room,52.48559,13.38584,4.5,2,4.68213122712422,1,1,0
35.0,2,1.0,1.0,Private room,52.51463606403996,13.455666087210105,0.0,0,3.555348061489413,1,1,0
35.0,2,1.0,1.0,Private room,52.567919986548816,13.405935134636575,0.0,0,3.555348061489413,1,1,0
35.0,2,1.0,1.0,Private room,52.50054,13.42299,0.0,0,3.555348061489413,1,1,0
35.0,2,1.0,1.0,Private room,52.49896928299065,13.421615839740037,0.0,0,3.555348061489413,1,1,0
35.0,2,1.0,1.0,Private room,52.50090173795513,13.421357741106888,0.0,0,3.555348061489413,1,1,0
35.0,2,1.0,1.0,Private room,52.49688,13.4227,0.0,0,3.555348061489413,1,1,0
35.0,2,1.0,1.0,Private room,52.51690656926216,13.457249775766712,0.0,0,3.555348061489413,1,1,0
35.0,2,1.0,1.0,Private room,52.51698,13.45868,0.0,0,3.555348061489413,1,1,0
35.0,2,1.0,1.0,Private room,52.54498486060744,13.418687822647204,0.0,0,3.555348061489413,1,1,0
35.0,2,1.0,1.0,Private room,52.54687803,13.420363531359037,0.0,0,3.555348061489413,1,1,0
35.0,2,1.0,1.0,Private room,52.52170523962696,13.430401644606231,0.0,0,3.555348061489413,1,1,0
38.0,2,1.0,1.0,Entire home/apt,52.51183,13.30392,0.0,0,3.6375861597263857,1,1,0
35.0,2,1.0,1.0,Private room,52.52093,13.42991,0.0,0,3.555348061489413,1,1,0
35.0,2,1.0,1.0,Private room,52.51947110805138,13.429962230537438,0.0,0,3.555348061489413,1,1,0
35.0,2,1.0,1.0,Private room,52.55359,13.40516,0.0,0,3.555348061489413,1,1,0
35.0,2,1.0,1.0,Private room,52.551868683310666,13.406074260028824,0.0,0,3.555348061489413,1,1,0
81.0,2,1.0,1.0,Private room,52.50429,13.46313,0.0,0,4.394449154672439,1,1,0
81.0,2,1.0,1.0,Private room,52.50469390095471,13.461137416921243,0.0,0,4.394449154672439,1,1,0
35.0,2,1.0,1.0,Private room,52.50467336376503,13.462992441345463,0.0,0,3.555348061489413,1,1,0
35.0,2,1.0,1.0,Private room,52.48771,13.42046,0.0,0,3.555348061489413,1,1,0
35.0,2,1.0,1.0,Private room,52.48826,13.42068,0.0,0,3.555348061489413,1,1,0
81.0,2,1.0,1.0,Private room,52.51307506277879,13.45263547479186,0.0,0,4.394449154672439,1,1,0
35.0,2,1.0,1.0,Private room,52.51028,13.44961,0.0,0,3.555348061489413,1,1,0
75.0,2,1.0,1.0,Private room,52.51213,13.44846,0.0,0,4.31748811353631,1,1,0
81.0,2,1.0,1.0,Private room,52.49394535574789,13.39023923342092,5.0,3,4.394449154672439,1,1,0
73.0,1,1.0,1.0,Private room,52.49172,13.42977,4.95,19,4.290459441148391,1,1,0
72.0,4,2.0,1.0,Entire home/apt,52.4455244,13.3891593,0.0,0,4.276666119016055,1,1,0
35.0,2,1.0,1.0,Private room,52.46892507509141,13.432289452785271,0.0,0,3.555348061489413,1,1,0
81.0,2,1.0,1.0,Private room,52.50944,13.46149,0.0,0,4.394449154672439,1,1,0
140.0,4,4.0,1.0,Entire home/apt,52.50946,13.4614,0.0,0,4.941642422609304,1,1,0
159.0,4,2.0,1.0,Entire home/apt,52.46352,13.38003,5.0,6,5.068904202220232,1,1,0
136.0,4,1.0,1.0,Entire home/apt,52.5409653,13.4196799,4.18,11,4.912654885736052,1,1,0
503.0,9,4.0,2.0,Entire home/apt,52.5302318,13.4082458,4.7,10,6.220590170099739,1,1,0
184.0,4,1.0,1.0,Entire home/apt,52.53831036994361,13.39770209751738,4.33,3,5.214935757608986,1,1,0
120.0,2,1.0,1.0,Entire home/apt,52.44928,13.47942,0.0,0,4.787491742782046,1,1,0
92.0,2,1.0,1.0,Entire home/apt,52.4911126,13.4492546,0.0,0,4.5217885770490405,1,1,0
96.0,2,1.0,1.0,Entire home/apt,52.4911126,13.4492546,0.0,0,4.564348191467836,1,1,0
105.0,2,1.0,1.0,Entire home/apt,52.4911126,13.4492546,0.0,0,4.653960350157523,1,1,0
162.0,4,2.0,1.0,Entire home/apt,52.431884,13.2584385,2.33,3,5.087596335232384,1,1,0
104.0,2,1.0,1.0,Entire home/apt,52.4911126,13.4492546,0.0,0,4.6443908991413725,1,1,0
98.0,2,1.0,1.0,Entire home/apt,52.4911126,13.4492546,0.0,0,4.584967478670572,1,1,0
89.0,2,1.0,1.0,Entire home/apt,52.4911126,13.4492546,0.0,0,4.48863636973214,1,1,0
139.0,5,1.0,1.0,Entire home/apt,52.5218042,13.4466003,4.87,23,4.934473933130692,1,1,0
60.0,2,1.0,0.5,Private room,52.52500026493979,13.38966842078995,0.0,0,4.0943445622221,1,1,0
88.0,2,1.0,1.0,Entire home/apt,52.52438586520511,13.38584343129109,0.0,0,4.477336814478207,1,1,0
123.0,4,2.0,1.0,Entire home/apt,52.51995236581048,13.345249549023713,4.86,28,4.812184355372417,1,1,0
110.0,4,2.0,1.5,Entire home/apt,52.44084946022176,13.540077735538455,0.0,0,4.700480365792417,1,1,0
161.0,2,1.0,1.0,Entire home/apt,52.53593401889102,13.407097293382662,4.75,16,5.081404364984463,1,1,0
176.0,4,2.0,1.0,Entire home/apt,52.517660712780255,13.460230477991294,3.86,7,5.170483995038151,1,1,0
18.0,2,1.0,2.0,Shared room,52.5255193,13.3198464,0.0,0,2.8903717578961645,1,1,0
96.0,2,1.0,1.0,Entire home/apt,52.4910789,13.3927581,5.0,1,4.564348191467836,1,1,0
63.0,3,1.0,1.0,Entire home/apt,52.5062,13.38115,0.0,0,4.143134726391533,1,1,1
81.0,2,1.0,1.0,Private room,52.50872,13.45916,0.0,0,4.394449154672439,1,1,0
35.0,2,1.0,1.0,Private room,52.510366747778384,13.46137037462587,0.0,0,3.555348061489413,1,1,0
74.0,4,1.0,1.0,Entire home/apt,52.49103539999999,13.3643322,4.67,3,4.30406509320417,1,1,0
113.0,3,1.0,1.0,Entire home/apt,52.56413493448181,13.417983949184418,5.0,2,4.727387818712341,0,1,0
210.0,5,2.0,1.0,Entire home/apt,52.52515,13.41169,4.94,18,5.3471075307174685,1,1,0
45.0,2,1.0,1.0,Private room,52.53992412237175,13.35719105262064,0.0,0,3.80666248977032,1,1,0
91.0,5,2.0,1.0,Entire home/apt,52.60802127,13.434009426523538,3.86,7,4.51085950651685,1,1,0
171.0,2,1.0,1.0,Entire home/apt,52.51157,13.41755,5.0,1,5.14166355650266,0,1,0
90.0,1,1.0,1.0,Private room,52.49981,13.37131,0.0,0,4.499809670330265,1,1,0
95.0,3,1.0,1.0,Entire home/apt,52.47309,13.33187,4.75,4,4.553876891600541,1,1,0
77.0,2,1.0,1.0,Private room,52.48091126761764,13.428256932603649,5.0,2,4.343805421853684,1,1,0
120.0,2,1.0,1.0,Private room,52.52477,13.4475,0.0,0,4.787491742782046,1,1,0
121.0,3,1.0,1.0,Entire home/apt,52.52142448710424,13.328787582726012,3.6,5,4.795790545596741,1,1,0
138.0,4,1.0,1.0,Entire home/apt,52.52173198010133,13.328430009308416,4.6,10,4.927253685157205,1,1,0
38.0,6,1.0,1.0,Shared room,52.51778791742971,13.424626813016175,4.0,8,3.6375861597263857,1,1,0
179.0,4,0.0,0.0,Entire home/apt,52.5298771,13.4096483,4.55,11,5.187385805840755,1,1,0
154.0,4,1.0,1.0,Entire home/apt,52.53032,13.3811,4.89,9,5.0369526024136295,1,1,0
146.0,4,1.0,1.0,Entire home/apt,52.53,13.37915,5.0,1,4.983606621708336,1,1,0
134.0,3,0.0,1.0,Entire home/apt,52.53021,13.38053,4.86,7,4.897839799950911,1,1,0
136.0,3,0.0,1.0,Entire home/apt,52.529820448694686,13.38138946564468,5.0,10,4.912654885736052,1,1,0
103.0,3,1.0,1.0,Entire home/apt,52.5659452,13.4130659,0.0,0,4.634728988229636,1,1,0
104.0,4,2.0,1.0,Entire home/apt,52.55201,13.4119,0.0,0,4.6443908991413725,1,1,0
113.0,3,0.0,1.0,Entire home/apt,52.5284,13.38115,5.0,6,4.727387818712341,1,1,0
127.0,2,0.0,1.0,Entire home/apt,52.50404897827323,13.393542584535789,5.0,3,4.844187086458591,1,1,0
162.0,4,1.0,1.0,Entire home/apt,52.50244217334663,13.39326695229578,4.88,8,5.087596335232384,1,1,0
170.0,5,1.0,1.0,Entire home/apt,52.51991062202451,13.455741861632546,4.83,6,5.135798437050262,1,1,0
90.0,4,2.0,1.0,Entire home/apt,52.54685987149836,13.34745585960408,0.0,0,4.499809670330265,1,1,0
93.0,3,1.0,1.0,Entire home/apt,52.48765359999999,13.386533,4.67,9,4.532599493153256,1,1,0
92.0,3,1.0,1.0,Entire home/apt,52.55347,13.39285,4.67,9,4.5217885770490405,1,1,0
77.0,2,1.0,1.0,Entire home/apt,52.4911126,13.4492546,0.0,0,4.343805421853684,1,1,0
112.0,4,1.0,1.0,Entire home/apt,52.53548,13.43101,4.62,13,4.718498871295094,1,1,0
178.0,4,1.0,1.0,Entire home/apt,52.5029299,13.4541635,5.0,7,5.181783550292085,1,1,0
292.0,8,2.0,1.0,Entire home/apt,52.554571781619615,13.403641447295064,5.0,3,5.676753802268282,1,1,0
50.0,4,0.0,1.0,Entire home/apt,52.49056,13.32739,1.0,1,3.912023005428146,1,1,0
342.0,8,3.0,2.5,Entire home/apt,52.5150388,13.5081148,0.0,0,5.834810737062605,1,1,0
160.0,4,1.0,1.0,Entire home/apt,52.55463,13.4038,4.67,9,5.075173815233827,1,1,0
179.0,5,2.0,1.0,Entire home/apt,52.55317661540544,13.405249916008492,4.8,5,5.187385805840755,1,1,0
130.0,4,1.0,1.0,Entire home/apt,52.5464133,13.4087137,5.0,1,4.867534450455582,1,1,0
115.0,5,2.0,1.0,Entire home/apt,52.46206604885506,13.436403627251089,4.81,16,4.74493212836325,1,1,0
106.0,4,1.0,1.0,Entire home/apt,52.51152667482434,13.456176481137096,4.61,23,4.663439094112067,1,1,0
78.0,3,1.0,1.0,Entire home/apt,52.42623,13.46718,5.0,1,4.356708826689592,1,1,0
68.0,2,1.0,1.0,Private room,52.54941384419781,13.417273163795471,5.0,5,4.219507705176107,1,1,0
105.0,3,1.0,1.0,Entire home/apt,52.4594775,13.3260596,0.0,0,4.653960350157523,1,1,0
69.0,2,1.0,1.0,Private room,52.49697,13.3813,3.5,2,4.23410650459726,1,1,0
147.0,6,3.0,1.0,Entire home/apt,52.49655,13.38032,3.5,4,4.990432586778736,1,1,0
94.0,4,1.0,1.0,Entire home/apt,52.48765359999999,13.386533,4.14,7,4.543294782270004,1,1,0
112.0,7,1.0,1.0,Entire home/apt,52.49612339999999,13.4435877,4.5,12,4.718498871295094,1,1,0
70.0,3,1.0,1.0,Entire home/apt,52.56617979999999,13.4143104,0.0,0,4.248495242049359,1,1,0
91.0,2,1.0,1.0,Entire home/apt,52.5315773,13.3920963,5.0,11,4.51085950651685,1,1,0
224.0,4,1.0,1.0,Entire home/apt,52.48892438674379,13.3887669785722,5.0,1,5.41164605185504,1,1,0
72.0,2,1.0,1.0,Private room,52.48034,13.42145,4.92,12,4.276666119016055,1,1,0
56.0,2,1.0,0.5,Private room,52.54746,13.34756,5.0,5,4.02535169073515,1,1,0
104.0,2,1.0,1.0,Entire home/apt,52.49938,13.36754,0.0,0,4.6443908991413725,1,1,0
174.0,5,1.0,1.0,Entire home/apt,52.4890511,13.3205292,5.0,1,5.159055299214529,1,1,0
907.0,15,6.0,4.0,Entire home/apt,52.5252,13.41184,0.0,0,6.810142450115136,1,1,0
66.0,4,2.0,2.0,Entire home/apt,52.50972,13.42232,0.0,0,4.189654742026425,1,1,0
159.0,2,1.0,2.0,Entire home/apt,52.52069,13.40185,0.0,0,5.068904202220232,1,1,0
82.0,4,4.0,1.0,Entire home/apt,52.51033109999999,13.2195237,0.0,0,4.406719247264253,1,1,0
107.0,4,3.0,1.0,Entire home/apt,52.51281,13.31279,0.0,0,4.672828834461906,1,1,0
120.0,6,2.0,1.0,Entire home/apt,52.51482386295555,13.497826606035233,4.64,11,4.787491742782046,1,1,0
64.0,3,1.0,1.0,Entire home/apt,52.525992608976615,13.35060378615712,4.82,17,4.158883083359672,1,1,0
120.0,5,0.0,1.0,Entire home/apt,52.497958,13.4653333,4.0,4,4.787491742782046,1,1,0
229.0,4,2.0,2.0,Entire home/apt,52.50768141313605,13.404148996742856,5.0,1,5.43372200355424,1,1,0
100.0,2,1.0,1.0,Entire home/apt,52.497958,13.4653333,3.6,5,4.605170185988092,1,1,0
115.0,3,2.0,1.0,Entire home/apt,52.49977007428679,13.387810103595257,4.75,4,4.74493212836325,1,1,0
97.0,3,1.0,1.0,Entire home/apt,52.5332,13.33224,0.0,0,4.574710978503383,0,1,0
67.0,2,1.0,1.0,Entire home/apt,52.437436513203416,13.310632309029762,0.0,0,4.204692619390966,0,1,0
104.0,2,1.0,1.0,Private room,52.51059859999999,13.2283849,5.0,12,4.6443908991413725,1,1,0
200.0,4,2.0,2.0,Entire home/apt,52.52527329999999,13.409574,0.0,0,5.298317366548036,1,1,0
106.0,2,1.0,1.0,Entire home/apt,52.50147266537108,13.414713462685512,4.0,3,4.663439094112067,1,1,0
227.0,9,5.0,2.5,Entire home/apt,52.5739363,13.5186942,5.0,2,5.424950017481403,1,1,0
111.0,4,2.0,1.0,Entire home/apt,52.49171,13.39694,0.0,0,4.709530201312334,1,1,0
76.0,1,1.0,1.0,Private room,52.511632266895376,13.449678527774592,5.0,1,4.330733340286331,1,0,0
69.0,4,1.0,1.0,Entire home/apt,52.42086054885561,13.232202761507608,0.0,0,4.23410650459726,1,1,0
19.0,1,1.0,0.5,Entire home/apt,52.57467331435552,13.431049589859343,0.0,0,2.9444389791664403,0,0,0
66.0,2,1.0,1.0,Private room,52.5141736,13.4722723,5.0,10,4.189654742026425,1,1,0
39.0,1,1.0,1.0,Private room,52.44735,13.45121,4.2,5,3.6635616461296463,1,1,0
105.0,3,1.0,1.0,Entire home/apt,52.50348830000001,13.4819013,0.0,0,4.653960350157523,1,1,0
116.0,5,1.0,1.0,Entire home/apt,52.52081675076527,13.335165046155453,4.2,5,4.7535901911063645,1,1,0
214.0,4,1.0,1.0,Entire home/apt,52.5012013,13.3319076,4.93,14,5.365976015021851,1,1,0
104.0,4,2.0,2.0,Entire home/apt,52.5071793,13.407803,0.0,0,4.6443908991413725,1,1,0
207.0,2,1.0,1.0,Entire home/apt,52.5160402,13.4816814,4.71,7,5.332718793265369,1,1,1
78.0,2,1.0,1.5,Private room,52.5229471824434,13.453370347221371,5.0,12,4.356708826689592,1,1,1
180.0,5,2.0,2.0,Entire home/apt,52.58154,13.29606,4.9,10,5.19295685089021,1,1,0
162.0,4,2.0,1.0,Entire home/apt,52.4894,13.42784,5.0,6,5.087596335232384,1,1,0
75.0,2,1.0,1.0,Entire home/apt,52.44833,13.51392,0.0,0,4.31748811353631,0,1,0
258.0,4,1.0,1.0,Entire home/apt,52.5012013,13.3319076,5.0,7,5.552959584921617,1,1,0
319.0,9,3.0,2.0,Entire home/apt,52.47599,13.42121,5.0,6,5.765191102784844,1,1,0
63.0,3,1.0,1.0,Entire home/apt,52.50665,13.381,0.0,0,4.143134726391533,1,1,1
243.0,5,2.0,1.5,Entire home/apt,52.53019301955862,13.43468730185243,4.8,5,5.493061443340548,1,1,0
172.0,5,1.0,1.0,Entire home/apt,52.5218042,13.4466003,4.94,17,5.147494476813453,1,1,0
135.0,4,2.0,1.0,Entire home/apt,52.46531,13.31686,5.0,11,4.90527477843843,1,1,0
317.0,10,4.0,0.0,Entire home/apt,52.49963767,13.414161341444473,0.0,0,5.75890177387728,1,1,0
100.0,4,1.0,1.0,Entire home/apt,52.53670589999999,13.3968473,4.8,5,4.605170185988092,1,1,0
414.0,15,9.0,3.0,Entire home/apt,52.494602521598274,13.436596687515824,5.0,12,6.025865973825314,1,1,0
67.0,2,1.0,1.0,Private room,52.44968,13.48024,0.0,0,4.204692619390966,1,1,0
120.0,4,3.0,2.0,Private room,52.53344,13.14213,0.0,0,4.787491742782046,0,1,0
155.0,6,2.0,1.0,Entire home/apt,52.50771635202563,13.47141858190298,4.81,21,5.043425116919247,1,1,0
80.0,2,1.0,1.0,Entire home/apt,52.45017025094364,13.505190059060332,3.0,1,4.382026634673881,1,0,0
55.0,2,1.0,1.0,Entire home/apt,52.54442,13.43874,0.0,0,4.007333185232471,1,1,0
238.0,4,2.0,1.0,Entire home/apt,52.53235,13.41665,4.83,6,5.472270673671475,1,1,0
49.0,2,1.0,1.0,Private room,52.57616,13.27666,4.57,7,3.8918202981106265,1,1,0
82.0,2,1.0,1.0,Private room,52.48027,13.32414,4.8,10,4.406719247264253,1,1,0
119.0,6,1.0,1.0,Entire home/apt,52.51212,13.47093,4.77,13,4.77912349311153,1,1,0
37.0,2,1.0,1.0,Private room,52.42106,13.46144,4.0,4,3.610917912644224,1,1,0
61.0,1,1.0,1.0,Entire home/apt,52.55523,13.41662,4.6,15,4.110873864173311,1,1,0
92.0,3,1.0,1.0,Entire home/apt,52.56571,13.37539,0.0,0,4.5217885770490405,1,1,0
72.0,4,2.0,1.0,Entire home/apt,52.55448,13.44978,4.14,7,4.276666119016055,1,1,0
115.0,5,1.0,1.0,Entire home/apt,52.51122,13.50204,4.67,3,4.74493212836325,1,1,0
34.0,1,1.0,0.0,Shared room,52.52615,13.39103,0.0,0,3.5263605246161616,0,0,0
282.0,8,1.0,1.0,Private room,52.52614,13.39178,0.0,0,5.641907070938114,1,0,0
38.0,1,1.0,1.0,Shared room,52.52476,13.39252,4.72,18,3.6375861597263857,1,0,0
224.0,6,1.0,1.0,Private room,52.52631,13.39098,0.0,0,5.41164605185504,1,0,0
40.0,1,1.0,1.0,Shared room,52.52409,13.39208,4.0,1,3.688879454113936,1,0,0
236.0,6,1.0,1.0,Private room,52.5261,13.39083,0.0,0,5.4638318050256105,1,0,0
176.0,4,1.0,1.0,Private room,52.52625,13.39166,0.0,0,5.170483995038151,1,0,0
56.0,1,1.0,0.0,Shared room,52.52563,13.39242,4.0,8,4.02535169073515,1,0,1
85.0,2,1.0,1.0,Private room,52.44869027,13.479475445422072,0.0,0,4.442651256490317,1,1,0
160.0,3,2.0,1.0,Entire home/apt,52.4488,13.47923,0.0,0,5.075173815233827,1,1,0
111.0,2,1.0,1.0,Entire home/apt,52.50053,13.4635,5.0,2,4.709530201312334,1,1,0
91.0,4,1.0,1.0,Entire home/apt,52.54291266962513,13.42136519311522,0.0,0,4.51085950651685,1,1,0
91.0,2,1.0,1.0,Entire home/apt,52.5884558,13.288253210484982,0.0,0,4.51085950651685,0,1,0
44.0,1,1.0,1.0,Shared room,52.52436,13.39258,3.67,3,3.784189633918261,1,0,0
211.0,4,2.0,1.0,Entire home/apt,52.53518,13.3654,4.67,18,5.351858133476067,1,1,0
30.0,1,1.0,0.0,Shared room,52.52633,13.3925,5.0,2,3.4011973816621555,0,0,0
63.0,2,1.0,1.0,Private room,52.50719519772238,13.315570817860396,5.0,5,4.143134726391533,1,1,0
32.0,1,1.0,1.0,Shared room,52.52399,13.39175,0.0,0,3.4657359027997265,1,0,0
254.0,8,1.0,1.0,Private room,52.52423,13.3916,5.0,1,5.537334267018537,0,0,0
34.0,1,1.0,1.0,Shared room,52.52476,13.3905,0.0,0,3.5263605246161616,1,0,0
201.0,6,1.0,1.0,Private room,52.52634,13.39209,4.33,3,5.303304908059076,1,0,0
401.0,8,3.0,2.0,Entire home/apt,52.53619,13.40824,4.71,7,5.993961427306569,1,1,0
36.0,1,1.0,1.0,Shared room,52.526,13.39166,4.43,7,3.58351893845611,1,0,0
212.0,6,1.0,1.0,Private room,52.52472,13.39241,0.0,0,5.356586274672012,1,0,0
39.0,1,1.0,1.0,Shared room,52.52621,13.3906,4.3,10,3.6635616461296463,1,0,0
155.0,4,1.0,1.0,Private room,52.52424,13.39022,4.83,6,5.043425116919247,1,0,0
159.0,4,1.0,1.0,Private room,52.52409,13.39103,3.5,2,5.068904202220232,0,0,0
51.0,1,1.0,0.0,Shared room,52.5245,13.3906,4.0,7,3.9318256327243257,1,0,1
172.0,2,1.0,1.0,Private room,52.52634,13.39211,0.0,0,5.147494476813453,1,0,0
172.0,2,1.0,1.0,Private room,52.52461,13.39066,5.0,1,5.147494476813453,1,0,0
430.0,2,1.0,1.0,Private room,52.52429,13.39204,0.0,0,6.063785208687608,1,0,1
585.0,4,1.0,2.0,Private room,52.52419,13.39177,0.0,0,6.371611847231857,1,0,1
53.0,2,1.0,1.0,Entire home/apt,52.47682,13.56094,5.0,6,3.970291913552122,1,0,0
97.0,2,1.0,1.0,Entire home/apt,52.5087422,13.3913005,4.67,3,4.574710978503383,1,1,0
108.0,6,2.0,1.0,Entire home/apt,52.50365,13.47651,0.0,0,4.68213122712422,1,1,0
89.0,3,2.0,1.0,Entire home/apt,52.47837,13.53052,4.8,10,4.48863636973214,1,1,0
124.0,4,1.0,1.0,Entire home/apt,52.5916369,13.3268117,0.0,0,4.820281565605037,1,1,0
79.0,2,1.0,1.0,Entire home/apt,52.4935049,13.3563704,5.0,4,4.3694478524670215,1,1,0
115.0,2,1.0,1.0,Entire home/apt,52.49202,13.39407,4.38,13,4.74493212836325,1,1,0
88.0,2,1.0,2.0,Private room,52.4926548,13.4221147,5.0,3,4.477336814478207,1,1,0
56.0,1,1.0,1.0,Private room,52.53375009233769,13.49360279738903,5.0,4,4.02535169073515,1,1,0
68.0,2,1.0,1.0,Private room,52.5321544,13.4240148,4.89,18,4.219507705176107,1,1,1
103.0,2,1.0,1.0,Private room,52.54803,13.35197,0.0,0,4.634728988229636,1,1,0
134.0,4,1.0,1.0,Private room,52.54802676417716,13.35287801534425,0.0,0,4.897839799950911,1,1,0
210.0,6,3.0,2.0,Entire home/apt,52.4814,13.29711,0.0,0,5.3471075307174685,1,1,1
95.0,2,1.0,1.0,Entire home/apt,52.54411,13.41575,3.4,5,4.553876891600541,1,1,0
85.0,2,1.0,1.0,Entire home/apt,52.560875,13.3814939,0.0,0,4.442651256490317,1,1,0
71.0,3,1.0,1.0,Entire home/apt,52.4799845,13.3486936,0.0,0,4.262679877041316,1,1,0
180.0,6,0.0,1.0,Entire home/apt,52.5538107,13.4301798,4.92,12,5.19295685089021,1,1,0
115.0,3,1.0,1.0,Private room,52.516728,13.272486,5.0,5,4.74493212836325,1,1,0
74.0,2,1.0,1.0,Entire home/apt,52.50707,13.31273,0.0,0,4.30406509320417,1,1,0
130.0,2,1.0,1.0,Entire home/apt,52.49233,13.39381,5.0,1,4.867534450455582,1,1,0
30.0,2,1.0,1.0,Private room,52.512153574353306,13.459401950240135,0.0,0,3.4011973816621555,1,1,0
193.0,4,3.0,2.0,Entire home/apt,52.52113,13.32632,0.0,0,5.262690188904886,1,1,0
137.0,2,1.0,1.0,Entire home/apt,52.49258691517179,13.395323419799729,4.0,1,4.919980925828125,1,1,0
43.0,1,1.0,2.0,Private room,52.51329,13.3019,4.67,3,3.7612001156935615,1,0,0
169.0,4,2.0,1.0,Entire home/apt,52.51566676720579,13.264884168332967,0.0,0,5.1298987149230735,1,1,0
99.0,3,1.0,1.0,Entire home/apt,52.50572529999999,13.3803103,0.0,0,4.59511985013459,1,1,1
57.0,3,1.0,1.0,Entire home/apt,52.50573,13.38031,0.0,0,4.04305126783455,1,1,1
59.0,2,2.0,1.0,Entire home/apt,52.50875,13.42141,0.0,0,4.07753744390572,1,1,0
66.0,3,1.0,1.0,Entire home/apt,52.5575926,13.3780301,0.0,0,4.189654742026425,1,1,0
51.0,2,1.0,1.0,Entire home/apt,52.5538043,13.3455871,0.0,0,3.9318256327243257,1,1,0
82.0,3,1.0,1.0,Entire home/apt,52.48989662660223,13.48255946137694,5.0,14,4.406719247264253,1,1,0
138.0,6,3.0,1.5,Entire home/apt,52.47424,13.42694,5.0,1,4.927253685157205,1,1,0
69.0,2,1.0,1.0,Private room,52.50716760694165,13.46763163805008,0.0,0,4.23410650459726,1,1,0
32.0,6,1.0,1.0,Shared room,52.5167261,13.4254443,4.0,1,3.4657359027997265,1,1,0
120.0,3,1.0,1.0,Entire home/apt,52.4883573,13.3531744,5.0,9,4.787491742782046,1,1,0
81.0,5,1.0,1.0,Entire home/apt,52.54894047956392,13.353296508238753,5.0,1,4.394449154672439,1,1,0
78.0,4,2.0,1.0,Entire home/apt,52.48122,13.3601,4.4,5,4.356708826689592,1,1,0
240.0,7,2.0,1.0,Entire home/apt,52.5026337,13.3887094,4.77,13,5.480638923341991,1,1,0
77.0,2,1.0,2.0,Private room,52.50578,13.3955,5.0,14,4.343805421853684,1,1,0
156.0,2,1.0,1.0,Entire home/apt,52.53534,13.40116,0.0,0,5.049856007249537,1,1,0
70.0,1,1.0,1.0,Entire home/apt,52.4941,13.43762,0.0,0,4.248495242049359,1,1,0
70.0,2,1.0,2.0,Private room,52.50425684825859,13.397449914546442,4.9,10,4.248495242049359,1,1,0
116.0,4,2.0,1.0,Entire home/apt,52.52152,13.34706,4.64,11,4.7535901911063645,1,1,0
95.0,3,1.0,1.0,Entire home/apt,52.5214,13.34683,4.91,11,4.553876891600541,1,1,0
101.0,2,1.0,1.0,Entire home/apt,52.48352,13.33143,5.0,3,4.61512051684126,1,1,0
69.0,3,1.0,1.0,Entire home/apt,52.4923355,13.4183634,0.0,0,4.23410650459726,1,1,0
111.0,2,1.0,2.0,Private room,52.53016,13.14871,0.0,0,4.709530201312334,1,1,0
160.0,4,2.0,1.0,Entire home/apt,52.4447425,13.3152481,4.89,9,5.075173815233827,1,1,0
127.0,2,1.0,1.0,Entire home/apt,52.51571,13.46891,5.0,1,4.844187086458591,1,1,0
137.0,7,3.0,1.0,Entire home/apt,52.55714,13.46485,3.25,4,4.919980925828125,1,1,0
33.0,1,2.0,1.0,Private room,52.55307,13.3393,0.0,0,3.49650756146648,1,1,0
95.0,2,1.0,1.0,Entire home/apt,52.53201,13.40099,4.94,17,4.553876891600541,1,1,0
274.0,11,4.0,1.0,Entire home/apt,52.48772,13.32261,4.75,4,5.613128106388071,1,1,0
59.0,2,1.0,1.0,Private room,52.50979371,13.280735984444618,5.0,2,4.07753744390572,1,1,0
68.0,4,2.0,1.0,Entire home/apt,52.52238,13.45546,0.0,0,4.219507705176107,1,1,0
215.0,7,2.0,1.0,Entire home/apt,52.55500984025382,13.429710750887248,4.75,8,5.3706380281276624,1,1,0
69.0,1,1.0,2.0,Private room,52.5310796,13.1492575,0.0,0,4.23410650459726,1,1,0
93.0,1,1.0,2.0,Private room,52.53146,13.15033,0.0,0,4.532599493153256,1,1,0
186.0,4,3.0,1.0,Entire home/apt,52.53201,13.14811,0.0,0,5.225746673713202,1,1,0
108.0,2,1.0,1.0,Entire home/apt,52.48877014508257,13.443951457147207,5.0,4,4.68213122712422,1,1,0
80.0,1,1.0,1.0,Entire home/apt,52.48629099999999,13.2698006,4.8,5,4.382026634673881,1,1,0
60.0,2,1.0,1.0,Private room,52.48551,13.42831,5.0,1,4.0943445622221,1,1,0
710.0,16,10.0,8.0,Entire home/apt,52.4412898,13.5057411,0.0,0,6.565264970035361,1,1,0
203.0,3,1.0,1.0,Entire home/apt,52.58643,13.27639,5.0,1,5.313205979041787,1,1,0
56.0,3,1.0,1.0,Entire home/apt,52.4418465,13.467127,0.0,0,4.02535169073515,0,1,0
52.0,2,1.0,1.0,Entire home/apt,52.55213699999999,13.3413151,2.0,1,3.951243718581428,1,1,0
51.0,2,1.0,1.0,Entire home/apt,52.55213699999999,13.3413151,0.0,0,3.9318256327243257,1,1,0
44.0,2,1.0,1.0,Entire home/apt,52.53158942581857,13.441413715481758,0.0,0,3.784189633918261,1,1,0
60.0,2,1.0,1.0,Entire home/apt,52.55293648410394,13.385622353089284,0.0,0,4.0943445622221,1,1,0
90.0,2,1.0,1.0,Entire home/apt,52.53504961150572,13.552238903939724,0.0,0,4.499809670330265,0,1,0
101.0,2,1.0,1.0,Entire home/apt,52.56022879003709,13.37370600307646,4.89,9,4.61512051684126,1,1,0
40.0,1,1.0,1.0,Private room,52.53158,13.46994,5.0,2,3.688879454113936,1,1,0
90.0,3,2.0,1.0,Entire home/apt,52.5166,13.43154,4.56,16,4.499809670330265,1,1,1
119.0,3,2.0,1.0,Entire home/apt,52.52619,13.32755,3.0,1,4.77912349311153,1,1,1
76.0,2,1.0,1.5,Private room,52.50810633360214,13.46743971083156,5.0,7,4.330733340286331,1,0,0
80.0,3,2.0,1.0,Entire home/apt,52.546036,13.3774427,4.75,4,4.382026634673881,1,1,0
243.0,6,2.0,1.0,Entire home/apt,52.553906,13.4186943,4.63,8,5.493061443340548,1,1,0
76.0,5,1.0,1.0,Private room,52.56854890821968,13.374072164297104,3.0,4,4.330733340286331,1,1,0
42.0,2,1.0,1.0,Entire home/apt,52.43266084131647,13.714270897712067,4.25,4,3.737669618283368,0,1,0
135.0,2,1.0,1.0,Entire home/apt,52.49824,13.43243,5.0,1,4.90527477843843,1,1,0
65.0,6,2.0,1.0,Entire home/apt,52.48654,13.42808,0.0,0,4.174387269895637,1,1,0
68.0,3,1.0,1.0,Private room,52.52319,13.44696,5.0,5,4.219507705176107,1,1,0
120.0,3,1.0,1.0,Entire home/apt,52.511029870593326,13.424169793725014,4.8,5,4.787491742782046,1,1,0
167.0,2,1.0,1.0,Entire home/apt,52.5111578,13.4585409,0.0,0,5.117993812416755,1,1,0
73.0,1,1.0,1.0,Private room,52.5248415,13.4178123,5.0,7,4.290459441148391,1,0,0
53.0,1,1.0,1.0,Private room,52.5248415,13.4178123,5.0,10,3.970291913552122,1,0,0
102.0,3,3.0,1.0,Entire home/apt,52.567038,13.320452,0.0,0,4.624972813284271,1,1,0
170.0,4,3.0,1.0,Entire home/apt,52.47101,13.29387,0.0,0,5.135798437050262,1,1,0
170.0,5,2.0,2.0,Entire home/apt,52.50276730128702,13.316802015332817,0.0,0,5.135798437050262,1,1,0
329.0,6,3.0,1.0,Entire home/apt,52.48536427800175,13.351488970220087,5.0,6,5.796057750765372,1,1,0
165.0,4,1.0,1.0,Entire home/apt,52.6067089,13.4697567,0.0,0,5.10594547390058,1,1,0
46.0,5,2.0,1.0,Entire home/apt,52.47937,13.43356,0.0,0,3.828641396489095,1,1,1
171.0,5,2.0,1.0,Private room,52.48879,13.39318,5.0,2,5.14166355650266,1,1,1
109.0,3,1.0,1.0,Private room,52.51583,13.27359,4.5,2,4.691347882229144,1,1,0
65.0,3,1.0,1.0,Entire home/apt,52.449,13.34075,0.0,0,4.174387269895637,1,1,0
108.0,2,1.0,1.0,Entire home/apt,52.46827875,13.42805256435515,5.0,4,4.68213122712422,1,1,0
132.0,6,3.0,1.5,Entire home/apt,52.482,13.43074,0.0,0,4.882801922586371,1,1,0
81.0,4,1.0,1.0,Private room,52.53114,13.41741,5.0,5,4.394449154672439,1,1,0
59.0,4,1.0,3.0,Private room,52.51521049999999,13.4566692,3.86,7,4.07753744390572,1,1,0
57.0,1,1.0,1.0,Entire home/apt,52.55366,13.41674,4.65,17,4.04305126783455,1,1,0
214.0,2,1.0,1.0,Entire home/apt,52.4708454,13.2790413,4.0,1,5.365976015021851,1,1,0
78.0,4,3.0,1.0,Entire home/apt,52.51093315967739,13.313085479858158,0.0,0,4.356708826689592,1,1,0
41.0,3,1.0,1.0,Entire home/apt,52.54471,13.58857,0.0,0,3.713572066704308,0,1,0
334.0,6,3.0,2.0,Entire home/apt,52.5232067,13.3845044,5.0,8,5.811140992976701,1,1,0
91.0,3,3.0,1.0,Entire home/apt,52.51033109999999,13.2195237,0.0,0,4.51085950651685,1,1,0
91.0,3,3.0,1.0,Entire home/apt,52.51033109999999,13.2195237,0.0,0,4.51085950651685,1,1,0
255.0,3,1.0,1.5,Entire home/apt,52.5284801,13.4068747,5.0,3,5.541263545158426,1,1,0
99.0,5,2.0,1.0,Entire home/apt,52.52907,13.34391,1.0,1,4.59511985013459,1,1,0
90.0,2,1.0,1.0,Entire home/apt,52.57329,13.37515,4.0,1,4.499809670330265,1,1,0
79.0,3,3.0,1.0,Entire home/apt,52.5100214,13.2184474,0.0,0,4.3694478524670215,1,1,0
60.0,4,1.0,1.0,Entire home/apt,52.49521546132452,13.31185396760702,0.0,0,4.0943445622221,1,1,0
66.0,3,1.0,1.0,Entire home/apt,52.59455353439156,13.422581255435944,0.0,0,4.189654742026425,1,1,0
111.0,3,1.0,1.0,Entire home/apt,52.50976,13.46486,4.63,8,4.709530201312334,1,1,0
239.0,6,2.0,1.0,Entire home/apt,52.48665760000001,13.321815,5.0,2,5.476463551931511,1,1,0
190.0,4,2.0,1.0,Entire home/apt,52.47649,13.29674,0.0,0,5.247024072160486,1,1,0
38.0,1,0.0,0.0,Entire home/apt,52.52239,13.40657,0.0,0,3.6375861597263857,1,1,0
56.0,2,1.0,1.0,Private room,52.53267,13.41735,4.88,8,4.02535169073515,1,1,0
72.0,2,1.0,1.0,Private room,52.49364,13.35696,0.0,0,4.276666119016055,0,1,0
106.0,5,3.0,1.0,Entire home/apt,52.51243,13.21945,0.0,0,4.663439094112067,1,1,0
114.0,3,1.0,1.0,Private room,52.48899,13.28776,5.0,1,4.736198448394496,1,1,0
92.0,3,1.0,1.0,Entire home/apt,52.48553020000001,13.4532946,4.89,9,4.5217885770490405,1,1,0
59.0,2,1.0,1.0,Entire home/apt,52.51805573041944,13.169865297645057,5.0,3,4.07753744390572,1,1,0
86.0,1,1.0,1.0,Private room,52.5439,13.25926,0.0,0,4.454347296253507,1,1,0
108.0,2,1.0,1.0,Entire home/apt,52.49497,13.42904,5.0,1,4.68213122712422,1,1,0
132.0,4,2.0,1.0,Private room,52.53367,13.3964,4.8,5,4.882801922586371,1,1,0
138.0,4,2.0,1.0,Entire home/apt,52.50856,13.46284,5.0,3,4.927253685157205,1,1,0
116.0,4,0.0,1.0,Entire home/apt,52.523087894734346,13.333599822328146,4.25,8,4.7535901911063645,1,1,0
207.0,3,1.0,1.0,Private room,52.52656589,13.392968073568822,5.0,2,5.332718793265369,1,0,0
168.0,10,2.0,1.0,Entire home/apt,52.46795,13.38567,3.5,2,5.123963979403259,1,1,0
213.0,11,4.0,2.0,Entire home/apt,52.46896,13.38738,5.0,2,5.3612921657094255,1,1,0
306.0,16,4.0,2.0,Entire home/apt,52.46764,13.38584,4.67,3,5.723585101952381,1,1,0
256.0,15,4.0,2.0,Entire home/apt,52.46786,13.38721,5.0,1,5.545177444479562,1,1,0
159.0,6,1.0,1.0,Entire home/apt,52.46775,13.38754,0.0,0,5.068904202220232,1,1,0
153.0,8,2.0,1.0,Entire home/apt,52.46819,13.3855,5.0,2,5.030437921392435,1,1,0
123.0,6,1.0,1.0,Entire home/apt,52.46983,13.38553,4.67,3,4.812184355372417,1,1,0
138.0,2,1.0,1.0,Entire home/apt,52.48373,13.32147,5.0,14,4.927253685157205,1,1,0
135.0,2,1.0,1.0,Entire home/apt,52.4983,13.43897,5.0,3,4.90527477843843,1,1,0
81.0,2,1.0,1.0,Private room,52.48900347627368,13.287810645997524,5.0,1,4.394449154672439,1,1,0
65.0,2,1.0,1.0,Entire home/apt,52.4956702,13.435498322489432,5.0,1,4.174387269895637,1,1,0
84.0,2,1.0,2.0,Entire home/apt,52.47848244502521,13.347518581360706,4.0,2,4.430816798843313,1,1,1
158.0,4,1.0,1.0,Entire home/apt,52.4816,13.32186,5.0,14,5.062595033026967,1,1,0
160.0,6,2.0,1.0,Entire home/apt,52.47445,13.42547,4.75,8,5.075173815233827,1,1,0
70.0,3,2.0,1.0,Entire home/apt,52.51683,13.44433,0.0,0,4.248495242049359,1,1,0
49.0,2,2.0,1.0,Entire home/apt,52.55043,13.36892,0.0,0,3.8918202981106265,1,1,0
84.0,4,2.0,1.0,Entire home/apt,52.53115,13.36246,0.0,0,4.430816798843313,1,1,0
30.0,1,1.0,1.0,Private room,52.56589,13.34838,0.0,0,3.4011973816621555,1,1,0
77.0,2,1.0,1.0,Entire home/apt,52.50582,13.42703,5.0,8,4.343805421853684,1,1,0
213.0,6,3.0,2.0,Entire home/apt,52.49436325401028,13.566556686565272,4.89,9,5.3612921657094255,1,1,1
85.0,4,2.0,1.0,Entire home/apt,52.4874061,13.4373234,0.0,0,4.442651256490317,1,1,0
198.0,7,2.0,1.5,Entire home/apt,52.4918,13.42191,0.0,0,5.288267030694535,1,1,0
35.0,2,1.0,1.0,Private room,52.5643,13.34697,0.0,0,3.555348061489413,1,1,0
37.0,2,1.0,1.0,Private room,52.56412,13.34631,0.0,0,3.610917912644224,1,1,0
81.0,1,1.0,0.5,Private room,52.49544,13.29684,5.0,5,4.394449154672439,1,1,1
339.0,8,4.0,2.0,Entire home/apt,52.5392209,13.42232,4.17,6,5.82600010738045,1,1,1
53.0,2,1.0,1.0,Entire home/apt,52.4865223,13.4309749,0.0,0,3.970291913552122,1,1,0
62.0,3,2.0,1.0,Entire home/apt,52.4604439,13.4268485,0.0,0,4.127134385045092,1,1,0
121.0,3,1.0,1.0,Entire home/apt,52.4805108,13.435148,5.0,1,4.795790545596741,1,1,0
77.0,1,1.0,1.0,Private room,52.4966907,13.3085367,5.0,1,4.343805421853684,1,0,0
23.0,1,1.0,0.5,Private room,52.56136,13.34855,0.0,0,3.1354942159291497,1,1,0
123.0,2,1.0,1.0,Entire home/apt,52.50848155071549,13.459719621185355,5.0,7,4.812184355372417,1,1,0
99.0,2,1.0,1.0,Entire home/apt,52.5112343,13.4571322,4.33,9,4.59511985013459,1,1,0
97.0,3,1.0,1.0,Entire home/apt,52.59083,13.42521,5.0,1,4.574710978503383,1,1,0
51.0,2,0.0,1.0,Entire home/apt,52.5423725,13.3615923,0.0,0,3.9318256327243257,1,1,0
200.0,6,3.0,1.0,Entire home/apt,52.51088,13.46611,0.0,0,5.298317366548036,1,1,0
53.0,2,1.0,1.0,Entire home/apt,52.5532986,13.3452258,0.0,0,3.970291913552122,1,1,0
97.0,2,0.0,1.0,Entire home/apt,52.42912459999999,13.5851094,0.0,0,4.574710978503383,1,1,0
245.0,6,3.0,1.5,Entire home/apt,52.5133,13.46318,4.9,10,5.501258210544727,1,1,0
121.0,1,0.0,1.0,Private room,52.49742,13.33886,4.0,2,4.795790545596741,1,0,0
104.0,1,0.0,1.0,Private room,52.49646,13.33986,5.0,2,4.6443908991413725,1,0,0
63.0,2,1.0,1.0,Private room,52.49211,13.41651,4.86,7,4.143134726391533,1,1,0
203.0,7,0.0,1.0,Entire home/apt,52.529066634925336,13.406662435581964,5.0,1,5.313205979041787,1,1,0
63.0,2,1.0,1.0,Private room,52.51192445906378,13.409207277573572,5.0,10,4.143134726391533,1,1,0
69.0,2,1.0,1.0,Private room,52.512126783214526,13.41079894759142,4.88,8,4.23410650459726,1,1,0
150.0,2,0.0,1.0,Private room,52.49712,13.33799,5.0,2,5.010635294096256,1,0,0
129.0,2,0.0,1.0,Private room,52.49862,13.33915,5.0,1,4.859812404361672,1,0,0
153.0,2,0.0,1.0,Private room,52.49662,13.33788,0.0,0,5.030437921392435,1,0,0
90.0,2,1.0,1.0,Entire home/apt,52.49152789958608,13.3634804495454,5.0,3,4.499809670330265,1,1,0
65.0,2,1.0,1.0,Entire home/apt,52.49150561711271,13.364234759863288,5.0,1,4.174387269895637,1,1,0
65.0,2,1.0,1.0,Entire home/apt,52.54171,13.39666,5.0,14,4.174387269895637,1,1,0
100.0,4,1.0,1.0,Private room,52.46546,13.32308,5.0,1,4.605170185988092,1,1,0
40.0,1,1.0,1.0,Private room,52.46762409999999,13.4881487,5.0,2,3.688879454113936,1,1,0
54.0,1,1.0,1.0,Private room,52.53665,13.41111,0.0,0,3.9889840465642745,1,1,0
270.0,4,1.0,2.0,Private room,52.49676612665944,13.474203830688468,5.0,1,5.598421958998375,1,1,1
133.0,4,2.0,1.0,Entire home/apt,52.53377916950501,13.340936015344257,0.0,0,4.890349128221754,1,1,0
193.0,4,2.0,1.0,Entire home/apt,52.46839850000001,13.3350996,5.0,6,5.262690188904886,1,1,0
186.0,4,2.0,1.0,Entire home/apt,52.50849,13.40002,5.0,3,5.225746673713202,1,1,0
101.0,2,1.0,1.0,Entire home/apt,52.53629,13.28299,0.0,0,4.61512051684126,1,1,0
57.0,2,1.0,1.0,Entire home/apt,52.49845703142691,13.302806034393324,0.0,0,4.04305126783455,0,1,0
196.0,4,3.0,1.0,Entire home/apt,52.49836,13.42417,4.86,7,5.278114659230517,1,1,0
115.0,4,1.0,1.0,Entire home/apt,52.56594,13.39624,4.75,4,4.74493212836325,1,1,0
134.0,2,1.0,1.0,Entire home/apt,52.49232818,13.420955985705584,5.0,2,4.897839799950911,1,1,0
106.0,2,1.0,1.0,Entire home/apt,52.51327,13.30647,4.75,8,4.663439094112067,1,1,0
93.0,4,1.0,1.0,Entire home/apt,52.46552,13.3358,4.2,5,4.532599493153256,0,1,0
87.0,2,1.0,1.0,Entire home/apt,52.51496,13.45863,5.0,2,4.465908118654584,1,1,1
88.0,2,1.0,1.0,Entire home/apt,52.52754545928234,13.343009646661644,0.0,0,4.477336814478207,1,1,0
78.0,3,1.0,1.0,Entire home/apt,52.53613,13.4025,0.0,0,4.356708826689592,1,1,0
72.0,3,1.0,1.0,Entire home/apt,52.5060164,13.3904705,0.0,0,4.276666119016055,1,1,0
314.0,5,3.0,2.0,Entire home/apt,52.53464,13.40444,4.67,3,5.749392985908253,1,1,0
84.0,2,1.0,1.0,Entire home/apt,52.48796489999999,13.3753733,4.86,7,4.430816798843313,1,0,0
74.0,1,1.0,1.0,Private room,52.4966907,13.3085367,5.0,1,4.30406509320417,1,0,0
90.0,2,1.0,1.0,Private room,52.4966907,13.3085367,4.45,20,4.499809670330265,1,0,0
81.0,2,1.0,1.0,Private room,52.49669,13.30854,4.22,9,4.394449154672439,1,0,0
125.0,3,1.0,1.0,Private room,52.4966907,13.3085367,4.71,21,4.8283137373023015,1,0,0
99.0,4,2.0,1.0,Entire home/apt,52.55198,13.38493,3.67,3,4.59511985013459,1,1,0
122.0,4,1.0,1.0,Entire home/apt,52.4996,13.40248,4.5,8,4.804021044733257,1,1,0
48.0,2,2.0,1.0,Entire home/apt,52.41246,13.54616,0.0,0,3.871201010907891,1,1,0
134.0,4,2.0,1.0,Entire home/apt,52.51551,13.45952,5.0,2,4.897839799950911,1,1,0
58.0,2,1.0,1.0,Entire home/apt,52.55367,13.4155,4.85,13,4.060443010546419,1,1,0
103.0,3,1.0,1.0,Private room,52.49891,13.28989,0.0,0,4.634728988229636,1,1,0
204.0,10,5.0,3.0,Entire home/apt,52.48954,13.38678,5.0,5,5.318119993844216,1,1,0
56.0,2,0.0,1.0,Entire home/apt,52.5077732,13.3038388,0.0,0,4.02535169073515,1,1,0
68.0,3,1.0,1.0,Entire home/apt,52.48884529999999,13.3290406,0.0,0,4.219507705176107,1,1,0
105.0,6,3.0,1.0,Entire home/apt,52.51483,13.45766,0.0,0,4.653960350157523,1,1,0
27.0,2,1.0,0.5,Private room,52.61106598457668,13.426855353942845,0.0,0,3.295836866004329,1,1,0
140.0,8,4.0,2.0,Entire home/apt,52.51953,13.43157,0.0,0,4.941642422609304,1,1,0
210.0,12,6.0,2.0,Entire home/apt,52.51968,13.43016,0.0,0,5.3471075307174685,1,1,0
35.0,1,1.0,1.0,Private room,52.47024,13.32615,4.0,4,3.555348061489413,1,0,0
122.0,2,1.0,1.0,Entire home/apt,52.46995390000001,13.1168935,5.0,6,4.804021044733257,1,1,0
89.0,3,1.0,1.0,Entire home/apt,52.503159323454994,13.482654196699515,5.0,3,4.48863636973214,1,1,0
117.0,2,1.0,1.0,Entire home/apt,52.5437185,13.4253673,5.0,2,4.762173934797756,1,1,0
169.0,4,2.0,2.0,Entire home/apt,52.51092,13.40818,5.0,5,5.1298987149230735,1,1,0
44.0,2,1.0,1.0,Entire home/apt,52.38231829999999,13.3960699,0.0,0,3.784189633918261,1,1,0
91.0,2,1.0,2.0,Entire home/apt,52.53846,13.41061,0.0,0,4.51085950651685,1,1,0
100.0,3,0.0,1.0,Entire home/apt,52.50425,13.43295,5.0,2,4.605170185988092,1,1,0
185.0,4,2.0,1.0,Entire home/apt,52.5206,13.25172,5.0,2,5.220355825078324,1,1,0
28.0,2,1.0,1.0,Private room,52.53001,13.33189,4.75,4,3.332204510175204,1,1,0
102.0,4,0.0,1.0,Entire home/apt,52.5077862,13.4670305,4.8,5,4.624972813284271,1,1,0
76.0,3,1.0,1.0,Entire home/apt,52.5110219,13.4583673,0.0,0,4.330733340286331,1,1,0
299.0,4,2.0,1.0,Entire home/apt,52.52803,13.38949,4.75,12,5.700443573390687,1,1,0
69.0,2,1.0,1.0,Private room,52.53334412302271,13.143283399910777,4.29,7,4.23410650459726,0,1,0
70.0,4,3.0,1.0,Entire home/apt,52.5100214,13.2184474,0.0,0,4.248495242049359,1,1,0
175.0,6,1.0,2.0,Entire home/apt,52.53424,13.40083,5.0,2,5.1647859739235145,1,1,0
79.0,2,1.0,1.0,Private room,52.49081,13.39572,0.0,0,4.3694478524670215,1,1,0
86.0,2,1.0,1.0,Entire home/apt,52.5037,13.38833,0.0,0,4.454347296253507,1,1,0
98.0,2,1.0,1.0,Entire home/apt,52.50407537,13.387999429186268,0.0,0,4.584967478670572,0,1,0
110.0,4,1.0,1.0,Entire home/apt,52.55129,13.40791,5.0,4,4.700480365792417,1,1,0
130.0,3,2.0,1.0,Entire home/apt,52.4989,13.42415,0.0,0,4.867534450455582,1,1,0
311.0,4,2.0,2.0,Entire home/apt,52.48843335747642,13.44253232511798,0.0,0,5.739792912179234,1,1,0
80.0,2,1.0,1.0,Entire home/apt,52.52876,13.39095,0.0,0,4.382026634673881,1,0,0
79.0,3,1.0,1.0,Private room,52.51096709999999,13.465534,5.0,4,4.3694478524670215,1,1,0
72.0,2,1.0,1.0,Private room,52.41024159380829,13.50648418650816,5.0,1,4.276666119016055,1,0,0
2192.0,12,1.0,2.0,Entire home/apt,52.37858714461554,13.646415956318378,0.0,0,7.692569648067906,1,1,1
409.0,10,3.0,1.0,Entire home/apt,52.51728400924174,13.467920777819936,5.0,4,6.013715156042802,1,1,0
128.0,4,1.0,1.0,Entire home/apt,52.4993,13.39117,0.0,0,4.852030263919617,0,1,0
107.0,2,1.0,1.0,Entire home/apt,52.50384889617401,13.38648627960504,4.0,2,4.672828834461906,0,1,0
56.0,2,1.0,1.0,Private room,52.4451837,13.5049961,5.0,3,4.02535169073515,1,1,0
76.0,4,1.0,1.0,Entire home/apt,52.4801678,13.4223435,0.0,0,4.330733340286331,1,1,0
35.0,1,1.0,1.0,Private room,52.53127996147018,13.304444182055292,0.0,0,3.555348061489413,1,1,0
59.0,1,1.0,1.0,Private room,52.53505823201498,13.408899195784588,5.0,1,4.07753744390572,1,1,0
77.0,2,1.0,1.0,Entire home/apt,52.52511967,13.329741292065442,0.0,0,4.343805421853684,1,1,0
141.0,4,1.0,1.0,Private room,52.5261706634973,13.406238587516242,0.0,0,4.948759890378168,1,1,0
118.0,4,2.0,1.0,Entire home/apt,52.537401152488286,13.420651029829129,0.0,0,4.770684624465665,1,1,0
158.0,4,2.0,2.5,Entire home/apt,52.533404,13.4302913,0.0,0,5.062595033026967,1,1,0
122.0,2,1.0,1.0,Entire home/apt,52.54599,13.40495,0.0,0,4.804021044733257,1,1,0
70.0,2,1.0,1.0,Private room,52.50004,13.41497,5.0,1,4.248495242049359,1,1,0
77.0,3,1.0,1.0,Entire home/apt,52.46812,13.32302,0.0,0,4.343805421853684,1,1,0
90.0,4,1.0,1.0,Entire home/apt,52.51235,13.44444,0.0,0,4.499809670330265,1,1,0
136.0,1,1.0,1.0,Entire home/apt,52.51285,13.42708,0.0,0,4.912654885736052,1,1,0
75.0,3,1.0,1.0,Entire home/apt,52.50174,13.45327,0.0,0,4.31748811353631,1,1,0
99.0,1,1.0,1.0,Entire home/apt,52.51285919999999,13.4270746,0.0,0,4.59511985013459,1,1,0
70.0,1,1.0,1.0,Entire home/apt,52.51285919999999,13.4270746,0.0,0,4.248495242049359,1,1,0
106.0,1,1.0,1.0,Entire home/apt,52.51285919999999,13.4270746,0.0,0,4.663439094112067,1,1,0
86.0,1,1.0,1.0,Entire home/apt,52.51285919999999,13.4270746,0.0,0,4.454347296253507,1,1,0
119.0,1,1.0,1.0,Entire home/apt,52.51285919999999,13.4270746,4.0,1,4.77912349311153,1,1,0
113.0,1,1.0,1.0,Entire home/apt,52.51285919999999,13.4270746,0.0,0,4.727387818712341,1,1,0
160.0,2,1.0,1.0,Entire home/apt,52.49511848849107,13.426304832100868,0.0,0,5.075173815233827,1,1,0
208.0,4,2.0,1.0,Entire home/apt,52.53323,13.40557,5.0,4,5.337538079701318,1,1,0
50.0,2,1.0,1.0,Entire home/apt,52.43071,13.28081,4.33,3,3.912023005428146,1,1,0
55.0,2,2.0,1.0,Entire home/apt,52.48631,13.38624,0.0,0,4.007333185232471,1,1,0
264.0,7,2.0,2.0,Entire home/apt,52.5092,13.31515,4.75,8,5.575949103146316,1,1,0
168.0,7,3.0,2.0,Entire home/apt,52.46328,13.51279,0.0,0,5.123963979403259,1,1,0
80.0,4,2.0,1.0,Entire home/apt,52.46493,13.51268,0.0,0,4.382026634673881,1,1,0
144.0,4,2.0,1.0,Entire home/apt,52.5356714,13.4028635,4.0,2,4.969813299576001,1,1,0
214.0,2,1.0,1.0,Entire home/apt,52.47037196552202,13.27998841889296,4.0,1,5.365976015021851,1,1,0
95.0,2,0.0,1.0,Entire home/apt,52.53705979999999,13.4273198,0.0,0,4.553876891600541,1,1,0
62.0,2,1.0,1.0,Private room,52.48574,13.38441,5.0,1,4.127134385045092,1,1,0
66.0,2,1.0,1.0,Shared room,52.45139,13.53228,0.0,0,4.189654742026425,1,1,1
52.0,2,1.0,1.0,Entire home/apt,52.5372678,13.4266109,0.0,0,3.951243718581428,1,1,0
108.0,1,1.0,1.0,Entire home/apt,52.51285919999999,13.4270746,4.0,3,4.68213122712422,1,1,0
366.0,8,4.0,2.0,Entire home/apt,52.49141173875267,13.380951686380785,3.8,5,5.902633333401366,0,1,0
110.0,2,1.0,1.0,Entire home/apt,52.52995,13.40104,5.0,3,4.700480365792417,1,1,0
103.0,1,1.0,1.0,Entire home/apt,52.51285919999999,13.4270746,0.0,0,4.634728988229636,1,1,0
144.0,2,1.0,1.0,Entire home/apt,52.51285919999999,13.4270746,0.0,0,4.969813299576001,1,1,0
135.0,2,1.0,1.0,Entire home/apt,52.51285919999999,13.4270746,0.0,0,4.90527477843843,1,1,0
58.0,4,2.0,1.0,Entire home/apt,52.55095,13.41366,0.0,0,4.060443010546419,1,1,0
8150.0,4,1.0,1.0,Entire home/apt,52.52218,13.3858,0.0,0,9.005773206234908,0,0,0
87.0,3,2.0,1.0,Entire home/apt,52.50946,13.41828,4.4,5,4.465908118654584,1,1,1
125.0,3,2.0,1.0,Entire home/apt,52.4800879,13.2903405,5.0,4,4.8283137373023015,1,1,0
351.0,9,3.0,2.0,Entire home/apt,52.50686885,13.317128866910934,0.0,0,5.860786223465865,1,1,0
136.0,5,2.0,1.0,Entire home/apt,52.48576,13.32578,4.89,9,4.912654885736052,1,1,0
270.0,6,3.0,2.0,Entire home/apt,52.5255418,13.3131036,0.0,0,5.598421958998375,1,1,1
128.0,2,1.0,1.0,Entire home/apt,52.50037039387692,13.307816308598325,5.0,1,4.852030263919617,0,1,0
139.0,6,3.0,1.0,Entire home/apt,52.5629117,13.3939044,0.0,0,4.934473933130692,1,1,0
22.0,1,1.0,1.0,Private room,52.46821318080277,13.38223620799172,0.0,0,3.091042453358316,1,1,0
52.0,1,1.0,1.0,Private room,52.53017145372768,13.344590072428096,5.0,2,3.951243718581428,1,1,0
60.0,1,1.0,1.0,Private room,52.49694,13.43918,5.0,4,4.0943445622221,1,1,0
92.0,2,1.0,1.0,Entire home/apt,52.48830259378884,13.427928134698004,0.0,0,4.5217885770490405,1,1,0
35.0,2,1.0,1.5,Private room,52.43234,13.579,5.0,4,3.555348061489413,1,1,0
226.0,8,2.0,1.5,Entire home/apt,52.5211097,13.3916624,0.0,0,5.420534999272286,1,1,0
149.0,6,2.0,1.5,Entire home/apt,52.45936327131357,13.383803767199396,5.0,1,5.003946305945459,1,1,0
98.0,2,1.0,1.0,Entire home/apt,52.5057649,13.314009796295148,4.0,3,4.584967478670572,1,1,0
169.0,4,1.0,1.0,Entire home/apt,52.5211097,13.3916624,0.0,0,5.1298987149230735,1,1,0
58.0,4,2.0,1.0,Entire home/apt,52.54999,13.3672,0.0,0,4.060443010546419,1,1,0
128.0,2,1.0,1.0,Entire home/apt,52.524224408620256,13.410523687942142,0.0,0,4.852030263919617,1,1,0
41.0,1,1.0,0.5,Private room,52.47064,13.443,0.0,0,3.713572066704308,1,1,0
115.0,2,1.0,1.0,Entire home/apt,52.50037039387692,13.307843130688472,5.0,1,4.74493212836325,1,1,0
69.0,3,3.0,1.0,Entire home/apt,52.51074,13.2184,0.0,0,4.23410650459726,1,1,0
147.0,2,1.0,1.0,Entire home/apt,52.50045530000001,13.3077573,5.0,3,4.990432586778736,1,1,0
140.0,2,1.0,1.0,Entire home/apt,52.5034636,13.3454702,0.0,0,4.941642422609304,1,1,0
193.0,4,1.0,1.0,Entire home/apt,52.50045530000001,13.3077573,5.0,3,5.262690188904886,1,1,0
198.0,2,0.0,1.0,Entire home/apt,52.54440586887159,13.41813039259034,5.0,3,5.288267030694535,1,1,0
67.0,2,1.0,1.0,Private room,52.52939334606364,13.385226336327326,0.0,0,4.204692619390966,1,1,0
123.0,3,1.0,1.0,Entire home/apt,52.49396,13.39674,5.0,1,4.812184355372417,1,1,0
95.0,2,1.0,1.0,Entire home/apt,52.508561,13.4599344,4.0,2,4.553876891600541,1,1,0
236.0,4,2.0,1.0,Entire home/apt,52.50073808772245,13.39190945,5.0,1,5.4638318050256105,1,1,0
46.0,2,1.0,1.0,Entire home/apt,52.5002715,13.3356028,0.0,0,3.828641396489095,1,1,0
44.0,2,1.0,1.0,Entire home/apt,52.500277,13.3359294,0.0,0,3.784189633918261,1,1,0
333.0,4,2.0,1.0,Entire home/apt,52.50627243358035,13.390326544705186,0.0,0,5.808142489980444,1,1,0
89.0,2,1.0,1.0,Entire home/apt,52.50789311359799,13.406996225736387,0.0,0,4.48863636973214,1,1,0
36.0,2,1.0,0.5,Private room,52.50579,13.39637,0.0,0,3.58351893845611,1,1,0
90.0,3,1.0,1.0,Entire home/apt,52.51100559497496,13.281980864703655,0.0,0,4.499809670330265,1,1,0
103.0,2,1.0,1.0,Entire home/apt,52.55872,13.41321,4.8,5,4.634728988229636,1,1,0
42.0,2,1.0,1.0,Entire home/apt,52.53300697609683,13.369704392443252,0.0,0,3.737669618283368,1,1,0
89.0,4,1.0,1.0,Entire home/apt,52.5196993,13.2716171,4.0,1,4.48863636973214,1,1,0
70.0,5,3.0,1.0,Entire home/apt,52.51053,13.21748,0.0,0,4.248495242049359,1,1,0
107.0,4,4.0,1.0,Entire home/apt,52.51097,13.2187,0.0,0,4.672828834461906,1,1,0
57.0,3,1.0,1.0,Entire home/apt,52.50491,13.37958,0.0,0,4.04305126783455,1,1,1
56.0,3,2.0,1.0,Entire home/apt,52.50871,13.42113,0.0,0,4.02535169073515,1,1,0
150.0,2,1.0,1.0,Private room,52.44518586694386,13.578814274868796,0.0,0,5.010635294096256,1,0,0
88.0,2,1.0,1.0,Entire home/apt,52.52788,13.44661,4.5,4,4.477336814478207,1,1,0
46.0,3,1.0,1.0,Entire home/apt,52.54665473137997,13.253323137760162,0.0,0,3.828641396489095,1,1,0
130.0,6,2.0,1.0,Entire home/apt,52.5007126,13.3073082,0.0,0,4.867534450455582,1,1,0
221.0,4,1.0,1.0,Entire home/apt,52.4917422,13.2940172,0.0,0,5.3981627015177525,1,1,0
115.0,2,1.0,1.0,Entire home/apt,52.4917422,13.2940172,3.0,1,4.74493212836325,1,1,0
143.0,4,1.0,1.0,Entire home/apt,52.55484,13.44098,4.33,3,4.962844630259907,1,1,0
67.0,2,1.0,1.0,Private room,52.49646,13.44879,5.0,1,4.204692619390966,1,1,0
46.0,5,2.0,1.0,Entire home/apt,52.40437379999999,13.5652647,0.0,0,3.828641396489095,1,1,0
137.0,6,2.0,1.0,Entire home/apt,52.51781,13.30277,5.0,6,4.919980925828125,1,1,0
106.0,2,1.0,1.0,Entire home/apt,52.49696935538641,13.286343585294516,0.0,0,4.663439094112067,1,1,0
1088.0,6,2.0,2.0,Entire home/apt,52.48071,13.4259,0.0,0,6.992096427415888,1,1,0
105.0,4,2.0,1.0,Entire home/apt,52.5718674,13.4023489,4.75,4,4.653960350157523,1,1,0
70.0,4,1.0,1.0,Entire home/apt,52.580132109204726,13.210771642844357,5.0,3,4.248495242049359,1,1,0
70.0,3,1.0,1.0,Entire home/apt,52.55307999999999,13.34501,0.0,0,4.248495242049359,1,1,0
69.0,2,1.0,1.0,Entire home/apt,52.46681,13.48871,0.0,0,4.23410650459726,1,1,0
276.0,4,1.0,1.0,Entire home/apt,52.49619,13.32532,5.0,2,5.62040086571715,1,1,0
89.0,3,1.0,1.0,Entire home/apt,52.4204717,13.2859848,0.0,0,4.48863636973214,1,1,0
47.0,1,1.0,1.0,Private room,52.53815,13.40599,5.0,1,3.8501476017100575,1,1,0
111.0,4,2.0,1.0,Entire home/apt,52.56125222049707,13.211917206645012,5.0,1,4.709530201312334,0,1,0
49.0,2,1.0,1.0,Private room,52.45842,13.32386,0.0,0,3.8918202981106265,1,1,0
123.0,4,1.0,1.0,Entire home/apt,52.54204,13.41879,5.0,2,4.812184355372417,1,1,0
48.0,1,1.0,1.0,Private room,52.49376,13.33859,5.0,1,3.871201010907891,1,0,0
75.0,4,1.0,1.0,Entire home/apt,52.4929458,13.2644561,0.0,0,4.31748811353631,1,1,0
27.0,2,1.0,1.0,Entire home/apt,52.42404,13.53424,0.0,0,3.295836866004329,1,1,0
128.0,3,1.0,1.0,Entire home/apt,52.4708767,13.4467851,5.0,2,4.852030263919617,1,1,0
81.0,2,1.0,1.0,Entire home/apt,52.5544,13.44892,3.0,2,4.394449154672439,1,1,0
72.0,2,1.0,1.0,Entire home/apt,52.55401,13.44933,5.0,1,4.276666119016055,1,0,0
113.0,4,2.0,1.0,Entire home/apt,52.49104779177279,13.393023526458752,0.0,0,4.727387818712341,1,1,0
35.0,2,1.0,1.0,Private room,52.52153,13.43055,0.0,0,3.555348061489413,1,1,0
35.0,2,1.0,1.0,Private room,52.50054592917164,13.42349272107202,0.0,0,3.555348061489413,1,1,0
254.0,6,3.0,1.5,Entire home/apt,52.54224852265003,13.425601087510586,0.0,0,5.537334267018537,1,1,0
127.0,5,2.0,1.0,Entire home/apt,52.52931,13.3859,0.0,0,4.844187086458591,1,1,0
47.0,2,1.0,1.0,Private room,52.5291954592217,13.385851366672435,5.0,3,3.8501476017100575,1,1,0
51.0,4,2.0,1.0,Entire home/apt,52.53244,13.36848,0.0,0,3.9318256327243257,1,1,0
176.0,6,2.0,1.0,Entire home/apt,52.4930566,13.3928258,5.0,5,5.170483995038151,1,1,0
35.0,2,1.0,1.0,Private room,52.51987,13.43147,0.0,0,3.555348061489413,1,1,0
35.0,2,1.0,1.0,Private room,52.52182,13.43009,0.0,0,3.555348061489413,1,1,0
102.0,2,1.0,1.0,Private room,52.51043,13.45001,0.0,0,4.624972813284271,1,1,0
35.0,2,1.0,1.0,Private room,52.46755,13.43048,0.0,0,3.555348061489413,1,1,0
169.0,4,1.0,1.0,Entire home/apt,52.5111,13.4499,0.0,0,5.1298987149230735,1,1,0
87.0,3,1.0,1.0,Private room,52.50833,13.44621,5.0,5,4.465908118654584,1,0,0
75.0,3,1.0,1.0,Private room,52.549218,13.415441,5.0,1,4.31748811353631,1,1,0
76.0,4,2.0,1.0,Entire home/apt,52.4854549,13.3855775,0.0,0,4.330733340286331,1,1,0
145.0,4,2.0,1.0,Entire home/apt,52.48532,13.36059,4.67,3,4.976733742420574,1,1,0
196.0,6,3.0,1.0,Entire home/apt,52.54216049999999,13.425594,4.0,1,5.278114659230517,1,1,0
84.0,3,1.0,1.0,Entire home/apt,52.49098,13.36165,0.0,0,4.430816798843313,1,1,0
108.0,4,1.0,1.0,Entire home/apt,52.50625,13.38962,0.0,0,4.68213122712422,1,1,0
131.0,3,0.0,1.0,Entire home/apt,52.52641933025856,13.30658765422788,3.75,4,4.875197323201151,1,1,0
105.0,6,3.0,1.0,Entire home/apt,52.55204,13.40634,0.0,0,4.653960350157523,1,1,0
235.0,10,2.0,1.0,Entire home/apt,52.53008,13.33345,5.0,7,5.459585514144159,1,1,0
73.0,2,2.0,1.0,Private room,52.4993,13.43828,0.0,0,4.290459441148391,1,1,0
60.0,1,1.0,1.0,Entire home/apt,52.54949457823493,13.457573354244232,0.0,0,4.0943445622221,1,1,0
44.0,1,1.0,2.0,Private room,52.4546419,13.3510827,0.0,0,3.784189633918261,1,1,0
58.0,2,1.0,0.5,Private room,52.49365958780267,13.381346315145493,5.0,1,4.060443010546419,1,0,0
276.0,4,2.0,0.0,Entire home/apt,52.51511,13.37953,0.0,0,5.62040086571715,1,1,0
235.0,14,3.0,2.5,Entire home/apt,52.52873,13.31824,5.0,7,5.459585514144159,1,1,0
84.0,2,1.0,1.0,Private room,52.50625,13.39076,0.0,0,4.430816798843313,1,1,0
78.0,2,1.0,1.0,Private room,52.50642,13.38968,0.0,0,4.356708826689592,1,1,0
376.0,9,3.0,2.0,Entire home/apt,52.5402,13.40836,5.0,2,5.929589143389895,1,1,0
150.0,7,3.0,1.0,Entire home/apt,52.55566,13.46545,0.0,0,5.010635294096256,1,1,0
85.0,2,1.0,2.0,Private room,52.531805,13.3657459,0.0,0,4.442651256490317,1,1,0
95.0,2,1.0,1.0,Entire home/apt,52.5058978,13.4145319,0.0,0,4.553876891600541,1,1,0
85.0,2,1.0,1.0,Entire home/apt,52.5520085,13.4119036,0.0,0,4.442651256490317,1,1,0
86.0,1,1.0,1.0,Entire home/apt,52.54809,13.41256,5.0,2,4.454347296253507,1,1,0
72.0,2,1.0,1.0,Entire home/apt,52.54075220099114,13.350726515344252,5.0,1,4.276666119016055,1,1,0
122.0,4,2.0,1.0,Entire home/apt,52.54366,13.42351,0.0,0,4.804021044733257,1,1,1
90.0,6,2.0,1.0,Entire home/apt,52.52726269687739,13.301046944998577,0.0,0,4.499809670330265,1,1,0
46.0,2,1.0,1.0,Private room,52.53092713174566,13.344252123443471,5.0,1,3.828641396489095,1,1,0
105.0,6,1.0,1.0,Entire home/apt,52.46966,13.45349,4.0,2,4.653960350157523,1,1,1
108.0,2,1.0,0.0,Entire home/apt,52.4917422,13.2940172,5.0,1,4.68213122712422,1,1,0
124.0,2,1.0,0.0,Entire home/apt,52.4917422,13.2940172,5.0,3,4.820281565605037,1,1,0
132.0,2,1.0,0.0,Entire home/apt,52.4917422,13.2940172,0.0,0,4.882801922586371,1,1,0
140.0,2,1.0,0.0,Entire home/apt,52.4917422,13.2940172,5.0,1,4.941642422609304,1,1,0
149.0,2,1.0,0.0,Entire home/apt,52.4917422,13.2940172,5.0,1,5.003946305945459,1,1,0
157.0,2,1.0,0.0,Entire home/apt,52.4917422,13.2940172,5.0,1,5.056245805348308,1,1,0
191.0,4,1.0,0.0,Entire home/apt,52.4917422,13.2940172,0.0,0,5.25227342804663,1,1,0
231.0,4,1.0,0.0,Entire home/apt,52.4917422,13.2940172,0.0,0,5.442417710521793,1,1,0
55.0,2,1.0,1.5,Private room,52.47341729999999,13.4539523,5.0,2,4.007333185232471,1,1,0
134.0,4,2.0,1.0,Entire home/apt,52.49325683834562,13.391317208187502,0.0,0,4.897839799950911,1,1,0
85.0,2,1.0,1.0,Entire home/apt,52.50896494538127,13.311588313491836,0.0,0,4.442651256490317,1,1,0
108.0,3,2.0,1.0,Private room,52.48753,13.42328,5.0,1,4.68213122712422,0,1,0
67.0,2,1.0,1.0,Private room,52.51296,13.46331,0.0,0,4.204692619390966,1,1,0
75.0,2,1.0,1.0,Private room,52.4965465,13.3803224,3.0,4,4.31748811353631,1,1,0
65.0,2,1.0,1.0,Shared room,52.4965465,13.3803224,3.5,4,4.174387269895637,1,1,0
61.0,2,1.0,1.0,Entire home/apt,52.44674999999999,13.3440627,0.0,0,4.110873864173311,0,1,0
145.0,6,3.0,1.0,Entire home/apt,52.4965465,13.3803224,3.0,1,4.976733742420574,1,1,0
96.0,2,1.0,1.0,Entire home/apt,52.4810278,13.4331292,5.0,1,4.564348191467836,1,1,1
59.0,1,1.0,1.0,Private room,52.5199647,13.4181438,5.0,2,4.07753744390572,1,0,0
110.0,2,1.0,1.0,Entire home/apt,52.4983,13.30804,5.0,2,4.700480365792417,1,1,0
99.0,4,1.0,1.0,Entire home/apt,52.55347,13.38705,4.6,5,4.59511985013459,1,1,0
107.0,6,2.0,1.0,Entire home/apt,52.54117,13.35118,4.5,2,4.672828834461906,1,1,0
90.0,4,2.0,1.0,Entire home/apt,52.51992,13.43772,0.0,0,4.499809670330265,1,1,0
169.0,6,2.0,1.0,Entire home/apt,52.4930566,13.3928258,5.0,3,5.1298987149230735,1,1,0
100.0,2,1.0,0.5,Private room,52.53454,13.41644,1.0,1,4.605170185988092,1,0,0
69.0,2,1.0,1.0,Private room,52.50089,13.43718,0.0,0,4.23410650459726,1,1,0
120.0,4,1.0,1.0,Entire home/apt,52.4853177,13.3605858,0.0,0,4.787491742782046,1,1,0
168.0,4,1.0,1.0,Entire home/apt,52.54766793366234,13.352770726983657,0.0,0,5.123963979403259,1,1,0
138.0,4,1.0,1.0,Entire home/apt,52.547694030525975,13.352813642327892,0.0,0,4.927253685157205,1,1,0
43.0,1,1.0,1.0,Private room,52.51241,13.43544,0.0,0,3.7612001156935615,1,1,0
126.0,4,2.0,1.0,Entire home/apt,52.50043,13.43108,5.0,2,4.836281906951478,1,1,0
130.0,2,1.0,1.0,Private room,52.5114108,13.4636693,0.0,0,4.867534450455582,1,0,0
143.0,2,1.0,1.0,Entire home/apt,52.5114108,13.4636693,5.0,1,4.962844630259907,1,1,0
144.0,4,1.0,1.0,Entire home/apt,52.50578730287245,13.317393817373736,0.0,0,4.969813299576001,1,1,0
155.0,2,1.0,1.0,Entire home/apt,52.4926548,13.4221147,0.0,0,5.043425116919247,1,1,0
35.0,2,1.0,1.0,Private room,52.51148,13.45959,0.0,0,3.555348061489413,1,1,0
171.0,4,1.0,1.0,Entire home/apt,52.50849,13.47259,0.0,0,5.14166355650266,0,1,0
142.0,4,1.0,1.0,Entire home/apt,52.51743,13.41722,4.0,1,4.955827057601261,1,1,1
66.0,2,1.0,1.0,Private room,52.5415402,13.4118174,5.0,1,4.189654742026425,1,1,0
51.0,4,1.0,1.0,Entire home/apt,52.56587,13.39285,4.7,10,3.9318256327243257,1,1,0
116.0,3,1.0,1.0,Entire home/apt,52.51058647582697,13.39735072106123,5.0,1,4.7535901911063645,1,1,0
202.0,8,2.0,1.0,Entire home/apt,52.49595,13.43188,5.0,3,5.308267697401205,1,1,0
82.0,4,2.0,1.0,Entire home/apt,52.4865223,13.4309749,0.0,0,4.406719247264253,1,1,0
94.0,4,2.0,1.0,Entire home/apt,52.466366,13.3060594,0.0,0,4.543294782270004,1,1,0
61.0,3,1.0,1.0,Entire home/apt,52.4990736,13.4638246,0.0,0,4.110873864173311,1,1,0
62.0,2,1.0,1.0,Entire home/apt,52.55375,13.45119,0.0,0,4.127134385045092,1,1,0
81.0,4,2.0,1.0,Entire home/apt,52.55436,13.44975,0.0,0,4.394449154672439,1,1,0
81.0,2,1.0,1.0,Private room,52.48899369999999,13.2877628,0.0,0,4.394449154672439,1,1,0
60.0,2,1.0,1.0,Private room,52.49876,13.43843,5.0,5,4.0943445622221,1,1,0
64.0,3,1.0,1.0,Entire home/apt,52.5096235,13.4661866,0.0,0,4.158883083359672,1,1,0
92.0,2,1.0,1.0,Entire home/apt,52.515681144633945,13.452851818884517,5.0,2,4.5217885770490405,1,1,0
99.0,2,1.0,1.0,Entire home/apt,52.53872,13.41728,0.0,0,4.59511985013459,1,1,0
143.0,4,1.0,1.0,Entire home/apt,52.5477397,13.3528351,0.0,0,4.962844630259907,1,1,0
78.0,1,1.0,1.0,Private room,52.48383026260677,13.527369740531189,0.0,0,4.356708826689592,1,0,0
125.0,2,1.0,1.0,Entire home/apt,52.5477397,13.3528351,0.0,0,4.8283137373023015,1,1,0
71.0,3,1.0,1.0,Entire home/apt,52.52409,13.44956,0.0,0,4.262679877041316,0,1,0
146.0,14,5.0,0.0,Entire home/apt,52.4892,13.42746,5.0,2,4.983606621708336,1,1,0
66.0,1,1.0,1.0,Private room,52.47311,13.44521,5.0,4,4.189654742026425,1,1,0
80.0,2,1.0,1.0,Entire home/apt,52.49398233997218,13.381155849737569,0.0,0,4.382026634673881,1,1,0
143.0,4,2.0,2.0,Private room,52.48317,13.52523,0.0,0,4.962844630259907,1,0,0
56.0,2,1.0,1.0,Entire home/apt,52.5112343,13.4571322,0.0,0,4.02535169073515,1,1,0
106.0,3,1.0,1.0,Entire home/apt,52.4594775,13.3260596,0.0,0,4.663439094112067,1,1,0
77.0,2,1.0,1.0,Entire home/apt,52.47286,13.44585,0.0,0,4.343805421853684,1,1,0
279.0,12,5.0,2.0,Entire home/apt,52.50277,13.30856,0.0,0,5.631211781821365,1,1,0
139.0,4,1.0,1.0,Entire home/apt,52.50181220350256,13.29972807301635,4.67,3,4.934473933130692,1,1,0
77.0,1,1.0,1.0,Private room,52.51324009750454,13.458536744704258,5.0,1,4.343805421853684,1,1,0
87.0,2,1.0,0.0,Entire home/apt,52.5317948,13.3339902,0.0,0,4.465908118654584,1,1,0
44.0,2,1.0,1.0,Entire home/apt,52.4148513,13.318028,0.0,0,3.784189633918261,0,1,0
81.0,2,1.0,1.0,Private room,52.48899369999999,13.2877628,0.0,0,4.394449154672439,1,1,0
100.0,5,3.0,1.5,Entire home/apt,52.48727,13.38394,0.0,0,4.605170185988092,1,1,0
127.0,4,2.0,1.0,Entire home/apt,52.49011184,13.391633057812289,0.0,0,4.844187086458591,1,1,0
104.0,4,2.0,2.0,Entire home/apt,52.52306879999999,13.3797636,0.0,0,4.6443908991413725,1,1,0
87.0,2,1.0,1.0,Entire home/apt,52.49251,13.38436,5.0,3,4.465908118654584,1,1,0
60.0,3,1.0,1.0,Entire home/apt,52.4752,13.42223,0.0,0,4.0943445622221,1,1,0
90.0,4,2.0,1.0,Entire home/apt,52.48191,13.43315,0.0,0,4.499809670330265,1,1,0
45.0,1,1.0,1.0,Shared room,52.43357839999999,13.551648,0.0,0,3.80666248977032,1,1,0
45.0,2,0.0,1.0,Private room,52.50961,13.44891,0.0,0,3.80666248977032,1,1,0
204.0,8,3.0,1.0,Entire home/apt,52.51395,13.46133,0.0,0,5.318119993844216,1,1,0
165.0,6,2.0,1.5,Entire home/apt,52.52906,13.40079,0.0,0,5.10594547390058,1,1,0
95.0,2,1.0,0.5,Private room,52.55238,13.39999,0.0,0,4.553876891600541,1,1,0
65.0,2,1.0,2.0,Entire home/apt,52.52461,13.33978,0.0,0,4.174387269895637,1,1,0
100.0,8,3.0,1.5,Entire home/apt,52.425709565749166,13.503385892358237,5.0,2,4.605170185988092,1,1,0
91.0,3,1.0,1.0,Entire home/apt,52.46827648975646,13.428511219426207,0.0,0,4.51085950651685,1,1,0
167.0,6,4.0,2.0,Entire home/apt,52.46237692035518,13.28290142551885,0.0,0,5.117993812416755,1,1,0
42.0,1,1.0,1.0,Entire home/apt,52.4764,13.29315,0.0,0,3.737669618283368,1,1,0
63.0,2,1.0,1.0,Entire home/apt,52.51791,13.33748,0.0,0,4.143134726391533,1,1,0
71.0,1,1.0,1.0,Private room,52.5313221,13.4650473,5.0,2,4.262679877041316,1,1,0
53.0,2,1.0,1.0,Entire home/apt,52.43467,13.27552,0.0,0,3.970291913552122,1,1,0
71.0,3,1.0,1.0,Entire home/apt,52.4858644,13.3854483,0.0,0,4.262679877041316,1,1,0
99.0,2,1.0,1.0,Entire home/apt,52.55513,13.38738,0.0,0,4.59511985013459,1,1,0
148.0,4,2.0,1.0,Entire home/apt,52.5017273,13.2996637,5.0,4,4.997212273764115,1,1,0
48.0,2,1.0,1.0,Entire home/apt,52.41058,13.54411,0.0,0,3.871201010907891,1,1,0
79.0,1,1.0,1.0,Private room,52.50580129999999,13.3039731,0.0,0,4.3694478524670215,1,0,0
89.0,1,1.0,1.0,Private room,52.50555314259062,13.30390872698364,0.0,0,4.48863636973214,1,0,0
92.0,2,1.0,1.0,Private room,52.50580129999999,13.3039731,0.0,0,4.5217885770490405,1,0,0
105.0,2,1.0,1.0,Private room,52.50580129999999,13.3039731,0.0,0,4.653960350157523,1,0,0
122.0,3,1.0,1.0,Private room,52.50580129999999,13.3039731,0.0,0,4.804021044733257,1,0,0
149.0,4,1.0,1.0,Private room,52.50580129999999,13.3039731,0.0,0,5.003946305945459,1,0,0
182.0,5,1.0,1.0,Private room,52.50580129999999,13.3039731,0.0,0,5.204006687076795,1,0,0
120.0,3,1.0,1.0,Entire home/apt,52.5500427,13.4155135,4.5,2,4.787491742782046,1,1,0
43.0,2,1.0,1.0,Private room,52.55134837985823,13.378843543893204,5.0,2,3.7612001156935615,1,1,1
86.0,2,0.0,1.0,Entire home/apt,52.5475942,13.3509562,0.0,0,4.454347296253507,1,1,0
104.0,4,2.0,2.0,Entire home/apt,52.5230688,13.3797636,0.0,0,4.6443908991413725,1,1,0
73.0,4,1.0,1.0,Entire home/apt,52.4959268,13.359705,5.0,2,4.290459441148391,1,1,0
71.0,2,1.0,1.0,Private room,52.49909,13.34012,0.0,0,4.262679877041316,1,1,0
94.0,3,2.0,1.0,Entire home/apt,52.51643,13.30878,0.0,0,4.543294782270004,1,1,0
80.0,4,2.0,1.0,Entire home/apt,52.60275161,13.449540641802985,0.0,0,4.382026634673881,1,1,0
87.0,2,1.0,1.0,Entire home/apt,52.5475942,13.3509562,0.0,0,4.465908118654584,1,1,0
41.0,2,1.0,1.0,Entire home/apt,52.495603,13.295599,0.0,0,3.713572066704308,1,1,0
235.0,9,5.0,1.0,Entire home/apt,52.54604494240103,13.415199009920617,0.0,0,5.459585514144159,1,1,0
65.0,2,1.0,1.0,Entire home/apt,52.50959,13.37367,0.0,0,4.174387269895637,1,1,1
79.0,2,0.0,1.0,Entire home/apt,52.532189,13.4259495,0.0,0,4.3694478524670215,1,1,0
150.0,4,2.0,1.0,Entire home/apt,52.5017273,13.2996637,5.0,2,5.010635294096256,1,1,0
94.0,1,1.0,1.0,Private room,52.51716,13.42079,0.0,0,4.543294782270004,0,1,0
105.0,2,1.0,1.0,Entire home/apt,52.51029,13.30861,0.0,0,4.653960350157523,1,1,0
60.0,1,1.0,1.0,Private room,52.479196,13.419805,0.0,0,4.0943445622221,1,1,0
58.0,2,1.0,1.0,Private room,52.48375,13.42678,0.0,0,4.060443010546419,1,1,0
111.0,5,2.0,1.0,Entire home/apt,52.4916419,13.6249676,0.0,0,4.709530201312334,1,1,0
146.0,4,2.0,1.0,Entire home/apt,52.4802792,13.3446834,0.0,0,4.983606621708336,1,1,0
98.0,4,2.0,1.5,Entire home/apt,52.46279,13.42234,0.0,0,4.584967478670572,1,1,0
172.0,6,3.0,1.5,Entire home/apt,52.4910163,13.4919305,5.0,1,5.147494476813453,1,1,1
63.0,2,1.0,1.0,Private room,52.49888,13.46647,0.0,0,4.143134726391533,1,1,0
161.0,4,1.0,1.0,Entire home/apt,52.5477397,13.3528351,0.0,0,5.081404364984463,1,1,0
60.0,2,1.0,2.0,Entire home/apt,52.5236412,13.3388899,0.0,0,4.0943445622221,1,1,0
83.0,2,1.0,1.0,Entire home/apt,52.459218,13.3818612,0.0,0,4.418840607796598,1,1,0
120.0,3,1.0,2.0,Entire home/apt,52.53874,13.42194,0.0,0,4.787491742782046,1,1,0
93.0,4,2.0,1.0,Entire home/apt,52.43177,13.68745,0.0,0,4.532599493153256,1,1,0
96.0,2,1.0,2.0,Private room,52.4926548,13.4221147,0.0,0,4.564348191467836,1,1,0
93.0,2,1.0,2.0,Private room,52.4926548,13.4221147,0.0,0,4.532599493153256,1,1,0
120.0,6,3.0,1.5,Entire home/apt,52.53762645,13.37904622541998,0.0,0,4.787491742782046,1,1,0
246.0,8,1.0,1.0,Entire home/apt,52.5135,13.46425,5.0,2,5.5053315359323625,1,1,0
84.0,4,2.0,1.0,Entire home/apt,52.4643982,13.4377183,0.0,0,4.430816798843313,1,1,0
124.0,2,1.0,1.0,Entire home/apt,52.5016543,13.3582869,0.0,0,4.820281565605037,0,0,0
132.0,2,1.0,1.0,Entire home/apt,52.5016543,13.3582869,0.0,0,4.882801922586371,0,0,0
162.0,3,1.0,1.0,Entire home/apt,52.5016543,13.3582869,0.0,0,5.087596335232384,0,0,0
139.0,4,1.0,1.0,Entire home/apt,52.5016543,13.3582869,0.0,0,4.934473933130692,0,0,0
66.0,3,1.0,1.0,Entire home/apt,52.49163,13.33284,0.0,0,4.189654742026425,1,1,0
199.0,2,1.0,1.0,Entire home/apt,52.51178,13.28855,0.0,0,5.293304824724492,1,1,0
70.0,2,1.0,1.0,Entire home/apt,52.54967,13.43968,0.0,0,4.248495242049359,1,1,0
142.0,6,1.0,1.0,Entire home/apt,52.4836783,13.4366455,0.0,0,4.955827057601261,1,1,0
140.0,4,2.0,1.0,Entire home/apt,52.52169,13.46033,0.0,0,4.941642422609304,1,1,0
69.0,4,2.0,1.5,Entire home/apt,52.50864,13.4218,0.0,0,4.23410650459726,1,1,0
238.0,4,1.0,1.0,Entire home/apt,52.5016543,13.3582869,0.0,0,5.472270673671475,0,0,0
139.0,3,1.0,1.0,Entire home/apt,52.54098913403752,13.40459858186341,0.0,0,4.934473933130692,1,1,0
201.0,4,1.0,2.5,Entire home/apt,52.50745159509018,13.305669452761052,0.0,0,5.303304908059076,1,1,0
67.0,2,1.0,1.0,Entire home/apt,52.4640385,13.3313484,0.0,0,4.204692619390966,0,1,0
68.0,3,0.0,3.0,Private room,52.51521,13.45667,0.0,0,4.219507705176107,1,1,0
51.0,2,1.0,1.0,Entire home/apt,52.47619,13.37239,0.0,0,3.9318256327243257,1,1,0
91.0,4,2.0,1.0,Entire home/apt,52.5190755,13.1293344168386,0.0,0,4.51085950651685,1,1,1
44.0,2,1.0,1.0,Entire home/apt,52.51731,13.30115,0.0,0,3.784189633918261,1,1,0
121.0,8,1.0,1.0,Entire home/apt,52.48429,13.42836,0.0,0,4.795790545596741,1,1,0
93.0,4,1.0,1.0,Private room,52.49187,13.44915,0.0,0,4.532599493153256,1,1,0
72.0,3,1.0,1.0,Entire home/apt,52.5476045,13.3507666,0.0,0,4.276666119016055,1,1,0
72.0,3,2.0,1.0,Entire home/apt,52.49611,13.36463,0.0,0,4.276666119016055,1,1,0
83.0,2,1.0,1.0,Entire home/apt,52.52306,13.23821,0.0,0,4.418840607796598,1,1,0
110.0,4,2.0,1.0,Entire home/apt,52.5392934,13.4101622,0.0,0,4.700480365792417,1,1,0
160.0,5,2.0,1.0,Entire home/apt,52.48137,13.52838,0.0,0,5.075173815233827,1,1,0
75.0,3,1.0,0.5,Private room,52.49273,13.41635,0.0,0,4.31748811353631,1,1,0
63.0,2,1.0,1.0,Entire home/apt,52.58826,13.29385,0.0,0,4.143134726391533,1,1,0
134.0,4,2.0,1.0,Entire home/apt,52.48647727227865,13.375755407679966,0.0,0,4.897839799950911,1,1,0
56.0,2,1.0,1.0,Entire home/apt,52.47641,13.47448,0.0,0,4.02535169073515,1,1,0
83.0,2,1.0,1.0,Entire home/apt,52.5336,13.39956,0.0,0,4.418840607796598,1,1,0
270.0,7,3.0,2.0,Entire home/apt,52.4686,13.42731,0.0,0,5.598421958998375,1,1,0
50.0,2,1.0,1.0,Entire home/apt,52.51115108278406,13.280673623085022,0.0,0,3.912023005428146,1,1,0
89.0,2,1.0,1.0,Private room,52.5358315,13.4053524,0.0,0,4.48863636973214,1,0,0
66.0,3,1.0,1.0,Entire home/apt,52.52416789999999,13.3497624,0.0,0,4.189654742026425,1,1,0
200.0,2,1.0,1.0,Entire home/apt,52.44572549999999,13.4357567,0.0,0,5.298317366548036,1,1,0
163.0,6,3.0,1.0,Entire home/apt,52.53521,13.42569,0.0,0,5.093750200806762,1,1,0
74.0,3,1.0,1.0,Entire home/apt,52.5332362,13.349975,5.0,1,4.30406509320417,1,1,0
97.0,2,1.0,1.0,Entire home/apt,52.535557326658974,13.425621307915364,0.0,0,4.574710978503383,1,1,0
125.0,4,2.0,1.0,Entire home/apt,52.53418402500981,13.427012341875033,0.0,0,4.8283137373023015,1,1,0
64.0,3,1.0,1.0,Entire home/apt,52.512821,13.3938054,0.0,0,4.158883083359672,1,1,0
106.0,2,1.0,1.0,Entire home/apt,52.53995,13.41052,0.0,0,4.663439094112067,1,1,0
114.0,2,1.0,1.0,Entire home/apt,52.5418873,13.3714682,0.0,0,4.736198448394496,1,1,0
93.0,3,1.0,1.0,Entire home/apt,52.54788647487555,13.404902215344237,0.0,0,4.532599493153256,1,1,0
70.0,4,2.0,1.0,Entire home/apt,52.55917,13.35421,0.0,0,4.248495242049359,1,1,0
100.0,4,1.0,1.0,Entire home/apt,52.51101,13.46715,0.0,0,4.605170185988092,1,1,0
64.0,3,1.0,1.0,Entire home/apt,52.52416789999999,13.3497624,0.0,0,4.158883083359672,1,1,0
46.0,2,1.0,1.0,Entire home/apt,52.4939372,13.3840847,0.0,0,3.828641396489095,1,1,0
115.0,6,2.0,1.0,Entire home/apt,52.55101,13.40469,0.0,0,4.74493212836325,1,1,0
182.0,6,2.0,1.0,Entire home/apt,52.50045530000001,13.3077573,0.0,0,5.204006687076795,1,1,0
361.0,14,4.0,2.0,Entire home/apt,52.482913572249046,13.350265608477628,0.0,0,5.8888779583328805,1,1,0
81.0,3,1.0,1.0,Entire home/apt,52.53251093602146,13.482185344085686,0.0,0,4.394449154672439,1,1,0
100.0,2,1.0,1.0,Private room,52.4947587,13.3093964,0.0,0,4.605170185988092,1,0,0
119.0,3,1.0,1.0,Private room,52.4947587,13.3093964,0.0,0,4.77912349311153,1,0,0
120.0,3,1.0,1.0,Private room,52.4947587,13.3093964,0.0,0,4.787491742782046,1,0,0
85.0,1,1.0,1.0,Private room,52.4947587,13.3093964,0.0,0,4.442651256490317,1,0,0
150.0,4,1.0,1.0,Private room,52.4947587,13.3093964,0.0,0,5.010635294096256,1,0,0
127.0,4,1.0,1.0,Entire home/apt,52.4938668,13.425641,0.0,0,4.844187086458591,1,1,0
167.0,4,2.0,1.0,Entire home/apt,52.5352952,13.4327812,0.0,0,5.117993812416755,1,1,0
159.0,4,1.0,1.0,Entire home/apt,52.4699,13.33428,0.0,0,5.068904202220232,1,1,0
63.0,2,1.0,1.0,Entire home/apt,52.5192,13.34689,0.0,0,4.143134726391533,1,1,0
48.0,2,1.0,0.5,Private room,52.5541693,13.4312561,0.0,0,3.871201010907891,1,1,0
60.0,3,1.0,1.0,Entire home/apt,52.524331,13.3498423,0.0,0,4.0943445622221,1,1,0
113.0,4,2.0,1.0,Entire home/apt,52.53201920000001,13.4157765,0.0,0,4.727387818712341,1,1,0
99.0,2,1.0,1.0,Entire home/apt,52.4853,13.32796,0.0,0,4.59511985013459,1,1,0
66.0,3,1.0,1.0,Entire home/apt,52.51507,13.29734,0.0,0,4.189654742026425,1,1,0
43.0,2,2.0,1.0,Entire home/apt,52.47115618990482,13.44997666822478,0.0,0,3.7612001156935615,1,1,0
105.0,4,1.0,1.0,Entire home/apt,52.53265,13.41935,0.0,0,4.653960350157523,1,1,0
81.0,2,1.0,1.0,Entire home/apt,52.4944212,13.4385798,0.0,0,4.394449154672439,1,1,0
89.0,6,3.0,2.0,Entire home/apt,52.44235159999999,13.5502099,0.0,0,4.48863636973214,1,1,0
90.0,4,2.0,1.0,Entire home/apt,52.5653284,13.3892949,0.0,0,4.499809670330265,1,1,0
66.0,3,1.0,1.0,Entire home/apt,52.4772563,13.4244676,0.0,0,4.189654742026425,1,1,0
81.0,2,1.0,1.0,Entire home/apt,52.49340549999999,13.4319376,0.0,0,4.394449154672439,1,1,0
63.0,2,1.0,1.0,Private room,52.47102,13.4499,0.0,0,4.143134726391533,1,1,0
45.0,1,1.0,1.0,Private room,52.54825,13.40688,0.0,0,3.80666248977032,1,1,0
