price,accommodates,bedrooms,bathrooms,room_type,latitude,longitude,review_scores_rating,number_of_reviews,log_price,wifi,kitchen,air_conditioning
105.0,2,1.0,1.0,Entire home/apt,52.53471,13.4181,4.63,149,4.653960350157523,1,1,0
135.0,7,4.0,2.5,Entire home/apt,52.53269,13.41805,5.0,7,4.90527477843843,1,1,0
75.0,1,0.0,1.0,Entire home/apt,52.54813,13.40366,4.68,26,4.31748811353631,1,1,0
77.0,4,1.0,1.0,Entire home/apt,52.50312,13.43508,4.72,48,4.343805421853684,1,1,0
40.0,2,0.0,1.0,Entire home/apt,52.49419,13.42166,4.77,299,3.6888794541139363,1,1,0
60.0,2,1.0,1.0,Entire home/apt,52.5046,13.43374,4.74,60,4.0943445622221,0,1,0
143.0,6,2.0,1.0,Entire home/apt,52.53355,13.40476,4.81,559,4.962844630259907,1,1,0
70.0,1,0.0,1.0,Entire home/apt,52.54804,13.40349,4.66,34,4.248495242049359,1,1,0
107.0,8,2.0,1.0,Entire home/apt,52.54596,13.42291,4.8,481,4.672828834461906,1,1,0
60.0,4,1.0,1.0,Entire home/apt,52.49546,13.30858,5.0,3,4.0943445622221,1,1,0
64.0,2,1.0,1.0,Private room,52.49376,13.36408,4.74,37,4.1588830833596715,1,1,0
51.0,3,1.0,1.5,Private room,52.4987,13.44041,4.52,206,3.9318256327243257,1,1,0
200.0,4,2.0,1.0,Entire home/apt,52.51099,13.45642,4.91,201,5.298317366548036,1,1,0
57.0,2,1.0,1.0,Entire home/apt,52.50469,13.29409,4.81,21,4.04305126783455,1,1,0
95.0,2,0.0,1.0,Entire home/apt,52.49612,13.42306,4.71,35,4.553876891600541,1,1,0
186.0,4,2.0,2.0,Entire home/apt,52.54059,13.40301,4.75,16,5.225746673713202,1,1,0
62.0,2,1.0,1.5,Private room,52.54994,13.406019,4.95,122,4.127134385045092,1,1,0
143.0,4,1.0,1.0,Entire home/apt,52.49337,13.42555,4.99,89,4.962844630259907,1,1,0
84.0,4,0.0,1.0,Entire home/apt,52.55004,13.41518,4.63,425,4.430816798843313,1,1,0
106.0,1,1.0,1.0,Entire home/apt,52.5488,13.40425,5.0,2,4.663439094112067,1,1,0
85.0,2,1.0,1.5,Entire home/apt,52.5078,13.31867,4.69,105,4.442651256490317,1,1,0
71.0,1,0.0,1.0,Entire home/apt,52.48074,13.28903,4.95,178,4.2626798770413155,1,1,0
66.0,2,1.0,1.0,Entire home/apt,52.55064,13.41466,4.93,428,4.189654742026425,1,1,0
244.0,6,2.0,1.5,Entire home/apt,52.54720260822955,13.416090488433827,4.87,395,5.497168225293202,1,1,0
94.0,2,2.0,1.0,Entire home/apt,52.53036,13.38137,4.72,195,4.543294782270004,1,1,0
128.0,4,2.0,1.0,Entire home/apt,52.54715,13.42657,4.88,303,4.852030263919617,1,1,0
110.0,4,1.0,1.0,Entire home/apt,52.54048,13.41087,4.81,70,4.700480365792417,1,1,0
90.0,4,1.0,1.0,Entire home/apt,52.58178,13.3962,4.96,49,4.499809670330265,1,1,0
58.0,4,1.0,1.0,Entire home/apt,52.49989,13.4448,4.72,82,4.060443010546419,1,1,0
103.0,2,1.0,1.0,Entire home/apt,52.52536,13.40488,4.83,734,4.634728988229636,1,1,0
100.0,2,1.0,1.0,Entire home/apt,52.48033,13.3609,4.9,320,4.605170185988092,1,1,0
63.0,2,1.0,1.0,Entire home/apt,52.49681,13.41758,4.4,30,4.143134726391533,1,1,0
245.0,5,2.0,1.0,Entire home/apt,52.47844,13.30973,4.88,77,5.501258210544727,1,1,0
180.0,4,2.0,1.0,Entire home/apt,52.49919,13.43648,4.73,49,5.19295685089021,1,1,0
48.0,2,1.0,1.0,Entire home/apt,52.58045,13.44398,4.91,35,3.871201010907891,1,1,0
80.0,5,2.0,2.0,Entire home/apt,52.52889,13.40726,4.81,33,4.382026634673881,1,1,0
364.0,7,3.0,2.0,Entire home/apt,52.50254,13.39134,4.77,127,5.8971538676367405,1,1,0
214.0,5,2.0,2.0,Entire home/apt,52.50254,13.39134,4.49,90,5.365976015021851,1,1,0
248.0,12,3.0,1.5,Entire home/apt,52.57051,13.39872,4.82,189,5.5134287461649825,1,1,0
65.0,1,1.0,1.0,Entire home/apt,52.499,13.30171,4.83,30,4.174387269895637,1,1,0
52.0,1,1.0,1.0,Private room,52.4935,13.42134,4.89,648,3.9512437185814275,1,0,0
45.0,2,1.0,1.0,Entire home/apt,52.49281,13.34951,4.66,58,3.8066624897703196,1,1,0
120.0,4,2.0,1.0,Entire home/apt,52.53822,13.45771,4.75,103,4.787491742782046,1,1,0
65.0,3,0.0,1.0,Entire home/apt,52.43973,13.46044,4.73,76,4.174387269895637,1,1,0
57.0,2,1.0,1.0,Private room,52.49187,13.42091,4.9,683,4.04305126783455,1,0,0
117.0,4,2.0,1.0,Entire home/apt,52.4766,13.50838,4.15,66,4.762173934797756,1,1,0
83.0,2,1.0,1.5,Entire home/apt,52.52023,13.44703,4.9,264,4.418840607796598,1,1,0
40.0,1,1.0,2.0,Private room,52.49713,13.32525,4.67,12,3.6888794541139363,1,1,0
100.0,4,3.0,1.0,Entire home/apt,52.41363,13.50172,4.33,3,4.605170185988092,1,1,0
32.0,1,1.0,1.0,Private room,52.52349,13.2979,4.25,8,3.4657359027997265,1,1,0
40.0,1,1.0,1.0,Private room,52.5189,13.3009,4.5,91,3.6888794541139363,1,0,0
55.0,2,1.0,1.0,Entire home/apt,52.52545,13.29847,4.83,41,4.007333185232471,1,1,0
89.0,4,2.0,1.0,Entire home/apt,52.54223,13.35284,4.81,645,4.48863636973214,1,1,0
42.0,2,1.0,1.0,Entire home/apt,52.52875,13.34062,4.73,211,3.7376696182833684,1,1,0
42.0,1,1.0,1.5,Private room,52.40484,13.53339,4.94,448,3.7376696182833684,1,1,0
82.0,2,1.0,1.0,Entire home/apt,52.52067184448242,13.341280937194824,4.64,170,4.406719247264253,1,1,0
82.0,2,1.0,1.0,Entire home/apt,52.52147674560547,13.342495918273926,4.51,123,4.406719247264253,1,1,0
66.0,2,1.0,1.0,Private room,52.52861,13.40527,4.91,338,4.189654742026425,1,1,0
96.0,7,4.0,2.5,Entire home/apt,52.39095,13.39185,5.0,7,4.564348191467836,1,1,0
27.0,1,1.0,1.0,Entire home/apt,52.51167,13.2852,4.68,25,3.295836866004329,0,1,0
114.0,2,1.0,1.0,Entire home/apt,52.50587,13.29551,4.95,40,4.736198448394496,1,1,0
52.0,2,1.0,1.0,Entire home/apt,52.44127,13.46116,4.83,66,3.9512437185814275,1,1,0
86.0,2,1.0,1.0,Entire home/apt,52.53218,13.41571,4.83,691,4.454347296253507,1,1,0
145.0,2,1.0,2.0,Entire home/apt,52.51367,13.45527,4.76,97,4.976733742420574,1,1,0
89.0,4,1.0,1.0,Entire home/apt,52.41643,13.16445,5.0,3,4.48863636973214,1,1,0
85.0,2,1.0,1.0,Entire home/apt,52.41618,13.16461,3.0,2,4.442651256490317,1,1,0
64.0,4,0.0,1.0,Entire home/apt,52.52826,13.33044,4.67,287,4.1588830833596715,1,1,0
184.0,5,1.0,1.0,Entire home/apt,52.53094,13.33453,4.77,57,5.214935757608986,1,1,0
135.0,5,2.0,1.0,Entire home/apt,52.52779,13.39108,4.66,428,4.90527477843843,1,1,0
152.0,6,2.0,1.0,Entire home/apt,52.52983,13.39275,4.72,365,5.0238805208462765,1,1,0
77.0,4,2.0,1.5,Entire home/apt,52.44612,13.49829,4.58,246,4.343805421853684,1,1,0
223.0,6,3.0,1.0,Entire home/apt,52.52024,13.3907,4.54,191,5.407171771460119,1,1,0
140.0,4,1.0,1.0,Entire home/apt,52.50974,13.39971,4.53,119,4.941642422609304,1,1,0
86.0,2,1.0,1.0,Entire home/apt,52.54339,13.42615,4.83,184,4.454347296253507,1,1,0
88.0,4,1.0,1.0,Entire home/apt,52.49512,13.35251,4.82,348,4.477336814478207,1,1,0
126.0,6,2.0,2.0,Entire home/apt,52.51792,13.30729,4.41,94,4.836281906951478,1,1,0
80.0,2,1.0,1.0,Entire home/apt,52.48471,13.35982,4.86,127,4.382026634673881,1,1,0
70.0,4,1.0,1.0,Entire home/apt,52.42191,13.37495,4.97,69,4.248495242049359,1,1,0
93.0,4,1.0,1.0,Entire home/apt,52.51792,13.30729,4.48,47,4.532599493153256,1,1,0
112.0,6,2.0,1.0,Entire home/apt,52.47013,13.34851,4.47,49,4.718498871295094,1,1,0
126.0,6,2.0,1.5,Entire home/apt,52.49953,13.36546,4.63,86,4.836281906951478,1,1,0
44.0,2,1.0,1.0,Private room,52.51432,13.17765,4.83,77,3.784189633918261,1,1,0
116.0,5,2.0,1.0,Entire home/apt,52.53703,13.39735,4.68,47,4.7535901911063645,1,1,0
91.0,5,2.0,1.0,Entire home/apt,52.53867,13.39712,4.51,43,4.51085950651685,1,1,0
114.0,4,2.0,1.0,Entire home/apt,52.53667,13.39505,4.84,87,4.736198448394496,1,1,0
81.0,4,2.0,1.0,Entire home/apt,52.53881,13.39654,4.8,50,4.394449154672439,1,1,0
99.0,2,1.0,1.0,Entire home/apt,52.53777,13.39144,4.82,126,4.59511985013459,1,1,0
40.0,3,2.0,1.0,Entire home/apt,52.49738,13.41322,4.33,107,3.6888794541139363,1,1,0
69.0,4,0.0,1.0,Entire home/apt,52.50786,13.46703,4.65,373,4.23410650459726,1,1,0
68.0,4,2.0,1.0,Entire home/apt,52.49707,13.3849,4.58,243,4.219507705176107,1,1,0
69.0,6,2.0,2.0,Entire home/apt,52.39203,13.41021,4.7,156,4.23410650459726,1,1,0
63.0,2,1.0,1.0,Entire home/apt,52.51625,13.34267,4.83,35,4.143134726391533,1,1,0
87.0,2,0.0,1.5,Entire home/apt,52.53949,13.41615,4.82,336,4.465908118654584,1,1,0
96.0,2,1.0,1.0,Entire home/apt,52.53237,13.41548,4.87,766,4.564348191467836,1,1,0
117.0,4,1.0,1.0,Private room,52.50977,13.44602,4.42,189,4.762173934797756,1,1,0
77.0,2,1.0,0.0,Private room,52.50977,13.44602,4.28,263,4.343805421853684,1,0,0
18.0,3,1.0,0.0,Shared room,52.50977,13.44602,4.35,194,2.8903717578961645,1,0,0
22.0,4,1.0,0.0,Shared room,52.50977,13.44602,4.28,71,3.091042453358316,1,1,0
105.0,4,1.0,1.0,Entire home/apt,52.44987,13.48777,4.75,40,4.653960350157523,1,1,0
95.0,4,1.0,1.0,Entire home/apt,52.54424,13.42139,4.96,265,4.553876891600541,1,1,0
90.0,4,1.0,1.0,Entire home/apt,52.41975,13.48541,4.98,52,4.499809670330265,1,1,0
144.0,5,2.0,1.5,Entire home/apt,52.49614,13.29501,4.84,115,4.969813299576001,1,1,0
160.0,6,3.0,1.0,Entire home/apt,52.51952,13.3513,4.7,59,5.075173815233827,1,1,0
88.0,2,1.0,1.0,Entire home/apt,52.53091,13.41711,4.65,844,4.477336814478207,1,1,0
35.0,2,1.0,1.0,Private room,52.52576,13.39042,4.8,10,3.5553480614894135,1,1,0
29.0,2,1.0,1.0,Private room,52.55381,13.40553,4.95,301,3.367295829986474,1,1,0
167.0,4,2.0,1.0,Entire home/apt,52.53961,13.41951,4.86,356,5.117993812416755,1,1,0
236.0,8,3.0,2.0,Entire home/apt,52.49779,13.35518,4.86,329,5.4638318050256105,1,1,0
162.0,2,1.0,1.0,Entire home/apt,52.53164,13.40554,4.84,95,5.087596335232384,1,1,0
50.0,2,1.0,1.0,Entire home/apt,52.46353,13.34404,4.75,399,3.912023005428146,1,1,0
60.0,2,1.0,1.0,Entire home/apt,52.46411,13.34383,4.78,164,4.0943445622221,1,1,0
142.0,7,1.0,1.0,Entire home/apt,52.53392,13.40503,4.59,275,4.955827057601261,1,1,0
90.0,4,0.0,1.0,Entire home/apt,52.54094,13.43602,4.64,490,4.499809670330265,1,1,0
88.0,4,0.0,1.0,Entire home/apt,52.5429,13.43628,4.65,491,4.477336814478207,1,1,0
46.0,1,1.0,2.0,Private room,52.48348,13.42909,4.47,149,3.828641396489095,1,1,0
62.0,3,1.0,2.0,Private room,52.48348,13.42909,4.37,267,4.127134385045092,1,1,0
62.0,3,1.0,1.0,Private room,52.48348,13.42909,4.37,307,4.127134385045092,1,1,0
60.0,2,1.0,1.0,Entire home/apt,52.5376,13.41004,4.8,11,4.0943445622221,1,1,0
85.0,5,1.0,1.0,Entire home/apt,52.49885,13.40021,4.5,468,4.442651256490317,0,1,0
70.0,2,1.0,1.0,Entire home/apt,52.5135,13.45802,4.92,508,4.248495242049359,1,1,0
81.0,2,1.0,1.0,Private room,52.53754,13.41968,4.96,258,4.394449154672439,1,1,0
62.0,2,1.0,1.0,Entire home/apt,52.51837,13.31841,4.0,5,4.127134385045092,1,1,0
29.0,2,1.0,1.0,Private room,52.50623,13.30163,4.91,55,3.367295829986474,1,1,0
55.0,2,1.0,1.0,Entire home/apt,52.52332,13.35737,0.0,1,4.007333185232471,1,1,0
54.0,6,2.0,1.0,Entire home/apt,52.57917,13.44359,4.43,167,3.9889840465642745,1,1,0
110.0,2,1.0,1.0,Entire home/apt,52.5028,13.4374,4.91,455,4.700480365792417,1,1,0
95.0,4,1.0,1.0,Entire home/apt,52.49356460571289,13.412236213684082,4.87,397,4.553876891600541,1,1,0
90.0,2,2.0,1.0,Entire home/apt,52.47837,13.42436,4.88,48,4.499809670330265,1,1,0
171.0,2,1.0,1.0,Entire home/apt,52.51133,13.3951,5.0,12,5.14166355650266,1,1,0
116.0,6,2.0,1.0,Entire home/apt,52.53916,13.41008,4.86,397,4.7535901911063645,1,1,0
49.0,2,1.0,1.0,Entire home/apt,52.54167,13.37285,4.55,11,3.8918202981106265,1,1,0
77.0,2,1.0,1.0,Entire home/apt,52.43663,13.21023,4.71,17,4.343805421853684,1,1,0
90.0,4,1.0,1.0,Entire home/apt,52.52971,13.38907,4.84,405,4.499809670330265,1,1,0
132.0,5,1.0,1.0,Entire home/apt,52.52961,13.38904,4.83,309,4.882801922586371,1,1,0
65.0,2,1.0,1.0,Entire home/apt,52.54116,13.41449,4.91,275,4.174387269895637,1,1,0
89.0,4,1.0,1.0,Entire home/apt,52.49257,13.41091,4.9,560,4.48863636973214,1,1,0
169.0,6,2.0,1.0,Entire home/apt,52.49861907958984,13.337254524230955,4.68,175,5.1298987149230735,1,1,0
260.0,4,2.0,1.0,Entire home/apt,52.54297,13.42026,4.74,154,5.560681631015528,1,1,0
140.0,4,0.0,1.0,Entire home/apt,52.49986,13.33631,4.69,165,4.941642422609304,1,1,0
85.0,4,1.0,1.0,Entire home/apt,52.47919,13.42538,4.76,222,4.442651256490317,1,1,0
125.0,2,1.0,1.0,Entire home/apt,52.5151,13.41369,4.81,292,4.8283137373023015,1,1,0
160.0,5,3.0,2.0,Entire home/apt,52.53593,13.38122,5.0,2,5.075173815233827,1,1,0
86.0,2,0.0,1.0,Entire home/apt,52.53609819909791,13.37822039816644,4.75,371,4.454347296253507,1,1,0
86.0,2,1.0,1.0,Entire home/apt,52.53608,13.37843,4.83,342,4.454347296253507,1,1,0
86.0,4,1.0,1.0,Entire home/apt,52.53325,13.40217,5.0,6,4.454347296253507,1,1,0
219.0,12,4.0,2.0,Entire home/apt,52.54407,13.42201,4.93,354,5.389071729816501,1,1,0
252.0,4,2.0,2.5,Entire home/apt,52.48916,13.35058,4.96,93,5.529429087511423,1,1,0
59.0,4,1.0,1.0,Entire home/apt,52.4568,13.38698,4.66,294,4.07753744390572,1,1,0
46.0,2,1.0,1.0,Private room,52.53097,13.41577,4.66,829,3.828641396489095,1,1,0
49.0,2,1.0,1.0,Entire home/apt,52.54797,13.40576,4.44,51,3.8918202981106265,1,1,0
92.0,4,1.0,1.0,Entire home/apt,52.43286,13.70843,4.95,20,4.5217885770490405,1,1,0
86.0,6,1.0,1.0,Entire home/apt,52.52434,13.32946,4.68,204,4.454347296253507,1,1,0
90.0,2,1.0,1.0,Entire home/apt,52.48207,13.36099,4.87,476,4.499809670330265,1,1,0
135.0,2,0.0,1.0,Entire home/apt,52.50561957139374,13.42042823702963,4.89,140,4.90527477843843,1,1,0
82.0,4,1.0,1.0,Entire home/apt,52.5475,13.40002,4.72,389,4.406719247264253,1,1,0
50.0,2,1.0,1.0,Private room,52.49081,13.34785,4.85,56,3.912023005428146,1,0,0
114.0,2,1.0,1.0,Entire home/apt,52.4789,13.42376,5.0,11,4.736198448394496,1,1,0
46.0,2,1.0,1.0,Private room,52.5321,13.41539,4.59,535,3.828641396489095,1,1,0
31.0,2,1.0,1.0,Entire home/apt,52.49847,13.34911,4.51,82,3.4339872044851463,1,1,0
94.0,2,1.0,1.0,Entire home/apt,52.45767,13.37887,4.75,35,4.543294782270004,1,1,0
60.0,2,1.0,1.0,Entire home/apt,52.41305,13.47963,4.51,74,4.0943445622221,1,1,0
37.0,2,1.0,1.0,Entire home/apt,52.48623,13.44967,4.74,97,3.6109179126442243,1,1,0
65.0,2,1.0,1.0,Entire home/apt,52.41335,13.47975,4.65,65,4.174387269895637,1,1,0
49.0,6,3.0,1.0,Entire home/apt,52.49739,13.30231,4.61,120,3.8918202981106265,1,1,0
29.0,1,1.0,1.0,Private room,52.57379,13.35485,4.66,35,3.367295829986474,1,1,0
108.0,2,1.0,1.0,Entire home/apt,52.49615,13.43335,4.85,61,4.68213122712422,1,1,0
56.0,2,0.0,1.0,Entire home/apt,52.47869172457248,13.424232488677047,4.86,35,4.02535169073515,1,1,0
83.0,2,1.0,1.0,Entire home/apt,52.51206,13.41754,4.8,408,4.418840607796598,1,1,0
50.0,4,1.0,1.0,Entire home/apt,52.50081,13.30127,4.76,128,3.912023005428146,1,1,0
85.0,1,1.0,1.5,Private room,52.49765119267812,13.428157359714586,4.73,65,4.442651256490317,1,1,0
108.0,3,1.0,1.0,Entire home/apt,52.52819,13.39641,4.91,150,4.68213122712422,1,1,0
44.0,4,1.0,1.0,Private room,52.53103,13.41687,4.62,791,3.784189633918261,1,1,0
95.0,2,2.0,0.5,Private room,52.49242,13.42037,4.87,170,4.553876891600541,1,1,0
51.0,3,1.0,1.0,Entire home/apt,52.48512,13.3558,4.66,38,3.9318256327243257,1,1,0
70.0,1,1.0,1.0,Private room,52.53443,13.42852,0.0,0,4.248495242049359,1,1,0
83.0,1,1.0,1.0,Private room,52.48955,13.32265,4.76,231,4.418840607796598,1,1,0
60.0,2,1.0,1.0,Entire home/apt,52.49318,13.43811,4.83,167,4.0943445622221,1,1,0
69.0,2,1.0,1.0,Entire home/apt,52.53088,13.35107,4.56,144,4.23410650459726,1,1,0
45.0,2,1.0,1.0,Entire home/apt,52.48749,13.41877,4.75,182,3.8066624897703196,1,1,0
334.0,8,3.0,1.0,Entire home/apt,52.51442,13.45243,4.94,227,5.811140992976701,1,1,0
41.0,2,1.0,1.0,Private room,52.5618,13.49399,4.69,120,3.713572066704308,1,1,0
173.0,9,4.0,1.5,Entire home/apt,52.45308,13.35351,4.9,126,5.153291594497779,1,1,0
63.0,2,1.0,1.0,Private room,52.49211,13.36937,4.88,160,4.143134726391533,1,1,0
247.0,2,1.0,1.0,Entire home/apt,52.51279,13.44946,4.93,94,5.5093883366279774,1,1,0
65.0,1,1.0,1.0,Private room,52.48981,13.4216,4.88,91,4.174387269895637,1,1,0
130.0,2,1.0,1.0,Entire home/apt,52.55474,13.41318,4.95,93,4.867534450455582,1,1,0
40.0,1,0.0,1.0,Entire home/apt,52.43166,13.4549,4.65,241,3.6888794541139363,0,1,0
99.0,3,1.0,1.5,Private room,52.52907,13.3966,4.72,18,4.59511985013459,1,1,1
118.0,2,1.0,1.0,Entire home/apt,52.42438888549805,13.327753067016602,4.9,10,4.770684624465665,1,1,0
84.0,2,1.0,1.0,Entire home/apt,52.54686,13.40964,4.8,44,4.430816798843313,1,1,0
47.0,2,1.0,1.0,Private room,52.53533,13.41739,4.85,144,3.8501476017100584,1,1,0
80.0,2,1.0,1.0,Entire home/apt,52.44787,13.4394,4.73,90,4.382026634673881,1,1,0
114.0,5,2.0,1.0,Entire home/apt,52.49068,13.40485,4.58,412,4.736198448394496,1,1,0
65.0,3,1.0,1.0,Entire home/apt,52.49299,13.39633,4.76,141,4.174387269895637,1,1,0
150.0,2,1.0,1.0,Entire home/apt,52.54653,13.40217,4.88,113,5.0106352940962555,1,1,0
85.0,2,1.0,1.0,Entire home/apt,52.54851,13.40579,4.76,21,4.442651256490317,1,1,0
112.0,4,1.0,1.0,Entire home/apt,52.54296,13.42575,4.94,452,4.718498871295094,1,1,0
61.0,1,2.0,1.5,Entire home/apt,52.57515,13.36888,4.71,72,4.110873864173311,1,1,0
97.0,4,1.0,1.0,Entire home/apt,52.4763,13.4415,4.82,222,4.574710978503383,1,1,0
67.0,1,1.0,1.0,Entire home/apt,52.49487,13.42879,4.73,178,4.204692619390966,1,1,0
120.0,2,1.0,1.0,Entire home/apt,52.53466,13.35154,0.0,0,4.787491742782046,1,1,0
194.0,4,2.0,1.0,Entire home/apt,52.44637,13.44797,4.33,6,5.267858159063328,1,1,0
75.0,2,1.0,1.0,Entire home/apt,52.50439,13.42558,4.59,22,4.31748811353631,1,1,0
75.0,2,1.0,1.0,Entire home/apt,52.50253,13.4258,4.63,19,4.31748811353631,1,1,0
86.0,3,1.0,1.0,Entire home/apt,52.54389,13.42163,4.77,70,4.454347296253507,1,1,0
67.0,2,1.0,1.0,Entire home/apt,52.54266,13.41643,4.5,2,4.204692619390966,1,1,0
189.0,5,3.0,1.0,Entire home/apt,52.53501,13.40262,4.89,29,5.241747015059643,1,1,0
108.0,6,2.0,1.0,Entire home/apt,52.54498,13.4156,4.56,252,4.68213122712422,1,1,0
144.0,2,1.0,1.0,Entire home/apt,52.49823,13.43371,4.91,49,4.969813299576001,1,1,0
129.0,5,2.0,1.0,Entire home/apt,52.47714,13.45189,4.85,83,4.859812404361672,1,1,0
62.0,3,2.0,1.0,Entire home/apt,52.5531005859375,13.352760314941406,4.76,26,4.127134385045092,1,1,0
95.0,4,1.0,3.0,Entire home/apt,52.53631,13.40655,4.9,21,4.553876891600541,1,1,0
96.0,2,1.0,1.0,Entire home/apt,52.51455,13.45987,4.77,31,4.564348191467836,1,1,0
43.0,1,1.0,1.5,Private room,52.46483,13.51275,4.5,10,3.7612001156935624,1,1,0
100.0,2,1.0,1.0,Entire home/apt,52.49705,13.43411,5.0,2,4.605170185988092,1,1,0
97.0,5,1.0,1.0,Entire home/apt,52.50954,13.40504,4.48,50,4.574710978503383,1,1,0
39.0,3,1.0,2.0,Private room,52.56078,13.49243,4.75,129,3.6635616461296463,1,1,0
39.0,1,1.0,1.0,Private room,52.58814,13.39598,4.93,30,3.6635616461296463,1,0,0
55.0,2,1.0,1.0,Private room,52.52242,13.33317,4.83,64,4.007333185232471,1,0,0
100.0,3,1.0,1.0,Entire home/apt,52.50113,13.43176,4.86,520,4.605170185988092,1,1,0
26.0,1,1.0,1.0,Private room,52.52011,13.35889,4.85,13,3.258096538021482,1,1,0
120.0,2,1.0,1.0,Entire home/apt,52.53321,13.42556,4.95,174,4.787491742782046,1,1,0
80.0,2,1.0,1.0,Private room,52.48851,13.34912,4.92,37,4.382026634673881,1,1,0
32.0,2,1.0,1.0,Entire home/apt,52.50865,13.24357,4.59,17,3.4657359027997265,1,1,0
46.0,3,2.0,1.0,Entire home/apt,52.51576,13.26434,4.86,37,3.828641396489095,1,1,0
44.0,2,1.0,1.0,Private room,52.52798,13.39096,4.53,15,3.784189633918261,1,1,0
233.0,7,3.0,2.0,Entire home/apt,52.53741,13.45873,4.91,309,5.4510384535657,1,1,1
79.0,3,1.0,1.0,Entire home/apt,52.53558,13.42542,4.88,370,4.3694478524670215,1,1,0
135.0,3,1.0,1.0,Entire home/apt,52.4709,13.30979,0.0,0,4.90527477843843,1,1,0
87.0,4,2.0,1.0,Entire home/apt,52.54013,13.35249,4.84,654,4.465908118654584,1,1,0
192.0,4,3.0,1.5,Entire home/apt,52.52853,13.38713,4.96,323,5.2574953720277815,1,1,0
69.0,2,1.0,1.0,Private room,52.39198,13.40816,4.78,9,4.23410650459726,1,1,0
62.0,4,1.0,1.0,Private room,52.40838,13.53149,4.89,161,4.127134385045092,1,1,0
55.0,3,1.0,1.0,Private room,52.40868,13.53306,4.65,54,4.007333185232471,1,1,0
89.0,3,0.0,1.0,Entire home/apt,52.54213,13.43838,4.6,453,4.48863636973214,1,1,0
55.0,4,1.0,1.0,Private room,52.63905,13.2752,4.84,229,4.007333185232471,1,0,0
53.0,2,0.0,0.0,Entire home/apt,52.54689,13.42632,4.88,156,3.970291913552122,1,1,0
54.0,1,1.0,1.0,Private room,52.51248,13.31687,4.68,57,3.9889840465642745,1,1,0
55.0,2,1.0,1.0,Private room,52.48648,13.35029,4.86,83,4.007333185232471,1,1,0
85.0,4,1.0,1.0,Entire home/apt,52.53994,13.40936,4.82,154,4.442651256490317,1,1,0
60.0,1,1.0,1.0,Private room,52.49158,13.42327,4.91,213,4.0943445622221,1,1,0
60.0,4,2.0,1.5,Entire home/apt,52.49457,13.39525,4.76,166,4.0943445622221,1,1,0
45.0,2,1.0,1.0,Entire home/apt,52.48754,13.42052,4.74,162,3.8066624897703196,1,1,0
46.0,1,1.0,1.5,Private room,52.4338,13.55078,4.92,37,3.828641396489095,1,0,0
97.0,2,1.0,1.0,Entire home/apt,52.50386,13.37007,4.79,534,4.574710978503383,1,1,0
19.0,3,1.0,1.0,Private room,52.52537,13.63342,4.99,70,2.9444389791664403,1,1,1
56.0,2,1.0,1.0,Entire home/apt,52.44656,13.61662,4.8,237,4.02535169073515,1,1,0
50.0,2,1.0,1.0,Entire home/apt,52.5475,13.40584,5.0,2,3.912023005428146,1,1,0
86.0,2,1.0,1.0,Private room,52.49256,13.43667,4.83,166,4.454347296253507,1,0,0
479.0,4,3.0,2.0,Entire home/apt,52.52746,13.40781,5.0,18,6.171700597410915,1,1,0
65.0,1,1.0,1.0,Private room,52.50059,13.34231,4.9,100,4.174387269895637,1,1,0
139.0,2,1.0,1.0,Entire home/apt,52.53979,13.35207,4.87,74,4.9344739331306915,1,1,0
171.0,2,1.0,1.0,Entire home/apt,52.498642,13.205566,4.92,89,5.14166355650266,1,1,0
65.0,4,2.0,1.0,Entire home/apt,52.49941,13.32183,4.0,4,4.174387269895637,1,1,0
162.0,3,1.0,1.0,Entire home/apt,52.5313,13.39461,4.53,197,5.087596335232384,1,1,0
125.0,4,2.0,1.0,Entire home/apt,52.536751,13.40753,4.64,72,4.8283137373023015,1,1,0
57.0,3,1.0,1.0,Entire home/apt,52.48071,13.4217,4.48,32,4.04305126783455,1,1,0
35.0,1,1.0,1.0,Entire home/apt,52.52345,13.40424,4.71,56,3.5553480614894135,1,0,1
93.0,4,1.0,1.0,Entire home/apt,52.53413,13.39945,4.29,9,4.532599493153256,1,1,1
94.0,1,1.0,2.0,Private room,52.48021,13.31437,5.0,3,4.543294782270004,1,1,0
65.0,4,2.0,1.0,Entire home/apt,52.56169,13.37297,4.37,277,4.174387269895637,1,1,0
58.0,2,1.0,1.0,Private room,52.50376,13.41032,4.88,272,4.060443010546419,1,1,0
60.0,2,1.0,1.0,Private room,52.58711,13.40013,4.88,152,4.0943445622221,1,1,0
118.0,7,3.0,1.0,Entire home/apt,52.49451,13.38537,4.7,461,4.770684624465665,1,1,0
77.0,1,1.0,1.0,Private room,52.52725,13.39153,4.91,105,4.343805421853684,1,1,0
137.0,4,1.0,1.0,Entire home/apt,52.53434,13.40217,4.77,371,4.919980925828125,1,1,0
45.0,2,1.0,1.0,Entire home/apt,52.50898,13.30758,4.63,69,3.8066624897703196,1,1,0
170.0,6,2.0,1.0,Entire home/apt,52.491261,13.392341,4.92,375,5.135798437050262,1,1,0
50.0,1,1.0,1.0,Private room,52.50467,13.29144,4.98,124,3.912023005428146,1,1,0
91.0,4,2.0,1.0,Entire home/apt,52.538,13.40886,4.81,407,4.51085950651685,1,1,0
172.0,5,2.0,1.0,Entire home/apt,52.51595,13.45704,4.9,58,5.147494476813453,1,1,0
116.0,4,2.0,1.0,Entire home/apt,52.56467,13.39204,4.83,35,4.7535901911063645,1,1,0
106.0,2,1.0,1.0,Entire home/apt,52.48667,13.39064,5.0,6,4.663439094112067,1,1,0
167.0,6,3.0,1.0,Entire home/apt,52.51515,13.46967,4.38,126,5.117993812416755,1,1,0
79.0,1,1.0,1.0,Entire home/apt,52.52275,13.40259,4.69,126,4.3694478524670215,1,1,0
87.0,2,1.0,1.0,Entire home/apt,52.5516,13.41688,4.8,307,4.465908118654584,1,1,0
130.0,2,1.0,2.0,Entire home/apt,52.52403,13.44403,5.0,2,4.867534450455582,1,1,0
71.0,2,2.0,1.0,Entire home/apt,52.47177,13.46855,4.72,27,4.2626798770413155,1,1,0
94.0,2,1.0,1.0,Entire home/apt,52.50187,13.34221,4.92,450,4.543294782270004,1,1,1
42.0,2,1.0,1.0,Private room,52.51229,13.31165,4.84,188,3.7376696182833684,1,1,0
162.0,3,1.0,1.0,Entire home/apt,52.53159,13.39474,4.61,99,5.087596335232384,1,1,0
213.0,4,1.0,1.0,Entire home/apt,52.53159,13.39487,4.65,92,5.3612921657094255,1,1,0
213.0,4,1.0,1.0,Entire home/apt,52.5313,13.39461,4.54,122,5.3612921657094255,1,1,0
162.0,3,1.0,1.0,Entire home/apt,52.5313,13.39461,4.57,150,5.087596335232384,1,1,0
22.0,3,2.0,1.0,Private room,52.52166,13.30265,4.77,219,3.091042453358316,1,1,0
20.0,2,1.0,1.0,Private room,52.52334,13.30312,4.6,179,2.995732273553991,1,1,0
95.0,2,1.0,1.0,Entire home/apt,52.489639,13.31773,4.85,20,4.553876891600541,1,1,0
79.0,3,1.0,1.0,Entire home/apt,52.49155,13.39364,4.74,435,4.3694478524670215,1,1,0
45.0,6,2.0,2.5,Entire home/apt,52.47927,13.44402,4.76,159,3.8066624897703196,1,1,0
71.0,4,1.0,1.0,Entire home/apt,52.51893,13.45023,4.33,18,4.2626798770413155,1,1,0
44.0,1,1.0,1.0,Private room,52.51373,13.47125,4.88,88,3.784189633918261,1,1,0
117.0,2,1.0,1.0,Entire home/apt,52.49789,13.36843,4.47,92,4.762173934797756,1,1,0
72.0,2,1.0,1.0,Entire home/apt,52.53844,13.40199,4.83,279,4.276666119016055,1,1,0
57.0,2,1.0,1.0,Entire home/apt,52.53659,13.40283,4.78,83,4.04305126783455,1,1,0
80.0,4,2.0,1.0,Entire home/apt,52.53825,13.42694,4.61,44,4.382026634673881,1,1,0
51.0,2,1.0,1.0,Entire home/apt,52.54301,13.42187,0.0,0,3.9318256327243257,0,1,0
77.0,2,1.0,1.0,Entire home/apt,52.5033,13.2944,4.79,230,4.343805421853684,1,0,0
75.0,2,1.0,1.0,Entire home/apt,52.49905,13.36702,4.14,7,4.31748811353631,1,1,0
128.0,5,1.0,1.0,Entire home/apt,52.51019,13.50325,4.35,31,4.852030263919617,1,1,1
67.0,2,1.0,1.0,Entire home/apt,52.54709,13.34999,4.81,349,4.204692619390966,1,1,0
71.0,2,1.0,1.0,Entire home/apt,52.46392,13.39345,4.57,68,4.2626798770413155,1,1,0
101.0,2,1.0,1.0,Entire home/apt,52.5325,13.35108,4.76,117,4.61512051684126,1,1,0
76.0,2,1.0,1.0,Entire home/apt,52.49011,13.38901,4.88,75,4.330733340286331,1,1,0
142.0,2,1.0,1.0,Entire home/apt,52.49052,13.39833,5.0,11,4.955827057601261,1,1,0
110.0,2,1.0,1.5,Entire home/apt,52.49341,13.42055,4.92,37,4.700480365792417,1,1,0
38.0,2,1.0,1.0,Entire home/apt,52.49485,13.42794,4.88,93,3.6375861597263857,1,1,0
53.0,2,1.0,1.0,Entire home/apt,52.46912,13.43153,5.0,7,3.970291913552122,1,1,0
60.0,6,1.0,1.0,Entire home/apt,52.46545,13.43719,4.43,368,4.0943445622221,1,1,0
449.0,6,3.0,2.0,Entire home/apt,52.49822,13.47007,4.82,109,6.1070228877422545,1,1,0
219.0,4,2.0,1.5,Entire home/apt,52.54971,13.35013,4.76,34,5.389071729816501,1,1,0
159.0,8,4.0,2.0,Entire home/apt,52.54554,13.41483,4.87,310,5.0689042022202315,1,1,0
64.0,4,1.0,1.0,Entire home/apt,52.54078,13.39049,4.54,329,4.1588830833596715,0,1,0
40.0,1,1.0,1.0,Entire home/apt,52.53165,13.42133,4.89,36,3.6888794541139363,1,1,0
81.0,2,0.0,1.0,Entire home/apt,52.4971,13.35878,4.77,144,4.394449154672439,1,1,0
92.0,4,2.0,1.0,Entire home/apt,52.52485,13.40795,4.71,137,4.5217885770490405,1,1,0
234.0,5,2.0,1.0,Entire home/apt,52.5473,13.4264,4.84,76,5.455321115357702,1,1,0
65.0,4,1.0,1.0,Entire home/apt,52.40228,13.39025,4.88,16,4.174387269895637,1,1,0
65.0,2,1.0,1.0,Entire home/apt,52.47602,13.42197,0.0,0,4.174387269895637,1,1,0
135.0,2,0.0,2.0,Entire home/apt,52.49396,13.43438,4.95,20,4.90527477843843,1,1,0
84.0,2,1.0,1.0,Private room,52.51579,13.42598,4.51,144,4.430816798843313,1,1,0
24.0,4,1.0,1.0,Shared room,52.51598,13.42581,4.64,254,3.1780538303479458,1,1,0
19.0,6,1.0,1.0,Shared room,52.5159,13.42421,4.55,289,2.9444389791664403,1,1,0
23.0,8,1.0,1.0,Shared room,52.51779,13.4258,4.56,143,3.1354942159291497,1,1,0
90.0,4,1.0,1.0,Entire home/apt,52.52837,13.29842,4.71,279,4.499809670330265,1,1,0
70.0,2,1.0,1.0,Private room,52.53229,13.39691,4.62,690,4.248495242049359,1,1,0
110.0,5,3.0,1.5,Entire home/apt,52.48285,13.4416,4.96,45,4.700480365792417,1,1,0
135.0,3,1.0,1.0,Entire home/apt,52.54595,13.40752,4.76,37,4.90527477843843,1,1,0
60.0,2,1.0,1.0,Entire home/apt,52.48889,13.39046,4.65,75,4.0943445622221,1,1,0
80.0,2,1.0,1.0,Entire home/apt,52.53675,13.40963,4.97,32,4.382026634673881,1,1,0
81.0,2,2.0,1.0,Private room,52.49015,13.42693,4.71,17,4.394449154672439,0,0,0
40.0,2,1.0,1.0,Private room,52.4599,13.28277,4.66,211,3.6888794541139363,1,1,0
117.0,2,1.0,1.0,Private room,52.50155,13.44245,4.81,27,4.762173934797756,1,1,0
71.0,2,1.0,1.0,Entire home/apt,52.48481,13.45038,4.57,116,4.2626798770413155,1,1,0
254.0,6,3.0,2.0,Entire home/apt,52.50256,13.39141,4.65,77,5.537334267018537,1,1,0
46.0,1,1.0,1.0,Entire home/apt,52.4926,13.34359,4.85,46,3.828641396489095,1,1,0
213.0,4,2.0,1.0,Entire home/apt,52.48762,13.43185,4.67,75,5.3612921657094255,1,1,0
180.0,4,2.0,1.0,Entire home/apt,52.5232,13.40074,4.81,382,5.19295685089021,1,1,0
95.0,6,2.0,1.0,Entire home/apt,52.51319,13.60844,4.82,220,4.553876891600541,1,1,0
81.0,2,1.0,1.0,Private room,52.50171,13.33642,5.0,2,4.394449154672439,1,1,0
80.0,2,0.0,1.0,Entire home/apt,52.51312,13.4582,4.94,536,4.382026634673881,1,1,0
75.0,4,1.0,1.0,Entire home/apt,52.50521,13.46603,4.82,138,4.31748811353631,1,1,0
53.0,1,1.0,1.0,Private room,52.55709,13.37707,4.91,46,3.970291913552122,1,1,0
95.0,5,1.0,1.0,Entire home/apt,52.51085,13.39771,4.78,500,4.553876891600541,1,1,0
115.0,6,2.0,1.0,Entire home/apt,52.54584,13.41458,4.6,268,4.74493212836325,1,1,0
60.0,4,2.0,1.0,Entire home/apt,52.40888,13.40167,4.45,11,4.0943445622221,1,1,0
314.0,16,4.0,4.5,Entire home/apt,52.48666,13.35915,4.8,391,5.749392985908253,1,1,0
69.0,3,1.0,1.0,Entire home/apt,52.45529,13.34999,4.9,159,4.23410650459726,1,1,0
114.0,4,2.0,1.0,Entire home/apt,52.54412,13.42344,4.71,198,4.736198448394496,1,1,0
300.0,4,3.0,2.0,Entire home/apt,52.5347,13.40798,4.98,47,5.703782474656201,1,1,0
153.0,2,1.0,1.0,Entire home/apt,52.534324645996094,13.405250549316406,4.96,48,5.030437921392435,1,1,0
154.0,2,1.0,1.0,Entire home/apt,52.43495,13.23064,4.75,81,5.0369526024136295,1,1,0
50.0,2,2.0,1.0,Entire home/apt,52.52927,13.37944,4.67,52,3.912023005428146,1,1,0
56.0,1,1.0,1.0,Private room,52.50142,13.30076,4.9,70,4.02535169073515,1,1,0
61.0,2,1.0,1.0,Private room,52.48232,13.35897,4.88,523,4.110873864173311,1,0,0
13.0,3,2.0,1.0,Private room,52.52137,13.30139,4.74,130,2.5649493574615367,1,1,0
132.0,2,1.0,1.0,Entire home/apt,52.53588,13.42384,4.91,152,4.882801922586371,1,1,0
111.0,2,1.0,1.0,Entire home/apt,52.48598,13.36458,4.71,17,4.709530201312334,1,1,0
63.0,1,1.0,1.0,Private room,52.54542,13.41963,4.94,16,4.143134726391533,1,1,0
52.0,1,1.0,1.0,Private room,52.52032,13.35772,4.82,17,3.9512437185814275,1,1,0
99.0,2,1.0,1.0,Entire home/apt,52.5471,13.40757,4.9,319,4.59511985013459,1,1,0
90.0,2,0.0,1.0,Entire home/apt,52.48466,13.44007,4.3,47,4.499809670330265,1,1,0
55.0,2,1.0,1.0,Entire home/apt,52.4805793762207,13.372179985046388,4.7,10,4.007333185232471,1,1,0
248.0,5,2.0,2.0,Entire home/apt,52.49354,13.33474,4.97,133,5.5134287461649825,1,1,1
95.0,4,2.0,1.0,Entire home/apt,52.49986,13.40904,4.41,152,4.553876891600541,1,1,0
98.0,2,1.0,1.0,Entire home/apt,52.54504,13.42075,4.91,53,4.584967478670572,1,1,0
95.0,2,1.0,1.5,Entire home/apt,52.49227,13.44922,4.96,28,4.553876891600541,1,1,0
108.0,2,1.0,1.0,Entire home/apt,52.49902,13.3515,4.97,31,4.68213122712422,1,1,0
100.0,8,2.0,1.0,Entire home/apt,52.45572,13.72139,4.55,40,4.605170185988092,1,1,0
118.0,2,1.0,1.0,Entire home/apt,52.51037,13.46105,4.91,162,4.770684624465665,1,1,0
99.0,2,1.0,1.0,Entire home/apt,52.494387008590216,13.420101529165416,4.94,18,4.59511985013459,1,1,0
113.0,3,1.0,1.0,Entire home/apt,52.53496,13.40607,4.86,184,4.727387818712341,1,1,0
37.0,4,1.0,1.0,Entire home/apt,52.47757,13.42276,4.8,5,3.6109179126442243,1,1,0
76.0,2,1.0,1.0,Entire home/apt,52.48218,13.35418,5.0,24,4.330733340286331,1,1,0
134.0,4,2.0,1.0,Entire home/apt,52.51602,13.45769,4.89,202,4.897839799950911,1,1,0
127.0,2,0.0,1.0,Entire home/apt,52.53218,13.42432,4.96,418,4.844187086458591,1,1,1
158.0,5,3.0,2.5,Entire home/apt,52.4956,13.48233,0.0,0,5.062595033026967,1,1,0
153.0,4,1.0,1.0,Entire home/apt,52.51257,13.41061,4.86,123,5.030437921392435,1,1,0
54.0,4,1.0,1.0,Entire home/apt,52.47085,13.43277,4.86,22,3.9889840465642745,1,1,0
77.0,4,2.0,1.0,Entire home/apt,52.51163864135742,13.287308692932127,4.66,162,4.343805421853684,1,1,0
194.0,2,1.0,1.0,Entire home/apt,52.54842,13.42054,4.24,104,5.267858159063328,1,1,0
54.0,4,1.0,1.0,Entire home/apt,52.54998,13.42401,4.68,78,3.9889840465642745,1,1,0
50.0,2,0.0,1.0,Entire home/apt,52.49448,13.42242,4.89,62,3.912023005428146,1,1,0
72.0,4,1.0,1.0,Entire home/apt,52.49103,13.37631,4.8,349,4.276666119016055,1,1,0
80.0,2,2.0,1.0,Entire home/apt,52.52524,13.41196,4.51,73,4.382026634673881,1,1,0
49.0,2,1.0,1.0,Entire home/apt,52.49139,13.41524,4.81,27,3.8918202981106265,1,1,0
130.0,2,1.0,1.5,Entire home/apt,52.49433,13.43273,0.0,0,4.867534450455582,1,1,0
67.0,5,1.0,1.0,Entire home/apt,52.53334,13.38104,4.71,466,4.204692619390966,1,1,0
147.0,6,2.0,1.0,Entire home/apt,52.48873,13.39298,4.9,303,4.990432586778736,1,1,0
69.0,4,1.0,1.5,Entire home/apt,52.4898,13.41917,4.84,375,4.23410650459726,1,1,0
45.0,2,1.0,1.0,Entire home/apt,52.54845,13.40299,4.3,74,3.8066624897703196,1,1,0
68.0,3,1.0,1.0,Entire home/apt,52.53494,13.34055,4.84,282,4.219507705176107,1,1,1
33.0,3,1.0,1.0,Private room,52.48348,13.36133,4.83,121,3.4965075614664802,1,1,0
42.0,2,1.0,1.0,Entire home/apt,52.49371,13.47201,5.0,5,3.7376696182833684,1,1,0
72.0,4,0.0,1.0,Entire home/apt,52.52825,13.33051,4.73,330,4.276666119016055,1,1,0
40.0,2,1.0,1.0,Entire home/apt,52.49067,13.41728,0.0,0,3.6888794541139363,1,1,0
42.0,4,1.0,1.0,Entire home/apt,52.53928,13.41521,4.67,15,3.7376696182833684,1,1,0
51.0,2,1.0,1.0,Entire home/apt,52.52391,13.39991,4.6,192,3.9318256327243257,1,1,0
49.0,2,1.0,1.0,Private room,52.49056,13.36427,4.78,49,3.8918202981106265,1,1,0
222.0,11,5.0,2.0,Entire home/apt,52.55385,13.41736,4.88,297,5.402677381872279,1,1,0
50.0,2,0.0,1.0,Entire home/apt,52.53023,13.3065,5.0,2,3.912023005428146,1,1,0
108.0,2,1.0,1.0,Entire home/apt,52.53355,13.35271,4.26,19,4.68213122712422,1,1,0
124.0,4,2.0,1.0,Entire home/apt,52.46638,13.4213,4.87,246,4.820281565605037,1,1,0
73.0,2,2.0,1.0,Entire home/apt,52.52431,13.40781,4.76,94,4.290459441148391,1,1,0
67.0,2,0.0,1.0,Entire home/apt,52.48835,13.38502,4.73,360,4.204692619390966,1,1,0
69.0,2,1.0,1.0,Entire home/apt,52.5322,13.3489,4.68,377,4.23410650459726,1,0,0
41.0,1,1.0,1.0,Private room,52.55217,13.37994,4.96,25,3.713572066704308,1,1,0
62.0,2,0.0,1.0,Entire home/apt,52.50719,13.34687,4.42,12,4.127134385045092,1,1,0
135.0,6,2.0,1.0,Entire home/apt,52.5377,13.39574,4.77,66,4.90527477843843,1,1,0
135.0,3,1.0,1.0,Entire home/apt,52.53439,13.40774,4.88,447,4.90527477843843,1,1,0
233.0,4,2.0,1.5,Entire home/apt,52.53809,13.41177,4.89,9,5.4510384535657,1,1,0
158.0,6,2.0,1.0,Entire home/apt,52.516956,13.425152,4.65,274,5.062595033026967,1,1,0
51.0,2,1.0,1.0,Entire home/apt,52.55544,13.4167,4.81,91,3.9318256327243257,1,1,0
75.0,2,1.0,1.0,Entire home/apt,52.49182,13.32094,5.0,2,4.31748811353631,1,1,0
140.0,3,2.0,1.0,Entire home/apt,52.46706,13.34146,4.93,99,4.941642422609304,1,1,0
75.0,4,1.0,1.0,Entire home/apt,52.49194,13.32181,5.0,7,4.31748811353631,1,1,0
66.0,4,3.0,1.0,Entire home/apt,52.46614,13.5775,5.0,3,4.189654742026425,0,1,0
94.0,1,1.0,1.5,Private room,52.53401,13.39813,4.9,87,4.543294782270004,1,1,0
190.0,4,2.0,1.0,Entire home/apt,52.5402,13.41741,4.92,144,5.247024072160486,1,1,0
225.0,4,2.0,2.0,Entire home/apt,52.49736,13.31029,4.96,25,5.41610040220442,1,1,0
161.0,4,2.0,1.0,Entire home/apt,52.5434,13.35451,4.65,333,5.081404364984463,1,1,0
89.0,4,1.0,1.0,Entire home/apt,52.53335,13.34266,4.24,58,4.48863636973214,1,1,0
95.0,2,1.0,1.0,Private room,52.51169,13.39975,4.98,81,4.553876891600541,1,1,0
30.0,2,1.0,1.0,Private room,52.52157,13.335,4.68,247,3.4011973816621555,1,1,0
69.0,2,1.0,1.0,Private room,52.51436,13.46202,4.9,147,4.23410650459726,1,1,0
35.0,1,1.0,1.0,Private room,52.52134,13.40691,4.76,308,3.5553480614894135,1,1,0
84.0,2,1.0,1.0,Entire home/apt,52.49956,13.34323,4.88,459,4.430816798843313,1,1,1
162.0,5,3.0,2.0,Entire home/apt,52.48534,13.3919,4.87,39,5.087596335232384,1,1,0
31.0,2,1.0,1.0,Private room,52.51283,13.47796,4.89,491,3.4339872044851463,1,1,0
146.0,10,4.0,2.0,Entire home/apt,52.52597,13.34367,4.58,496,4.983606621708336,1,1,0
64.0,4,2.0,1.0,Entire home/apt,52.60048,13.33013,4.9,275,4.1588830833596715,1,1,0
98.0,5,2.0,1.0,Entire home/apt,52.53579,13.39367,4.69,16,4.584967478670572,1,1,0
105.0,4,1.0,1.0,Entire home/apt,52.5464,13.4175,4.84,508,4.653960350157523,1,1,0
85.0,2,1.0,1.0,Entire home/apt,52.52343,13.45323,4.94,53,4.442651256490317,1,1,0
46.0,1,1.0,1.5,Private room,52.49978,13.26957,4.85,291,3.828641396489095,1,1,0
161.0,4,3.0,1.0,Entire home/apt,52.53234,13.42974,5.0,5,5.081404364984463,1,1,0
104.0,3,1.0,1.0,Entire home/apt,52.5086,13.25592,4.9,232,4.6443908991413725,1,1,0
83.0,2,1.0,1.0,Entire home/apt,52.50404,13.38809,4.76,330,4.418840607796598,1,1,0
210.0,4,1.0,1.0,Entire home/apt,52.52933,13.38442,4.92,207,5.3471075307174685,1,1,0
50.0,2,1.0,1.0,Private room,52.51049,13.45919,4.82,427,3.912023005428146,1,0,0
107.0,4,2.0,1.0,Entire home/apt,52.5354,13.3764,4.66,466,4.672828834461906,1,1,0
85.0,2,1.0,1.0,Entire home/apt,52.5183449,13.2967635,5.0,10,4.442651256490317,1,1,0
27.0,1,1.0,1.0,Private room,52.40048,13.53965,4.7,166,3.295836866004329,1,1,0
126.0,2,1.0,1.0,Entire home/apt,52.53466,13.4011,4.39,36,4.836281906951478,1,1,0
50.0,2,1.0,1.0,Private room,52.52139,13.44704,4.71,63,3.912023005428146,1,1,0
63.0,3,1.0,1.0,Entire home/apt,52.4337,13.24956,4.77,103,4.143134726391533,1,1,0
60.0,2,1.0,1.0,Private room,52.49869,13.41415,4.83,75,4.0943445622221,1,1,0
37.0,2,1.0,1.0,Entire home/apt,52.49937438964844,13.561747550964355,4.56,66,3.6109179126442243,1,1,0
120.0,2,1.0,1.0,Private room,52.41028477864688,13.266350291669369,0.0,0,4.787491742782046,1,1,1
60.0,6,3.0,1.0,Entire home/apt,52.53277,13.46521,4.43,63,4.0943445622221,1,1,0
40.0,2,1.0,1.0,Entire home/apt,52.53346,13.34348,4.81,26,3.6888794541139363,1,1,0
75.0,3,1.0,1.0,Entire home/apt,52.49388,13.32249,5.0,2,4.31748811353631,1,1,0
2500.0,15,0.0,2.0,Entire home/apt,52.49185,13.41961,5.0,17,7.824046010856292,1,0,0
39.0,1,1.0,1.0,Entire home/apt,52.51258,13.60664,4.82,154,3.6635616461296463,1,1,0
34.0,1,1.0,1.0,Private room,52.51006,13.31131,4.66,82,3.5263605246161616,1,0,0
90.0,2,1.0,1.0,Entire home/apt,52.53966,13.41953,4.81,43,4.499809670330265,1,1,0
153.0,4,1.0,1.0,Entire home/apt,52.50703,13.31983,4.68,84,5.030437921392435,1,1,0
119.0,4,2.0,1.0,Entire home/apt,52.48114,13.34004,4.72,343,4.77912349311153,1,1,0
32.0,1,2.0,1.0,Private room,52.44662,13.33084,4.62,26,3.4657359027997265,1,1,0
422.0,6,2.0,2.0,Entire home/apt,52.50391,13.4251,4.94,16,6.045005314036012,1,1,0
75.0,3,1.0,1.0,Private room,52.47305,13.45449,4.84,126,4.31748811353631,1,1,0
170.0,5,2.0,1.0,Entire home/apt,52.50637,13.30523,4.86,104,5.135798437050262,1,1,0
20.0,6,1.0,0.0,Shared room,52.50968,13.44616,4.39,163,2.995732273553991,1,0,0
15.0,5,1.0,0.0,Shared room,52.50976,13.4461,4.35,69,2.70805020110221,1,1,0
18.0,8,1.0,0.0,Shared room,52.50985,13.44612,4.32,103,2.8903717578961645,1,1,0
74.0,2,1.0,1.0,Private room,52.50985,13.44612,4.04,55,4.30406509320417,1,1,0
89.0,3,2.0,1.0,Entire home/apt,52.37573,13.6519,4.93,116,4.48863636973214,1,1,0
55.0,4,1.0,1.0,Entire home/apt,52.55518,13.43056,4.63,8,4.007333185232471,1,1,0
50.0,2,1.0,1.0,Entire home/apt,52.53076,13.39741,4.89,36,3.912023005428146,1,1,0
87.0,2,0.0,1.0,Entire home/apt,52.53325,13.43314,4.86,714,4.465908118654584,1,1,0
106.0,5,2.0,2.0,Entire home/apt,52.51182,13.40104,4.83,785,4.663439094112067,1,1,0
41.0,2,1.0,1.0,Private room,52.51542,13.30101,4.8,15,3.713572066704308,1,1,0
90.0,3,1.0,1.0,Entire home/apt,52.51196,13.45647,4.7,71,4.499809670330265,1,1,0
135.0,2,2.0,1.0,Entire home/apt,52.50973,13.39547,4.82,153,4.90527477843843,1,1,0
200.0,6,2.0,1.0,Entire home/apt,52.54318,13.36352,4.78,401,5.298317366548036,1,1,0
153.0,5,3.0,1.5,Entire home/apt,52.50692,13.42411,5.0,17,5.030437921392435,1,1,0
60.0,2,1.0,1.0,Private room,52.53283,13.43439,4.93,103,4.0943445622221,1,1,0
58.0,2,1.0,1.0,Entire home/apt,52.39896,13.52932,4.7,291,4.060443010546419,1,1,0
60.0,1,1.0,1.5,Private room,52.49189,13.38204,4.95,20,4.0943445622221,1,1,0
75.0,6,2.0,2.0,Entire home/apt,52.54629,13.40733,4.88,413,4.31748811353631,1,1,0
67.0,3,1.0,1.0,Entire home/apt,52.5411,13.41497,4.59,243,4.204692619390966,1,1,0
128.0,4,3.0,1.5,Entire home/apt,52.48959594594567,13.419607016401017,4.67,6,4.852030263919617,1,1,0
78.0,2,1.0,1.0,Entire home/apt,52.47262,13.37944,4.86,73,4.356708826689592,1,1,0
69.0,2,2.0,1.5,Entire home/apt,52.52909,13.34518,4.78,23,4.23410650459726,1,1,0
106.0,2,1.0,1.0,Entire home/apt,52.472,13.38008,4.82,51,4.663439094112067,1,1,0
97.0,2,1.0,1.0,Entire home/apt,52.49547,13.39586,0.0,0,4.574710978503383,1,1,0
75.0,4,2.0,1.0,Entire home/apt,52.53106,13.43126,4.7,84,4.31748811353631,1,1,0
61.0,2,1.0,1.0,Entire home/apt,52.47367,13.45389,4.9,10,4.110873864173311,0,1,0
72.0,2,1.0,1.0,Private room,52.51504,13.45506,4.95,21,4.276666119016055,1,1,0
90.0,3,2.0,1.0,Entire home/apt,52.53735,13.39806,5.0,1,4.499809670330265,1,1,0
108.0,4,1.0,1.0,Entire home/apt,52.55158,13.44919,4.79,53,4.68213122712422,1,1,1
105.0,4,2.0,1.0,Entire home/apt,52.51409099118249,13.454794633868396,0.0,0,4.653960350157523,1,1,0
65.0,2,0.0,1.0,Entire home/apt,52.44835626833664,13.512279377843816,4.97,86,4.174387269895637,1,1,0
94.0,2,2.0,1.0,Entire home/apt,52.53244,13.405394,4.94,35,4.543294782270004,1,1,0
190.0,6,1.0,1.0,Entire home/apt,52.53579,13.39592,4.46,189,5.247024072160486,1,1,0
64.0,2,1.0,1.0,Private room,52.53589,13.39421,4.87,645,4.1588830833596715,1,0,0
65.0,2,1.0,1.0,Entire home/apt,52.4493,13.51294,4.9,62,4.174387269895637,1,1,0
65.0,2,1.0,1.0,Entire home/apt,52.44832,13.51374,4.85,26,4.174387269895637,1,1,0
65.0,2,1.0,1.0,Private room,52.471,13.45235,4.87,141,4.174387269895637,1,1,0
94.0,4,1.0,1.0,Entire home/apt,52.53466,13.42364,4.78,54,4.543294782270004,1,1,0
145.0,2,1.0,1.5,Entire home/apt,52.51975,13.4521,4.9,135,4.976733742420574,1,1,0
97.0,2,1.0,1.0,Entire home/apt,52.49294,13.41096,4.86,21,4.574710978503383,1,1,0
112.0,1,1.0,1.0,Private room,52.4724208449667,13.451520228117412,4.72,43,4.718498871295094,1,1,0
157.0,7,3.0,1.0,Entire home/apt,52.42185,13.39202,4.56,34,5.056245805348308,1,1,0
43.0,2,1.0,1.0,Entire home/apt,52.48223,13.32025,4.92,49,3.7612001156935624,1,1,0
150.0,5,3.0,1.0,Entire home/apt,52.47318,13.31894,5.0,9,5.0106352940962555,1,1,0
39.0,2,1.0,1.0,Private room,52.548228205898056,13.439219355165385,4.59,157,3.6635616461296463,1,1,0
89.0,3,1.0,1.0,Entire home/apt,52.47063,13.4248,4.83,12,4.48863636973214,1,1,0
65.0,2,2.0,1.0,Private room,52.54065,13.40602,4.9,134,4.174387269895637,1,1,0
90.0,3,1.0,1.0,Entire home/apt,52.53791,13.42504,4.85,254,4.499809670330265,1,1,0
89.0,3,1.0,1.5,Private room,52.54844712436869,13.412404011496976,4.79,123,4.48863636973214,1,1,1
102.0,3,1.0,1.0,Entire home/apt,52.49173,13.42922,4.77,26,4.624972813284271,1,1,0
112.0,2,1.0,1.0,Entire home/apt,52.53197,13.39689,4.65,17,4.718498871295094,1,1,0
148.0,5,1.0,1.0,Entire home/apt,52.5117,13.26801,4.81,185,4.997212273764115,1,1,0
650.0,2,4.0,1.5,Entire home/apt,52.53129,13.28565,5.0,6,6.476972362889683,1,1,0
65.0,2,1.0,1.0,Entire home/apt,52.54854,13.34752,4.55,664,4.174387269895637,1,0,0
79.0,2,1.0,1.0,Private room,52.4838,13.44112,4.82,22,4.3694478524670215,1,1,0
113.0,5,1.0,1.0,Entire home/apt,52.52039,13.43531,4.92,267,4.727387818712341,1,1,0
100.0,4,1.0,1.0,Entire home/apt,52.48075,13.36271,4.91,431,4.605170185988092,1,1,1
101.0,2,0.0,1.0,Entire home/apt,52.51178,13.42536,4.91,199,4.61512051684126,1,0,0
187.0,4,2.0,1.5,Entire home/apt,52.50114,13.30765,4.92,231,5.231108616854587,1,1,1
49.0,1,1.0,1.0,Entire home/apt,52.54884,13.34743,4.68,582,3.8918202981106265,1,0,0
60.0,2,1.0,1.0,Entire home/apt,52.49085,13.41559,4.75,12,4.0943445622221,1,1,0
58.0,2,1.0,1.0,Private room,52.54448,13.3786,4.7,10,4.060443010546419,1,1,0
57.0,2,1.0,1.0,Entire home/apt,52.52796,13.40549,4.94,31,4.04305126783455,1,1,0
196.0,4,2.0,2.0,Entire home/apt,52.53059237315674,13.373520491176626,5.0,8,5.278114659230517,1,1,0
65.0,2,1.0,1.0,Entire home/apt,52.55384,13.37455,5.0,2,4.174387269895637,1,1,0
90.0,5,2.0,1.5,Entire home/apt,52.51804,13.27571,4.3,40,4.499809670330265,1,1,0
219.0,8,2.0,2.0,Entire home/apt,52.49378,13.41109,4.85,391,5.389071729816501,1,1,0
187.0,12,3.0,2.0,Entire home/apt,52.48599,13.3574,4.87,241,5.231108616854587,1,1,0
50.0,2,1.0,1.5,Private room,52.50101,13.26197,4.81,171,3.912023005428146,1,1,0
50.0,1,1.0,1.0,Private room,52.50156,13.26243,4.9,190,3.912023005428146,1,1,0
65.0,2,1.0,1.0,Private room,52.49797,13.39648,4.98,331,4.174387269895637,1,1,0
102.0,2,0.0,1.0,Entire home/apt,52.531624,13.38153,4.76,84,4.624972813284271,1,1,1
28.0,1,1.0,1.0,Private room,52.52687,13.39991,0.0,0,3.332204510175204,1,1,0
40.0,4,2.0,1.0,Entire home/apt,52.48751,13.33166,4.6,73,3.6888794541139363,1,1,0
120.0,2,1.0,1.0,Entire home/apt,52.54176,13.35694,4.94,33,4.787491742782046,1,1,0
120.0,6,3.0,1.0,Entire home/apt,52.381,13.649,4.51,53,4.787491742782046,1,1,0
128.0,9,4.0,1.5,Entire home/apt,52.5448,13.37508,4.64,539,4.852030263919617,1,1,0
187.0,6,3.0,1.0,Entire home/apt,52.49009,13.39371,4.89,375,5.231108616854587,1,1,0
86.0,4,1.0,1.0,Entire home/apt,52.52018,13.33145,4.61,79,4.454347296253507,1,1,0
126.0,2,1.0,1.0,Private room,52.52504,13.39436,4.99,81,4.836281906951478,1,1,0
38.0,1,1.0,1.0,Private room,52.51106,13.31384,4.85,144,3.6375861597263857,1,0,0
85.0,2,1.0,1.0,Entire home/apt,52.4959,13.4458,4.73,105,4.442651256490317,1,1,0
115.0,4,2.0,1.0,Entire home/apt,52.63302,13.50115,4.6,85,4.74493212836325,1,1,0
105.0,3,1.0,1.0,Entire home/apt,52.63244,13.50076,4.79,33,4.653960350157523,1,1,0
83.0,2,2.0,1.0,Entire home/apt,52.51809,13.44899,0.0,0,4.418840607796598,1,1,0
80.0,5,1.0,1.0,Entire home/apt,52.46978,13.43038,4.51,355,4.382026634673881,1,1,0
45.0,1,1.0,1.0,Private room,52.48021,13.37465,4.56,57,3.8066624897703196,1,1,0
70.0,3,1.0,1.0,Private room,52.51243,13.45166,4.79,310,4.248495242049359,1,1,0
75.0,2,1.0,1.5,Private room,52.5335,13.40624,4.82,207,4.31748811353631,1,0,0
60.0,1,1.0,1.0,Entire home/apt,52.48046,13.51204,4.78,9,4.0943445622221,1,1,0
67.0,2,1.0,1.0,Private room,52.50582,13.40005,4.9,325,4.204692619390966,1,1,0
115.0,4,2.0,1.0,Entire home/apt,52.63336,13.50118,4.56,45,4.74493212836325,1,1,0
55.0,1,1.0,1.0,Private room,52.53995,13.39632,4.94,18,4.007333185232471,1,1,0
78.0,2,1.0,1.0,Entire home/apt,52.49868,13.33598,4.92,104,4.356708826689592,1,1,0
380.0,7,3.0,2.0,Entire home/apt,52.50119,13.3616,4.79,217,5.940171252720432,1,1,0
153.0,5,2.0,1.0,Entire home/apt,52.52271,13.38408,4.51,281,5.030437921392435,1,1,0
93.0,2,1.0,1.0,Entire home/apt,52.50848,13.30952,4.79,273,4.532599493153256,1,1,0
79.0,3,1.0,1.0,Entire home/apt,52.5284967778868,13.409468866674285,5.0,1,4.3694478524670215,1,1,0
80.0,2,2.0,1.0,Entire home/apt,52.531778214432485,13.429631001244587,0.0,0,4.382026634673881,1,1,0
99.0,2,1.0,1.0,Private room,52.53377,13.42322,4.76,98,4.59511985013459,1,1,0
48.0,2,1.0,1.5,Private room,52.506001,13.39886,4.93,69,3.871201010907891,1,1,0
79.0,1,0.0,1.0,Private room,52.53023965135683,13.4079157023717,4.89,118,4.3694478524670215,1,1,0
92.0,3,1.0,1.0,Entire home/apt,52.56727,13.39122,4.81,228,4.5217885770490405,1,1,0
74.0,5,1.0,1.0,Entire home/apt,52.49029,13.45233,4.96,23,4.30406509320417,1,1,0
124.0,2,1.0,1.0,Entire home/apt,52.49447515051324,13.425374464834364,5.0,13,4.820281565605037,1,1,0
73.0,2,1.0,1.0,Entire home/apt,52.52753,13.44648,4.89,328,4.290459441148391,1,0,1
180.0,4,3.0,2.5,Entire home/apt,52.53223,13.40215,0.0,0,5.19295685089021,1,1,0
176.0,5,2.0,1.0,Entire home/apt,52.38119,13.65326,5.0,1,5.170483995038151,0,1,0
131.0,4,1.0,1.0,Entire home/apt,52.52251877745493,13.383566674777562,4.56,245,4.875197323201151,1,1,0
30.0,1,1.0,2.0,Private room,52.44291,13.41464,5.0,5,3.4011973816621555,1,1,0
60.0,3,1.0,1.0,Entire home/apt,52.48767,13.43825,0.0,0,4.0943445622221,1,1,0
47.0,2,1.0,1.0,Entire home/apt,52.53258,13.3388,4.75,12,3.8501476017100584,1,1,0
92.0,2,1.0,1.0,Entire home/apt,52.42018,13.42365,4.17,46,4.5217885770490405,1,1,0
80.0,2,1.0,1.0,Entire home/apt,52.48977,13.32905,4.72,58,4.382026634673881,1,1,0
50.0,2,1.0,1.0,Entire home/apt,52.43157,13.31094,4.58,183,3.912023005428146,1,1,0
76.0,2,1.0,1.0,Entire home/apt,52.52675,13.39817,4.82,199,4.330733340286331,1,1,0
38.0,2,1.0,1.0,Entire home/apt,52.56274,13.34238,4.67,6,3.6375861597263857,1,1,0
44.0,2,1.0,1.0,Private room,52.49864,13.41325,4.76,79,3.784189633918261,1,1,0
63.0,4,1.0,1.0,Entire home/apt,52.52857,13.38372,4.73,45,4.143134726391533,1,1,0
55.0,2,1.0,1.0,Entire home/apt,52.532661,13.405394,4.83,23,4.007333185232471,1,1,0
26.0,1,1.0,1.0,Private room,52.49958,13.44539,4.7,299,3.258096538021482,1,1,0
124.0,2,1.0,1.0,Entire home/apt,52.52735,13.39749,4.93,220,4.820281565605037,1,1,0
114.0,4,3.0,1.5,Entire home/apt,52.47173,13.45247,4.9,62,4.736198448394496,1,1,0
57.0,1,1.0,2.0,Private room,52.49075,13.41943,4.83,29,4.04305126783455,1,1,0
69.0,2,1.0,1.0,Entire home/apt,52.49341,13.39472,4.65,732,4.23410650459726,1,1,0
65.0,3,1.0,1.0,Entire home/apt,52.55031,13.42178,4.76,253,4.174387269895637,1,1,0
50.0,1,2.0,1.0,Private room,52.5722,13.39336,5.0,20,3.912023005428146,1,1,0
93.0,2,0.0,1.0,Entire home/apt,52.49145,13.42459,4.88,32,4.532599493153256,1,1,0
76.0,2,1.0,1.5,Entire home/apt,52.48678,13.38892,4.92,12,4.330733340286331,1,1,0
125.0,2,1.0,1.0,Entire home/apt,52.49721,13.40372,4.5,2,4.8283137373023015,1,1,0
90.0,4,2.0,1.0,Entire home/apt,52.46511,13.56983,4.74,186,4.499809670330265,1,1,0
193.0,4,2.0,1.0,Entire home/apt,52.49085,13.4356,4.98,66,5.262690188904886,1,1,0
61.0,2,1.0,1.0,Private room,52.54311,13.41963,5.0,4,4.110873864173311,1,1,0
102.0,4,2.0,1.0,Entire home/apt,52.52212375813178,13.45408139933957,4.88,32,4.624972813284271,1,1,0
32.0,1,1.0,2.0,Private room,52.46767,13.48765,4.88,17,3.4657359027997265,1,1,0
94.0,4,2.0,2.0,Private room,52.49339,13.27431,4.85,148,4.543294782270004,1,1,0
45.0,2,2.0,1.0,Private room,52.49291,13.27571,4.81,27,3.8066624897703196,1,1,0
50.0,2,1.0,1.0,Private room,52.49272,13.27426,4.79,71,3.912023005428146,1,1,0
129.0,2,1.0,1.0,Entire home/apt,52.47213,13.31566,4.64,14,4.859812404361672,1,1,0
66.0,4,2.0,1.0,Entire home/apt,52.48073,13.42813,4.75,557,4.189654742026425,1,1,0
130.0,2,1.0,1.5,Entire home/apt,52.52063,13.39481,4.96,48,4.867534450455582,1,1,0
35.0,3,1.0,1.5,Private room,52.51560422716497,13.292092956728013,4.8,470,3.5553480614894135,1,0,0
114.0,4,1.0,1.0,Entire home/apt,52.49315,13.34435,4.91,269,4.736198448394496,1,1,1
110.0,4,2.0,1.0,Entire home/apt,52.43237,13.27842,4.96,202,4.700480365792417,1,1,0
54.0,1,1.0,1.0,Private room,52.48482131958008,13.430330276489258,4.94,18,3.9889840465642745,1,1,0
99.0,4,1.0,1.0,Entire home/apt,52.48572,13.42905,4.56,32,4.59511985013459,1,1,0
190.0,4,2.0,1.5,Entire home/apt,52.49843,13.35094,5.0,6,5.247024072160486,1,1,0
79.0,2,1.0,1.0,Entire home/apt,52.49153,13.31882,4.92,183,4.3694478524670215,1,1,0
200.0,4,3.0,1.0,Entire home/apt,52.50555,13.32098,4.92,26,5.298317366548036,1,1,0
140.0,6,3.0,1.0,Entire home/apt,52.50899,13.45636,4.73,153,4.941642422609304,1,1,0
200.0,5,2.0,1.0,Entire home/apt,52.50963,13.46281,4.69,176,5.298317366548036,1,1,0
46.0,2,1.0,1.0,Entire home/apt,52.53335,13.33597,4.79,89,3.828641396489095,1,1,0
190.0,6,2.0,1.0,Entire home/apt,52.52951,13.40824,4.9,432,5.247024072160486,1,1,0
17.0,1,1.0,1.0,Private room,52.50196,13.43834,4.9,49,2.833213344056216,1,1,0
91.0,2,1.0,1.0,Entire home/apt,52.51675,13.29772,4.93,138,4.51085950651685,1,1,0
62.0,3,1.0,1.0,Entire home/apt,52.46106,13.37888,4.82,242,4.127134385045092,1,1,0
103.0,2,1.0,1.0,Private room,52.52363,13.40821,4.94,139,4.634728988229636,1,1,0
89.0,2,0.0,1.0,Entire home/apt,52.49864,13.33466,4.96,246,4.48863636973214,1,1,0
95.0,2,1.0,1.0,Entire home/apt,52.61530699999999,13.3376801,5.0,3,4.553876891600541,1,1,0
147.0,4,2.0,2.0,Entire home/apt,52.49307,13.44625,5.0,30,4.990432586778736,1,1,0
45.0,2,1.0,1.0,Entire home/apt,52.53361,13.33578,4.7,23,3.8066624897703196,1,1,0
47.0,2,1.0,1.0,Private room,52.48906,13.42529,4.63,104,3.8501476017100584,1,1,0
162.0,5,2.0,1.0,Entire home/apt,52.48762,13.28528,4.68,111,5.087596335232384,1,1,0
60.0,2,1.0,1.0,Entire home/apt,52.49228,13.39335,4.83,459,4.0943445622221,1,1,0
41.0,1,1.0,1.0,Entire home/apt,52.4807,13.42227,4.85,27,3.713572066704308,1,1,0
25.0,1,1.0,1.0,Private room,52.53109,13.34106,4.06,71,3.2188758248682006,1,1,0
166.0,5,2.0,1.0,Entire home/apt,52.44271,13.71461,4.89,88,5.111987788356544,1,1,1
129.0,8,3.0,2.0,Entire home/apt,52.53531,13.35244,4.77,378,4.859812404361672,1,1,0
198.0,2,0.0,1.0,Entire home/apt,52.498642,13.205566,4.89,105,5.288267030694535,1,1,1
78.0,1,1.0,1.0,Private room,52.50719,13.31322,4.95,202,4.356708826689592,1,0,0
72.0,2,1.0,1.5,Entire home/apt,52.51719,13.30849,4.5,14,4.276666119016055,1,1,0
98.0,2,1.0,1.0,Private room,52.50752,13.3152,4.91,178,4.584967478670572,1,0,0
95.0,2,1.0,1.0,Entire home/apt,52.49875,13.30299,4.71,31,4.553876891600541,1,1,0
129.0,2,1.0,1.5,Entire home/apt,52.47406,13.31603,4.15,13,4.859812404361672,1,1,0
65.0,3,1.0,1.0,Entire home/apt,52.47351,13.37554,0.0,0,4.174387269895637,1,1,0
23.0,8,1.0,1.0,Shared room,52.5174,13.42648,4.69,124,3.1354942159291497,1,1,0
97.0,2,1.0,1.0,Private room,52.51756,13.42422,4.46,118,4.574710978503383,1,1,0
21.0,6,1.0,1.0,Shared room,52.51584,13.42619,4.69,81,3.044522437723423,1,1,0
22.0,4,1.0,1.0,Shared room,52.51771,13.42569,4.57,140,3.091042453358316,1,1,0
92.0,4,1.0,1.0,Entire home/apt,52.51853,13.28745,4.57,111,4.5217885770490405,1,1,0
43.0,3,1.0,1.0,Shared room,52.51567,13.42618,4.49,43,3.7612001156935624,1,1,0
192.0,4,1.0,1.0,Entire home/apt,52.48635,13.43417,4.73,441,5.2574953720277815,1,1,0
19.0,6,1.0,1.0,Shared room,52.51744,13.42645,4.56,268,2.9444389791664403,1,1,0
19.0,6,1.0,1.0,Shared room,52.51582,13.42462,4.57,283,2.9444389791664403,1,1,0
66.0,1,1.0,1.0,Private room,52.52669,13.39334,4.92,114,4.189654742026425,1,1,0
55.0,1,1.0,1.0,Private room,52.54866,13.40328,4.76,138,4.007333185232471,1,1,0
60.0,2,1.0,1.5,Private room,52.49482,13.41392,4.7,452,4.0943445622221,1,0,0
85.0,4,2.0,1.0,Entire home/apt,52.53822,13.40531,4.84,50,4.442651256490317,1,1,0
84.0,6,2.0,1.0,Entire home/apt,52.52301,13.40595,4.68,400,4.430816798843313,1,1,0
107.0,4,1.0,1.0,Entire home/apt,52.54661,13.41481,4.74,101,4.672828834461906,1,1,0
84.0,6,3.0,2.0,Entire home/apt,52.52244,13.40427,4.64,414,4.430816798843313,1,1,0
39.0,2,1.0,1.5,Private room,52.46312,13.51503,4.09,23,3.6635616461296463,1,1,0
81.0,6,2.0,1.0,Entire home/apt,52.60701,13.46567,4.93,183,4.394449154672439,1,1,1
77.0,4,1.0,1.0,Entire home/apt,52.478,13.4487,4.71,544,4.343805421853684,1,1,1
162.0,3,2.0,2.0,Entire home/apt,52.53398,13.42222,4.97,108,5.087596335232384,1,1,1
147.0,6,1.0,1.0,Entire home/apt,52.54516,13.42491,4.84,120,4.990432586778736,1,1,0
180.0,4,4.0,1.0,Entire home/apt,52.52332,13.45566,5.0,10,5.19295685089021,1,1,0
29.0,3,1.0,1.0,Entire home/apt,52.6065,13.42121,4.14,7,3.367295829986474,1,1,0
88.0,2,1.0,1.0,Entire home/apt,52.52257,13.41321,4.55,20,4.477336814478207,1,1,0
88.0,4,2.0,1.0,Entire home/apt,52.4848,13.36123,5.0,20,4.477336814478207,1,1,0
93.0,5,2.0,1.0,Entire home/apt,52.50297,13.4359,4.38,13,4.532599493153256,1,1,0
480.0,4,3.0,1.0,Entire home/apt,52.49619,13.45933,0.0,0,6.173786103901937,1,1,1
47.0,2,1.0,1.0,Entire home/apt,52.52587,13.45213,4.85,27,3.8501476017100584,1,1,0
90.0,2,1.0,1.5,Private room,52.50534,13.37588,4.83,24,4.499809670330265,1,1,0
108.0,4,0.0,1.0,Entire home/apt,52.52774,13.40677,4.68,109,4.68213122712422,1,1,0
50.0,2,1.0,1.0,Private room,52.52564,13.4173,4.87,172,3.912023005428146,1,0,0
89.0,2,1.0,1.0,Entire home/apt,52.49686,13.3471,4.5,28,4.48863636973214,1,1,0
90.0,6,1.0,1.0,Entire home/apt,52.49198,13.38946,4.77,418,4.499809670330265,1,1,0
32.0,1,1.0,1.0,Private room,52.48632,13.42795,4.39,41,3.4657359027997265,1,1,0
86.0,1,1.0,1.0,Private room,52.49785,13.36048,4.89,386,4.454347296253507,1,1,0
52.0,4,3.0,1.0,Entire home/apt,52.4530932,13.5172944,0.0,0,3.9512437185814275,1,1,0
89.0,2,1.0,1.0,Entire home/apt,52.53312,13.43967,4.73,11,4.48863636973214,1,1,0
110.0,4,2.0,1.0,Entire home/apt,52.47635,13.44825,4.85,255,4.700480365792417,1,1,0
180.0,8,1.0,1.0,Shared room,52.51602,13.42417,4.67,488,5.19295685089021,1,1,0
20.0,6,1.0,1.0,Shared room,52.51566,13.42594,4.63,60,2.995732273553991,1,1,0
45.0,2,1.0,1.0,Entire home/apt,52.51152,13.47803,4.6,5,3.8066624897703196,1,1,0
88.0,2,1.0,1.0,Private room,52.51577,13.42567,4.58,578,4.477336814478207,1,1,0
248.0,8,3.0,1.0,Entire home/apt,52.53896,13.41608,4.6,312,5.5134287461649825,1,1,0
153.0,2,1.0,1.0,Entire home/apt,52.43708,13.22954,4.86,93,5.030437921392435,1,1,0
136.0,4,2.0,1.0,Entire home/apt,52.49017,13.42515,4.69,138,4.912654885736052,1,1,0
135.0,6,2.0,1.5,Entire home/apt,52.54532,13.17168,4.68,47,4.90527477843843,1,1,0
150.0,5,1.0,1.5,Entire home/apt,52.4602,13.31925,4.84,186,5.0106352940962555,1,1,0
62.0,2,1.0,1.5,Entire home/apt,52.56937,13.43955,4.73,342,4.127134385045092,1,1,0
56.0,6,2.0,1.0,Entire home/apt,52.52694,13.32604,4.38,24,4.02535169073515,1,1,0
19.0,8,1.0,1.0,Shared room,52.51771,13.42564,4.57,320,2.9444389791664403,1,1,0
110.0,4,1.0,1.0,Entire home/apt,52.54863,13.40571,4.76,93,4.700480365792417,1,1,0
51.0,2,1.0,1.0,Private room,52.48851,13.42074,5.0,66,3.9318256327243257,1,1,0
58.0,1,1.0,1.0,Private room,52.53272,13.335,4.98,395,4.060443010546419,1,1,0
98.0,4,2.0,1.0,Entire home/apt,52.49367,13.32282,4.87,69,4.584967478670572,1,1,0
122.0,4,1.0,1.0,Entire home/apt,52.47275,13.45386,4.77,13,4.804021044733257,1,1,0
225.0,4,2.0,2.0,Entire home/apt,52.51044,13.39941,4.99,67,5.41610040220442,1,1,0
129.0,4,2.0,1.0,Entire home/apt,52.49998,13.46091,4.67,30,4.859812404361672,1,1,0
18.0,1,1.0,1.0,Private room,52.53077,13.59501,4.81,125,2.8903717578961645,1,1,0
36.0,3,1.0,1.0,Private room,52.5329,13.39373,4.8,171,3.58351893845611,1,0,0
78.0,5,2.0,1.0,Entire home/apt,52.55241,13.36127,4.35,410,4.356708826689592,1,1,0
370.0,12,5.0,3.0,Entire home/apt,52.5379,13.20669,4.89,103,5.91350300563827,1,1,0
162.0,5,2.0,1.0,Entire home/apt,52.44728,13.41104,4.84,19,5.087596335232384,1,1,0
85.0,1,1.0,1.0,Entire home/apt,52.48683,13.42651,4.26,35,4.442651256490317,1,1,0
63.0,3,1.0,1.0,Entire home/apt,52.55454,13.38555,5.0,3,4.143134726391533,1,1,0
35.0,2,1.0,1.0,Private room,52.4998,13.36315,4.83,233,3.5553480614894135,1,1,0
133.0,7,2.0,2.0,Entire home/apt,52.50981,13.57857,4.97,63,4.890349128221754,1,1,0
81.0,3,2.0,1.0,Entire home/apt,52.56616,13.40424,4.93,61,4.394449154672439,1,1,0
150.0,3,1.0,1.0,Entire home/apt,52.49074,13.39738,5.0,10,5.0106352940962555,1,1,0
193.0,6,1.0,1.0,Entire home/apt,52.48274,13.44081,4.95,57,5.262690188904886,1,1,0
61.0,4,1.0,1.0,Entire home/apt,52.49866,13.29326,5.0,3,4.110873864173311,1,1,0
75.0,1,1.0,1.0,Private room,52.50848,13.4568,4.96,190,4.31748811353631,1,1,0
190.0,5,3.0,2.5,Entire home/apt,52.55064,13.40334,4.89,36,5.247024072160486,1,1,0
200.0,10,4.0,2.0,Entire home/apt,52.47216,13.38634,4.61,49,5.298317366548036,1,1,0
65.0,1,1.0,1.0,Entire home/apt,52.56175,13.40347,5.0,10,4.174387269895637,1,1,0
62.0,2,1.0,1.0,Entire home/apt,52.48632,13.35499,4.86,324,4.127134385045092,1,1,0
150.0,3,1.0,1.0,Entire home/apt,52.53197,13.38892,4.89,248,5.0106352940962555,1,1,0
92.0,4,1.0,1.0,Entire home/apt,52.48960114,13.38070011,4.8,502,4.5217885770490405,1,1,0
86.0,3,1.0,1.0,Entire home/apt,52.52212905883789,13.345120429992676,4.38,48,4.454347296253507,1,1,0
310.0,10,3.0,2.0,Entire home/apt,52.47417,13.38614,4.47,45,5.736572297479192,1,1,0
59.0,1,1.0,1.5,Private room,52.53215,13.43204,4.95,184,4.07753744390572,1,1,0
55.0,2,1.0,2.0,Private room,52.51898,13.40392,4.87,76,4.007333185232471,1,1,0
59.0,2,1.0,1.0,Private room,52.48923,13.38959,4.85,399,4.07753744390572,1,1,0
63.0,2,1.0,1.0,Entire home/apt,52.53389739990234,13.413122177124023,4.5,6,4.143134726391533,1,1,0
64.0,4,2.0,1.0,Entire home/apt,52.49083,13.37835,4.75,582,4.1588830833596715,1,1,0
58.0,4,1.0,1.0,Entire home/apt,52.46698,13.44006,4.67,350,4.060443010546419,1,1,0
71.0,2,1.0,1.0,Entire home/apt,52.55175,13.41588,4.96,89,4.2626798770413155,1,1,0
31.0,2,1.0,1.5,Private room,52.48598,13.35066,4.78,9,3.4339872044851463,1,0,0
101.0,4,0.0,1.0,Entire home/apt,52.50476,13.39732,4.63,222,4.61512051684126,1,1,0
36.0,2,1.0,1.0,Entire home/apt,52.49639,13.31273,4.36,14,3.58351893845611,1,1,0
62.0,2,1.0,1.0,Private room,52.5036,13.42588,4.83,54,4.127134385045092,1,1,0
28.0,2,0.0,1.0,Entire home/apt,52.55112,13.37245,5.0,2,3.332204510175204,1,1,0
26.0,1,1.0,1.0,Private room,52.47606,13.37243,4.95,575,3.258096538021482,1,1,0
3429.0,2,0.0,1.0,Entire home/apt,52.487,13.36565,4.8,5,8.14002395246292,1,1,0
39.0,2,1.0,2.0,Private room,52.51049,13.28835,4.62,513,3.6635616461296463,1,1,0
37.0,2,1.0,2.0,Private room,52.51029,13.29012,4.5,560,3.6109179126442243,1,1,0
238.0,3,1.0,1.0,Entire home/apt,52.51669,13.41257,4.95,495,5.472270673671475,1,1,0
94.0,6,2.0,1.0,Entire home/apt,52.52118,13.45307,4.6,282,4.543294782270004,1,1,0
34.0,2,1.0,2.0,Private room,52.51097,13.28811,4.65,531,3.5263605246161616,1,1,0
69.0,4,1.0,1.0,Entire home/apt,52.47388,13.44708,4.73,22,4.23410650459726,1,1,0
64.0,3,1.0,1.0,Private room,52.54397,13.42045,4.97,365,4.1588830833596715,1,1,1
49.0,2,0.0,1.0,Entire home/apt,52.52503,13.30802,4.64,255,3.8918202981106265,1,0,0
59.0,4,1.0,1.0,Entire home/apt,52.52148,13.45298,4.46,257,4.07753744390572,1,1,0
35.0,2,1.0,1.0,Private room,52.48278,13.44126,4.92,36,3.5553480614894135,1,1,0
29.0,6,2.0,1.0,Entire home/apt,52.4869499206543,13.344579696655272,4.48,320,3.367295829986474,1,1,0
62.0,2,1.0,1.0,Private room,52.49442,13.41443,4.92,463,4.127134385045092,1,0,0
29.0,6,3.0,1.0,Entire home/apt,52.48830032348633,13.33152961730957,4.44,280,3.367295829986474,1,1,0
69.0,2,1.0,1.0,Entire home/apt,52.56304,13.40242,4.75,110,4.23410650459726,1,1,0
29.0,6,2.0,1.0,Entire home/apt,52.49047470092773,13.330714225769045,4.6,287,3.367295829986474,1,1,0
36.0,2,1.0,1.5,Private room,52.48256,13.44133,4.82,319,3.58351893845611,1,1,1
231.0,6,3.0,2.0,Entire home/apt,52.4703,13.30979,4.29,17,5.442417710521793,0,1,0
95.0,5,2.0,1.0,Entire home/apt,52.47268,13.45228,5.0,1,4.553876891600541,1,1,0
77.0,2,1.0,1.5,Entire home/apt,52.55259,13.41648,4.48,48,4.343805421853684,1,1,0
116.0,2,1.0,1.0,Entire home/apt,52.52797,13.39288,4.76,29,4.7535901911063645,1,1,0
146.0,7,2.0,1.0,Entire home/apt,52.53823,13.40174,4.6,282,4.983606621708336,1,1,0
33.0,2,1.0,1.0,Private room,52.4042,13.57112,4.94,107,3.4965075614664802,1,1,0
178.0,6,3.0,2.0,Entire home/apt,52.49773,13.42677,4.76,464,5.181783550292085,1,1,0
29.0,5,1.0,1.0,Shared room,52.51772,13.42416,4.59,46,3.367295829986474,1,1,0
110.0,2,1.0,1.0,Entire home/apt,52.49207,13.33515,4.94,47,4.700480365792417,1,1,0
530.0,6,3.0,2.0,Entire home/apt,52.53895,13.4017,4.88,43,6.272877006546167,1,1,0
175.0,2,1.0,1.0,Entire home/apt,52.51212,13.45309,4.56,126,5.1647859739235145,1,1,0
40.0,2,1.0,1.0,Entire home/apt,52.52945,13.41173,4.79,28,3.6888794541139363,1,1,0
59.0,2,1.0,1.0,Private room,52.50268,13.49005,4.83,156,4.07753744390572,1,1,0
100.0,2,1.0,1.0,Entire home/apt,52.53165,13.39663,0.0,0,4.605170185988092,1,1,0
44.0,2,1.0,1.0,Private room,52.56198,13.49392,4.69,122,3.784189633918261,1,1,0
45.0,2,2.0,1.0,Private room,52.61389,13.23327,4.94,51,3.8066624897703196,1,1,0
92.0,2,1.0,1.0,Entire home/apt,52.50592,13.30931,4.97,66,4.5217885770490405,1,1,0
162.0,4,2.0,1.0,Entire home/apt,52.4976,13.43467,4.78,73,5.087596335232384,1,1,0
80.0,4,1.0,1.0,Entire home/apt,52.57394,13.3097,0.0,0,4.382026634673881,1,1,0
60.0,3,1.0,1.0,Private room,52.48778,13.31109,4.94,263,4.0943445622221,1,1,0
150.0,5,2.0,1.0,Entire home/apt,52.55213,13.41877,4.7,54,5.0106352940962555,1,1,0
69.0,4,1.0,1.5,Entire home/apt,52.48743282615128,13.420140307723347,4.84,289,4.23410650459726,1,1,0
208.0,2,1.0,1.0,Entire home/apt,52.49925,13.44574,4.87,45,5.337538079701318,1,1,0
249.0,4,2.0,2.0,Entire home/apt,52.53985,13.40478,4.81,155,5.517452896464707,1,1,0
120.0,2,1.0,1.0,Entire home/apt,52.49372121824897,13.198032234918228,0.0,0,4.787491742782046,1,1,0
50.0,2,1.0,1.5,Private room,52.47094,13.43347,4.97,34,3.912023005428146,1,1,0
107.0,2,1.0,1.0,Entire home/apt,52.5341,13.43366,4.93,445,4.672828834461906,1,1,0
137.0,2,1.0,1.0,Entire home/apt,52.49827,13.43595,4.93,82,4.919980925828125,1,1,0
80.0,2,1.0,1.0,Entire home/apt,52.44684,13.57933,4.93,166,4.382026634673881,1,1,0
79.0,3,1.0,1.0,Entire home/apt,52.49679,13.33425,4.53,30,4.3694478524670215,1,1,0
146.0,2,1.0,1.5,Private room,52.52971,13.40452,4.91,78,4.983606621708336,1,1,0
228.0,5,3.0,1.0,Entire home/apt,52.49166,13.38973,4.86,365,5.429345628954441,1,1,0
96.0,5,1.0,1.0,Entire home/apt,52.4941,13.4383,4.76,165,4.564348191467836,1,1,0
65.0,2,1.0,1.0,Entire home/apt,52.54878,13.42623,4.88,109,4.174387269895637,1,1,0
97.0,6,3.0,1.0,Entire home/apt,52.47804,13.56161,4.78,107,4.574710978503383,1,1,0
432.0,6,3.0,2.5,Entire home/apt,52.50545,13.30009,4.95,20,6.068425588244111,1,1,0
190.0,6,3.0,2.0,Entire home/apt,52.56314,13.40089,4.97,29,5.247024072160486,1,1,1
67.0,1,1.0,1.0,Private room,52.53511,13.41051,4.96,340,4.204692619390966,1,1,0
116.0,6,2.0,2.0,Entire home/apt,52.51213,13.41282,4.63,225,4.7535901911063645,1,1,0
144.0,4,2.0,1.0,Entire home/apt,52.53271,13.39955,4.96,28,4.969813299576001,1,1,0
232.0,7,2.0,1.5,Entire home/apt,52.54721593302182,13.416069657464638,4.94,331,5.44673737166631,1,1,0
266.0,3,2.0,1.5,Entire home/apt,52.53103,13.41465,4.77,65,5.583496308781699,1,1,0
171.0,4,2.0,0.0,Entire home/apt,52.49155,13.4305,4.85,27,5.14166355650266,1,1,0
176.0,6,1.0,1.0,Entire home/apt,52.46819,13.38999,4.87,141,5.170483995038151,1,1,0
70.0,2,2.0,1.5,Private room,52.44747,13.63412,4.96,323,4.248495242049359,1,1,0
138.0,4,3.0,2.0,Entire home/apt,52.5006,13.37112,5.0,8,4.927253685157205,1,1,0
179.0,3,2.0,1.0,Entire home/apt,52.53137,13.41679,4.79,198,5.187385805840755,1,1,0
33.0,7,1.0,1.5,Private room,52.48707,13.32742,4.64,119,3.4965075614664802,1,1,0
60.0,2,1.0,1.0,Private room,52.523345947265625,13.338370323181152,4.85,78,4.0943445622221,1,1,0
36.0,2,1.0,1.0,Private room,52.5878,13.28053,4.91,249,3.58351893845611,1,1,0
94.0,4,2.0,1.0,Entire home/apt,52.48921,13.37654,4.82,39,4.543294782270004,1,1,0
100.0,4,1.0,1.0,Entire home/apt,52.4817,13.38186,4.92,123,4.605170185988092,1,1,0
215.0,4,1.0,2.0,Entire home/apt,52.49676,13.42627,4.88,24,5.3706380281276624,1,1,0
254.0,5,4.0,2.0,Entire home/apt,52.56907,13.39956,4.86,132,5.537334267018537,1,1,0
591.0,10,4.0,3.0,Entire home/apt,52.4854,13.42446,4.91,411,6.3818160174060985,1,1,0
487.0,13,6.0,2.0,Entire home/apt,52.5057,13.46895,4.75,146,6.18826412308259,1,1,0
171.0,4,2.0,1.0,Entire home/apt,52.51083,13.46782,4.97,31,5.14166355650266,1,1,0
598.0,14,6.0,4.5,Entire home/apt,52.46824,13.38998,4.88,148,6.393590753950631,1,1,0
230.0,4,2.0,1.5,Entire home/apt,52.53743,13.39948,4.79,28,5.438079308923196,1,1,0
171.0,4,1.0,1.0,Entire home/apt,52.52921,13.41145,4.72,535,5.14166355650266,1,1,0
112.0,4,2.0,2.0,Entire home/apt,52.50973,13.45418,5.0,1,4.718498871295094,1,1,0
72.0,3,1.0,1.0,Entire home/apt,52.58342,13.36478,4.78,124,4.276666119016055,1,1,0
42.0,2,1.0,1.0,Entire home/apt,52.55403,13.40076,4.84,25,3.7376696182833684,1,1,0
71.0,2,1.0,1.0,Entire home/apt,52.54581,13.40667,4.93,27,4.2626798770413155,1,1,0
137.0,6,0.0,1.0,Entire home/apt,52.54673,13.42491,4.91,206,4.919980925828125,1,1,0
58.0,2,1.0,1.0,Private room,52.50022,13.41494,4.71,42,4.060443010546419,1,0,0
300.0,2,2.0,2.0,Entire home/apt,52.53584,13.42879,4.99,98,5.703782474656201,1,1,0
48.0,2,1.0,1.0,Entire home/apt,52.49446,13.42269,0.0,0,3.871201010907891,1,1,0
120.0,2,1.0,1.0,Entire home/apt,52.54427,13.4225,4.65,23,4.787491742782046,1,1,0
130.0,2,1.0,1.0,Entire home/apt,52.47317,13.48275,4.64,36,4.867534450455582,1,1,0
20.0,6,1.0,1.0,Shared room,52.51599,13.42483,4.61,228,2.995732273553991,1,1,0
289.0,14,4.0,1.5,Entire home/apt,52.53292,13.32682,4.92,482,5.666426688112432,1,1,0
26.0,4,1.0,1.0,Shared room,52.51713,13.42679,4.6,169,3.258096538021482,1,1,0
72.0,2,1.0,1.5,Entire home/apt,52.43544,13.58195,4.65,251,4.276666119016055,1,1,1
46.0,3,1.0,1.5,Private room,52.51061,13.28859,4.5,150,3.828641396489095,1,1,0
366.0,7,6.0,3.5,Entire home/apt,52.52187,13.23923,5.0,16,5.902633333401366,1,1,0
79.0,2,1.0,1.0,Entire home/apt,52.52815,13.39856,4.88,246,4.3694478524670215,1,1,0
144.0,5,2.0,1.0,Entire home/apt,52.53758,13.43836,4.87,68,4.969813299576001,1,1,0
55.0,2,1.0,1.0,Entire home/apt,52.53577,13.37986,4.93,15,4.007333185232471,1,1,0
57.0,2,0.0,1.0,Entire home/apt,52.4914,13.40621,4.84,364,4.04305126783455,1,1,0
133.0,4,1.0,1.0,Entire home/apt,52.52633,13.39379,4.88,515,4.890349128221754,1,1,0
95.0,2,1.0,1.0,Private room,52.49003,13.34934,4.93,54,4.553876891600541,1,1,0
69.0,4,1.0,2.0,Private room,52.51108,13.44616,4.58,106,4.23410650459726,1,1,0
94.0,3,1.0,1.0,Entire home/apt,52.49172,13.43589,4.92,13,4.543294782270004,1,1,0
54.0,3,1.0,1.5,Entire home/apt,52.52541,13.30535,4.67,107,3.9889840465642745,1,1,0
358.0,8,3.0,2.0,Entire home/apt,52.48916,13.37659,4.87,193,5.8805329864007,1,1,0
36.0,1,1.0,1.5,Private room,52.60165,13.42608,4.0,1,3.58351893845611,1,1,0
45.0,3,1.0,1.0,Private room,52.47019,13.43104,4.87,102,3.8066624897703196,1,1,0
87.0,2,1.0,1.0,Entire home/apt,52.52114,13.44997,5.0,3,4.465908118654584,1,1,0
274.0,5,2.0,1.0,Entire home/apt,52.49179,13.39229,4.89,79,5.6131281063880705,1,1,0
223.0,6,2.0,1.0,Entire home/apt,52.51201248168945,13.459357261657717,4.9,248,5.407171771460119,1,1,1
53.0,4,1.0,1.0,Private room,52.51712,13.426,4.44,54,3.970291913552122,1,1,0
60.0,4,2.0,1.0,Entire home/apt,52.49842,13.30412,5.0,1,4.0943445622221,1,1,0
56.0,2,1.0,1.0,Private room,52.51379,13.45904,4.97,222,4.02535169073515,1,1,0
115.0,4,2.0,1.0,Entire home/apt,52.44755,13.61793,4.49,39,4.74493212836325,1,1,0
103.0,4,1.0,1.0,Entire home/apt,52.50360107,13.3774004,4.86,658,4.634728988229636,1,1,0
125.0,2,1.0,1.0,Entire home/apt,52.517,13.41422,4.82,278,4.8283137373023015,1,1,0
299.0,9,3.0,1.5,Entire home/apt,52.5422,13.41787,4.9,516,5.700443573390687,1,1,0
81.0,3,2.0,1.5,Private room,52.53283,13.41586,4.75,12,4.394449154672439,1,1,0
86.0,4,1.0,1.0,Entire home/apt,52.50360107,13.3774004,4.87,661,4.454347296253507,1,1,0
146.0,6,2.0,1.0,Entire home/apt,52.5098,13.44693,4.87,506,4.983606621708336,1,1,0
76.0,4,1.0,1.0,Entire home/apt,52.50379944,13.37720013,4.88,698,4.330733340286331,1,1,0
75.0,1,1.0,1.0,Private room,52.47928,13.41955,4.74,119,4.31748811353631,1,1,0
70.0,2,1.0,1.0,Entire home/apt,52.51565,13.46096,4.91,94,4.248495242049359,1,0,0
153.0,2,0.0,1.0,Entire home/apt,52.49944,13.369,4.93,321,5.030437921392435,1,1,0
70.0,3,1.0,1.0,Entire home/apt,52.52132,13.63387,4.77,103,4.248495242049359,1,1,0
176.0,5,3.0,1.0,Entire home/apt,52.48875,13.39216,4.68,19,5.170483995038151,1,1,0
138.0,2,1.0,1.0,Entire home/apt,52.53778,13.40261,4.7,143,4.927253685157205,1,1,0
43.0,2,1.0,1.0,Entire home/apt,52.4636,13.3185,4.67,6,3.7612001156935624,1,1,0
320.0,7,5.0,2.0,Entire home/apt,52.48488,13.43471,4.54,147,5.768320995793772,1,1,0
106.0,2,1.0,1.0,Entire home/apt,52.540451,13.418901,5.0,15,4.663439094112067,1,1,0
115.0,4,2.0,2.0,Entire home/apt,52.48954,13.36323,4.83,356,4.74493212836325,1,1,0
462.0,8,4.0,2.0,Hotel room,52.53707,13.40958,4.94,66,6.135564891081739,1,1,0
182.0,7,2.0,1.0,Entire home/apt,52.52983,13.39711,4.4,246,5.204006687076795,1,1,0
180.0,4,2.0,1.5,Entire home/apt,52.48872,13.37609,4.85,62,5.19295685089021,1,1,0
75.0,4,1.0,1.0,Entire home/apt,52.53057722217836,13.401063175115446,4.78,282,4.31748811353631,1,1,0
76.0,3,1.0,1.0,Entire home/apt,52.51326,13.30424,4.8,232,4.330733340286331,1,1,0
73.0,2,1.0,2.0,Private room,52.54946,13.34943,5.0,5,4.290459441148391,1,1,0
23.0,1,1.0,1.0,Private room,52.50585,13.29635,4.67,63,3.1354942159291497,1,1,0
52.0,2,2.0,1.0,Private room,52.49268,13.42872,4.95,56,3.9512437185814275,1,1,0
90.0,6,2.0,1.0,Entire home/apt,52.41358,13.5054,4.85,316,4.499809670330265,1,1,0
62.0,4,1.0,1.0,Entire home/apt,52.53351,13.38908,4.76,137,4.127134385045092,1,1,0
253.0,5,2.0,1.0,Entire home/apt,52.55654,13.22293,4.94,17,5.53338948872752,0,1,0
67.0,2,1.0,1.5,Private room,52.49622,13.33853,4.85,157,4.204692619390966,1,0,0
227.0,10,5.0,2.0,Entire home/apt,52.52021026611328,13.558789253234863,4.82,51,5.424950017481403,1,1,0
79.0,2,1.0,1.0,Entire home/apt,52.50233,13.43841,4.79,223,4.3694478524670215,1,1,0
165.0,3,1.0,1.0,Entire home/apt,52.54005,13.42165,4.89,367,5.10594547390058,1,1,0
300.0,5,3.0,2.0,Entire home/apt,52.49653,13.33829,5.0,18,5.703782474656201,1,1,0
209.0,4,2.0,1.5,Entire home/apt,52.52633,13.39379,4.91,551,5.342334251964811,1,1,1
77.0,2,1.0,1.0,Entire home/apt,52.49077,13.38776,4.5,336,4.343805421853684,1,1,0
252.0,13,6.0,2.0,Entire home/apt,52.50605,13.47,4.67,63,5.529429087511423,1,1,0
40.0,2,1.0,1.0,Private room,52.49142,13.25683,4.79,237,3.6888794541139363,1,1,0
167.0,5,2.0,1.5,Entire home/apt,52.49858,13.44746,4.95,22,5.117993812416755,1,1,0
100.0,4,3.0,2.0,Entire home/apt,52.44735,13.61821,4.6,20,4.605170185988092,1,1,0
89.0,2,1.0,1.0,Entire home/apt,52.513973028983614,13.501927488671884,4.94,17,4.48863636973214,0,1,0
53.0,2,1.0,1.0,Entire home/apt,52.4539,13.45618,4.69,16,3.970291913552122,1,1,0
90.0,3,2.0,1.0,Entire home/apt,52.49297,13.31822,4.55,179,4.499809670330265,1,1,0
45.0,1,1.0,1.5,Private room,52.49459,13.31773,5.0,2,3.8066624897703196,1,1,0
67.0,2,1.0,1.5,Private room,52.49277,13.31754,5.0,1,4.204692619390966,1,1,0
95.0,4,1.0,1.0,Entire home/apt,52.50958,13.39033,4.43,49,4.553876891600541,1,1,0
20.0,6,1.0,1.0,Shared room,52.5177,13.42561,4.66,59,2.995732273553991,1,1,0
141.0,6,1.0,1.0,Entire home/apt,52.53886,13.40583,4.67,235,4.948759890378168,1,1,0
70.0,1,1.0,1.0,Private room,52.49531,13.38333,4.91,56,4.248495242049359,0,1,0
75.0,4,2.0,1.5,Entire home/apt,52.5542,13.4172,4.64,431,4.31748811353631,1,1,0
65.0,6,2.0,1.0,Entire home/apt,52.41878,13.42549,4.69,373,4.174387269895637,1,1,0
76.0,3,1.0,1.0,Entire home/apt,52.55112,13.41683,4.79,332,4.330733340286331,1,1,0
131.0,4,1.0,1.0,Entire home/apt,52.53803,13.4048,4.57,240,4.875197323201151,1,1,0
65.0,4,2.0,1.0,Entire home/apt,52.5537,13.41865,4.53,19,4.174387269895637,1,1,0
44.0,2,1.0,1.0,Entire home/apt,52.48394,13.38285,5.0,15,3.784189633918261,1,1,0
96.0,4,1.0,1.0,Entire home/apt,52.51187,13.28503,4.8,271,4.564348191467836,1,1,0
63.0,2,1.0,1.0,Entire home/apt,52.60322,13.31717,4.95,191,4.143134726391533,1,1,0
55.0,1,1.0,1.0,Private room,52.51652,13.41803,4.79,593,4.007333185232471,1,1,0
93.0,4,1.0,1.5,Entire home/apt,52.49001,13.38447,4.58,330,4.532599493153256,1,1,0
112.0,2,1.0,1.0,Entire home/apt,52.50321,13.32533,4.63,19,4.718498871295094,1,1,0
75.0,3,1.0,1.0,Entire home/apt,52.51289,13.30239,4.66,258,4.31748811353631,1,1,0
111.0,3,1.0,1.0,Entire home/apt,52.53314,13.40158,4.69,152,4.709530201312334,1,1,0
75.0,1,0.0,1.0,Entire home/apt,52.45883,13.37892,4.31,13,4.31748811353631,1,1,0
315.0,6,3.0,2.0,Entire home/apt,52.53087,13.38241,4.94,300,5.752572638825633,1,1,1
74.0,2,1.0,1.0,Entire home/apt,52.50987,13.62151,4.96,72,4.30406509320417,1,1,0
170.0,5,3.0,1.5,Entire home/apt,52.53634,13.40628,5.0,4,5.135798437050262,1,1,0
119.0,2,1.0,1.0,Entire home/apt,52.50093,13.3248,4.41,17,4.77912349311153,1,1,0
43.0,2,1.0,1.5,Private room,52.49084,13.41575,4.82,440,3.7612001156935624,1,1,0
200.0,9,2.0,1.5,Entire home/apt,52.52407114460903,13.409150280520176,4.8,441,5.298317366548036,1,1,0
66.0,4,1.0,1.0,Entire home/apt,52.48127,13.34995,4.61,38,4.189654742026425,1,1,0
119.0,7,2.0,1.0,Entire home/apt,52.482,13.34883,4.7,44,4.77912349311153,1,1,0
49.0,1,1.0,1.0,Entire home/apt,52.50054,13.34972,5.0,13,3.8918202981106265,1,1,0
60.0,1,1.0,1.0,Private room,52.460129299196055,13.378782453272583,4.91,22,4.0943445622221,1,0,0
111.0,3,1.0,1.0,Entire home/apt,52.53281,13.40212,4.77,158,4.709530201312334,1,1,0
243.0,4,2.0,1.0,Entire home/apt,52.52465,13.29989,4.83,114,5.493061443340548,1,1,0
35.0,1,1.0,1.0,Private room,52.58521,13.3919,4.68,151,3.5553480614894135,1,1,0
146.0,8,3.0,2.0,Entire home/apt,52.48025,13.34804,4.78,229,4.983606621708336,1,1,0
99.0,4,1.0,1.0,Entire home/apt,52.51051,13.40695,4.85,442,4.59511985013459,1,1,0
100.0,4,1.0,1.0,Entire home/apt,52.53311,13.43321,4.86,326,4.605170185988092,1,1,0
112.0,2,1.0,1.0,Entire home/apt,52.50313,13.3249,4.69,13,4.718498871295094,1,1,0
97.0,4,2.0,1.0,Entire home/apt,52.55082,13.41603,4.86,270,4.574710978503383,1,1,0
70.0,1,0.0,1.0,Entire home/apt,52.49764,13.32304,4.62,29,4.248495242049359,1,1,0
101.0,2,0.0,1.0,Entire home/apt,52.5331,13.40159,4.77,137,4.61512051684126,1,1,0
100.0,4,2.0,1.0,Entire home/apt,52.50392,13.4184,4.67,15,4.605170185988092,1,1,0
196.0,8,3.0,1.0,Entire home/apt,52.55195617675781,13.413713455200195,4.73,100,5.278114659230517,1,1,0
67.0,2,1.0,1.0,Entire home/apt,52.51051,13.46502,5.0,4,4.204692619390966,1,1,0
121.0,9,2.0,1.0,Entire home/apt,52.52632,13.41084,4.65,300,4.795790545596741,1,1,0
109.0,5,1.0,1.0,Entire home/apt,52.50737,13.47654,4.85,298,4.6913478822291435,1,1,0
88.0,4,0.0,1.0,Entire home/apt,52.50896,13.47713,4.8,306,4.477336814478207,1,1,0
167.0,5,3.0,2.5,Entire home/apt,52.55077,13.40424,4.97,35,5.117993812416755,1,1,0
29.0,2,1.0,2.0,Private room,52.39563,13.57844,4.33,3,3.367295829986474,1,1,0
88.0,4,0.0,1.0,Entire home/apt,52.50885,13.4772,4.87,308,4.477336814478207,1,1,0
45.0,2,0.0,1.0,Entire home/apt,52.50443,13.41827,4.52,21,3.8066624897703196,1,1,0
115.0,4,0.0,1.0,Entire home/apt,52.51801,13.46882,4.92,394,4.74493212836325,1,1,0
65.0,3,1.0,1.0,Entire home/apt,52.50826,13.44691,4.95,201,4.174387269895637,1,1,0
113.0,3,1.0,1.0,Entire home/apt,52.50618,13.43077,4.8,25,4.727387818712341,1,1,0
273.0,6,2.0,2.0,Entire home/apt,52.48537,13.42459,4.89,346,5.60947179518496,1,1,0
205.0,8,3.0,1.0,Entire home/apt,52.52046,13.39092,4.77,277,5.3230099791384085,1,1,0
72.0,2,1.0,1.0,Entire home/apt,52.46943,13.42779,4.95,197,4.276666119016055,1,1,0
117.0,2,1.0,1.0,Entire home/apt,52.4689,13.43282,4.93,45,4.762173934797756,1,1,0
98.0,6,2.0,1.0,Entire home/apt,52.47558,13.42254,4.77,488,4.584967478670572,1,1,0
44.0,3,2.0,1.0,Private room,52.52915,13.16387,4.74,35,3.784189633918261,1,1,0
119.0,2,1.0,1.0,Entire home/apt,52.49305,13.42533,4.68,106,4.77912349311153,1,1,0
48.0,1,0.0,1.0,Entire home/apt,52.49226,13.42937,4.56,9,3.871201010907891,1,1,0
61.0,4,2.0,1.0,Entire home/apt,52.49533,13.2842,4.67,3,4.110873864173311,1,1,0
60.0,4,2.0,1.0,Entire home/apt,52.50268,13.30325,4.75,4,4.0943445622221,1,1,0
189.0,2,1.0,1.0,Entire home/apt,52.49508,13.424,5.0,18,5.241747015059643,1,1,0
187.0,5,3.0,1.0,Entire home/apt,52.53982162475586,13.398756980895996,4.74,58,5.231108616854587,1,1,0
83.0,3,1.0,1.0,Entire home/apt,52.54302,13.42234,4.88,278,4.418840607796598,1,1,0
99.0,6,3.0,1.5,Entire home/apt,52.54434,13.42272,4.85,271,4.59511985013459,1,1,0
125.0,2,1.0,1.0,Entire home/apt,52.52483,13.40746,4.8,218,4.8283137373023015,1,1,0
82.0,3,2.0,1.0,Entire home/apt,52.50268,13.30325,4.38,8,4.406719247264253,1,1,0
45.0,4,1.0,1.0,Entire home/apt,52.52474,13.28623,3.0,1,3.8066624897703196,1,1,0
111.0,6,2.0,1.5,Entire home/apt,52.48738,13.32589,4.66,243,4.709530201312334,1,1,0
140.0,2,1.0,1.0,Entire home/apt,52.53002166748047,13.404840469360352,4.62,55,4.941642422609304,1,1,0
118.0,3,2.0,1.0,Entire home/apt,52.53002166748047,13.404840469360352,4.68,87,4.770684624465665,1,1,0
223.0,6,2.0,1.0,Entire home/apt,52.53002166748047,13.404840469360352,4.63,115,5.407171771460119,1,1,0
169.0,4,1.0,1.0,Entire home/apt,52.49394989013672,13.426309585571287,4.84,38,5.1298987149230735,1,1,0
272.0,7,3.0,2.0,Entire home/apt,52.53002166748047,13.404840469360352,4.72,203,5.605802066295998,1,1,0
100.0,2,1.0,1.0,Entire home/apt,52.4959,13.44082,4.86,271,4.605170185988092,1,1,0
55.0,3,1.0,1.0,Entire home/apt,52.49557,13.28482,5.0,1,4.007333185232471,1,1,0
93.0,2,1.0,1.0,Entire home/apt,52.52418640230548,13.348735347390177,0.0,0,4.532599493153256,1,1,0
85.0,4,2.0,1.0,Entire home/apt,52.48014,13.56488,4.88,152,4.442651256490317,1,1,0
330.0,6,3.0,1.5,Entire home/apt,52.54066,13.40971,4.94,183,5.799092654460526,1,1,0
153.0,2,2.0,1.0,Entire home/apt,52.50063,13.43983,4.96,27,5.030437921392435,1,1,0
29.0,2,1.0,2.0,Private room,52.39404,13.57648,4.4,5,3.367295829986474,1,1,0
29.0,2,1.0,2.0,Private room,52.39328,13.57814,5.0,2,3.367295829986474,1,1,0
140.0,2,1.0,1.0,Entire home/apt,52.53483,13.39383,5.0,242,4.941642422609304,1,1,0
45.0,2,1.0,1.0,Entire home/apt,52.52766,13.44942,4.64,22,3.8066624897703196,1,1,0
91.0,1,1.0,1.0,Private room,52.50161,13.30992,4.97,230,4.51085950651685,1,1,0
58.0,2,1.0,1.0,Private room,52.53046,13.55442,4.95,313,4.060443010546419,1,0,0
163.0,5,1.0,1.0,Entire home/apt,52.5063,13.41735,4.93,138,5.093750200806762,1,1,0
78.0,7,2.0,1.0,Entire home/apt,52.50525,13.29473,4.79,189,4.356708826689592,1,1,1
190.0,2,1.0,1.0,Entire home/apt,52.53344,13.39628,4.84,19,5.247024072160486,1,1,0
29.0,2,1.0,2.0,Private room,52.39329,13.58013,4.63,8,3.367295829986474,1,1,0
51.0,2,0.0,1.0,Entire home/apt,52.52788,13.34985,4.76,93,3.9318256327243257,1,1,0
61.0,1,1.0,1.0,Entire home/apt,52.43702,13.50628,5.0,4,4.110873864173311,1,1,0
51.0,2,1.0,2.0,Private room,52.53789,13.42015,4.94,48,3.9318256327243257,1,1,0
317.0,10,3.0,1.0,Entire home/apt,52.51427,13.44885,4.34,150,5.75890177387728,1,1,0
206.0,6,2.0,2.0,Entire home/apt,52.50680160522461,13.421509742736816,4.77,78,5.327876168789581,1,1,0
76.0,2,1.0,1.0,Entire home/apt,52.47389,13.42451,4.8,10,4.330733340286331,1,1,0
55.0,1,1.0,0.5,Private room,52.55588,13.34397,4.96,71,4.007333185232471,1,1,0
59.0,3,1.0,1.0,Entire home/apt,52.50183,13.35122,4.0,2,4.07753744390572,1,1,0
58.0,2,1.0,2.5,Private room,52.50708,13.37599,4.66,195,4.060443010546419,1,1,0
125.0,4,2.0,1.0,Entire home/apt,52.53926086425781,13.42212963104248,4.68,97,4.8283137373023015,1,1,0
132.0,3,2.0,1.0,Entire home/apt,52.48283,13.42775,4.67,15,4.882801922586371,1,1,0
190.0,2,1.0,1.0,Entire home/apt,52.49179,13.41354,4.98,50,5.247024072160486,1,1,0
99.0,7,1.0,1.0,Entire home/apt,52.50967,13.45462,4.55,214,4.59511985013459,1,1,0
73.0,2,1.0,1.0,Private room,52.49716,13.42685,4.86,59,4.290459441148391,1,1,0
109.0,2,1.0,1.0,Entire home/apt,52.48543,13.43267,4.75,16,4.6913478822291435,1,1,0
85.0,3,0.0,1.0,Entire home/apt,52.54337,13.35619,4.69,333,4.442651256490317,1,1,0
99.0,2,1.0,1.0,Private room,52.5247,13.3529,4.99,587,4.59511985013459,1,0,1
108.0,4,3.0,1.0,Entire home/apt,52.53348,13.33976,4.52,347,4.68213122712422,1,1,0
37.0,2,1.0,1.5,Private room,52.44704,13.50579,4.71,78,3.6109179126442243,1,0,0
99.0,2,1.0,1.0,Entire home/apt,52.48966,13.42797,4.8,209,4.59511985013459,1,1,0
70.0,2,0.0,1.0,Entire home/apt,52.4904,13.42764,4.96,23,4.248495242049359,1,1,0
29.0,1,1.0,1.0,Private room,52.6368,13.29466,5.0,8,3.367295829986474,1,1,0
79.0,1,1.0,1.0,Entire home/apt,52.46097,13.51984,4.7,10,4.3694478524670215,0,0,0
43.0,3,1.0,2.0,Private room,52.45999,13.49755,4.81,64,3.7612001156935624,1,1,0
500.0,6,3.0,1.5,Entire home/apt,52.55621,13.51681,4.76,49,6.214608098422191,1,1,0
128.0,2,0.0,1.0,Entire home/apt,52.53143,13.41997,4.95,41,4.852030263919617,1,1,1
35.0,2,1.0,1.0,Private room,52.46872,13.58635,4.92,201,3.5553480614894135,1,1,0
46.0,2,1.0,1.0,Entire home/apt,52.53608,13.43673,4.5,10,3.828641396489095,1,1,0
129.0,3,1.0,1.0,Entire home/apt,52.48688,13.32609,3.0,1,4.859812404361672,1,1,0
465.0,4,2.0,1.0,Entire home/apt,52.48282,13.45208,0.0,0,6.142037405587356,1,1,0
84.0,2,1.0,1.0,Entire home/apt,52.44589,13.62913,4.79,48,4.430816798843313,1,1,0
74.0,2,1.0,1.0,Entire home/apt,52.46097,13.51984,4.83,18,4.30406509320417,1,1,0
69.0,1,1.0,1.0,Entire home/apt,52.52211,13.35257,4.81,48,4.23410650459726,1,1,0
125.0,2,1.0,1.0,Entire home/apt,52.45842,13.379,4.71,7,4.8283137373023015,1,1,0
108.0,4,2.0,1.0,Entire home/apt,52.53123,13.34122,4.51,329,4.68213122712422,1,1,0
102.0,2,1.0,1.0,Entire home/apt,52.48521,13.32831,4.17,6,4.624972813284271,1,1,0
49.0,1,1.0,1.0,Private room,52.51184,13.3096,4.9,456,3.8918202981106265,1,0,0
56.0,2,1.0,1.0,Private room,52.55135,13.37948,4.86,369,4.02535169073515,1,0,1
110.0,2,1.0,1.0,Entire home/apt,52.50559,13.41225,4.9,30,4.700480365792417,1,1,0
60.0,2,1.0,1.0,Private room,52.5651,13.4128,4.96,204,4.0943445622221,1,0,0
136.0,5,2.0,2.5,Entire home/apt,52.49398,13.29505,4.86,147,4.912654885736052,1,1,0
52.0,2,1.0,1.0,Private room,52.49156,13.37725,4.95,95,3.9512437185814275,1,0,0
95.0,4,2.0,1.0,Entire home/apt,52.42371,13.20361,4.87,39,4.553876891600541,1,1,0
113.0,1,1.0,1.0,Entire home/apt,52.46097,13.51984,4.3,20,4.727387818712341,0,0,0
152.0,7,4.0,2.0,Entire home/apt,52.47871,13.51488,5.0,20,5.0238805208462765,1,1,0
317.0,8,3.0,1.5,Entire home/apt,52.52874,13.38034,4.95,559,5.75890177387728,1,1,0
53.0,2,1.0,1.0,Entire home/apt,52.5358,13.42041,5.0,56,3.970291913552122,1,1,0
250.0,6,4.0,2.0,Entire home/apt,52.5557,13.43748,4.94,17,5.521460917862246,1,1,0
95.0,3,2.0,1.5,Entire home/apt,52.48144,13.42575,4.9,48,4.553876891600541,1,1,1
116.0,4,2.0,1.0,Entire home/apt,52.53252020314492,13.4052094061561,4.69,78,4.7535901911063645,1,1,1
38.0,2,1.0,1.0,Private room,52.42640988461098,13.568091563779747,4.79,155,3.6375861597263857,1,1,0
62.0,2,1.0,1.0,Private room,52.51808,13.43038,4.98,49,4.127134385045092,1,1,0
110.0,6,3.0,1.0,Entire home/apt,52.53726,13.37375,4.76,17,4.700480365792417,1,1,0
92.0,4,0.0,1.0,Entire home/apt,52.52241,13.45147,4.62,343,4.5217885770490405,1,1,0
110.0,4,2.0,1.0,Entire home/apt,52.52241,13.45147,4.6,325,4.700480365792417,1,1,0
60.0,2,1.0,1.5,Private room,52.49633,13.34968,4.9,131,4.0943445622221,1,1,0
80.0,4,1.0,1.0,Entire home/apt,52.53802,13.41835,4.64,213,4.382026634673881,1,1,0
105.0,4,2.0,1.0,Entire home/apt,52.47601,13.43022,4.91,23,4.653960350157523,0,1,0
476.0,12,5.0,2.0,Entire home/apt,52.46824,13.38998,4.93,147,6.16541785423142,1,1,0
92.0,2,1.0,1.0,Private room,52.48684,13.37901,4.95,38,4.5217885770490405,1,1,0
241.0,6,3.0,1.0,Entire home/apt,52.51024,13.41684,4.89,344,5.484796933490655,1,1,0
234.0,6,3.0,1.0,Entire home/apt,52.51024,13.41684,4.89,384,5.455321115357702,1,1,0
662.0,16,7.0,5.0,Entire home/apt,52.46866,13.38938,4.92,176,6.495265555937008,1,1,0
85.0,2,1.0,1.0,Entire home/apt,52.53118,13.34138,4.49,226,4.442651256490317,1,1,0
102.0,4,2.0,1.0,Entire home/apt,52.53112,13.33979,4.47,249,4.624972813284271,1,1,0
90.0,2,1.0,1.0,Entire home/apt,52.53127,13.34039,4.56,237,4.499809670330265,1,1,0
54.0,1,1.0,1.0,Private room,52.50463,13.37896,4.86,397,3.9889840465642745,1,1,0
61.0,1,1.0,1.0,Private room,52.50213,13.3571,4.75,36,4.110873864173311,1,1,0
50.0,3,1.0,1.0,Private room,52.51527,13.4621,4.69,215,3.912023005428146,1,1,0
144.0,4,2.0,1.0,Entire home/apt,52.53491,13.43944,4.96,384,4.969813299576001,1,1,0
185.0,7,3.0,1.0,Entire home/apt,52.50227,13.48134,4.97,32,5.220355825078324,1,1,0
33.0,2,0.0,1.0,Private room,52.41253,13.50654,4.82,106,3.4965075614664802,1,1,0
236.0,6,3.0,1.0,Entire home/apt,52.50999,13.41652,4.89,371,5.4638318050256105,1,1,0
91.0,4,0.0,1.0,Entire home/apt,52.46955,13.45443,4.39,185,4.51085950651685,1,1,0
129.0,2,1.0,1.0,Private room,52.47341,13.31587,4.43,7,4.859812404361672,1,0,0
189.0,6,2.0,1.0,Entire home/apt,52.51024,13.41684,4.87,369,5.241747015059643,1,1,0
180.0,6,2.0,1.0,Entire home/apt,52.50999,13.41652,4.79,358,5.19295685089021,1,1,0
211.0,6,3.0,1.0,Entire home/apt,52.51024,13.41684,4.86,371,5.351858133476067,1,1,0
846.0,12,3.0,2.0,Entire home/apt,52.48995,13.39508,0.0,0,6.740519359606223,1,1,1
65.0,1,1.0,1.0,Private room,52.49139,13.36852,4.82,154,4.174387269895637,1,1,0
95.0,2,0.0,1.5,Entire home/apt,52.52006,13.44441,0.0,0,4.553876891600541,1,1,0
73.0,6,0.0,1.0,Entire home/apt,52.49775,13.46641,4.6,420,4.290459441148391,1,1,0
104.0,3,1.0,1.0,Entire home/apt,52.51039,13.39764,4.8,151,4.6443908991413725,1,1,0
643.0,11,5.0,3.0,Entire home/apt,52.48537,13.42459,4.9,293,6.466144724237619,1,1,0
120.0,4,2.0,1.0,Entire home/apt,52.51436,13.26465,4.98,114,4.787491742782046,1,1,0
70.0,3,2.0,1.0,Entire home/apt,52.49076,13.43185,0.0,0,4.248495242049359,1,1,0
88.0,4,1.0,1.0,Entire home/apt,52.51917,13.46819,4.9,244,4.477336814478207,1,1,0
25.0,2,1.0,1.0,Private room,52.50921030844959,13.548126524507325,4.43,7,3.2188758248682006,1,1,0
62.0,4,1.0,1.0,Private room,52.50865,13.44577,4.88,68,4.127134385045092,1,1,0
52.0,2,1.0,1.0,Entire home/apt,52.49832,13.29251,5.0,1,3.9512437185814275,1,1,0
155.0,6,2.0,1.0,Entire home/apt,52.54255,13.43893,4.83,101,5.043425116919247,1,1,0
176.0,2,1.0,1.0,Entire home/apt,52.51136,13.39806,4.97,147,5.170483995038151,1,1,0
45.0,1,1.0,1.0,Private room,52.48759,13.4375,5.0,7,3.8066624897703196,1,1,0
67.0,2,1.0,1.0,Entire home/apt,52.49829,13.29253,5.0,3,4.204692619390966,1,1,0
55.0,2,1.0,1.0,Entire home/apt,52.49642,13.43318,4.9,50,4.007333185232471,1,1,0
237.0,4,2.0,1.5,Entire home/apt,52.52451,13.40452,4.97,158,5.4680601411351315,1,1,0
35.0,1,1.0,1.0,Private room,52.49766,13.43881,4.74,66,3.5553480614894135,1,0,0
64.0,2,1.0,1.0,Private room,52.53118,13.40528,4.91,613,4.1588830833596715,1,1,0
38.0,2,1.0,1.0,Private room,52.59546,13.45603,4.96,274,3.6375861597263857,1,1,0
101.0,3,1.0,1.0,Entire home/apt,52.46604,13.48825,4.91,34,4.61512051684126,1,1,0
89.0,2,0.0,1.0,Entire home/apt,52.45883,13.37776,4.38,21,4.48863636973214,1,1,0
71.0,1,1.0,1.0,Private room,52.49388,13.4338,4.93,122,4.2626798770413155,1,1,0
45.0,1,1.0,1.5,Private room,52.43306,13.28069,4.97,35,3.8066624897703196,1,1,0
243.0,8,4.0,2.0,Entire home/apt,52.5339,13.35175,4.9,222,5.493061443340548,1,1,0
80.0,2,1.0,1.0,Private room,52.4742,13.42266,4.98,110,4.382026634673881,1,1,0
217.0,6,3.0,2.0,Entire home/apt,52.5337,13.3515,4.97,269,5.37989735354046,1,1,0
243.0,8,4.0,2.0,Entire home/apt,52.5337,13.3515,4.89,253,5.493061443340548,1,1,0
207.0,6,3.0,2.0,Entire home/apt,52.5337,13.3515,4.93,208,5.332718793265369,1,1,0
51.0,2,1.0,1.5,Private room,52.49597,13.42632,4.73,30,3.9318256327243257,1,1,0
88.0,2,1.0,1.0,Entire home/apt,52.4865,13.44696,4.91,11,4.477336814478207,1,1,0
117.0,2,1.0,1.5,Entire home/apt,52.49945,13.34352,4.92,341,4.762173934797756,1,1,0
109.0,8,2.0,1.0,Entire home/apt,52.48004,13.34429,4.7,134,4.6913478822291435,1,1,0
55.0,2,1.0,1.0,Entire home/apt,52.535,13.34887,4.12,26,4.007333185232471,0,1,0
49.0,2,1.0,1.0,Private room,52.55119,13.42181,4.8,261,3.8918202981106265,1,1,0
178.0,2,0.0,1.0,Entire home/apt,52.54254,13.40883,4.76,51,5.181783550292085,1,1,0
74.0,4,1.0,2.0,Entire home/apt,52.55245,13.4572,4.84,49,4.30406509320417,1,1,0
38.0,2,1.0,1.0,Private room,52.49938,13.44042,4.72,36,3.6375861597263857,1,0,0
180.0,4,1.0,1.0,Entire home/apt,52.49914,13.43436,4.94,17,5.19295685089021,1,1,0
65.0,2,1.0,1.0,Private room,52.5015345,13.4563658,5.0,3,4.174387269895637,1,1,0
93.0,4,0.0,1.0,Entire home/apt,52.50905,13.50392,4.5,163,4.532599493153256,1,1,0
213.0,15,4.0,2.0,Entire home/apt,52.50221,13.36164,4.66,289,5.3612921657094255,1,1,0
42.0,2,0.0,1.0,Entire home/apt,52.49005,13.39899,4.5,4,3.7376696182833684,1,1,0
149.0,4,3.0,1.0,Entire home/apt,52.53129,13.34033,4.59,300,5.003946305945459,1,1,0
59.0,4,1.0,1.0,Entire home/apt,52.41796,13.33055,4.73,150,4.07753744390572,1,1,0
65.0,2,0.0,1.0,Entire home/apt,52.48523,13.45119,4.67,143,4.174387269895637,1,1,0
60.0,2,1.0,1.0,Entire home/apt,52.51267,13.40171,4.33,184,4.0943445622221,1,1,0
182.0,6,3.0,2.0,Entire home/apt,52.497658,13.425216,4.81,462,5.204006687076795,1,1,0
75.0,2,1.0,1.0,Private room,52.51885,13.40964,4.71,58,4.31748811353631,1,1,0
60.0,1,1.0,1.0,Private room,52.57441,13.28101,4.92,95,4.0943445622221,1,1,0
90.0,4,1.0,1.0,Entire home/apt,52.50859,13.50501,4.63,92,4.499809670330265,1,1,0
114.0,4,2.0,1.0,Entire home/apt,52.51596,13.26869,4.82,148,4.736198448394496,1,1,0
93.0,2,1.0,1.0,Private room,52.50452,13.31904,4.98,152,4.532599493153256,1,1,0
40.0,1,1.0,1.0,Entire home/apt,52.427811,13.58347,4.6,5,3.6888794541139363,1,1,0
40.0,4,1.0,1.0,Entire home/apt,52.54367,13.41521,4.87,15,3.6888794541139363,1,1,0
90.0,2,1.0,1.0,Entire home/apt,52.49324,13.40247,4.85,487,4.499809670330265,1,1,0
39.0,1,1.0,1.0,Private room,52.48353,13.42912,4.35,128,3.6635616461296463,1,1,0
54.0,2,1.0,1.0,Private room,52.48353,13.42912,4.53,219,3.9889840465642745,1,1,0
67.0,2,1.0,1.0,Private room,52.48353,13.42912,4.5,203,4.204692619390966,1,1,0
37.0,2,0.0,1.0,Private room,52.41285,13.50623,4.9,70,3.6109179126442243,1,1,0
140.0,5,2.0,2.0,Entire home/apt,52.5326,13.35215,4.95,265,4.941642422609304,1,1,0
65.0,2,1.0,1.0,Entire home/apt,52.50676,13.41224,5.0,12,4.174387269895637,1,1,0
50.0,1,1.0,1.0,Private room,52.49762,13.51272,4.97,65,3.912023005428146,1,1,0
159.0,2,1.0,1.0,Entire home/apt,52.48566,13.32617,4.0,1,5.0689042022202315,1,1,0
38.0,1,1.0,1.5,Private room,52.55595,13.37343,5.0,12,3.6375861597263857,1,1,0
63.0,2,1.0,1.0,Entire home/apt,52.53307,13.34114,4.43,162,4.143134726391533,1,1,0
126.0,5,2.0,1.0,Entire home/apt,52.53273,13.35231,4.91,231,4.836281906951478,1,1,0
125.0,2,1.0,1.0,Entire home/apt,52.45678,13.37775,4.67,6,4.8283137373023015,1,1,0
51.0,2,1.0,1.0,Private room,52.54674,13.45307,4.7,90,3.9318256327243257,1,0,0
210.0,6,3.0,2.0,Entire home/apt,52.53473,13.35206,4.93,243,5.3471075307174685,1,1,0
71.0,2,0.0,1.0,Entire home/apt,52.49648,13.48211,4.93,107,4.2626798770413155,1,1,0
250.0,4,2.0,2.5,Entire home/apt,52.52857,13.38587,4.85,41,5.521460917862246,1,1,0
56.0,3,1.0,1.0,Entire home/apt,52.52882,13.33305,4.81,59,4.02535169073515,1,1,0
78.0,2,2.0,1.0,Entire home/apt,52.51787,13.45892,4.85,13,4.356708826689592,1,1,0
89.0,4,1.0,1.0,Entire home/apt,52.53039,13.29887,4.66,358,4.48863636973214,1,1,0
70.0,2,1.0,1.0,Private room,52.58392,13.39985,4.89,111,4.248495242049359,1,1,0
92.0,4,1.0,1.0,Private room,52.51787,13.42442,4.61,135,4.5217885770490405,1,1,0
128.0,6,1.0,1.0,Private room,52.51618,13.42614,4.58,137,4.852030263919617,1,1,0
87.0,6,1.0,1.0,Private room,52.51571,13.42512,4.6,511,4.465908118654584,1,1,0
77.0,6,1.0,1.0,Private room,52.51748,13.42419,4.59,82,4.343805421853684,1,1,0
122.0,2,1.0,1.0,Entire home/apt,52.49739,13.30736,5.0,1,4.804021044733257,1,1,0
185.0,4,2.0,1.5,Entire home/apt,52.53549,13.40098,4.88,60,5.220355825078324,1,1,0
84.0,4,1.0,1.0,Entire home/apt,52.4606547,13.3198331,4.86,36,4.430816798843313,1,1,0
57.0,4,2.0,1.0,Entire home/apt,52.52793,13.35066,4.79,39,4.04305126783455,1,1,0
86.0,2,1.0,1.0,Entire home/apt,52.53315,13.40085,4.77,13,4.454347296253507,1,1,0
62.0,4,2.0,1.0,Entire home/apt,52.52698,13.3363,4.69,68,4.127134385045092,1,1,0
114.0,3,1.0,1.0,Entire home/apt,52.50011,13.3656,4.93,70,4.736198448394496,1,1,0
27.0,4,2.0,1.5,Entire home/apt,52.49684,13.38109,4.83,6,3.295836866004329,1,1,0
39.0,1,1.0,1.0,Private room,52.45941,13.28455,4.72,106,3.6635616461296463,1,1,0
79.0,2,1.0,1.0,Entire home/apt,52.50762,13.45248,4.5,12,4.3694478524670215,1,1,0
87.0,2,1.0,1.0,Entire home/apt,52.49665,13.4862,4.73,111,4.465908118654584,1,1,0
67.0,1,0.0,1.0,Entire home/apt,52.48937,13.36251,4.83,130,4.204692619390966,1,1,0
35.0,1,1.0,1.0,Private room,52.47728,13.37419,4.67,36,3.5553480614894135,1,1,0
71.0,1,1.0,1.0,Entire home/apt,52.57367,13.31861,4.88,17,4.2626798770413155,1,1,0
186.0,2,1.0,1.0,Entire home/apt,52.47507,13.42371,4.92,38,5.225746673713202,1,1,0
50.0,4,0.0,1.0,Entire home/apt,52.52068,13.29104,4.8,5,3.912023005428146,1,1,0
118.0,9,3.0,3.0,Entire home/apt,52.5262,13.34928,4.79,140,4.770684624465665,1,1,0
79.0,1,1.0,1.5,Private room,52.47449,13.31564,4.61,23,4.3694478524670215,1,0,0
74.0,2,1.0,1.0,Entire home/apt,52.53069,13.38571,4.91,22,4.30406509320417,1,1,0
90.0,5,2.0,1.0,Entire home/apt,52.45411,13.35426,4.76,38,4.499809670330265,1,1,0
45.0,2,1.0,1.0,Entire home/apt,52.531,13.4001,0.0,0,3.8066624897703196,1,1,0
58.0,1,1.0,1.0,Entire home/apt,52.48156,13.5144,0.0,0,4.060443010546419,1,1,0
113.0,3,1.0,1.5,Entire home/apt,52.59276,13.34356,5.0,6,4.727387818712341,1,1,1
67.0,2,1.0,1.0,Entire home/apt,52.50985,13.39017,4.7,10,4.204692619390966,1,1,0
200.0,6,3.0,1.0,Entire home/apt,52.53161,13.40552,4.9,29,5.298317366548036,1,1,0
56.0,1,1.0,1.0,Entire home/apt,52.48034,13.42877,4.0,1,4.02535169073515,1,1,0
96.0,2,1.0,1.0,Entire home/apt,52.54048,13.40667,4.97,212,4.564348191467836,1,1,0
50.0,2,1.0,1.0,Private room,52.51938,13.31999,4.88,489,3.912023005428146,1,1,0
98.0,4,1.0,1.0,Private room,52.52092,13.45683,4.71,176,4.584967478670572,1,1,0
119.0,4,2.0,1.0,Entire home/apt,52.48825,13.3529,4.98,168,4.77912349311153,1,1,0
37.0,2,0.0,1.0,Entire home/apt,52.49873,13.29119,4.2,5,3.6109179126442243,1,1,0
63.0,2,2.0,1.5,Entire home/apt,52.49989,13.33362,0.0,0,4.143134726391533,1,1,0
86.0,4,2.0,1.0,Entire home/apt,52.58702,13.4015,4.48,80,4.454347296253507,1,1,0
61.0,4,1.0,1.0,Entire home/apt,52.54038,13.40378,4.83,98,4.110873864173311,1,1,0
97.0,2,1.0,1.0,Entire home/apt,52.53593,13.42249,4.47,15,4.574710978503383,1,1,0
86.0,4,2.0,1.5,Entire home/apt,52.53057,13.38188,5.0,4,4.454347296253507,1,1,0
59.0,2,1.0,1.0,Private room,52.5345,13.39583,4.79,134,4.07753744390572,1,1,0
70.0,4,1.0,1.0,Entire home/apt,52.52139,13.34492,4.6,282,4.248495242049359,1,1,0
40.0,2,1.0,1.0,Entire home/apt,52.48872,13.31623,4.5,2,3.6888794541139363,1,1,0
46.0,2,1.0,1.0,Entire home/apt,52.55008,13.41415,4.93,14,3.828641396489095,1,1,0
67.0,3,1.0,1.0,Entire home/apt,52.54859,13.41513,4.92,324,4.204692619390966,1,1,0
59.0,4,1.0,1.0,Entire home/apt,52.46682,13.44004,4.76,356,4.07753744390572,1,1,0
290.0,6,3.0,1.5,Entire home/apt,52.53379,13.33611,4.86,57,5.66988092298052,1,1,0
80.0,2,1.0,1.0,Entire home/apt,52.49184,13.3949,5.0,11,4.382026634673881,1,1,0
112.0,2,0.0,1.0,Entire home/apt,52.53175,13.39496,4.69,245,4.718498871295094,1,1,0
36.0,1,1.0,1.0,Private room,52.501148,13.3918,4.74,198,3.58351893845611,1,0,0
134.0,8,3.0,1.5,Entire home/apt,52.50119,13.36315,4.47,114,4.897839799950911,1,1,0
90.0,1,1.0,1.0,Entire home/apt,52.54565,13.37449,4.94,52,4.499809670330265,1,1,0
111.0,3,2.0,1.0,Entire home/apt,52.51059,13.3856,0.0,0,4.709530201312334,1,1,0
112.0,2,0.0,1.0,Entire home/apt,52.53144,13.39471,4.58,166,4.718498871295094,1,1,0
78.0,2,1.0,1.0,Entire home/apt,52.48678,13.43863,4.73,326,4.356708826689592,1,1,0
140.0,3,1.0,1.0,Entire home/apt,52.53253,13.42389,4.91,33,4.941642422609304,1,1,0
420.0,4,2.0,2.0,Entire home/apt,52.51197,13.41226,4.95,135,6.040254711277414,1,1,0
29.0,2,1.0,2.0,Private room,52.3949,13.57624,4.67,3,3.367295829986474,1,1,0
37.0,1,1.0,1.0,Private room,52.56583,13.39931,5.0,43,3.6109179126442243,1,0,0
117.0,2,0.0,1.0,Entire home/apt,52.50932,13.45385,4.83,76,4.762173934797756,1,1,0
68.0,2,1.0,1.0,Private room,52.49041,13.37889,4.86,415,4.219507705176107,1,0,0
101.0,7,4.0,1.0,Entire home/apt,52.51631,13.30356,4.91,67,4.61512051684126,1,1,0
57.0,4,1.0,1.0,Entire home/apt,52.50686,13.34816,4.6,25,4.04305126783455,1,1,0
123.0,5,1.0,1.0,Entire home/apt,52.52946,13.40562,4.87,116,4.812184355372417,1,1,0
300.0,6,3.0,2.0,Entire home/apt,52.5314,13.43131,4.89,47,5.703782474656201,1,1,0
54.0,2,1.0,1.0,Private room,52.53014,13.39445,4.89,671,3.9889840465642745,1,0,0
129.0,4,1.0,1.0,Entire home/apt,52.5299,13.40643,4.71,170,4.859812404361672,1,1,0
118.0,4,1.0,1.0,Entire home/apt,52.52813,13.4058,4.86,148,4.770684624465665,1,1,0
89.0,2,0.0,1.0,Entire home/apt,52.45669,13.37745,4.82,11,4.48863636973214,1,1,0
180.0,7,3.0,1.5,Entire home/apt,52.61811,13.22689,4.78,23,5.19295685089021,1,1,0
123.0,2,1.0,1.0,Entire home/apt,52.54226,13.42562,4.85,39,4.812184355372417,1,1,0
84.0,2,0.0,1.0,Entire home/apt,52.4929,13.41654,4.76,155,4.430816798843313,1,1,0
221.0,10,5.0,2.0,Entire home/apt,52.5337,13.3515,4.92,249,5.3981627015177525,1,1,0
302.0,3,3.0,1.0,Entire home/apt,52.52735,13.39497,0.0,0,5.71042701737487,1,1,1
125.0,2,1.0,1.0,Entire home/apt,52.45881,13.37697,0.0,0,4.8283137373023015,1,1,0
350.0,6,3.0,2.0,Entire home/apt,52.53911,13.40561,4.83,12,5.857933154483459,1,1,0
215.0,6,3.0,1.0,Entire home/apt,52.53426,13.35165,4.9,219,5.3706380281276624,1,1,0
65.0,2,1.0,1.0,Entire home/apt,52.53892,13.40863,4.82,140,4.174387269895637,1,1,0
60.0,4,1.0,1.0,Entire home/apt,52.52987,13.44547,4.73,603,4.0943445622221,1,1,0
215.0,11,3.0,1.0,Entire home/apt,52.533,13.32688,4.92,271,5.3706380281276624,1,1,0
322.0,6,3.0,2.0,Entire home/apt,52.48537,13.42457,4.86,320,5.7745515455444085,1,1,0
420.0,6,3.0,2.0,Entire home/apt,52.48537,13.42457,4.97,238,6.040254711277414,1,1,0
161.0,10,2.0,1.0,Entire home/apt,52.533,13.32688,4.89,306,5.081404364984463,1,1,0
266.0,11,3.0,1.0,Entire home/apt,52.533,13.32688,4.93,307,5.583496308781699,1,1,0
245.0,10,2.0,1.0,Entire home/apt,52.533,13.32688,4.91,370,5.501258210544727,1,1,0
108.0,5,2.0,1.0,Private room,52.53864,13.40677,4.92,88,4.68213122712422,1,1,0
222.0,12,3.0,1.0,Entire home/apt,52.533,13.32688,4.9,310,5.402677381872279,1,1,0
92.0,4,1.0,1.0,Entire home/apt,52.49788,13.42398,4.86,597,4.5217885770490405,1,1,0
75.0,1,1.0,1.0,Private room,52.49077,13.36252,5.0,9,4.31748811353631,1,0,0
120.0,6,2.0,1.0,Entire home/apt,52.53751,13.42317,4.48,163,4.787491742782046,1,1,0
90.0,5,1.0,1.0,Entire home/apt,52.53771,13.42268,4.7,212,4.499809670330265,1,1,0
70.0,3,1.0,1.0,Entire home/apt,52.53768,13.42229,4.55,175,4.248495242049359,1,1,0
97.0,5,2.0,1.0,Entire home/apt,52.53961,13.4226,4.64,223,4.574710978503383,1,1,0
83.0,5,1.0,1.0,Entire home/apt,52.53946,13.42388,4.52,161,4.418840607796598,1,1,0
160.0,6,3.0,1.5,Entire home/apt,52.53792,13.42441,4.64,304,5.075173815233827,1,1,0
42.0,2,1.0,1.0,Entire home/apt,52.47728,13.37818,4.81,726,3.7376696182833684,1,1,0
101.0,2,0.0,1.0,Entire home/apt,52.5331,13.40236,4.86,173,4.61512051684126,1,1,0
59.0,2,1.0,1.0,Entire home/apt,52.4961,13.43325,4.55,33,4.07753744390572,1,1,0
79.0,3,0.0,1.0,Private room,52.50577,13.46718,0.0,0,4.3694478524670215,1,1,0
84.0,2,2.0,1.0,Entire home/apt,52.50649,13.3139,4.9,29,4.430816798843313,1,1,0
72.0,3,1.0,1.0,Entire home/apt,52.47942,13.35014,4.5,44,4.276666119016055,1,1,0
74.0,4,1.0,1.0,Entire home/apt,52.46884,13.43992,4.72,366,4.30406509320417,1,1,0
89.0,2,1.0,1.0,Private room,52.491,13.45167,4.87,111,4.48863636973214,1,1,0
150.0,3,1.0,1.0,Entire home/apt,52.46781,13.43172,4.74,88,5.0106352940962555,1,1,0
94.0,4,1.0,1.0,Entire home/apt,52.49543,13.39984,4.87,270,4.543294782270004,1,1,0
320.0,5,4.0,2.0,Entire home/apt,52.51318,13.25831,4.93,102,5.768320995793772,1,1,0
80.0,2,1.0,1.0,Entire home/apt,52.4566,13.38817,5.0,2,4.382026634673881,1,1,0
200.0,4,3.0,1.0,Entire home/apt,52.52601,13.45492,5.0,6,5.298317366548036,1,1,0
92.0,2,1.0,1.0,Private room,52.52438,13.35316,4.97,503,4.5217885770490405,1,0,1
118.0,3,3.0,1.0,Entire home/apt,52.49903,13.33842,0.0,0,4.770684624465665,1,1,0
281.0,4,2.0,1.0,Entire home/apt,52.52438,13.40921,4.87,145,5.638354669333745,1,1,0
37.0,2,1.0,1.0,Private room,52.46872,13.58635,4.88,178,3.6109179126442243,1,1,0
72.0,3,1.0,1.0,Entire home/apt,52.52655,13.2982,4.93,197,4.276666119016055,1,1,0
99.0,2,1.0,1.0,Entire home/apt,52.50284,13.41575,5.0,46,4.59511985013459,1,1,0
56.0,3,1.0,1.0,Private room,52.49518,13.41137,4.94,98,4.02535169073515,1,1,0
280.0,4,3.0,2.0,Entire home/apt,52.50738,13.42125,4.95,21,5.634789603169249,1,1,0
62.0,2,1.0,2.0,Private room,52.53431,13.34934,4.94,141,4.127134385045092,1,1,0
49.0,2,1.0,1.0,Entire home/apt,52.45824,13.32445,4.81,37,3.8918202981106265,1,1,0
159.0,8,5.0,1.5,Entire home/apt,52.4521,13.57045,4.8,101,5.0689042022202315,1,1,0
99.0,4,1.0,1.0,Entire home/apt,52.51896,13.432,4.77,282,4.59511985013459,1,1,0
150.0,2,1.0,1.0,Entire home/apt,52.52617,13.40203,4.88,42,5.0106352940962555,1,1,0
200.0,4,2.0,1.5,Entire home/apt,52.49786,13.43335,5.0,23,5.298317366548036,1,1,0
108.0,4,0.0,1.5,Entire home/apt,52.50132,13.41714,4.76,371,4.68213122712422,1,1,0
143.0,4,1.0,1.0,Entire home/apt,52.52347865601963,13.385477767922104,4.8,215,4.962844630259907,1,1,0
1343.0,16,14.0,8.5,Entire home/apt,52.46866,13.39204,5.0,36,7.202661196523238,1,1,0
150.0,4,2.0,1.0,Entire home/apt,52.49348274996541,13.424285242000272,0.0,0,5.0106352940962555,1,1,0
117.0,2,1.0,1.5,Entire home/apt,52.50258,13.39151,4.87,302,4.762173934797756,1,1,0
101.0,4,1.0,1.0,Entire home/apt,52.50137,13.41688,4.78,299,4.61512051684126,1,1,0
102.0,2,1.0,1.0,Private room,52.52047,13.45161,4.92,25,4.624972813284271,1,1,0
92.0,5,2.0,1.0,Entire home/apt,52.58741,13.39189,4.88,271,4.5217885770490405,1,1,0
92.0,2,1.0,1.0,Entire home/apt,52.54512,13.41947,4.8,25,4.5217885770490405,1,1,0
160.0,7,3.0,2.0,Entire home/apt,52.40424,13.65893,4.91,206,5.075173815233827,1,1,0
180.0,6,3.0,2.0,Entire home/apt,52.49272,13.44542,5.0,29,5.19295685089021,1,1,0
56.0,3,1.0,1.0,Entire home/apt,52.49777,13.46146,4.5,8,4.02535169073515,1,1,0
180.0,6,2.0,1.0,Entire home/apt,52.50971,13.39089,4.85,135,5.19295685089021,1,1,0
97.0,4,1.0,1.0,Entire home/apt,52.50147,13.41693,4.82,329,4.574710978503383,1,1,0
78.0,4,2.0,1.0,Entire home/apt,52.49121,13.18206,4.69,376,4.356708826689592,1,1,0
85.0,2,0.0,1.0,Entire home/apt,52.46981,13.45426,4.41,213,4.442651256490317,1,1,0
110.0,4,1.0,1.0,Entire home/apt,52.50147,13.41668,4.72,273,4.700480365792417,1,1,0
110.0,4,2.0,1.0,Entire home/apt,52.50152,13.41693,4.62,249,4.700480365792417,1,1,0
225.0,2,1.0,1.0,Entire home/apt,52.503838,13.438722,4.97,111,5.41610040220442,1,1,0
113.0,4,2.0,1.0,Entire home/apt,52.48188,13.36246,4.93,84,4.727387818712341,1,1,0
220.0,5,1.0,1.0,Entire home/apt,52.53202,13.42343,4.7,44,5.393627546352362,1,1,0
411.0,5,3.0,1.0,Entire home/apt,52.50499,13.31019,4.97,37,6.018593214496234,1,1,1
283.0,16,5.0,1.5,Entire home/apt,52.52513,13.32768,4.43,163,5.645446897643238,1,1,0
110.0,4,1.0,1.0,Entire home/apt,52.50179,13.41697,4.82,211,4.700480365792417,1,1,0
95.0,5,2.0,1.0,Entire home/apt,52.42782,13.70485,4.43,40,4.553876891600541,1,1,0
79.0,2,1.0,1.0,Private room,52.51173,13.45103,4.85,91,4.3694478524670215,1,1,0
144.0,3,1.0,1.0,Entire home/apt,52.50971,13.39064,4.85,108,4.969813299576001,1,1,0
105.0,3,2.0,1.5,Entire home/apt,52.50459,13.30644,5.0,9,4.653960350157523,1,1,0
215.0,3,2.0,1.0,Entire home/apt,52.49899,13.38622,4.91,68,5.3706380281276624,1,1,0
71.0,2,1.0,1.0,Entire home/apt,52.55343,13.41656,4.8,293,4.2626798770413155,1,1,0
150.0,3,1.0,1.0,Entire home/apt,52.50971,13.39064,4.84,89,5.0106352940962555,1,1,0
271.0,10,3.0,1.5,Entire home/apt,52.47572,13.42255,4.95,415,5.602118820879701,1,1,0
48.0,4,2.0,1.0,Private room,52.62002,13.22691,4.92,125,3.871201010907891,1,1,0
41.0,2,1.0,2.0,Private room,52.51786,13.29357,4.44,536,3.713572066704308,1,1,0
49.0,2,0.0,1.0,Entire home/apt,52.55865,13.38725,4.71,308,3.8918202981106265,1,1,0
58.0,2,1.0,1.0,Private room,52.50001,13.41432,4.93,123,4.060443010546419,1,1,0
86.0,2,1.0,1.0,Entire home/apt,52.51496,13.45874,0.0,0,4.454347296253507,1,1,0
150.0,4,2.0,1.0,Entire home/apt,52.50974,13.39119,4.76,194,5.0106352940962555,1,1,0
144.0,5,3.0,2.0,Entire home/apt,52.5396,13.41304,4.92,36,4.969813299576001,1,1,0
125.0,2,1.0,1.0,Entire home/apt,52.45695,13.37716,4.46,13,4.8283137373023015,1,1,0
220.0,4,2.0,1.5,Entire home/apt,52.52352960332743,13.390556793548996,4.72,109,5.393627546352362,1,1,0
155.0,6,2.0,1.0,Entire home/apt,52.49362,13.41258,4.87,71,5.043425116919247,1,1,0
39.0,2,2.0,1.0,Private room,52.49829,13.34028,4.81,85,3.6635616461296463,1,1,0
135.0,8,3.0,1.0,Entire home/apt,52.47342,13.42719,4.67,366,4.90527477843843,1,1,0
110.0,4,1.0,1.0,Entire home/apt,52.50121,13.41705,4.78,254,4.700480365792417,1,1,0
97.0,3,0.0,1.0,Entire home/apt,52.50095,13.41748,4.72,228,4.574710978503383,1,1,0
36.0,1,1.0,1.0,Private room,52.46941,13.43308,4.87,23,3.58351893845611,1,1,0
59.0,2,1.0,1.0,Private room,52.44222,13.24521,4.83,149,4.07753744390572,1,1,0
108.0,5,0.0,1.0,Entire home/apt,52.50095,13.41611,4.75,330,4.68213122712422,1,1,0
271.0,12,3.0,2.0,Entire home/apt,52.54884,13.41474,4.94,138,5.602118820879701,1,1,0
126.0,2,1.0,1.0,Entire home/apt,52.5075,13.31913,4.79,14,4.836281906951478,1,1,0
166.0,6,3.0,1.0,Entire home/apt,52.51743,13.45493,4.82,84,5.111987788356544,1,1,0
73.0,2,1.0,1.0,Private room,52.52059,13.45638,4.96,50,4.290459441148391,1,1,0
124.0,2,1.0,1.0,Private room,52.506813,13.313672,4.97,39,4.820281565605037,0,1,0
50.0,2,1.0,1.0,Entire home/apt,52.53787,13.37986,4.93,190,3.912023005428146,1,1,0
139.0,2,1.0,2.5,Entire home/apt,52.5006,13.37488,5.0,19,4.9344739331306915,1,1,0
105.0,2,1.0,1.0,Private room,52.43392,13.33124,0.0,0,4.653960350157523,1,1,0
93.0,4,1.0,1.0,Entire home/apt,52.52465,13.29989,4.8,151,4.532599493153256,1,1,0
80.0,2,2.0,1.5,Entire home/apt,52.529797056990034,13.414150576489757,4.8,5,4.382026634673881,1,1,0
150.0,2,1.0,1.0,Entire home/apt,52.4817156,13.4251887,5.0,21,5.0106352940962555,1,1,1
53.0,1,1.0,1.0,Private room,52.51036,13.44606,4.87,166,3.970291913552122,1,1,0
150.0,3,1.0,1.0,Entire home/apt,52.5279,13.39322,4.48,441,5.0106352940962555,1,1,1
118.0,2,1.0,1.0,Entire home/apt,52.480920991732944,13.424202115380124,4.94,34,4.770684624465665,1,1,0
72.0,3,1.0,1.5,Entire home/apt,52.52402,13.33733,4.74,186,4.276666119016055,1,1,0
74.0,3,0.0,1.0,Entire home/apt,52.52402,13.33733,4.76,205,4.30406509320417,1,1,0
46.0,2,1.0,1.0,Entire home/apt,52.515892028808594,13.459104537963867,4.86,14,3.828641396489095,1,1,0
85.0,2,1.0,1.0,Entire home/apt,52.48319,13.52928,4.91,23,4.442651256490317,1,1,0
108.0,3,1.0,1.0,Entire home/apt,52.50872,13.40398,4.84,282,4.68213122712422,0,1,0
41.0,2,1.0,2.0,Private room,52.51631,13.29454,4.56,162,3.713572066704308,1,1,0
118.0,2,1.0,1.0,Entire home/apt,52.51364,13.33981,4.9,144,4.770684624465665,1,1,0
174.0,5,0.0,1.0,Entire home/apt,52.54544,13.42368,4.95,170,5.159055299214529,1,1,0
41.0,2,1.0,2.0,Private room,52.51789,13.2926,4.52,334,3.713572066704308,1,1,0
170.0,4,1.0,1.0,Entire home/apt,52.53804,13.4105,4.91,198,5.135798437050262,1,1,0
66.0,2,1.0,1.0,Entire home/apt,52.53113,13.35238,4.79,67,4.189654742026425,1,1,0
57.0,2,1.0,1.0,Entire home/apt,52.52168,13.5529,4.9,183,4.04305126783455,1,1,0
40.0,2,0.0,1.0,Private room,52.50693,13.32631,4.79,47,3.6888794541139363,1,1,0
156.0,7,2.0,1.0,Entire home/apt,52.48901098903045,13.422006186438749,4.59,237,5.049856007249537,1,1,0
49.0,2,1.0,1.0,Private room,52.52909,13.55272,4.96,319,3.8918202981106265,1,0,0
255.0,5,3.0,1.0,Entire home/apt,52.52309,13.45869,4.73,141,5.541263545158426,1,1,0
63.0,2,1.0,1.0,Entire home/apt,52.60302,13.43274,4.84,189,4.143134726391533,1,1,0
117.0,2,1.0,1.0,Entire home/apt,52.50501,13.47043,4.96,169,4.762173934797756,1,1,0
170.0,5,2.0,2.0,Entire home/apt,52.50223,13.4374,4.79,205,5.135798437050262,1,1,0
62.0,2,1.0,1.0,Entire home/apt,52.49896,13.29961,4.93,468,4.127134385045092,1,1,0
108.0,8,3.0,1.0,Entire home/apt,52.56358,13.39003,4.44,185,4.68213122712422,1,1,0
40.0,1,1.0,1.0,Private room,52.49648,13.49682,4.79,115,3.6888794541139363,1,1,0
55.0,3,1.0,1.0,Private room,52.47451,13.44714,4.83,229,4.007333185232471,1,1,0
37.0,2,1.0,2.0,Private room,52.51749,13.29475,4.42,468,3.6109179126442243,1,1,0
59.0,2,1.0,1.0,Entire home/apt,52.4741,13.34316,4.94,234,4.07753744390572,1,1,0
65.0,2,1.0,1.0,Private room,52.49724,13.29368,4.83,104,4.174387269895637,1,1,0
89.0,2,1.0,1.0,Entire home/apt,52.45772,13.37813,4.63,8,4.48863636973214,1,1,0
97.0,4,1.0,1.0,Entire home/apt,52.50095,13.41611,4.76,262,4.574710978503383,1,1,0
161.0,2,1.0,1.5,Entire home/apt,52.50098,13.37271,4.97,29,5.081404364984463,1,1,1
107.0,4,1.0,1.0,Entire home/apt,52.46985,13.42322,4.98,88,4.672828834461906,1,1,0
59.0,4,1.0,1.0,Entire home/apt,52.55571,13.3483,4.38,238,4.07753744390572,1,1,0
90.0,2,1.0,1.0,Private room,52.51205,13.46729,4.96,79,4.499809670330265,1,1,0
121.0,3,1.0,1.0,Entire home/apt,52.50707439333571,13.414740534265142,4.86,78,4.795790545596741,1,1,0
61.0,2,1.0,1.5,Private room,52.49517059326172,13.381750106811523,4.75,63,4.110873864173311,1,1,0
125.0,2,2.0,1.0,Entire home/apt,52.54963,13.42277,4.81,118,4.8283137373023015,1,1,0
189.0,4,2.0,2.0,Entire home/apt,52.53545,13.37829,4.94,33,5.241747015059643,1,1,0
95.0,5,3.0,2.0,Entire home/apt,52.43754,13.30715,5.0,2,4.553876891600541,1,1,0
73.0,4,1.0,1.0,Entire home/apt,52.45973,13.32189,4.9,48,4.290459441148391,1,1,0
364.0,9,3.0,2.0,Entire home/apt,52.50466,13.31007,4.58,165,5.8971538676367405,1,1,0
260.0,7,3.0,2.0,Entire home/apt,52.562729,13.40263,5.0,29,5.560681631015528,1,1,0
41.0,2,1.0,2.0,Private room,52.51774,13.2947,4.43,389,3.713572066704308,1,1,0
48.0,4,1.0,1.0,Private room,52.53654,13.29024,4.85,55,3.871201010907891,0,1,0
101.0,2,0.0,1.0,Entire home/apt,52.532825,13.401807,4.75,216,4.61512051684126,1,1,0
1200.0,1,2.0,1.0,Entire home/apt,52.46107,13.3836,0.0,0,7.090076835776092,1,1,1
85.0,2,2.0,1.0,Entire home/apt,52.51418,13.45759,4.92,77,4.442651256490317,1,1,0
67.0,2,1.0,1.0,Entire home/apt,52.493694,13.396867,4.75,536,4.204692619390966,1,1,0
90.0,2,1.0,1.0,Entire home/apt,52.5476,13.34375,4.9,110,4.499809670330265,1,1,0
142.0,5,2.0,1.5,Entire home/apt,52.48284,13.59389,4.88,57,4.955827057601261,1,1,0
100.0,5,2.0,1.0,Entire home/apt,52.48012,13.42009,4.6,209,4.605170185988092,1,1,0
89.0,3,1.0,1.0,Entire home/apt,52.52471,13.44657,4.72,197,4.48863636973214,1,1,0
70.0,2,1.0,1.0,Entire home/apt,52.5498,13.41488,4.92,336,4.248495242049359,1,1,0
45.0,2,1.0,1.0,Private room,52.52497,13.61103,4.9,135,3.8066624897703196,1,0,0
144.0,7,2.0,1.0,Entire home/apt,52.45629,13.58236,4.76,78,4.969813299576001,1,1,0
106.0,4,2.0,1.0,Entire home/apt,52.48798,13.37292,4.91,23,4.663439094112067,1,1,0
40.0,2,1.0,1.5,Private room,52.621937,13.487898,4.56,34,3.6888794541139363,1,0,0
85.0,2,1.0,1.0,Entire home/apt,52.51183,13.46787,4.91,55,4.442651256490317,1,1,0
50.0,1,1.0,1.0,Private room,52.43025,13.18979,4.87,85,3.912023005428146,1,0,0
81.0,2,1.0,1.0,Private room,52.42896,13.18821,4.92,12,4.394449154672439,1,0,0
258.0,5,3.0,2.0,Entire home/apt,52.58261,13.41008,5.0,21,5.552959584921617,1,1,1
124.0,4,2.0,1.0,Entire home/apt,52.48058,13.34757,4.88,305,4.820281565605037,1,1,0
88.0,4,2.0,1.5,Entire home/apt,52.51305,13.42094,5.0,13,4.477336814478207,1,1,0
38.0,2,1.0,2.0,Private room,52.51656,13.29496,4.39,315,3.6375861597263857,1,1,0
130.0,2,1.0,1.0,Entire home/apt,52.49171,13.4043,5.0,3,4.867534450455582,1,1,0
70.0,1,0.0,1.0,Entire home/apt,52.49168,13.43534,5.0,7,4.248495242049359,1,1,0
127.0,4,1.0,1.0,Entire home/apt,52.50288,13.45387,4.92,291,4.844187086458591,1,1,0
198.0,4,2.0,1.0,Entire home/apt,52.57378,13.39661,4.95,153,5.288267030694535,1,1,0
109.0,4,2.0,1.0,Entire home/apt,52.57471,13.40393,4.82,340,4.6913478822291435,1,1,0
99.0,4,1.0,1.0,Entire home/apt,52.45592,13.37911,4.95,61,4.59511985013459,1,1,0
117.0,5,2.0,1.5,Entire home/apt,52.48797,13.35641,4.94,113,4.762173934797756,1,1,0
58.0,3,1.0,1.0,Entire home/apt,52.5222,13.45346,4.6,5,4.060443010546419,1,1,0
59.0,2,1.0,1.0,Entire home/apt,52.52986,13.40275,5.0,2,4.07753744390572,1,1,0
60.0,4,1.0,1.0,Entire home/apt,52.55377,13.35029,4.36,115,4.0943445622221,1,1,0
55.0,4,1.0,1.0,Entire home/apt,52.55383,13.3476,4.94,104,4.007333185232471,1,1,0
200.0,4,3.0,2.0,Entire home/apt,52.49414,13.41851,4.95,20,5.298317366548036,1,1,0
35.0,1,1.0,1.0,Private room,52.46835,13.33463,4.74,218,3.5553480614894135,1,0,0
80.0,2,1.0,1.0,Private room,52.55455,13.43833,4.9,51,4.382026634673881,1,1,0
69.0,4,1.0,1.0,Entire home/apt,52.54992,13.34843,4.71,225,4.23410650459726,1,1,0
54.0,2,1.0,1.0,Private room,52.53418,13.34631,4.71,7,3.9889840465642745,1,1,0
217.0,6,3.0,1.0,Entire home/apt,52.55209732055664,13.413092613220217,4.57,81,5.37989735354046,1,1,0
125.0,4,1.0,1.0,Private room,52.47224,13.29445,4.89,217,4.8283137373023015,1,0,0
53.0,3,1.0,1.0,Private room,52.50412,13.46457,4.99,168,3.970291913552122,1,1,0
118.0,1,1.0,1.0,Private room,52.51624,13.44688,4.95,98,4.770684624465665,1,1,0
80.0,4,1.0,2.0,Entire home/apt,52.50971,13.39465,4.87,47,4.382026634673881,1,1,0
81.0,2,0.0,1.0,Private room,52.44985,13.25611,4.81,27,4.394449154672439,1,0,0
162.0,3,2.0,1.0,Entire home/apt,52.51209,13.27781,4.95,22,5.087596335232384,1,1,0
81.0,2,1.0,1.0,Entire home/apt,52.53182,13.34158,4.71,220,4.394449154672439,1,1,0
200.0,6,2.0,2.0,Entire home/apt,52.51028,13.39731,4.79,215,5.298317366548036,1,1,0
120.0,4,2.0,1.0,Entire home/apt,52.532333,13.326129,4.74,192,4.787491742782046,1,1,0
140.0,6,3.0,1.5,Entire home/apt,52.44767,13.28848,4.92,71,4.941642422609304,1,1,0
134.0,4,1.0,1.0,Entire home/apt,52.51731,13.47028,4.79,276,4.897839799950911,1,1,0
228.0,6,3.0,2.0,Entire home/apt,52.53874,13.40062,5.0,14,5.429345628954441,1,1,0
360.0,16,5.0,2.0,Entire home/apt,52.53299,13.32684,4.91,87,5.886104031450156,1,1,0
237.0,8,3.0,2.0,Entire home/apt,52.49545,13.42734,4.65,271,5.4680601411351315,1,1,0
50.0,2,1.0,1.0,Entire home/apt,52.52989,13.40787,5.0,1,3.912023005428146,1,1,0
45.0,2,1.0,1.0,Private room,52.5294,13.51481,4.93,245,3.8066624897703196,1,1,0
80.0,4,1.0,1.0,Entire home/apt,52.55284,13.40172,4.82,129,4.382026634673881,1,1,0
50.0,2,1.0,1.0,Entire home/apt,52.4861,13.34583,4.67,12,3.912023005428146,1,1,0
91.0,2,1.0,1.0,Private room,52.48923,13.45118,4.87,137,4.51085950651685,1,1,0
76.0,1,1.0,1.0,Private room,52.52726,13.39382,4.94,36,4.330733340286331,1,1,0
95.0,2,1.0,1.0,Entire home/apt,52.50362,13.3432,5.0,7,4.553876891600541,1,0,0
78.0,2,1.0,1.0,Private room,52.55143,13.41827,4.97,180,4.356708826689592,1,1,0
83.0,3,2.0,1.0,Entire home/apt,52.54453,13.3759,4.81,127,4.418840607796598,1,1,0
169.0,5,2.0,1.5,Entire home/apt,52.53443,13.38106,4.76,296,5.1298987149230735,1,1,0
63.0,2,2.0,1.0,Private room,52.53764,13.38949,4.58,233,4.143134726391533,1,1,0
162.0,4,2.0,2.0,Entire home/apt,52.47755,13.41946,5.0,7,5.087596335232384,1,1,0
359.0,4,2.0,1.0,Entire home/apt,52.54291,13.41965,4.94,276,5.883322388488279,1,1,0
259.0,4,1.0,1.0,Entire home/apt,52.53122,13.42055,4.91,35,5.556828061699537,1,1,1
105.0,4,2.0,1.0,Entire home/apt,52.43718,13.30259,4.87,246,4.653960350157523,1,1,0
185.0,3,2.0,1.5,Entire home/apt,52.49069,13.35156,4.78,85,5.220355825078324,1,1,0
167.0,5,3.0,1.5,Entire home/apt,52.52572,13.45694,4.93,14,5.117993812416755,1,1,0
260.0,6,2.0,2.5,Entire home/apt,52.53697,13.416,4.94,403,5.560681631015528,1,1,0
184.0,4,2.0,1.5,Entire home/apt,52.4603,13.52413,4.83,118,5.214935757608986,1,1,0
66.0,4,2.0,1.0,Private room,52.55550373575793,13.430829598825534,4.81,116,4.189654742026425,1,0,0
37.0,2,1.0,2.0,Private room,52.51586,13.29327,4.47,118,3.6109179126442243,1,1,0
45.0,3,1.0,1.5,Private room,52.56806,13.30228,4.95,385,3.8066624897703196,1,1,0
90.0,2,0.0,1.0,Entire home/apt,52.60449,13.31374,4.92,213,4.499809670330265,1,1,0
118.0,4,2.0,1.0,Entire home/apt,52.49203,13.41351,4.88,168,4.770684624465665,1,1,0
129.0,4,2.0,1.0,Entire home/apt,52.49014,13.41431,4.86,159,4.859812404361672,1,1,0
79.0,2,1.0,1.0,Entire home/apt,52.53277,13.34181,4.54,180,4.3694478524670215,1,1,0
135.0,4,1.0,1.0,Entire home/apt,52.49196,13.41398,4.95,212,4.90527477843843,1,1,0
45.0,2,1.0,1.5,Entire home/apt,52.501087,13.351026,5.0,6,3.8066624897703196,0,1,0
80.0,2,1.0,1.0,Entire home/apt,52.53345,13.34174,4.71,168,4.382026634673881,1,1,0
118.0,4,1.0,1.0,Entire home/apt,52.49211,13.41577,4.91,167,4.770684624465665,1,1,0
60.0,2,0.0,1.0,Entire home/apt,52.47319137426626,13.44733400057099,5.0,12,4.0943445622221,1,1,0
39.0,2,1.0,1.5,Private room,52.49318,13.39896,4.79,186,3.6635616461296463,1,0,0
340.0,5,3.0,3.0,Entire home/apt,52.5174,13.438,4.91,22,5.8289456176102075,1,1,0
66.0,2,0.0,1.0,Private room,52.47513,13.44256,4.92,74,4.189654742026425,1,0,0
91.0,2,1.0,1.0,Private room,52.52273,13.35554,4.77,106,4.51085950651685,1,1,0
67.0,2,1.0,1.0,Private room,52.47948,13.45149,4.88,8,4.204692619390966,1,1,0
163.0,5,2.0,2.0,Entire home/apt,52.5412,13.54908,5.0,59,5.093750200806762,1,1,0
135.0,8,4.0,2.0,Entire home/apt,52.51665,13.44516,0.0,0,4.90527477843843,1,1,0
252.0,6,3.0,2.5,Entire home/apt,52.51476,13.50746,4.84,50,5.529429087511423,1,1,0
290.0,5,3.0,2.0,Entire home/apt,52.53175,13.43207,5.0,15,5.66988092298052,1,1,0
84.0,3,1.0,1.0,Entire home/apt,52.49887,13.43762,4.91,314,4.430816798843313,1,1,0
175.0,10,2.0,2.0,Entire home/apt,52.53651,13.48261,4.86,143,5.1647859739235145,1,1,0
63.0,2,1.0,1.5,Private room,52.54017049332973,13.447593053221112,4.69,102,4.143134726391533,1,1,0
166.0,5,2.0,1.5,Entire home/apt,52.54618,13.41657,4.93,199,5.111987788356544,1,1,0
55.0,2,0.0,1.0,Entire home/apt,52.54541,13.41139,4.2,5,4.007333185232471,1,1,0
69.0,2,1.0,1.0,Entire home/apt,52.48218418149492,13.423207915559024,0.0,0,4.23410650459726,1,0,0
286.0,12,3.0,1.5,Entire home/apt,52.54862,13.45904,4.55,47,5.655991810819852,1,1,0
111.0,3,1.0,1.0,Entire home/apt,52.49468,13.41708,4.93,15,4.709530201312334,1,1,0
42.0,1,1.0,2.0,Private room,52.51817,13.44526,5.0,8,3.7376696182833684,1,1,0
39.0,1,1.0,2.0,Private room,52.51645,13.44598,4.75,8,3.6635616461296463,1,1,0
65.0,2,1.0,1.0,Entire home/apt,52.49205997394601,13.382730893254095,4.7,10,4.174387269895637,1,0,0
157.0,4,2.0,1.0,Entire home/apt,52.5314,13.38219,4.64,256,5.056245805348308,1,1,0
118.0,4,1.0,1.0,Entire home/apt,52.4922,13.4152,4.85,178,4.770684624465665,1,1,0
1036.0,6,3.0,3.5,Entire home/apt,52.52267,13.39935,5.0,11,6.943122422819428,1,1,1
68.0,2,1.0,1.0,Entire home/apt,52.537189,13.39626,4.87,351,4.219507705176107,1,1,1
89.0,4,2.0,1.0,Entire home/apt,52.51285,13.2954,4.88,25,4.48863636973214,1,1,0
60.0,2,2.0,1.0,Entire home/apt,52.54839,13.42618,4.67,6,4.0943445622221,1,1,0
120.0,2,1.0,1.0,Entire home/apt,52.51428,13.31793,5.0,19,4.787491742782046,1,1,0
126.0,2,1.0,1.0,Entire home/apt,52.53164,13.42317,4.76,21,4.836281906951478,1,1,0
92.0,4,1.0,1.0,Entire home/apt,52.4975,13.42214,4.87,598,4.5217885770490405,1,1,0
34.0,2,1.0,1.0,Private room,52.54468013361733,13.201966385727893,4.81,105,3.5263605246161616,1,0,0
298.0,3,0.0,1.0,Entire home/apt,52.47456,13.44783,4.76,29,5.697093486505405,1,1,0
9999.0,4,2.0,1.0,Entire home/apt,52.5392,13.45652,1.0,1,9.21024036697585,0,1,0
213.0,8,4.0,2.5,Entire home/apt,52.4229953,13.6926588,4.33,3,5.3612921657094255,1,1,0
140.0,9,2.0,1.5,Entire home/apt,52.54964649999999,13.3474358,4.63,169,4.941642422609304,1,1,0
137.0,4,1.0,1.0,Entire home/apt,52.50833,13.461,4.91,22,4.919980925828125,1,1,0
100.0,3,1.0,1.0,Entire home/apt,52.507101278359045,13.414742523612835,4.87,83,4.605170185988092,1,1,0
110.0,4,2.0,1.0,Entire home/apt,52.53356,13.34006,4.75,8,4.700480365792417,1,1,0
112.0,5,2.0,2.0,Private room,52.53366,13.3792,4.91,46,4.718498871295094,1,1,0
237.0,10,4.0,2.0,Entire home/apt,52.53295,13.37859,4.6,206,5.4680601411351315,1,1,0
149.0,2,1.0,1.5,Entire home/apt,52.50451,13.32592,4.94,16,5.003946305945459,1,1,0
39.0,2,1.0,2.0,Private room,52.51016,13.28991,4.48,153,3.6635616461296463,1,1,0
40.0,2,1.0,1.0,Private room,52.58087,13.30206,4.59,37,3.6888794541139363,1,1,0
108.0,2,1.0,1.0,Entire home/apt,52.48794,13.29613,4.79,48,4.68213122712422,1,1,0
180.0,6,2.0,1.5,Entire home/apt,52.56856,13.39621,4.85,111,5.19295685089021,1,1,0
265.0,6,3.0,2.0,Entire home/apt,52.48987,13.35815,4.94,32,5.579729825986222,1,1,0
31.0,1,1.0,1.0,Entire home/apt,52.42887,13.49283,4.76,21,3.4339872044851463,1,1,0
74.0,3,1.0,1.0,Entire home/apt,52.52903,13.41308,4.76,452,4.30406509320417,1,1,0
80.0,3,1.0,1.0,Entire home/apt,52.49615,13.27973,4.7,40,4.382026634673881,1,1,0
90.0,2,1.0,1.0,Entire home/apt,52.38866,13.42217,4.82,109,4.499809670330265,1,1,0
75.0,2,1.0,1.0,Private room,52.50109,13.43744,4.79,56,4.31748811353631,1,1,0
50.0,2,1.0,1.0,Private room,52.45028,13.25763,4.89,322,3.912023005428146,1,1,0
153.0,2,1.0,1.0,Entire home/apt,52.5117,13.27823,4.85,20,5.030437921392435,1,1,0
50.0,2,1.0,1.0,Entire home/apt,52.42950081385182,13.218885090158595,5.0,1,3.912023005428146,1,1,0
92.0,4,1.0,1.0,Entire home/apt,52.49593,13.42293,4.83,597,4.5217885770490405,1,1,1
52.0,2,1.0,1.0,Private room,52.56644,13.35376,4.83,70,3.9512437185814275,1,1,0
186.0,2,1.0,1.0,Private room,52.52328,13.38539,5.0,1,5.225746673713202,1,1,0
194.0,4,2.0,1.0,Entire home/apt,52.52873410796756,13.433160552652362,4.94,53,5.267858159063328,1,1,0
34.0,2,1.0,1.5,Private room,52.47579,13.37459,4.56,40,3.5263605246161616,1,1,0
145.0,2,1.0,1.0,Entire home/apt,52.50993,13.2787,4.9,10,4.976733742420574,1,1,0
300.0,3,1.0,1.0,Entire home/apt,52.51621,13.47238,5.0,8,5.703782474656201,1,1,0
64.0,2,1.0,1.0,Private room,52.49185,13.40431,4.77,207,4.1588830833596715,1,1,0
58.0,2,1.0,1.0,Entire home/apt,52.48958,13.3914,5.0,1,4.060443010546419,1,1,0
33.0,2,1.0,1.0,Private room,52.49615,13.38385,4.87,83,3.4965075614664802,1,1,0
50.0,2,0.0,1.0,Entire home/apt,52.5094,13.62155,4.85,82,3.912023005428146,1,1,0
234.0,6,3.0,2.0,Entire home/apt,52.51756,13.41168,4.9,137,5.455321115357702,1,1,0
210.0,4,2.0,1.0,Entire home/apt,52.52739,13.39254,4.93,14,5.3471075307174685,1,1,0
82.0,2,2.0,1.0,Private room,52.50056,13.31792,4.78,9,4.406719247264253,1,0,0
163.0,4,1.0,1.0,Private room,52.5013,13.31867,4.55,11,5.093750200806762,1,0,0
75.0,1,1.0,1.0,Private room,52.4112,13.25338,4.25,12,4.31748811353631,1,1,0
62.0,2,2.0,1.0,Private room,52.51775,13.27841,4.82,141,4.127134385045092,1,1,0
79.0,4,1.0,1.0,Entire home/apt,52.49057,13.39671,4.89,308,4.3694478524670215,1,1,0
177.0,7,2.0,1.5,Entire home/apt,52.51811,13.52535,4.42,36,5.176149732573829,1,1,0
58.0,2,1.0,1.0,Private room,52.49236,13.39452,4.97,159,4.060443010546419,1,1,0
115.0,4,1.0,1.0,Entire home/apt,52.5734,13.55712,4.91,162,4.74493212836325,1,1,0
432.0,6,3.0,3.0,Entire home/apt,52.48917,13.38509,5.0,19,6.068425588244111,1,1,0
87.0,2,1.0,1.0,Entire home/apt,52.536243523044384,13.378738907326616,4.81,16,4.465908118654584,1,1,0
96.0,2,1.0,1.0,Entire home/apt,52.50415,13.47838,4.93,43,4.564348191467836,1,1,0
29.0,3,0.0,2.0,Private room,52.51527,13.45642,4.56,187,3.367295829986474,1,1,0
108.0,2,1.0,1.5,Entire home/apt,52.53146,13.34057,4.74,141,4.68213122712422,1,1,0
45.0,4,2.0,4.0,Private room,52.51527,13.45642,4.2,93,3.8066624897703196,1,0,0
40.0,4,0.0,2.0,Private room,52.51527,13.45642,4.46,159,3.6888794541139363,1,1,0
38.0,2,1.0,1.0,Private room,52.48607,13.44504,4.69,269,3.6375861597263857,1,1,1
95.0,1,1.0,1.0,Private room,52.51392,13.26486,4.6,15,4.553876891600541,0,0,0
119.0,2,1.0,1.0,Entire home/apt,52.48632,13.43201,4.95,22,4.77912349311153,1,1,0
60.0,2,1.0,1.0,Entire home/apt,52.53917,13.40884,0.0,0,4.0943445622221,0,1,0
71.0,2,0.0,1.0,Entire home/apt,52.53349,13.35195,4.84,318,4.2626798770413155,1,1,0
71.0,2,0.0,1.0,Entire home/apt,52.53349,13.35195,4.81,325,4.2626798770413155,1,1,0
78.0,6,1.0,1.0,Entire home/apt,52.50975,13.45347,4.5,58,4.356708826689592,1,1,0
75.0,1,1.0,1.0,Private room,52.50869,13.45654,4.77,74,4.31748811353631,1,1,0
129.0,10,4.0,3.5,Entire home/apt,52.52782,13.35088,4.85,163,4.859812404361672,1,1,1
71.0,2,0.0,1.0,Entire home/apt,52.53349,13.35195,4.82,278,4.2626798770413155,1,1,0
77.0,2,0.0,1.0,Entire home/apt,52.53349,13.35195,4.85,283,4.343805421853684,1,1,0
91.0,3,0.0,1.0,Entire home/apt,52.5324,13.3796,4.71,220,4.51085950651685,1,1,0
94.0,2,1.0,1.0,Entire home/apt,52.53334,13.35138,4.64,39,4.543294782270004,1,1,0
67.0,2,1.0,1.0,Private room,52.49671,13.30799,4.81,96,4.204692619390966,1,0,0
177.0,6,2.0,1.0,Entire home/apt,52.51161,13.46221,4.91,155,5.176149732573829,1,1,0
105.0,2,1.0,1.0,Entire home/apt,52.53628,13.40173,4.77,48,4.653960350157523,1,1,0
100.0,4,1.0,1.0,Hotel room,52.52983,13.44453,4.84,592,4.605170185988092,1,1,0
114.0,6,3.0,1.0,Entire home/apt,52.52431,13.40961,4.75,4,4.736198448394496,1,1,0
71.0,2,0.0,1.0,Entire home/apt,52.53349,13.35195,4.87,310,4.2626798770413155,1,1,0
67.0,2,1.0,1.0,Private room,52.49246,13.42462,4.93,115,4.204692619390966,1,1,0
168.0,7,3.0,2.0,Entire home/apt,52.49225345524236,13.390195743925473,4.68,235,5.123963979403259,1,1,0
228.0,10,2.0,2.0,Entire home/apt,52.51203,13.45969,4.92,99,5.429345628954441,1,1,0
59.0,2,1.0,1.0,Private room,52.49959,13.4083,5.0,217,4.07753744390572,1,1,1
85.0,3,1.0,1.0,Entire home/apt,52.49808,13.32365,5.0,3,4.442651256490317,1,1,0
173.0,6,3.0,1.0,Entire home/apt,52.528953552246094,13.341082572937012,4.67,42,5.153291594497779,1,1,0
51.0,2,1.0,1.0,Private room,52.49894,13.44156,4.84,249,3.9318256327243257,1,1,0
60.0,2,1.0,1.0,Private room,52.48737,13.35198,4.96,27,4.0943445622221,1,1,0
29.0,1,1.0,1.0,Private room,52.48234881443327,13.361650661212268,4.83,88,3.367295829986474,1,1,0
152.0,4,1.0,1.0,Entire home/apt,52.52009079959922,13.427658469827351,4.82,83,5.0238805208462765,1,1,0
27.0,2,1.0,2.0,Private room,52.51538,13.16667,4.89,64,3.295836866004329,1,1,0
40.0,1,0.0,1.0,Private room,52.47319,13.37802,5.0,15,3.6888794541139363,1,0,0
47.0,1,1.0,1.0,Private room,52.63284,13.27773,4.98,51,3.8501476017100584,1,1,0
289.0,1,1.0,2.0,Entire home/apt,52.52946,13.41456,5.0,8,5.666426688112432,1,1,0
127.0,4,2.0,1.5,Entire home/apt,52.48722,13.36242,4.89,248,4.844187086458591,1,1,0
160.0,6,2.0,1.0,Entire home/apt,52.5698,13.39763,4.7,115,5.075173815233827,1,1,0
99.0,3,1.0,1.0,Entire home/apt,52.51258,13.47053,4.42,191,4.59511985013459,1,1,0
105.0,2,1.0,1.0,Entire home/apt,52.48905,13.33565,4.99,97,4.653960350157523,1,1,0
132.0,4,2.0,1.0,Entire home/apt,52.51093,13.4607,4.89,237,4.882801922586371,1,1,0
65.0,2,1.0,1.0,Entire home/apt,52.49751,13.33721,4.46,204,4.174387269895637,1,1,0
114.0,4,1.0,1.0,Entire home/apt,52.55241,13.41557,4.83,212,4.736198448394496,1,1,0
60.0,2,1.0,1.0,Hotel room,52.52966,13.44308,4.88,185,4.0943445622221,1,1,0
135.0,3,1.0,1.0,Entire home/apt,52.49026,13.42591,4.89,37,4.90527477843843,1,1,0
65.0,1,1.0,1.0,Entire home/apt,52.54594,13.40444,4.72,207,4.174387269895637,1,0,0
78.0,1,1.0,1.0,Private room,52.53332,13.42025,4.92,65,4.356708826689592,1,1,0
245.0,2,2.0,2.5,Entire home/apt,52.51598,13.454,5.0,12,5.501258210544727,1,1,0
79.0,3,2.0,1.0,Entire home/apt,52.53936,13.40466,4.93,30,4.3694478524670215,1,1,0
145.0,6,2.0,1.0,Entire home/apt,52.4432,13.7059,4.97,38,4.976733742420574,1,1,0
36.0,1,1.0,1.0,Private room,52.49056,13.4213,4.73,339,3.58351893845611,1,1,0
268.0,5,2.0,1.5,Entire home/apt,52.47725,13.42004,4.87,31,5.5909869805108565,1,1,0
154.0,9,4.0,2.0,Entire home/apt,52.511,13.28853,4.81,232,5.0369526024136295,1,1,0
106.0,7,2.0,1.0,Entire home/apt,52.511,13.28853,4.71,127,4.663439094112067,1,1,0
107.0,6,2.0,1.0,Entire home/apt,52.50148,13.30005,4.74,156,4.672828834461906,1,1,0
94.0,4,1.0,1.0,Entire home/apt,52.52229,13.34316,4.62,190,4.543294782270004,1,1,0
24.0,2,1.0,2.0,Private room,52.51578,13.16603,4.86,99,3.1780538303479458,1,1,0
74.0,2,1.0,2.0,Private room,52.56793,13.34781,4.91,11,4.30406509320417,1,1,0
177.0,4,0.0,1.0,Entire home/apt,52.47161,13.44504,4.95,40,5.176149732573829,1,1,0
102.0,2,1.0,1.0,Entire home/apt,52.50974,13.39119,4.74,111,4.624972813284271,1,1,0
102.0,2,1.0,1.0,Entire home/apt,52.50974,13.39119,4.82,109,4.624972813284271,1,1,0
89.0,10,2.0,1.0,Entire home/apt,52.51943,13.46925,4.26,208,4.48863636973214,1,1,0
252.0,4,2.0,1.0,Entire home/apt,52.50302,13.4309,4.95,87,5.529429087511423,1,1,0
105.0,2,1.0,1.0,Entire home/apt,52.53135,13.3906,4.85,39,4.653960350157523,1,1,0
75.0,2,0.0,1.0,Entire home/apt,52.54457,13.37747,4.74,69,4.31748811353631,1,1,0
112.0,4,0.0,1.0,Entire home/apt,52.53843,13.48327,4.89,158,4.718498871295094,1,1,0
94.0,4,2.0,1.0,Entire home/apt,52.55581,13.49614,4.97,180,4.543294782270004,1,1,1
88.0,3,1.0,1.0,Entire home/apt,52.53908,13.40045,4.75,217,4.477336814478207,1,1,0
75.0,3,1.0,1.0,Entire home/apt,52.52991,13.37118,4.77,30,4.31748811353631,1,1,1
167.0,7,3.0,3.0,Entire home/apt,52.5046,13.31211,4.67,72,5.117993812416755,1,1,0
32.0,2,1.0,1.0,Entire home/apt,52.55024,13.39335,0.0,0,3.4657359027997265,1,1,0
20.0,2,3.0,1.0,Private room,52.46718,13.31454,4.0,4,2.995732273553991,1,1,0
46.0,1,1.0,1.0,Private room,52.47272,13.29529,4.89,109,3.828641396489095,1,0,0
146.0,6,1.0,1.0,Entire home/apt,52.51311,13.46123,4.88,185,4.983606621708336,1,1,0
106.0,3,2.0,1.0,Entire home/apt,52.49917,13.33728,0.0,0,4.663439094112067,0,1,0
112.0,2,1.0,1.0,Entire home/apt,52.47702,13.44752,5.0,33,4.718498871295094,1,1,0
98.0,4,1.0,1.0,Entire home/apt,52.4963,13.42239,4.88,442,4.584967478670572,1,1,0
80.0,2,1.0,1.0,Entire home/apt,52.49546,13.38082,4.89,438,4.382026634673881,1,1,0
75.0,2,1.0,1.0,Private room,52.52636,13.40337,4.69,129,4.31748811353631,1,1,0
89.0,6,2.0,1.0,Entire home/apt,52.55122,13.4173,4.78,279,4.48863636973214,1,1,0
43.0,2,1.0,1.0,Entire home/apt,52.44075,13.38526,5.0,9,3.7612001156935624,1,1,0
113.0,2,2.0,1.0,Entire home/apt,52.54179000854492,13.41681957244873,4.84,67,4.727387818712341,1,1,0
87.0,3,1.0,1.0,Entire home/apt,52.54303,13.41809,4.93,219,4.465908118654584,1,1,0
89.0,3,1.0,1.0,Entire home/apt,52.49719,13.33487,4.86,114,4.48863636973214,1,1,0
129.0,4,1.0,1.0,Entire home/apt,52.4954,13.42163,4.95,166,4.859812404361672,1,1,0
391.0,6,3.0,2.5,Entire home/apt,52.51859,13.38466,5.0,13,5.968707559985366,1,1,0
342.0,6,3.0,2.0,Entire home/apt,52.48547,13.42455,4.92,253,5.834810737062605,1,1,0
51.0,2,1.0,1.0,Entire home/apt,52.50158,13.55791,5.0,9,3.9318256327243257,1,1,1
31.0,3,2.0,1.0,Entire home/apt,52.37517,13.64984,4.54,127,3.4339872044851463,1,1,0
63.0,2,1.0,1.0,Entire home/apt,52.55797,13.47554,4.97,345,4.143134726391533,1,1,0
60.0,5,2.0,1.0,Entire home/apt,52.56108,13.36278,4.79,228,4.0943445622221,1,1,0
308.0,4,0.0,1.0,Entire home/apt,52.49158,13.33577,0.0,0,5.730099782973574,1,1,0
48.0,1,1.0,1.0,Private room,52.4607943,13.4326558,5.0,7,3.871201010907891,1,1,0
180.0,5,2.0,2.0,Entire home/apt,52.5086669921875,13.31363296508789,4.52,48,5.19295685089021,1,1,0
95.0,2,1.0,1.0,Entire home/apt,52.50958,13.3204,4.69,75,4.553876891600541,1,1,0
79.0,4,2.0,1.0,Entire home/apt,52.42782,13.70366,4.38,26,4.3694478524670215,1,1,0
140.0,4,1.0,1.0,Entire home/apt,52.5675,13.39849,4.69,68,4.941642422609304,1,1,0
100.0,4,1.0,1.0,Entire home/apt,52.50511,13.30288,4.29,21,4.605170185988092,1,1,0
70.0,2,1.0,1.0,Entire home/apt,52.47662,13.48345,4.6,78,4.248495242049359,1,1,0
98.0,2,1.0,1.0,Entire home/apt,52.51106,13.40767,4.73,11,4.584967478670572,1,1,0
110.0,7,2.0,1.0,Entire home/apt,52.511,13.28853,4.82,146,4.700480365792417,1,1,0
177.0,9,4.0,2.0,Entire home/apt,52.51126,13.28892,4.73,166,5.176149732573829,1,1,0
186.0,6,2.0,1.5,Entire home/apt,52.54997,13.45898,4.44,27,5.225746673713202,1,1,0
206.0,6,2.0,1.0,Entire home/apt,52.54992,13.45924,4.62,69,5.327876168789581,1,1,0
96.0,1,1.0,1.0,Entire home/apt,52.46005,13.52059,4.13,8,4.564348191467836,1,1,0
110.0,4,2.0,1.0,Entire home/apt,52.49904,13.42724,4.87,207,4.700480365792417,1,1,0
45.0,2,1.0,1.0,Entire home/apt,52.4295,13.34792,0.0,0,3.8066624897703196,0,1,0
116.0,2,1.0,1.0,Entire home/apt,52.49453,13.36728,5.0,5,4.7535901911063645,1,1,0
46.0,3,2.0,1.0,Entire home/apt,52.56316,13.34997,4.74,230,3.828641396489095,1,1,0
80.0,4,1.0,1.0,Entire home/apt,52.49695,13.30503,4.8,5,4.382026634673881,1,1,0
78.0,2,1.0,1.0,Private room,52.52231,13.45895,4.85,48,4.356708826689592,1,1,0
98.0,2,2.0,1.0,Entire home/apt,52.51351,13.43243,4.82,11,4.584967478670572,1,1,0
45.0,2,1.0,1.0,Entire home/apt,52.47823,13.42368,5.0,26,3.8066624897703196,1,1,0
79.0,4,2.0,1.0,Entire home/apt,52.4905,13.38691,4.82,17,4.3694478524670215,1,1,0
199.0,4,2.0,1.0,Entire home/apt,52.53284,13.38133,4.8,285,5.293304824724492,1,1,0
83.0,6,3.0,1.0,Entire home/apt,52.52895,13.29837,0.0,0,4.418840607796598,1,1,0
167.0,14,4.0,3.0,Entire home/apt,52.51364,13.45051,4.6,229,5.117993812416755,1,1,0
77.0,3,1.0,1.0,Entire home/apt,52.49875,13.3511,4.96,92,4.343805421853684,1,1,0
59.0,2,0.0,1.0,Entire home/apt,52.53588,13.41157,4.83,12,4.07753744390572,1,1,0
48.0,1,1.0,1.0,Private room,52.43524,13.32261,5.0,3,3.871201010907891,1,1,0
53.0,3,1.0,1.0,Entire home/apt,52.56127,13.36399,4.76,198,3.970291913552122,1,1,0
107.0,2,1.0,1.0,Entire home/apt,52.49019,13.48482,4.7,445,4.672828834461906,0,1,0
102.0,4,2.0,1.0,Entire home/apt,52.49679,13.30564,4.96,82,4.624972813284271,1,1,0
65.0,2,1.0,1.0,Entire home/apt,52.5038,13.43601,5.0,5,4.174387269895637,1,1,0
107.0,5,2.0,1.0,Entire home/apt,52.53612,13.39646,4.32,181,4.672828834461906,1,1,0
105.0,4,0.0,1.0,Entire home/apt,52.52512,13.45764,4.35,31,4.653960350157523,1,1,0
148.0,6,1.0,1.0,Private room,52.51575,13.42496,4.63,43,4.997212273764115,1,1,0
354.0,3,2.0,1.0,Entire home/apt,52.4934,13.4334,4.94,16,5.869296913133774,1,1,0
82.0,2,1.0,1.5,Entire home/apt,52.48672,13.43838,4.67,33,4.406719247264253,1,1,0
31.0,2,1.0,1.0,Private room,52.50163,13.46006,4.89,61,3.4339872044851463,1,1,0
800.0,16,4.0,3.5,Entire home/apt,52.4770751668776,13.59796137152599,5.0,2,6.684611727667927,1,1,0
57.0,2,1.0,1.5,Private room,52.41257,13.26014,4.87,143,4.04305126783455,1,0,0
229.0,8,3.0,2.0,Entire home/apt,52.55241,13.41557,4.79,104,5.43372200355424,1,1,0
20.0,1,1.0,1.0,Private room,52.46661,13.48852,4.69,32,2.995732273553991,1,1,0
61.0,1,1.0,1.0,Private room,52.4864,13.36212,5.0,151,4.110873864173311,1,0,0
53.0,1,1.0,1.0,Private room,52.41365,13.33523,4.96,53,3.970291913552122,1,1,0
65.0,3,0.0,1.0,Entire home/apt,52.51508,13.41844,4.87,462,4.174387269895637,1,1,0
86.0,2,1.0,1.0,Entire home/apt,52.49875,13.3511,4.89,38,4.454347296253507,1,1,0
39.0,1,1.0,1.0,Private room,52.48606,13.44659,4.94,54,3.6635616461296463,1,0,0
113.0,4,1.0,1.0,Entire home/apt,52.53313,13.42394,4.66,146,4.727387818712341,1,1,0
227.0,14,5.0,3.0,Entire home/apt,52.4821,13.32068,4.83,125,5.424950017481403,1,1,0
114.0,2,1.0,1.0,Entire home/apt,52.50301,13.39231,4.95,253,4.736198448394496,1,1,0
52.0,1,1.0,1.0,Private room,52.54273,13.42119,4.8,60,3.9512437185814275,1,1,0
34.0,2,1.0,1.0,Private room,52.47771,13.41911,4.51,482,3.5263605246161616,1,1,0
55.0,1,1.0,1.0,Entire home/apt,52.51214,13.29887,4.88,145,4.007333185232471,1,0,0
37.0,1,1.0,1.0,Private room,52.43575,13.32163,4.8,5,3.6109179126442243,1,1,0
70.0,1,1.0,1.0,Entire home/apt,52.47502,13.44319,5.0,1,4.248495242049359,1,1,1
48.0,3,1.0,1.0,Entire home/apt,52.56184,13.34921,4.67,248,3.871201010907891,1,1,0
45.0,3,1.0,1.0,Entire home/apt,52.56192,13.36238,4.67,278,3.8066624897703196,1,1,0
79.0,2,1.0,1.0,Entire home/apt,52.48686,13.32805,4.88,8,4.3694478524670215,1,1,0
41.0,1,1.0,1.0,Private room,52.52239,13.33902,4.91,147,3.713572066704308,1,1,0
55.0,1,1.0,1.0,Private room,52.49245,13.38091,5.0,1,4.007333185232471,1,1,0
144.0,3,1.0,1.0,Entire home/apt,52.53978,13.41228,5.0,5,4.969813299576001,1,1,0
104.0,2,2.0,1.0,Entire home/apt,52.51576,13.44786,4.81,16,4.6443908991413725,1,1,0
238.0,5,3.0,1.0,Entire home/apt,52.4854,13.46657,4.92,13,5.472270673671475,1,1,0
36.0,2,2.0,1.5,Private room,52.5218,13.4099,5.0,5,3.58351893845611,1,1,0
40.0,3,2.0,1.0,Entire home/apt,52.50134,13.41887,4.96,25,3.6888794541139363,1,1,0
127.0,2,1.0,1.0,Entire home/apt,52.54654,13.41297,4.93,15,4.844187086458591,1,1,0
50.0,3,1.0,1.0,Private room,52.46267,13.59637,4.93,91,3.912023005428146,1,0,0
135.0,2,1.0,1.0,Entire home/apt,52.54532,13.41387,4.93,29,4.90527477843843,1,1,0
503.0,16,5.0,2.0,Entire home/apt,52.53331,13.32675,4.93,135,6.220590170099739,1,1,0
125.0,4,1.0,1.0,Entire home/apt,52.52877,13.40771,4.85,131,4.8283137373023015,1,1,0
70.0,4,1.0,1.0,Entire home/apt,52.53158,13.30389,4.86,22,4.248495242049359,1,1,0
26.0,2,1.0,1.0,Private room,52.48676,13.43667,4.8,5,3.258096538021482,1,1,0
70.0,2,0.0,1.0,Entire home/apt,52.5196,13.44812,4.36,14,4.248495242049359,1,1,0
75.0,6,2.0,1.0,Entire home/apt,52.52655,13.45275,4.31,523,4.31748811353631,1,1,0
153.0,4,2.0,1.5,Entire home/apt,52.50551,13.32657,4.93,248,5.030437921392435,1,1,0
89.0,4,1.0,1.0,Entire home/apt,52.49875,13.3511,4.92,87,4.48863636973214,1,1,0
60.0,2,1.0,1.0,Entire home/apt,52.51133,13.27256,4.95,125,4.0943445622221,1,1,0
27.0,2,1.0,1.0,Private room,52.51221,13.52914,4.77,354,3.295836866004329,1,0,0
85.0,3,0.0,1.0,Entire home/apt,52.49428176879883,13.328143119812012,4.59,94,4.442651256490317,1,1,0
126.0,2,1.0,1.0,Entire home/apt,52.5371,13.39757,4.97,31,4.836281906951478,1,1,0
88.0,5,2.0,1.0,Entire home/apt,52.55944338204647,13.4101775698913,4.94,16,4.477336814478207,1,1,0
378.0,6,3.0,0.0,Entire home/apt,52.54151,13.40904,4.0,2,5.934894195619588,1,1,0
100.0,2,1.0,1.0,Entire home/apt,52.52891,13.4484,4.77,30,4.605170185988092,1,1,0
146.0,9,3.0,1.0,Entire home/apt,52.53429,13.43129,4.7,242,4.983606621708336,1,1,1
56.0,2,1.0,1.0,Private room,52.48406,13.42572,4.93,137,4.02535169073515,1,1,0
44.0,2,1.0,1.0,Entire home/apt,52.50778,13.42218,4.25,8,3.784189633918261,1,1,1
63.0,2,1.0,1.0,Private room,52.45287,13.15413,4.98,44,4.143134726391533,1,1,0
149.0,3,2.0,1.0,Entire home/apt,52.48686,13.32802,4.67,3,5.003946305945459,1,1,0
106.0,2,1.0,2.0,Entire home/apt,52.54051,13.41221,4.99,89,4.663439094112067,1,1,0
66.0,2,1.0,1.0,Entire home/apt,52.47583,13.37711,5.0,21,4.189654742026425,1,1,0
60.0,3,2.0,2.0,Entire home/apt,52.51038,13.62382,4.97,70,4.0943445622221,1,1,0
118.0,4,1.0,1.0,Entire home/apt,52.53705,13.42613,4.79,81,4.770684624465665,1,0,0
38.0,2,1.0,1.0,Private room,52.49504,13.34398,4.62,90,3.6375861597263857,1,1,0
149.0,7,3.0,2.0,Entire home/apt,52.52877,13.34067,4.92,329,5.003946305945459,1,1,0
55.0,2,1.0,1.0,Private room,52.50386,13.47741,4.92,314,4.007333185232471,1,1,0
61.0,2,1.0,1.5,Private room,52.53679,13.39718,4.88,16,4.110873864173311,1,1,0
169.0,4,2.0,1.0,Entire home/apt,52.5358,13.42467,4.79,218,5.1298987149230735,1,0,0
56.0,5,2.0,1.0,Entire home/apt,52.56154,13.36258,4.73,274,4.02535169073515,1,1,0
131.0,4,2.0,2.0,Private room,52.53231,13.38236,4.78,201,4.875197323201151,1,1,0
90.0,2,1.0,1.0,Entire home/apt,52.51177,13.46686,4.72,18,4.499809670330265,1,1,0
81.0,4,1.0,1.0,Entire home/apt,52.51365,13.20029,4.76,55,4.394449154672439,1,1,0
125.0,6,4.0,2.0,Entire home/apt,52.56931,13.20635,4.2,15,4.8283137373023015,1,1,0
71.0,1,1.0,1.0,Private room,52.4285,13.30317,4.85,27,4.2626798770413155,1,0,0
89.0,2,0.0,1.0,Entire home/apt,52.5343,13.39988,4.29,42,4.48863636973214,1,1,0
77.0,2,1.0,1.0,Entire home/apt,52.53073,13.43008,4.59,314,4.343805421853684,1,0,0
116.0,2,1.0,1.0,Hotel room,52.50066,13.36388,4.63,27,4.7535901911063645,1,1,0
48.0,2,1.0,1.0,Private room,52.5194,13.43629,4.77,22,3.871201010907891,1,1,0
125.0,2,1.0,1.0,Entire home/apt,52.53419,13.41674,4.78,37,4.8283137373023015,1,1,0
133.0,6,0.0,1.0,Entire home/apt,52.49301,13.38895,4.9,98,4.890349128221754,1,1,0
104.0,2,1.0,1.0,Entire home/apt,52.52343,13.35807,4.77,71,4.6443908991413725,1,1,0
371.0,6,4.0,3.5,Entire home/apt,52.64109,13.29847,5.0,14,5.916202062607435,1,1,0
136.0,4,1.0,1.5,Entire home/apt,52.51832,13.45985,4.71,7,4.912654885736052,1,1,0
54.0,4,2.0,1.0,Entire home/apt,52.46495,13.57935,4.61,218,3.9889840465642745,1,0,0
122.0,3,1.0,1.0,Entire home/apt,52.5399,13.42226,4.14,102,4.804021044733257,1,1,0
53.0,2,1.0,1.0,Private room,52.5116,13.45583,4.94,123,3.970291913552122,1,1,0
100.0,2,0.0,1.0,Entire home/apt,52.47344,13.38405,5.0,33,4.605170185988092,1,1,1
76.0,2,1.0,1.5,Private room,52.55069,13.41693,4.96,122,4.330733340286331,1,1,0
490.0,6,3.0,2.0,Entire home/apt,52.54612,13.42312,4.98,130,6.194405391104672,1,1,0
62.0,3,1.0,1.0,Entire home/apt,52.49768,13.33587,4.69,45,4.127134385045092,1,1,0
126.0,5,2.0,1.0,Entire home/apt,52.53273,13.35203,4.93,215,4.836281906951478,1,1,0
157.0,5,2.0,2.0,Entire home/apt,52.53696,13.42929,4.94,180,5.056245805348308,1,1,0
59.0,2,1.0,2.0,Entire home/apt,52.53725,13.42746,4.91,34,4.07753744390572,1,0,0
56.0,2,1.0,1.0,Entire home/apt,52.53297,13.42395,4.61,46,4.02535169073515,1,1,0
117.0,4,2.0,1.0,Entire home/apt,52.52829,13.39701,4.44,299,4.762173934797756,1,1,0
94.0,7,1.0,1.0,Private room,52.4971,13.42846,4.51,53,4.543294782270004,0,0,0
91.0,2,1.0,1.0,Private room,52.49738,13.43716,4.98,61,4.51085950651685,1,1,0
199.0,4,2.0,2.0,Entire home/apt,52.47489,13.42593,5.0,1,5.293304824724492,1,1,0
30.0,2,1.0,1.0,Private room,52.51227,13.52739,4.77,385,3.4011973816621555,1,0,0
58.0,5,2.0,1.0,Entire home/apt,52.56135,13.36443,4.72,194,4.060443010546419,1,1,0
67.0,4,1.0,1.0,Entire home/apt,52.47173,13.38462,4.8,276,4.204692619390966,1,1,0
190.0,6,3.0,2.0,Entire home/apt,52.51015,13.62729,5.0,1,5.247024072160486,1,1,0
17.0,2,1.0,1.0,Private room,52.5004,13.29898,4.92,384,2.833213344056216,1,1,0
243.0,8,4.0,1.0,Entire home/apt,52.5407,13.42002,4.48,126,5.493061443340548,1,1,0
135.0,4,2.0,1.0,Entire home/apt,52.53061,13.40819,4.82,442,4.90527477843843,1,1,0
50.0,2,1.0,1.0,Entire home/apt,52.56285,13.36429,4.87,165,3.912023005428146,1,1,0
71.0,3,1.0,1.0,Private room,52.42871,13.48516,4.82,191,4.2626798770413155,1,0,0
71.0,2,1.0,1.0,Private room,52.42887,13.48655,4.84,169,4.2626798770413155,1,0,0
31.0,3,1.0,1.0,Private room,52.44815,13.38335,4.94,138,3.4339872044851463,1,1,0
115.0,7,1.0,1.0,Entire home/apt,52.49902,13.42829,4.54,26,4.74493212836325,1,1,0
100.0,2,1.0,1.0,Private room,52.50239,13.4526,4.95,345,4.605170185988092,1,1,0
44.0,2,1.0,1.0,Private room,52.53922,13.41933,4.85,233,3.784189633918261,1,0,0
25.0,1,1.0,1.0,Private room,52.48576,13.26359,4.96,171,3.2188758248682006,1,0,0
83.0,3,2.0,1.0,Entire home/apt,52.5526,13.40648,4.91,269,4.418840607796598,1,1,0
197.0,6,3.0,2.0,Entire home/apt,52.49209,13.42553,5.0,2,5.2832037287379885,1,1,0
55.0,2,1.0,1.0,Entire home/apt,52.52744,13.33464,4.62,312,4.007333185232471,1,1,0
49.0,2,1.0,1.0,Private room,52.55283,13.40656,4.66,96,3.8918202981106265,1,0,0
55.0,5,2.0,1.0,Entire home/apt,52.56137,13.36443,4.62,256,4.007333185232471,1,1,0
98.0,4,1.0,1.0,Entire home/apt,52.54906,13.39563,4.73,170,4.584967478670572,1,1,0
128.0,8,2.0,1.0,Entire home/apt,52.48902,13.36221,4.74,175,4.852030263919617,1,1,0
125.0,3,1.0,1.0,Entire home/apt,52.52803,13.40997,4.91,44,4.8283137373023015,1,1,0
124.0,4,1.0,1.0,Hotel room,52.50207,13.36587,4.63,8,4.820281565605037,1,1,0
136.0,5,1.0,1.0,Hotel room,52.50091,13.36569,4.77,60,4.912654885736052,1,1,0
217.0,8,3.0,2.0,Entire home/apt,52.50053,13.36421,4.58,52,5.37989735354046,1,1,0
217.0,4,1.0,1.0,Entire home/apt,52.54245,13.4219,4.96,69,5.37989735354046,1,1,0
83.0,3,1.0,1.0,Entire home/apt,52.48518,13.26749,4.96,79,4.418840607796598,1,1,0
241.0,4,2.0,2.0,Entire home/apt,52.5169,13.47207,4.98,110,5.484796933490655,1,1,0
42.0,1,1.0,1.0,Private room,52.54327,13.35859,4.9,144,3.7376696182833684,1,1,0
85.0,2,1.0,1.0,Entire home/apt,52.58973,13.43181,5.0,2,4.442651256490317,1,1,0
90.0,2,1.0,1.0,Private room,52.49308,13.27565,4.8,5,4.499809670330265,1,1,0
88.0,2,1.0,1.0,Entire home/apt,52.49176,13.42179,4.89,319,4.477336814478207,1,1,0
110.0,3,1.0,1.0,Entire home/apt,52.5333,13.39809,5.0,2,4.700480365792417,1,1,0
101.0,2,1.0,1.0,Private room,52.5473954972354,13.400721546113902,4.93,59,4.61512051684126,1,0,0
199.0,6,3.0,2.5,Entire home/apt,52.480301,13.37759,5.0,7,5.293304824724492,1,1,0
85.0,2,4.0,1.0,Entire home/apt,52.53125,13.39954,5.0,2,4.442651256490317,1,1,0
41.0,2,1.0,1.0,Private room,52.56196,13.49406,4.53,45,3.713572066704308,1,1,0
70.0,2,1.0,1.0,Entire home/apt,52.47703,13.46434,4.62,29,4.248495242049359,1,1,0
150.0,4,2.0,1.5,Entire home/apt,52.498834391826,13.470036514243612,4.17,18,5.0106352940962555,1,1,0
31.0,2,1.0,1.0,Private room,52.47097,13.30863,4.89,233,3.4339872044851463,1,0,0
110.0,6,2.0,1.5,Entire home/apt,52.55473,13.38907,4.4,126,4.700480365792417,1,1,0
45.0,2,1.0,1.0,Private room,52.51045,13.29866,4.95,44,3.8066624897703196,1,1,0
111.0,4,1.0,1.0,Entire home/apt,52.47824,13.45016,4.67,156,4.709530201312334,1,1,0
97.0,2,1.0,1.0,Private room,52.51217,13.45268,4.4,5,4.574710978503383,1,1,0
100.0,2,1.0,1.0,Entire home/apt,52.49016952514648,13.413654327392578,4.98,192,4.605170185988092,1,1,0
76.0,2,0.0,1.0,Entire home/apt,52.49769,13.35918,4.82,144,4.330733340286331,1,1,0
130.0,2,0.0,1.0,Entire home/apt,52.50668,13.2078,4.74,34,4.867534450455582,1,1,0
74.0,3,0.0,1.0,Entire home/apt,52.53094,13.41263,4.78,390,4.30406509320417,1,1,0
165.0,3,1.0,1.0,Entire home/apt,52.4144,13.39733,4.96,77,5.10594547390058,1,1,1
60.0,3,1.0,1.0,Entire home/apt,52.56317,13.36407,4.74,151,4.0943445622221,1,1,0
23.0,1,0.0,1.0,Private room,52.46939,13.49215,4.59,71,3.1354942159291497,1,1,0
58.0,1,1.0,1.0,Private room,52.48693,13.34545,4.82,33,4.060443010546419,1,1,0
50.0,2,1.0,1.0,Private room,52.54072,13.41716,4.95,138,3.912023005428146,1,1,0
60.0,3,1.0,1.0,Entire home/apt,52.41844,13.54647,4.93,44,4.0943445622221,1,1,0
52.0,3,0.0,1.0,Entire home/apt,52.56321,13.36373,4.82,143,3.9512437185814275,1,1,0
56.0,2,1.0,1.0,Private room,52.55441,13.41519,4.94,358,4.02535169073515,1,1,0
63.0,2,1.0,1.0,Entire home/apt,52.533,13.37808,4.83,6,4.143134726391533,1,1,0
19.0,6,1.0,1.0,Shared room,52.51587,13.4247,4.71,69,2.9444389791664403,1,1,0
57.0,2,1.0,1.0,Private room,52.49457,13.36443,4.88,32,4.04305126783455,1,1,0
70.0,2,1.0,1.0,Entire home/apt,52.51787,13.30897,4.93,15,4.248495242049359,1,1,0
195.0,6,3.0,2.0,Entire home/apt,52.45322,13.28519,4.67,36,5.272999558563747,1,1,0
69.0,4,1.0,1.0,Private room,52.51706,13.42651,4.62,85,4.23410650459726,1,1,0
120.0,2,1.0,1.0,Entire home/apt,52.49036,13.37877,4.35,23,4.787491742782046,1,1,0
135.0,5,2.0,1.5,Entire home/apt,52.521087646484375,13.453143119812012,5.0,7,4.90527477843843,1,1,0
119.0,2,1.0,1.0,Entire home/apt,52.5372,13.39467,4.83,6,4.77912349311153,1,1,0
80.0,2,1.0,1.0,Entire home/apt,52.51971,13.52619,4.57,90,4.382026634673881,1,1,0
161.0,5,1.0,1.0,Entire home/apt,52.51971,13.52619,4.34,32,5.081404364984463,1,1,0
106.0,2,1.0,1.0,Entire home/apt,52.4969296974757,13.291007789281611,4.67,12,4.663439094112067,1,1,0
40.0,2,1.0,1.0,Private room,52.49284,13.4009,4.76,141,3.6888794541139363,1,0,0
30.0,1,1.0,1.0,Private room,52.47496,13.32876,4.89,71,3.4011973816621555,1,1,0
203.0,8,3.0,1.0,Entire home/apt,52.50371,13.3188,4.89,324,5.313205979041787,1,1,0
120.0,2,0.0,1.0,Entire home/apt,52.50603,13.20293,4.87,63,4.787491742782046,0,1,0
48.0,1,1.0,1.0,Private room,52.43712,13.24166,4.89,151,3.871201010907891,1,0,0
94.0,4,1.0,1.0,Entire home/apt,52.5134,13.44685,4.74,307,4.543294782270004,1,1,0
98.0,4,1.0,1.0,Entire home/apt,52.517834,13.447094,4.84,282,4.584967478670572,1,1,0
56.0,2,0.0,1.0,Entire home/apt,52.4923,13.41621,4.71,97,4.02535169073515,0,1,0
94.0,2,0.0,1.0,Entire home/apt,52.51783,13.44709,4.82,343,4.543294782270004,1,1,0
361.0,5,3.0,2.0,Entire home/apt,52.53069,13.40489,4.77,13,5.8888779583328805,1,1,1
52.0,2,1.0,2.0,Private room,52.64087,13.29433,4.9,88,3.9512437185814275,1,1,0
128.0,3,2.0,2.0,Entire home/apt,52.5099,13.4029,4.93,67,4.852030263919617,1,1,0
122.0,3,1.0,1.0,Entire home/apt,52.53351,13.37995,4.81,70,4.804021044733257,1,1,0
588.0,3,1.0,1.5,Entire home/apt,52.51527,13.45403,5.0,18,6.376726947898627,1,1,1
185.0,4,2.0,1.0,Private room,52.55951,13.37819,4.71,209,5.220355825078324,1,0,0
79.0,4,1.0,1.0,Entire home/apt,52.41008,13.40741,4.67,269,4.3694478524670215,1,1,0
69.0,2,0.0,1.0,Entire home/apt,52.49651,13.48278,4.99,221,4.23410650459726,1,1,0
44.0,2,1.0,1.0,Entire home/apt,52.56157,13.37893,4.67,3,3.784189633918261,1,1,0
47.0,3,1.0,1.0,Private room,52.46514,13.38281,4.74,61,3.8501476017100584,0,0,0
63.0,2,1.0,1.0,Entire home/apt,52.48595,13.46477,4.99,72,4.143134726391533,1,1,0
36.0,2,1.0,1.0,Private room,52.50149,13.58119,4.75,113,3.58351893845611,1,0,0
108.0,3,1.0,1.0,Private room,52.51588,13.43648,4.97,384,4.68213122712422,1,0,0
67.0,2,1.0,1.0,Private room,52.48352,13.42889,4.35,99,4.204692619390966,1,1,0
44.0,1,1.0,1.0,Private room,52.48352,13.42889,4.19,42,3.784189633918261,1,1,0
99.0,2,1.0,1.0,Entire home/apt,52.45131,13.29671,4.92,173,4.59511985013459,1,1,0
172.0,6,3.0,1.0,Entire home/apt,52.52671,13.3331,5.0,3,5.147494476813453,1,1,0
130.0,4,1.0,1.0,Entire home/apt,52.56734,13.41919,4.94,63,4.867534450455582,1,1,0
91.0,2,1.0,1.0,Private room,52.48974,13.42551,4.85,136,4.51085950651685,1,1,0
60.0,2,1.0,1.0,Entire home/apt,52.47998,13.34714,4.68,37,4.0943445622221,1,1,1
101.0,4,2.0,1.0,Entire home/apt,52.50827,13.40447,4.64,118,4.61512051684126,1,1,1
56.0,2,1.0,1.0,Private room,52.4974,13.38503,4.94,238,4.02535169073515,1,1,0
110.0,1,1.0,1.0,Private room,52.54171,13.42349,4.65,20,4.700480365792417,1,1,0
79.0,5,1.0,1.0,Entire home/apt,52.52644,13.39315,0.0,0,4.3694478524670215,1,1,0
211.0,6,3.0,2.5,Entire home/apt,52.54817,13.40361,4.89,9,5.351858133476067,1,1,0
39.0,3,1.0,1.0,Entire home/apt,52.48918914794922,13.362016677856444,4.69,81,3.6635616461296463,1,1,0
65.0,2,1.0,1.0,Entire home/apt,52.48669791600463,13.3350913140843,4.91,11,4.174387269895637,1,1,0
77.0,3,1.0,1.0,Entire home/apt,52.52288,13.35075,4.73,100,4.343805421853684,1,1,0
65.0,2,1.0,1.0,Entire home/apt,52.5509,13.41063,4.92,72,4.174387269895637,1,1,0
70.0,9,4.0,2.0,Entire home/apt,52.49356,13.47252,5.0,6,4.248495242049359,1,1,0
190.0,4,2.0,2.5,Entire home/apt,52.54942,13.4152,4.87,47,5.247024072160486,1,1,0
38.0,3,0.0,1.0,Private room,52.47868,13.44389,4.87,180,3.6375861597263857,1,0,1
192.0,6,2.0,1.0,Entire home/apt,52.53966,13.39878,4.98,40,5.2574953720277815,1,1,0
337.0,6,3.0,2.0,Entire home/apt,52.53009,13.40922,4.77,218,5.820082930352362,1,1,0
65.0,4,2.0,1.0,Entire home/apt,52.60058,13.44889,4.78,370,4.174387269895637,1,1,0
325.0,2,1.0,1.0,Hotel room,52.5498,13.21577,5.0,3,5.783825182329737,1,1,0
64.0,5,1.0,1.0,Entire home/apt,52.53466,13.37785,4.41,189,4.1588830833596715,1,1,0
57.0,2,1.0,1.0,Entire home/apt,52.53356,13.40696,4.6,5,4.04305126783455,1,1,0
94.0,4,1.0,1.0,Entire home/apt,52.54924,13.36996,4.58,53,4.543294782270004,1,1,1
88.0,2,1.0,1.0,Entire home/apt,52.49176,13.42179,4.87,286,4.477336814478207,1,1,0
99.0,3,1.0,1.0,Entire home/apt,52.51881,13.32031,4.9,128,4.59511985013459,1,1,0
90.0,4,1.0,1.0,Entire home/apt,52.49122,13.39381,4.77,286,4.499809670330265,1,1,0
50.0,3,0.0,1.0,Entire home/apt,52.56262,13.36452,4.83,182,3.912023005428146,1,1,0
65.0,5,1.0,1.0,Entire home/apt,52.52261,13.64973,4.81,112,4.174387269895637,1,1,1
180.0,2,2.0,1.0,Entire home/apt,52.50194,13.3475,4.98,107,5.19295685089021,1,1,0
65.0,2,0.0,1.0,Entire home/apt,52.49482,13.40043,4.89,405,4.174387269895637,1,1,0
120.0,4,1.0,1.0,Entire home/apt,52.52466,13.44837,4.73,237,4.787491742782046,1,1,0
61.0,2,1.0,1.0,Private room,52.48026,13.44505,4.88,66,4.110873864173311,1,1,0
156.0,8,3.0,2.0,Entire home/apt,52.44004,13.23757,4.59,41,5.049856007249537,1,1,0
159.0,4,1.0,1.0,Entire home/apt,52.49691,13.29525,4.54,35,5.0689042022202315,1,1,0
89.0,5,2.0,1.5,Entire home/apt,52.49422,13.39841,4.73,504,4.48863636973214,1,1,0
81.0,3,1.0,1.0,Entire home/apt,52.49781,13.44151,4.92,104,4.394449154672439,1,1,0
600.0,4,2.0,1.0,Entire home/apt,52.54115,13.41151,4.71,31,6.396929655216146,1,1,0
118.0,6,2.0,1.0,Entire home/apt,52.55151,13.41523,4.64,218,4.770684624465665,1,1,0
62.0,1,1.0,1.0,Hotel room,52.55076,13.41129,4.58,73,4.127134385045092,1,1,0
81.0,2,1.0,1.0,Hotel room,52.55076,13.41129,4.39,123,4.394449154672439,1,1,0
56.0,2,1.0,1.0,Private room,52.55402,13.40654,4.75,20,4.02535169073515,1,0,0
407.0,6,3.0,3.0,Entire home/apt,52.48175,13.34953,5.0,18,6.008813185442595,1,1,0
119.0,2,0.0,1.0,Entire home/apt,52.50895,13.30779,4.77,47,4.77912349311153,1,1,0
100.0,3,1.0,2.0,Entire home/apt,52.51373,13.38831,4.96,26,4.605170185988092,1,1,0
68.0,2,1.0,1.0,Private room,52.49232,13.42822,4.95,62,4.219507705176107,1,1,0
80.0,1,1.0,1.0,Private room,52.4211,13.22914,4.94,17,4.382026634673881,1,1,0
40.0,2,1.0,1.0,Private room,52.55659,13.42883,4.7,125,3.6888794541139363,1,1,0
153.0,8,2.0,1.0,Entire home/apt,52.53314,13.42999,4.82,176,5.030437921392435,1,1,0
153.0,2,1.0,1.0,Entire home/apt,52.53122,13.41364,4.97,122,5.030437921392435,1,1,0
166.0,2,0.0,1.0,Entire home/apt,52.48744,13.363,4.86,50,5.111987788356544,1,1,0
39.0,2,1.0,1.5,Private room,52.52403,13.62852,4.91,219,3.6635616461296463,1,1,0
117.0,4,2.0,2.0,Entire home/apt,52.57319,13.21055,4.87,70,4.762173934797756,1,1,0
46.0,1,1.0,1.0,Private room,52.47305,13.32157,4.97,32,3.828641396489095,1,1,0
160.0,3,2.0,1.0,Entire home/apt,52.48496,13.39333,5.0,12,5.075173815233827,1,1,0
120.0,4,2.0,1.5,Entire home/apt,52.41059,13.14314,0.0,0,4.787491742782046,1,1,0
115.0,2,2.0,1.0,Entire home/apt,52.52271,13.45236,4.89,19,4.74493212836325,1,1,0
60.0,3,1.0,0.0,Private room,52.5121,13.52418,4.76,441,4.0943445622221,1,1,0
36.0,1,1.0,1.0,Private room,52.5128,13.52043,4.75,367,3.58351893845611,1,1,0
57.0,2,1.0,1.0,Private room,52.51341,13.52419,4.72,415,4.04305126783455,1,1,0
114.0,2,1.0,1.0,Entire home/apt,52.54087,13.41737,5.0,53,4.736198448394496,1,1,0
119.0,2,1.0,1.0,Private room,52.55768,13.37863,4.57,23,4.77912349311153,1,0,0
109.0,6,2.0,1.0,Entire home/apt,52.50778579711914,13.467029571533203,4.48,109,4.6913478822291435,1,1,0
121.0,7,2.0,1.0,Entire home/apt,52.50778579711914,13.467029571533203,4.4,170,4.795790545596741,1,1,0
105.0,6,2.0,1.0,Entire home/apt,52.50778579711914,13.467029571533203,4.43,143,4.653960350157523,1,1,0
119.0,7,2.0,2.0,Entire home/apt,52.50778579711914,13.467029571533203,4.52,149,4.77912349311153,1,1,0
164.0,6,2.0,2.0,Entire home/apt,52.50778579711914,13.467029571533203,4.63,191,5.099866427824199,1,1,0
124.0,7,2.0,2.0,Entire home/apt,52.50778579711914,13.467029571533203,4.63,240,4.820281565605037,1,1,0
65.0,4,0.0,1.0,Entire home/apt,52.50778579711914,13.467029571533203,4.54,79,4.174387269895637,1,1,0
85.0,5,1.0,1.0,Entire home/apt,52.50778579711914,13.467029571533203,4.52,158,4.442651256490317,1,1,0
75.0,5,1.0,1.0,Entire home/apt,52.50778579711914,13.467029571533203,4.41,119,4.31748811353631,1,1,0
102.0,6,2.0,1.0,Entire home/apt,52.50778579711914,13.467029571533203,4.42,125,4.624972813284271,1,1,0
98.0,6,2.0,1.0,Entire home/apt,52.50778579711914,13.467029571533203,4.37,157,4.584967478670572,1,1,0
136.0,6,2.0,1.0,Entire home/apt,52.50778579711914,13.467029571533203,4.61,178,4.912654885736052,1,1,0
273.0,4,2.0,1.0,Entire home/apt,52.46518,13.43556,5.0,8,5.60947179518496,1,1,0
103.0,2,1.0,1.0,Entire home/apt,52.48054,13.44499,4.8,84,4.634728988229636,1,1,0
125.0,5,1.0,1.0,Entire home/apt,52.52742,13.38816,4.54,111,4.8283137373023015,1,1,0
40.0,2,1.0,1.0,Entire home/apt,52.43812,13.32956,5.0,2,3.6888794541139363,1,1,0
36.0,2,1.0,1.0,Entire home/apt,52.44693,13.59986,4.71,75,3.58351893845611,1,0,0
45.0,1,1.0,1.0,Private room,52.5364079326763,13.438294246866132,4.99,97,3.8066624897703196,1,1,0
96.0,4,2.0,1.0,Entire home/apt,52.54798,13.42601,4.8,239,4.564348191467836,1,1,0
60.0,3,0.0,1.0,Entire home/apt,52.51742,13.41828,4.85,342,4.0943445622221,1,1,0
47.0,2,1.0,1.5,Private room,52.49604,13.43637,4.94,209,3.8501476017100584,1,1,0
55.0,1,1.0,1.0,Private room,52.49632,13.38101,4.93,82,4.007333185232471,1,1,0
82.0,4,1.0,1.0,Entire home/apt,52.5110558,13.4569464,5.0,5,4.406719247264253,1,1,0
149.0,5,1.0,1.5,Entire home/apt,52.49402,13.42914,4.93,462,5.003946305945459,1,1,0
248.0,6,3.0,1.0,Entire home/apt,52.51006,13.41667,4.89,285,5.5134287461649825,1,1,0
158.0,6,3.0,1.0,Entire home/apt,52.39641,13.16114,4.91,11,5.062595033026967,1,1,0
82.0,2,1.0,1.0,Private room,52.49911,13.42813,4.4,10,4.406719247264253,1,1,0
118.0,5,2.0,1.0,Entire home/apt,52.49502,13.39798,4.7,483,4.770684624465665,1,1,0
104.0,2,1.0,1.0,Entire home/apt,52.47575,13.42667,4.92,162,4.6443908991413725,1,1,0
270.0,6,2.0,1.0,Entire home/apt,52.54838,13.21224,4.67,9,5.598421958998375,1,1,0
32.0,1,0.0,1.0,Private room,52.5231450412382,13.326472994654369,0.0,0,3.4657359027997265,1,1,0
18.0,6,1.0,1.0,Shared room,52.51765,13.42428,4.57,103,2.8903717578961645,1,1,0
80.0,2,1.0,2.0,Private room,52.56358,13.40207,4.75,4,4.382026634673881,1,1,0
45.0,2,1.0,1.0,Private room,52.51632,13.45871,4.9,280,3.8066624897703196,1,1,0
155.0,8,2.0,1.5,Entire home/apt,52.52502,13.45103,4.7,141,5.043425116919247,1,1,0
76.0,2,1.0,1.0,Private room,52.49087,13.38541,4.92,159,4.330733340286331,1,1,0
80.0,4,2.0,2.0,Entire home/apt,52.51117013692426,13.418347847382297,0.0,0,4.382026634673881,1,1,0
36.0,1,1.0,1.0,Private room,52.54885,13.4194,5.0,32,3.58351893845611,1,1,0
386.0,8,3.0,2.0,Entire home/apt,52.52854,13.40982,4.77,244,5.955837369464831,1,1,0
50.0,2,1.0,1.0,Entire home/apt,52.53413,13.42447,5.0,13,3.912023005428146,1,1,0
115.0,4,2.0,1.5,Entire home/apt,52.49652862548828,13.312649726867676,4.32,47,4.74493212836325,0,1,0
81.0,6,2.0,1.0,Entire home/apt,52.51970091303327,13.355576873519889,4.52,298,4.394449154672439,1,1,0
126.0,4,1.0,1.0,Entire home/apt,52.51183,13.46657,4.98,94,4.836281906951478,1,1,0
81.0,2,1.0,1.0,Entire home/apt,52.46374,13.31721,4.66,93,4.394449154672439,1,1,0
75.0,3,0.0,1.0,Private room,52.48569,13.38196,4.63,41,4.31748811353631,1,0,0
34.0,2,1.0,1.0,Private room,52.4077,13.50374,4.82,717,3.5263605246161616,1,1,0
65.0,3,1.0,1.0,Private room,52.4971,13.42946,4.17,6,4.174387269895637,1,0,0
79.0,1,1.0,1.0,Private room,52.50216,13.44024,4.89,175,4.3694478524670215,1,1,0
157.0,4,2.0,1.5,Entire home/apt,52.52384948730469,13.380672454833984,4.87,246,5.056245805348308,1,1,0
95.0,6,1.0,1.0,Entire home/apt,52.49661,13.44224,4.59,266,4.553876891600541,1,1,0
106.0,4,1.0,1.0,Entire home/apt,52.54772,13.34435,4.55,11,4.663439094112067,1,1,0
134.0,2,2.0,1.0,Entire home/apt,52.55354,13.41345,5.0,16,4.897839799950911,1,1,0
55.0,2,1.0,1.0,Private room,52.41632,13.28283,4.96,47,4.007333185232471,1,0,0
188.0,2,2.0,1.0,Entire home/apt,52.50428,13.41547,4.8,92,5.236441962829949,1,1,1
70.0,2,1.0,1.0,Entire home/apt,52.50376,13.47749,4.89,95,4.248495242049359,1,1,0
29.0,1,1.0,1.0,Private room,52.46922,13.32142,4.85,26,3.367295829986474,1,1,0
29.0,1,1.0,1.0,Private room,52.46769,13.3134,4.89,53,3.367295829986474,1,1,0
191.0,4,2.0,1.0,Entire home/apt,52.49443,13.34393,4.98,45,5.25227342804663,1,1,1
54.0,2,1.0,1.0,Private room,52.53923,13.44256,4.89,185,3.9889840465642745,1,1,0
78.0,4,1.0,1.0,Entire home/apt,52.50363,13.34318,4.42,192,4.356708826689592,1,1,0
87.0,4,1.0,1.0,Entire home/apt,52.50246,13.34239,4.43,134,4.465908118654584,1,1,0
78.0,4,1.0,1.0,Entire home/apt,52.50271,13.34247,4.55,205,4.356708826689592,1,1,0
100.0,4,1.0,1.0,Entire home/apt,52.50253,13.34397,4.38,138,4.605170185988092,1,1,0
81.0,4,1.0,1.0,Entire home/apt,52.50259,13.3436,4.45,264,4.394449154672439,1,1,0
83.0,4,0.0,1.0,Entire home/apt,52.50252,13.34275,4.35,147,4.418840607796598,1,1,0
74.0,4,1.0,1.0,Entire home/apt,52.50389,13.34222,4.56,126,4.30406509320417,1,1,0
112.0,4,1.0,1.0,Entire home/apt,52.44414,13.70197,4.75,69,4.718498871295094,1,1,0
243.0,4,3.0,2.0,Entire home/apt,52.50109,13.4388,4.95,19,5.493061443340548,1,1,0
147.0,4,2.0,2.0,Entire home/apt,52.51123,13.40232,5.0,1,4.990432586778736,1,1,0
174.0,4,2.0,1.5,Entire home/apt,52.52474,13.38523,4.6,174,5.159055299214529,1,1,0
115.0,4,1.0,1.0,Entire home/apt,52.49845,13.31923,4.95,147,4.74493212836325,1,1,0
50.0,2,1.0,1.0,Private room,52.50571,13.51949,4.71,413,3.912023005428146,1,1,0
225.0,2,1.0,1.0,Hotel room,52.49885,13.30422,5.0,3,5.41610040220442,1,1,1
249.0,2,0.0,1.0,Entire home/apt,52.53148,13.38848,4.96,123,5.517452896464707,1,1,0
158.0,2,1.0,1.0,Hotel room,52.50202,13.32762,4.78,9,5.062595033026967,1,0,0
180.0,2,1.0,1.0,Hotel room,52.50202,13.32773,4.0,1,5.19295685089021,1,0,0
59.0,2,1.0,1.5,Private room,52.4865,13.38013,4.9,86,4.07753744390572,1,1,0
78.0,4,1.0,1.0,Entire home/apt,52.50598,13.23213,4.97,74,4.356708826689592,1,1,0
383.0,7,3.0,1.0,Entire home/apt,52.4934,13.2919,4.89,66,5.948034989180646,1,1,0
67.0,2,1.0,1.0,Entire home/apt,52.51264532401003,13.30700363907092,4.63,64,4.204692619390966,1,1,0
102.0,2,1.0,1.0,Entire home/apt,52.52146,13.40511,4.89,262,4.624972813284271,1,1,0
17.0,1,1.0,1.0,Shared room,52.50406,13.47422,4.5,2,2.833213344056216,1,1,0
84.0,4,1.0,1.0,Entire home/apt,52.51731,13.45522,4.77,518,4.430816798843313,1,1,0
164.0,6,3.0,1.5,Entire home/apt,52.49048,13.39128,4.84,151,5.099866427824199,1,1,0
62.0,1,1.0,1.0,Private room,52.50317,13.36248,4.92,156,4.127134385045092,1,1,0
153.0,5,2.0,1.5,Private room,52.51082,13.22754,4.0,14,5.030437921392435,1,1,0
30.0,1,1.0,1.0,Private room,52.51604,13.44653,5.0,5,3.4011973816621555,1,1,0
42.0,1,1.0,1.0,Private room,52.51831,13.44737,4.75,4,3.7376696182833684,1,1,0
75.0,2,2.0,1.0,Entire home/apt,52.51776,13.44832,0.0,0,4.31748811353631,1,1,0
54.0,2,1.0,1.0,Entire home/apt,52.48607,13.36403,5.0,1,3.9889840465642745,1,1,0
48.0,3,1.0,1.0,Entire home/apt,52.50201,13.4914,4.0,4,3.871201010907891,1,1,0
48.0,2,1.0,1.0,Private room,52.50793,13.31323,4.92,91,3.871201010907891,1,1,0
90.0,6,1.0,1.0,Entire home/apt,52.49522,13.44407,4.74,296,4.499809670330265,1,1,0
104.0,8,1.0,1.0,Entire home/apt,52.49668,13.44389,4.72,273,4.6443908991413725,1,1,0
250.0,3,1.0,1.0,Hotel room,52.49841,13.30479,0.0,0,5.521460917862246,1,1,1
280.0,4,1.0,1.0,Hotel room,52.49896,13.30428,5.0,3,5.634789603169249,1,1,1
310.0,4,1.0,1.0,Hotel room,52.49829,13.30496,5.0,2,5.736572297479192,1,1,1
95.0,2,1.0,1.0,Hotel room,52.52935,13.45589,4.59,913,4.553876891600541,1,1,0
87.0,2,1.0,1.0,Hotel room,52.48076,13.52557,4.62,292,4.465908118654584,1,1,0
116.0,2,1.0,1.0,Hotel room,52.48074,13.52555,4.0,2,4.7535901911063645,1,1,0
117.0,2,1.0,1.5,Entire home/apt,52.53072,13.40267,4.98,104,4.762173934797756,1,1,0
202.0,4,1.0,1.0,Hotel room,52.46555,13.32627,4.75,4,5.308267697401205,1,1,0
88.0,2,1.0,1.0,Hotel room,52.48076,13.5256,4.75,36,4.477336814478207,1,1,0
120.0,2,1.0,1.0,Hotel room,52.48074,13.52555,5.0,2,4.787491742782046,1,1,0
105.0,2,1.0,2.0,Private room,52.51681,13.27262,4.96,74,4.653960350157523,1,0,0
133.0,2,1.0,1.0,Hotel room,52.50771,13.32803,4.72,58,4.890349128221754,1,1,1
148.0,2,1.0,1.0,Hotel room,52.50771,13.32803,4.63,52,4.997212273764115,1,1,1
174.0,2,1.0,1.0,Hotel room,52.50768,13.32803,4.5,2,5.159055299214529,1,1,1
90.0,6,3.0,1.0,Entire home/apt,52.40546,13.58223,4.87,199,4.499809670330265,1,1,0
226.0,3,1.0,1.0,Entire home/apt,52.51599,13.41879,4.84,312,5.420534999272286,1,1,0
97.0,1,1.0,1.0,Entire home/apt,52.52664,13.41088,4.88,16,4.574710978503383,1,1,0
99.0,6,1.0,1.0,Entire home/apt,52.49672,13.44228,4.76,275,4.59511985013459,1,1,0
101.0,7,1.0,2.0,Entire home/apt,52.49558,13.44213,4.72,259,4.61512051684126,1,1,0
940.0,2,1.0,1.0,Private room,52.53247,13.38105,4.97,68,6.84587987526405,1,1,0
87.0,4,1.0,1.0,Entire home/apt,52.49473,13.44422,4.62,239,4.465908118654584,1,1,0
52.0,2,0.0,1.0,Entire home/apt,52.52127,13.40606,4.6,5,3.9512437185814275,1,1,0
55.0,3,1.0,1.0,Entire home/apt,52.61029,13.42698,4.98,46,4.007333185232471,1,1,0
60.0,2,1.0,1.0,Entire home/apt,52.53378,13.32605,5.0,3,4.0943445622221,1,1,0
123.0,4,1.0,1.0,Hotel room,52.52646,13.39011,4.87,186,4.812184355372417,1,0,0
107.0,2,1.0,1.0,Hotel room,52.52644,13.3901,4.8,147,4.672828834461906,1,0,0
98.0,2,1.0,1.0,Hotel room,52.52644,13.39012,4.83,714,4.584967478670572,1,0,0
93.0,2,1.0,1.0,Hotel room,52.52652,13.38988,4.75,147,4.532599493153256,1,0,0
99.0,4,1.0,1.0,Entire home/apt,52.43897,13.29421,4.92,237,4.59511985013459,1,1,0
145.0,2,1.0,1.0,Hotel room,52.49379,13.36134,4.8,213,4.976733742420574,1,0,1
136.0,2,1.0,1.0,Hotel room,52.49379,13.36134,4.77,13,4.912654885736052,1,0,1
149.0,4,1.0,1.0,Hotel room,52.49379,13.36134,4.7,96,5.003946305945459,1,0,1
136.0,2,1.0,1.0,Hotel room,52.49379,13.36134,4.93,14,4.912654885736052,1,0,1
122.0,2,1.0,1.0,Hotel room,52.49379,13.36134,4.65,180,4.804021044733257,1,0,1
113.0,2,1.0,1.0,Hotel room,52.49379,13.36134,4.8,40,4.727387818712341,1,0,1
152.0,2,1.0,1.0,Hotel room,52.50329,13.37034,4.71,35,5.0238805208462765,1,0,0
152.0,2,1.0,1.0,Hotel room,52.50329,13.37034,5.0,24,5.0238805208462765,1,0,0
125.0,4,1.0,1.0,Hotel room,52.50329,13.37034,4.74,118,4.8283137373023015,1,0,0
95.0,2,1.0,1.0,Hotel room,52.50329,13.37034,4.81,74,4.553876891600541,1,0,0
86.0,2,1.0,1.0,Hotel room,52.50329,13.37034,4.77,407,4.454347296253507,1,0,0
166.0,4,1.0,1.0,Hotel room,52.46545,13.32632,4.75,52,5.111987788356544,1,0,0
148.0,4,1.0,1.0,Hotel room,52.46545,13.32632,4.84,96,4.997212273764115,1,0,0
134.0,2,1.0,1.0,Hotel room,52.46545,13.32632,4.73,26,4.897839799950911,1,0,0
125.0,2,1.0,1.0,Hotel room,52.46545,13.32632,4.84,80,4.8283137373023015,1,0,0
121.0,2,1.0,1.0,Hotel room,52.46545,13.32632,5.0,13,4.795790545596741,1,0,0
117.0,4,1.0,1.0,Entire home/apt,52.53527,13.42125,4.91,172,4.762173934797756,1,1,0
52.0,2,0.0,1.0,Entire home/apt,52.53694,13.41049,4.79,38,3.9512437185814275,1,1,0
55.0,2,1.0,1.0,Entire home/apt,52.53144,13.43041,5.0,3,4.007333185232471,1,1,0
70.0,3,2.0,1.0,Entire home/apt,52.53196,13.40191,3.75,4,4.248495242049359,1,1,0
232.0,3,1.0,1.5,Entire home/apt,52.53532,13.39993,4.92,26,5.44673737166631,1,1,0
71.0,2,1.0,1.5,Entire home/apt,52.43434,13.32605,4.9,108,4.2626798770413155,1,1,0
35.0,2,0.0,1.0,Entire home/apt,52.53034,13.30437,4.65,40,3.5553480614894135,1,0,0
62.0,2,1.0,1.0,Private room,52.51709747314453,13.279301643371582,4.83,35,4.127134385045092,1,1,0
452.0,2,1.0,1.0,Entire home/apt,52.53179,13.40069,5.0,3,6.113682179832232,1,1,0
54.0,1,1.0,0.5,Private room,52.54406,13.4122,4.43,14,3.9889840465642745,1,0,0
86.0,4,1.0,1.0,Private room,52.54416,13.41119,4.57,70,4.454347296253507,1,0,0
120.0,2,1.0,1.0,Entire home/apt,52.53732817506748,13.397006934579563,0.0,0,4.787491742782046,1,1,0
90.0,3,1.0,1.0,Entire home/apt,52.45994,13.43257,4.91,140,4.499809670330265,1,1,0
140.0,4,2.0,2.0,Entire home/apt,52.49689,13.34894,4.85,179,4.941642422609304,1,1,0
62.0,2,0.0,1.0,Entire home/apt,52.51875,13.29638,4.72,29,4.127134385045092,0,0,0
103.0,2,1.0,1.0,Private room,52.52058,13.46337,4.95,152,4.634728988229636,1,1,0
141.0,3,0.0,1.0,Entire home/apt,52.52903,13.40206,4.45,11,4.948759890378168,1,1,1
56.0,2,0.0,1.0,Entire home/apt,52.54749,13.45852,4.9,122,4.02535169073515,1,1,0
68.0,2,1.0,1.0,Entire home/apt,52.47557,13.42264,4.84,130,4.219507705176107,1,1,0
82.0,2,0.0,1.0,Private room,52.51285,13.45686,5.0,6,4.406719247264253,1,1,0
265.0,3,0.0,1.0,Entire home/apt,52.53148,13.38848,4.95,21,5.579729825986222,1,1,1
285.0,3,1.0,1.0,Entire home/apt,52.53148,13.38848,5.0,10,5.652489180268651,1,1,1
180.0,4,2.0,2.0,Entire home/apt,52.5355,13.4047,4.67,86,5.19295685089021,1,1,0
117.0,3,2.0,1.0,Entire home/apt,52.49371,13.26455,4.85,106,4.762173934797756,1,1,0
422.0,2,1.0,1.0,Entire home/apt,52.530643463134766,13.40178394317627,4.73,11,6.045005314036012,1,1,0
422.0,2,1.0,1.0,Entire home/apt,52.5295,13.40229,5.0,1,6.045005314036012,1,1,0
1129.0,4,2.0,2.0,Entire home/apt,52.53124,13.40085,5.0,2,7.029087564149662,1,1,1
1213.0,6,3.0,2.0,Entire home/apt,52.5315,13.40227,4.93,15,7.10085190894405,1,1,1
341.0,2,1.0,1.0,Entire home/apt,52.53182,13.40237,4.94,47,5.831882477283517,1,1,0
18.0,1,1.0,1.0,Private room,52.49242,13.37955,4.0,5,2.8903717578961645,1,0,0
53.0,2,0.0,1.0,Entire home/apt,52.41669,13.14036,4.87,61,3.970291913552122,1,1,0
195.0,2,1.0,1.0,Entire home/apt,52.49793,13.43445,4.98,55,5.272999558563747,1,1,1
97.0,1,1.0,1.0,Entire home/apt,52.4813,13.42308,4.85,13,4.574710978503383,1,1,0
176.0,2,1.0,1.0,Entire home/apt,52.53312,13.34997,4.92,26,5.170483995038151,1,1,0
90.0,3,1.0,1.0,Entire home/apt,52.42234,13.40164,4.95,65,4.499809670330265,1,1,0
140.0,2,1.0,1.0,Entire home/apt,52.47445,13.42712,4.86,66,4.941642422609304,1,1,0
269.0,2,0.0,1.0,Hotel room,52.53148,13.38848,0.0,0,5.594711379601839,1,1,0
293.0,2,0.0,1.0,Entire home/apt,52.53148,13.38848,5.0,3,5.680172609017068,1,1,0
301.0,3,1.0,1.0,Entire home/apt,52.53148,13.38848,4.83,24,5.707110264748875,1,1,0
309.0,3,1.0,1.0,Entire home/apt,52.53148,13.38848,4.86,7,5.733341276897746,1,1,0
429.0,5,2.0,2.0,Entire home/apt,52.53148,13.38848,4.8,121,6.061456918928017,1,1,0
341.0,3,1.0,1.0,Entire home/apt,52.53148,13.38848,4.82,11,5.831882477283517,1,1,1
693.0,6,3.0,2.5,Entire home/apt,52.53148,13.38848,4.98,51,6.541029999189903,1,1,1
89.0,2,0.0,1.0,Entire home/apt,52.45879,13.37717,4.6,10,4.48863636973214,1,1,0
78.0,3,0.0,1.0,Entire home/apt,52.50721,13.46332,4.65,130,4.356708826689592,1,1,0
140.0,4,4.0,1.0,Entire home/apt,52.53531,13.39488,5.0,1,4.941642422609304,1,1,0
60.0,1,1.0,1.0,Private room,52.56225,13.40378,5.0,10,4.0943445622221,1,1,0
110.0,4,3.0,1.0,Entire home/apt,52.59237,13.39545,4.86,94,4.700480365792417,1,1,0
140.0,2,1.0,1.5,Hotel room,52.50147,13.32171,4.89,47,4.941642422609304,1,0,0
80.0,2,1.0,1.0,Private room,52.54575,13.4176,4.82,346,4.382026634673881,1,0,0
112.0,3,1.0,1.0,Private room,52.522863808440206,13.348474209449806,4.63,8,4.718498871295094,1,1,0
66.0,2,0.0,1.0,Entire home/apt,52.53654,13.4418,4.86,290,4.189654742026425,1,1,0
79.0,2,1.0,1.0,Entire home/apt,52.48513,13.32665,5.0,4,4.3694478524670215,1,1,0
235.0,5,1.0,1.0,Entire home/apt,52.54072,13.40513,4.92,12,5.459585514144159,1,1,0
95.0,4,2.0,1.0,Entire home/apt,52.54185,13.3571,4.75,311,4.553876891600541,1,1,0
92.0,2,1.0,1.0,Private room,52.52653121948242,13.402429580688477,5.0,5,4.5217885770490405,1,1,0
170.0,4,2.0,1.0,Entire home/apt,52.47405,13.42017,4.95,19,5.135798437050262,1,1,0
180.0,2,1.0,1.5,Entire home/apt,52.50688,13.4685,5.0,24,5.19295685089021,1,1,0
44.0,1,1.0,1.0,Entire home/apt,52.5045,13.29378,4.63,24,3.784189633918261,1,1,0
132.0,4,1.0,1.0,Hotel room,52.52845,13.40322,4.66,96,4.882801922586371,1,1,1
178.0,6,2.0,1.0,Hotel room,52.52826,13.40147,4.66,140,5.181783550292085,1,1,1
297.0,7,3.0,1.0,Hotel room,52.53012,13.40295,4.85,176,5.6937321388027,1,1,1
321.0,10,2.0,2.0,Hotel room,52.52875,13.40316,4.83,128,5.771441123130016,1,1,1
69.0,4,1.0,1.0,Entire home/apt,52.49664,13.44427,4.7,228,4.23410650459726,1,1,0
250.0,5,3.0,1.0,Entire home/apt,52.4900323,13.3888461,4.83,35,5.521460917862246,1,1,0
55.0,2,1.0,1.0,Entire home/apt,52.54621,13.367,4.74,303,4.007333185232471,1,1,0
140.0,4,1.0,1.0,Entire home/apt,52.5193,13.52603,4.37,63,4.941642422609304,1,1,0
60.0,4,1.0,1.5,Entire home/apt,52.47613,13.42463,4.91,55,4.0943445622221,1,1,0
75.0,2,1.0,1.0,Private room,52.44062,13.29496,5.0,30,4.31748811353631,1,0,0
69.0,2,1.0,1.0,Private room,52.49258,13.39866,4.88,149,4.23410650459726,1,1,0
90.0,6,3.0,1.0,Entire home/apt,52.47338,13.42563,4.71,217,4.499809670330265,1,1,0
83.0,2,2.0,1.0,Entire home/apt,52.51829,13.43054,5.0,7,4.418840607796598,1,1,0
110.0,6,1.0,1.0,Shared room,52.51623,13.42435,4.7,195,4.700480365792417,1,1,0
69.0,6,1.0,1.0,Private room,52.51623,13.42432,4.8,15,4.23410650459726,1,0,0
88.0,5,2.0,1.0,Entire home/apt,52.47438,13.42448,4.75,234,4.477336814478207,1,1,0
93.0,6,3.0,1.0,Entire home/apt,52.47382,13.42784,4.85,234,4.532599493153256,1,1,0
75.0,5,2.0,1.0,Entire home/apt,52.4867247,13.4232451,4.75,202,4.31748811353631,1,1,0
56.0,4,1.0,1.0,Entire home/apt,52.49853,13.38848,4.72,318,4.02535169073515,1,1,0
47.0,2,0.0,1.0,Entire home/apt,52.53098,13.35099,4.76,106,3.8501476017100584,1,1,1
46.0,2,1.0,1.0,Private room,52.52048,13.39015,4.9,386,3.828641396489095,1,1,0
34.0,3,1.0,1.0,Private room,52.50087,13.58152,4.7,104,3.5263605246161616,1,0,0
73.0,2,0.0,1.0,Entire home/apt,52.525769112244106,13.408451340335995,4.79,135,4.290459441148391,1,1,0
114.0,4,1.0,1.0,Private room,52.51627,13.4266,4.65,118,4.736198448394496,1,0,0
40.0,2,1.0,1.0,Private room,52.46983,13.32352,4.8,20,3.6888794541139363,0,1,0
82.0,2,1.0,1.0,Entire home/apt,52.46097,13.51984,4.71,7,4.406719247264253,0,0,0
97.0,2,1.0,1.0,Private room,52.51625,13.42463,4.7,66,4.574710978503383,1,1,0
78.0,5,1.0,1.0,Private room,52.51719,13.4265,4.54,13,4.356708826689592,1,0,0
83.0,2,1.0,1.0,Private room,52.53631,13.40705,4.85,85,4.418840607796598,1,0,0
168.0,3,1.0,1.0,Entire home/apt,52.49293,13.42725,4.84,80,5.123963979403259,1,1,0
123.0,5,2.0,1.0,Entire home/apt,52.51416,13.30659,4.85,201,4.812184355372417,1,1,0
106.0,2,1.0,1.0,Entire home/apt,52.43621,13.40164,4.93,80,4.663439094112067,1,1,0
70.0,2,1.0,1.0,Private room,52.48418,13.46402,5.0,9,4.248495242049359,1,1,0
119.0,2,0.0,1.0,Entire home/apt,52.5369,13.39864,4.74,34,4.77912349311153,1,1,0
44.0,2,1.0,1.0,Private room,52.4853,13.43664,4.9,41,3.784189633918261,1,1,0
198.0,7,2.0,1.5,Entire home/apt,52.52209,13.40155,4.46,208,5.288267030694535,1,1,0
41.0,2,1.0,1.0,Private room,52.55598831176758,13.377829551696776,4.76,176,3.713572066704308,1,1,0
177.0,3,1.0,1.0,Entire home/apt,52.53097,13.39951,4.94,33,5.176149732573829,1,1,0
40.0,2,1.0,1.0,Private room,52.55598831176758,13.377829551696776,4.74,160,3.6888794541139363,1,1,0
106.0,6,3.0,1.0,Entire home/apt,52.52857,13.3869,4.89,204,4.663439094112067,1,1,0
60.0,2,1.0,1.0,Entire home/apt,52.51180430244035,13.455710196315335,0.0,0,4.0943445622221,1,1,0
168.0,7,3.0,2.0,Entire home/apt,52.48592,13.37625,4.85,143,5.123963979403259,1,1,0
170.0,2,0.0,1.0,Entire home/apt,52.53894,13.40671,4.94,63,5.135798437050262,1,1,0
300.0,4,2.0,1.0,Entire home/apt,52.52841,13.38432,0.0,0,5.703782474656201,1,1,1
78.0,3,1.0,1.0,Entire home/apt,52.50989,13.41686,4.75,16,4.356708826689592,1,1,0
40.0,4,0.0,1.0,Entire home/apt,52.55368,13.43685,4.72,344,3.6888794541139363,1,1,0
141.0,3,0.0,1.0,Entire home/apt,52.52821,13.38099,4.7,132,4.948759890378168,1,1,0
62.0,2,1.0,1.0,Entire home/apt,52.52225,13.38571,4.67,6,4.127134385045092,1,1,0
50.0,2,1.0,1.0,Entire home/apt,52.53548,13.4374,4.58,259,3.912023005428146,1,1,0
53.0,2,1.0,1.0,Entire home/apt,52.53548,13.4374,4.64,264,3.970291913552122,1,1,0
10.0,2,1.0,1.0,Entire home/apt,52.53966,13.42648,4.75,16,2.302585092994046,1,1,0
135.0,2,1.0,1.0,Entire home/apt,52.49254,13.43878,5.0,11,4.90527477843843,1,1,0
74.0,2,1.0,1.0,Entire home/apt,52.55384,13.43834,4.68,347,4.30406509320417,1,1,0
59.0,7,3.0,2.0,Entire home/apt,52.49399,13.35123,4.9,51,4.07753744390572,1,1,0
58.0,6,1.0,1.0,Private room,52.51704,13.42458,4.7,33,4.060443010546419,1,0,0
59.0,2,1.0,1.0,Private room,52.55378,13.43771,4.67,132,4.07753744390572,1,1,0
196.0,2,1.0,1.0,Hotel room,52.54238,13.40867,5.0,3,5.278114659230517,1,0,0
86.0,2,1.0,1.0,Entire home/apt,52.53161,13.42552,4.9,158,4.454347296253507,1,1,0
50.0,4,1.0,1.0,Entire home/apt,52.55206,13.43651,4.73,430,3.912023005428146,1,1,1
120.0,6,1.0,1.0,Entire home/apt,52.53158,13.43206,4.81,318,4.787491742782046,1,1,0
180.0,2,1.0,1.0,Hotel room,52.5413,13.41015,5.0,7,5.19295685089021,1,0,0
92.0,3,1.0,1.0,Private room,52.49699,13.4625,4.92,25,4.5217885770490405,1,1,0
180.0,4,2.0,1.0,Entire home/apt,52.52773,13.39343,5.0,8,5.19295685089021,1,1,0
95.0,2,1.0,1.0,Entire home/apt,52.52513,13.44771,4.98,56,4.553876891600541,1,1,0
36.0,2,1.0,1.0,Private room,52.55272,13.36332,5.0,11,3.58351893845611,1,1,0
69.0,4,1.0,1.0,Entire home/apt,52.56543,13.45903,4.94,127,4.23410650459726,1,1,0
52.0,1,1.0,1.0,Private room,52.49427,13.45943,4.87,111,3.9512437185814275,1,1,0
52.0,2,1.0,2.0,Private room,52.64093,13.29608,4.85,80,3.9512437185814275,1,1,0
113.0,3,1.0,1.0,Entire home/apt,52.53693,13.37791,4.85,20,4.727387818712341,1,1,0
102.0,4,1.0,1.0,Entire home/apt,52.52454,13.32628,4.85,149,4.624972813284271,1,1,0
179.0,4,0.0,1.0,Entire home/apt,52.5299,13.3808,4.62,82,5.187385805840755,1,1,0
125.0,3,0.0,1.0,Entire home/apt,52.52968,13.37934,4.83,69,4.8283137373023015,1,1,0
117.0,4,2.0,1.0,Entire home/apt,52.54084,13.43598,4.86,57,4.762173934797756,1,1,0
123.0,5,2.0,1.0,Entire home/apt,52.51109,13.41214,4.82,102,4.812184355372417,1,1,1
112.0,2,1.0,1.0,Hotel room,52.49906,13.37152,4.75,235,4.718498871295094,1,1,0
66.0,2,1.0,1.0,Entire home/apt,52.39625,13.1508,4.6,125,4.189654742026425,1,1,0
60.0,4,1.0,1.0,Entire home/apt,52.54407,13.4381,4.79,395,4.0943445622221,1,1,0
41.0,2,0.0,1.0,Entire home/apt,52.47757,13.42493,4.98,58,3.713572066704308,1,1,0
145.0,4,2.0,1.0,Entire home/apt,52.48768,13.34954,5.0,8,4.976733742420574,1,1,0
89.0,8,2.0,1.0,Entire home/apt,52.52141,13.35052,4.63,171,4.48863636973214,1,1,0
25.0,4,1.0,1.0,Shared room,52.51054,13.44691,4.37,130,3.2188758248682006,1,1,0
25.0,3,1.0,1.0,Shared room,52.51069,13.44513,4.48,198,3.2188758248682006,1,1,0
20.0,6,1.0,0.0,Shared room,52.50882,13.44502,4.45,150,2.995732273553991,1,1,0
55.0,1,1.0,1.0,Private room,52.47062,13.44463,4.78,23,4.007333185232471,1,1,0
50.0,2,1.0,1.0,Entire home/apt,52.53032,13.43365,4.85,13,3.912023005428146,1,1,0
298.0,4,2.0,2.0,Entire home/apt,52.50239,13.4526,4.98,47,5.697093486505405,1,1,0
36.0,2,1.0,1.0,Private room,52.50504,13.44633,4.83,36,3.58351893845611,1,1,0
96.0,2,1.0,1.0,Hotel room,52.48098,13.52658,3.0,1,4.564348191467836,1,1,0
70.0,1,1.0,1.0,Hotel room,52.47976,13.52455,4.7,74,4.248495242049359,1,1,0
71.0,2,1.0,1.0,Hotel room,52.48168,13.52481,4.52,73,4.2626798770413155,1,1,0
96.0,2,1.0,1.0,Hotel room,52.47987,13.52475,5.0,2,4.564348191467836,1,1,0
95.0,2,1.0,1.0,Entire home/apt,52.42144,13.42353,4.22,32,4.553876891600541,1,1,0
77.0,2,1.0,1.0,Hotel room,52.5315,13.45604,4.69,256,4.343805421853684,1,1,0
114.0,2,1.0,1.0,Entire home/apt,52.51076,13.39217,4.88,41,4.736198448394496,1,1,0
102.0,2,1.0,1.0,Entire home/apt,52.50603,13.30029,4.0,1,4.624972813284271,1,1,0
73.0,4,1.0,1.0,Private room,52.51778,13.42569,4.5,10,4.290459441148391,1,0,0
115.0,5,2.0,1.0,Entire home/apt,52.41474,13.64709,4.93,14,4.74493212836325,1,1,0
140.0,2,1.0,1.0,Hotel room,52.50708,13.32721,4.67,3,4.941642422609304,1,1,1
107.0,1,1.0,1.0,Hotel room,52.50707,13.32886,4.93,41,4.672828834461906,1,1,1
119.0,2,1.0,1.0,Hotel room,52.50728,13.32711,4.77,31,4.77912349311153,1,1,1
66.0,2,1.0,1.0,Entire home/apt,52.5355548,13.4062607,0.0,0,4.189654742026425,1,1,0
61.0,2,1.0,1.0,Entire home/apt,52.48681,13.38577,4.57,129,4.110873864173311,1,1,0
62.0,3,1.0,1.0,Entire home/apt,52.47989,13.42504,4.81,21,4.127134385045092,1,1,0
74.0,2,1.0,1.0,Entire home/apt,52.50902,13.46272,4.91,68,4.30406509320417,1,1,0
45.0,4,1.0,1.0,Entire home/apt,52.55184,13.43678,4.76,355,3.8066624897703196,1,1,0
88.0,2,1.0,1.0,Entire home/apt,52.42119,13.42565,4.24,49,4.477336814478207,1,1,0
199.0,7,3.0,1.0,Entire home/apt,52.54244,13.41712,5.0,6,5.293304824724492,1,1,0
159.0,6,2.0,1.5,Entire home/apt,52.5187,13.43605,4.81,273,5.0689042022202315,1,1,0
214.0,7,2.0,4.0,Entire home/apt,52.47945,13.43551,4.6,5,5.365976015021851,1,1,0
201.0,8,3.0,2.0,Entire home/apt,52.49448,13.42656,4.84,223,5.303304908059076,1,1,0
110.0,2,1.0,1.0,Entire home/apt,52.57086,13.39948,4.68,211,4.700480365792417,1,0,0
140.0,2,1.0,1.5,Entire home/apt,52.53242,13.39441,5.0,12,4.941642422609304,1,1,1
50.0,2,1.0,1.0,Private room,52.58725,13.36651,4.8,20,3.912023005428146,1,0,1
195.0,4,1.0,1.5,Entire home/apt,52.53373,13.395,5.0,4,5.272999558563747,1,1,1
97.0,2,1.0,1.0,Entire home/apt,52.5348,13.42774,4.92,63,4.574710978503383,1,1,0
45.0,4,1.0,1.0,Private room,52.552719,13.437499,4.65,270,3.8066624897703196,1,1,0
60.0,2,1.0,1.5,Private room,52.4912,13.2878,4.81,127,4.0943445622221,1,0,0
58.0,2,1.0,1.0,Entire home/apt,52.47898,13.42259,4.63,38,4.060443010546419,1,1,0
205.0,2,1.0,1.0,Entire home/apt,52.47390144248696,13.44072338193655,5.0,10,5.3230099791384085,1,1,0
31.0,1,1.0,1.0,Private room,52.41191,13.3942,4.76,452,3.4339872044851463,1,0,0
122.0,8,1.0,1.0,Entire home/apt,52.5323,13.42537,4.85,137,4.804021044733257,1,1,0
86.0,2,0.0,1.0,Entire home/apt,52.5356,13.40854,4.85,189,4.454347296253507,1,0,0
134.0,8,2.0,2.5,Entire home/apt,52.50163,13.49022,4.92,114,4.897839799950911,1,1,1
180.0,6,2.0,1.0,Entire home/apt,52.48168,13.44611,4.95,41,5.19295685089021,1,1,0
226.0,12,2.0,2.0,Entire home/apt,52.49677,13.44406,4.71,31,5.420534999272286,1,1,0
89.0,2,1.0,1.0,Entire home/apt,52.55537,13.42775,4.96,45,4.48863636973214,1,1,0
71.0,2,1.0,1.0,Entire home/apt,52.51785,13.3015,4.5,481,4.2626798770413155,1,1,0
72.0,2,1.0,1.0,Entire home/apt,52.51795,13.30124,4.63,419,4.276666119016055,1,1,0
321.0,14,2.0,2.0,Entire home/apt,52.4964,13.44573,4.91,46,5.771441123130016,1,1,0
39.0,2,1.0,1.0,Private room,52.54499,13.4212,4.83,81,3.6635616461296463,1,0,0
151.0,6,2.0,1.0,Entire home/apt,52.51694,13.41869,4.62,92,5.017279836814924,1,1,0
151.0,6,2.0,1.0,Entire home/apt,52.517,13.41995,4.69,84,5.017279836814924,1,1,0
237.0,8,3.0,2.0,Entire home/apt,52.49209,13.56488,4.95,55,5.4680601411351315,1,1,0
50.0,2,1.0,1.5,Private room,52.61695,13.31845,4.95,64,3.912023005428146,1,1,0
151.0,6,2.0,1.0,Entire home/apt,52.51541,13.42041,4.71,24,5.017279836814924,1,1,0
59.0,1,1.0,1.0,Private room,52.44437,13.2984,5.0,42,4.07753744390572,1,0,0
85.0,4,2.0,1.0,Entire home/apt,52.54329681396485,13.41926097869873,5.0,2,4.442651256490317,1,1,0
35.0,1,1.0,1.0,Private room,52.49243,13.32324,5.0,1,3.5553480614894135,1,1,0
495.0,16,3.0,4.0,Entire home/apt,52.49727,13.44359,4.74,43,6.20455776256869,1,1,0
225.0,8,4.0,2.5,Entire home/apt,52.53252,13.32607,4.93,154,5.41610040220442,1,1,0
300.0,8,5.0,2.5,Entire home/apt,52.49498,13.4836,4.95,20,5.703782474656201,1,1,0
74.0,1,1.0,0.0,Entire home/apt,52.53431,13.39984,4.42,19,4.30406509320417,1,1,0
53.0,2,1.0,0.0,Private room,52.48474,13.43345,4.74,183,3.970291913552122,1,1,0
185.0,8,2.0,1.0,Entire home/apt,52.51166,13.45113,4.84,37,5.220355825078324,1,1,0
69.0,2,1.0,1.0,Entire home/apt,52.49819,13.32269,4.79,33,4.23410650459726,1,1,0
41.0,5,1.0,1.0,Entire home/apt,52.48905,13.37843,4.91,137,3.713572066704308,1,1,0
94.0,2,1.0,1.0,Entire home/apt,52.46947,13.42776,4.89,305,4.543294782270004,1,1,0
77.0,5,2.0,1.0,Entire home/apt,52.50904,13.46521,4.7,345,4.343805421853684,1,0,0
255.0,4,2.0,1.0,Entire home/apt,52.45327,13.51924,5.0,44,5.541263545158426,0,1,0
94.0,2,1.0,1.0,Private room,52.40237,13.58475,4.62,21,4.543294782270004,1,0,0
95.0,3,1.0,1.0,Entire home/apt,52.52388671742564,13.452607597051866,4.89,228,4.553876891600541,1,0,0
75.0,2,1.0,1.0,Private room,52.42598,13.25587,4.82,67,4.31748811353631,1,0,0
20.0,2,1.0,2.0,Private room,52.54752,13.40944,4.69,84,2.995732273553991,1,1,0
93.0,2,1.0,1.0,Hotel room,52.54593,13.20978,4.59,103,4.532599493153256,1,0,0
153.0,4,1.0,1.0,Entire home/apt,52.4865023,13.2954714,4.92,12,5.030437921392435,1,1,0
86.0,2,1.0,1.0,Private room,52.49523,13.29752,4.59,37,4.454347296253507,1,1,0
40.0,3,2.0,1.5,Private room,52.52419,13.42285,4.97,313,3.6888794541139363,1,1,0
94.0,5,2.0,1.0,Entire home/apt,52.55035,13.42178,4.88,274,4.543294782270004,1,1,0
219.0,14,3.0,2.0,Entire home/apt,52.44817,13.38651,4.35,31,5.389071729816501,1,1,0
135.0,2,0.0,1.0,Entire home/apt,52.50996,13.4605,4.94,51,4.90527477843843,1,1,0
70.0,3,1.0,1.0,Entire home/apt,52.52477,13.45048,4.82,88,4.248495242049359,1,1,0
69.0,2,1.0,1.0,Entire home/apt,52.57135,13.28144,4.92,48,4.23410650459726,1,1,0
56.0,4,1.0,1.0,Entire home/apt,52.49989,13.38656,4.59,301,4.02535169073515,1,1,0
49.0,1,1.0,1.0,Private room,52.53429,13.42425,4.97,149,3.8918202981106265,1,1,0
202.0,12,3.0,2.0,Entire home/apt,52.44911,13.3864,4.05,22,5.308267697401205,1,1,0
73.0,2,1.0,1.0,Private room,52.53158,13.36112,4.96,142,4.290459441148391,1,1,0
69.0,2,1.0,1.0,Entire home/apt,52.4851,13.44518,5.0,1,4.23410650459726,1,1,0
13.0,10,1.0,0.0,Shared room,52.50907,13.44713,4.54,228,2.5649493574615367,1,0,0
120.0,2,1.0,1.5,Entire home/apt,52.48269,13.38236,5.0,4,4.787491742782046,1,1,0
175.0,6,2.0,1.0,Entire home/apt,52.46817,13.32625,5.0,15,5.1647859739235145,1,1,0
52.0,2,1.0,1.0,Entire home/apt,52.40285,13.40208,4.71,89,3.9512437185814275,1,1,0
74.0,2,1.0,1.0,Private room,52.53887,13.4076,4.78,85,4.30406509320417,1,1,0
100.0,4,2.0,1.0,Entire home/apt,52.4855,13.44228,4.9,10,4.605170185988092,1,1,0
276.0,5,2.0,1.0,Entire home/apt,52.54068,13.40625,4.97,117,5.62040086571715,1,1,0
93.0,3,2.0,1.0,Entire home/apt,52.55606,13.4674,4.71,41,4.532599493153256,1,1,0
206.0,3,2.0,1.5,Entire home/apt,52.50396,13.41832,4.79,34,5.327876168789581,1,1,1
40.0,2,1.0,1.0,Private room,52.47335,13.4535,4.93,192,3.6888794541139363,1,1,0
181.0,1,1.0,1.0,Entire home/apt,52.54795,13.40721,5.0,12,5.198497031265826,1,1,0
133.0,4,2.0,1.0,Hotel room,52.51756,13.46978,4.77,121,4.890349128221754,1,1,0
377.0,16,6.0,4.0,Entire home/apt,52.49626,13.42624,4.75,20,5.932245187448011,1,1,0
91.0,2,1.0,1.0,Entire home/apt,52.50925,13.46682,4.73,297,4.51085950651685,1,1,0
112.0,2,1.0,1.0,Entire home/apt,52.50925,13.46682,4.75,28,4.718498871295094,1,1,0
47.0,2,1.0,1.0,Private room,52.56091,13.37287,4.74,27,3.8501476017100584,1,1,0
82.0,2,1.0,1.0,Entire home/apt,52.53508,13.35074,4.85,297,4.406719247264253,1,1,0
172.0,4,2.0,1.0,Entire home/apt,52.5282,13.3979,4.89,133,5.147494476813453,1,1,0
38.0,2,1.0,1.0,Private room,52.60169,13.33985,4.82,140,3.6375861597263857,1,0,0
107.0,2,1.0,1.0,Entire home/apt,52.53659,13.39798,4.92,179,4.672828834461906,1,1,0
97.0,1,1.0,1.0,Entire home/apt,52.51611,13.33723,0.0,0,4.574710978503383,1,1,0
157.0,9,4.0,2.0,Entire home/apt,52.58181,13.37847,4.89,133,5.056245805348308,1,1,0
66.0,2,1.0,1.0,Private room,52.5165,13.27813,4.96,23,4.189654742026425,1,1,0
78.0,4,1.0,1.0,Entire home/apt,52.54882,13.40788,4.72,53,4.356708826689592,1,1,0
87.0,2,1.0,1.0,Entire home/apt,52.5206,13.44394,4.99,74,4.465908118654584,1,1,0
160.0,2,1.0,1.0,Entire home/apt,52.515549,13.452571,4.84,43,5.075173815233827,1,1,0
155.0,5,3.0,2.0,Entire home/apt,52.4472,13.26186,5.0,1,5.043425116919247,1,1,0
158.0,9,2.0,1.0,Entire home/apt,52.44799,13.38431,4.38,21,5.062595033026967,1,1,0
137.0,9,2.0,1.0,Entire home/apt,52.44795,13.38458,4.16,31,4.919980925828125,1,1,0
202.0,13,3.0,2.0,Entire home/apt,52.44955,13.38458,4.59,22,5.308267697401205,1,1,0
170.0,7,2.0,1.0,Entire home/apt,52.44783,13.3142,4.29,7,5.135798437050262,1,1,0
125.0,7,2.0,1.0,Entire home/apt,52.4456,13.31452,4.63,24,4.8283137373023015,1,1,0
124.0,6,1.0,1.0,Entire home/apt,52.53265,13.35075,4.6,100,4.820281565605037,1,1,0
131.0,6,2.0,1.0,Entire home/apt,52.45667,13.59452,4.82,50,4.875197323201151,1,1,0
95.0,2,0.0,1.0,Entire home/apt,52.49513,13.41204,5.0,10,4.553876891600541,1,1,0
117.0,7,2.0,1.0,Entire home/apt,52.4692,13.38746,4.33,55,4.762173934797756,1,1,0
103.0,5,1.0,1.0,Entire home/apt,52.468,13.38578,3.77,13,4.634728988229636,1,1,0
267.0,13,4.0,2.0,Entire home/apt,52.46792,13.38544,4.32,28,5.58724865840025,1,1,0
131.0,2,1.0,1.0,Entire home/apt,52.50925,13.46682,4.86,57,4.875197323201151,1,1,0
111.0,2,1.0,1.0,Entire home/apt,52.50925,13.46682,4.74,1079,4.709530201312334,1,1,0
67.0,2,2.0,1.0,Entire home/apt,52.50193,13.30787,4.61,28,4.204692619390966,1,1,0
121.0,3,1.0,1.0,Private room,52.47350846956376,13.313997534205097,3.0,2,4.795790545596741,1,0,0
115.0,2,1.0,1.0,Private room,52.47155,13.31453,4.23,13,4.74493212836325,1,0,0
942.0,5,1.0,1.0,Entire home/apt,52.46691,13.37648,3.6,5,6.848005274576363,1,1,0
1128.0,8,2.0,1.0,Entire home/apt,52.468,13.37895,3.71,7,7.028201432058005,1,1,0
173.0,8,2.0,2.0,Entire home/apt,52.45841,13.32086,5.0,5,5.153291594497779,1,1,0
218.0,11,4.0,2.0,Entire home/apt,52.46939,13.38588,4.19,21,5.384495062789089,1,1,0
165.0,8,2.0,1.0,Entire home/apt,52.46931,13.38579,4.06,17,5.10594547390058,1,1,0
342.0,16,6.0,3.0,Entire home/apt,52.4685,13.38534,4.71,42,5.834810737062605,1,1,0
87.0,2,0.0,1.0,Entire home/apt,52.49441,13.4169,4.99,83,4.465908118654584,1,1,0
75.0,1,1.0,1.0,Hotel room,52.49842,13.32624,4.58,24,4.31748811353631,1,0,0
41.0,2,1.0,1.0,Entire home/apt,52.52429,13.45161,5.0,6,3.713572066704308,1,1,0
50.0,1,1.0,1.0,Private room,52.55004,13.41454,4.92,48,3.912023005428146,1,1,0
87.0,4,1.0,1.0,Entire home/apt,52.49613,13.42537,4.83,407,4.465908118654584,1,1,0
150.0,2,1.0,1.0,Entire home/apt,52.51647,13.46803,4.9,41,5.0106352940962555,1,1,0
111.0,4,1.0,1.0,Entire home/apt,52.48936,13.43106,4.95,42,4.709530201312334,1,1,0
63.0,2,1.0,1.0,Private room,52.60992,13.29807,4.89,155,4.143134726391533,1,0,0
55.0,1,1.0,1.0,Private room,52.48660840194992,13.35901059917502,0.0,0,4.007333185232471,1,1,0
51.0,1,1.0,1.5,Private room,52.50487,13.39933,5.0,13,3.9318256327243257,1,1,0
80.0,3,3.0,1.0,Entire home/apt,52.52616,13.39257,0.0,0,4.382026634673881,1,1,0
89.0,2,1.0,1.0,Private room,52.49947,13.3258,4.56,32,4.48863636973214,1,0,0
153.0,4,2.0,1.0,Entire home/apt,52.51791,13.44797,4.91,74,5.030437921392435,1,1,0
90.0,2,1.0,1.5,Entire home/apt,52.53534,13.40658,4.8,5,4.499809670330265,1,1,0
79.0,2,1.0,1.0,Entire home/apt,52.49413,13.47049,4.75,4,4.3694478524670215,1,1,0
119.0,2,1.0,1.0,Entire home/apt,52.50292,13.32393,4.25,8,4.77912349311153,1,1,0
95.0,2,1.0,1.0,Private room,52.39320292412854,13.631778270004013,5.0,33,4.553876891600541,1,1,0
110.0,2,1.0,1.0,Private room,52.4985,13.47112,4.96,68,4.700480365792417,1,1,0
48.0,2,1.0,1.0,Entire home/apt,52.50413,13.39532,4.2,10,3.871201010907891,1,1,0
201.0,6,2.0,1.0,Entire home/apt,52.50999,13.41652,4.88,244,5.303304908059076,1,1,0
65.0,2,1.0,1.0,Private room,52.48318,13.35958,5.0,15,4.174387269895637,1,1,0
94.0,4,1.0,1.0,Entire home/apt,52.53296,13.35117,4.93,29,4.543294782270004,1,1,0
137.0,4,1.0,1.0,Entire home/apt,52.50298,13.39392,4.91,120,4.919980925828125,1,1,0
302.0,6,2.0,1.0,Entire home/apt,52.50266425499937,13.393887596345785,4.78,65,5.71042701737487,1,1,0
310.0,3,1.0,1.5,Entire home/apt,52.51224,13.41603,5.0,1,5.736572297479192,1,1,0
196.0,4,1.0,1.0,Entire home/apt,52.50401941180853,13.391637799310288,4.95,60,5.278114659230517,1,1,0
43.0,1,1.0,1.0,Private room,52.46627145083986,13.345678623049242,0.0,0,3.7612001156935624,1,1,0
113.0,3,1.0,1.0,Entire home/apt,52.50375,13.31699,4.64,11,4.727387818712341,1,1,0
284.0,5,2.0,1.0,Entire home/apt,52.49466728033055,13.404792336991186,0.0,0,5.648974238161206,1,1,0
81.0,2,1.0,1.0,Entire home/apt,52.37316,13.65063,5.0,7,4.394449154672439,1,1,0
175.0,2,1.0,1.0,Entire home/apt,52.5303798,13.4021531,5.0,15,5.1647859739235145,1,1,0
120.0,2,1.0,2.0,Entire home/apt,52.53368,13.42941,0.0,0,4.787491742782046,1,1,0
60.0,2,1.0,1.0,Entire home/apt,52.62891,13.27641,5.0,5,4.0943445622221,1,1,0
47.0,3,0.0,1.0,Entire home/apt,52.54889,13.45063,4.75,167,3.8501476017100584,1,1,0
197.0,6,2.0,1.5,Entire home/apt,52.5149,13.44745,4.64,293,5.2832037287379885,1,1,0
112.0,4,2.0,2.0,Entire home/apt,52.48263,13.42821,5.0,9,4.718498871295094,1,1,0
124.0,2,1.0,1.0,Entire home/apt,52.48395,13.42676,5.0,19,4.820281565605037,1,1,0
120.0,4,1.0,1.0,Entire home/apt,52.48169366562362,13.443253510841233,5.0,2,4.787491742782046,1,1,0
90.0,5,1.0,2.0,Private room,52.48938,13.36176,4.81,43,4.499809670330265,1,1,0
77.0,4,1.0,1.0,Entire home/apt,52.51463,13.47035,0.0,0,4.343805421853684,1,1,0
257.0,4,2.0,1.0,Entire home/apt,52.498642,13.205566,5.0,15,5.54907608489522,1,1,1
95.0,2,1.0,1.0,Entire home/apt,52.5301,13.43031,0.0,0,4.553876891600541,1,1,0
220.0,3,1.0,1.0,Entire home/apt,52.54038,13.40517,5.0,28,5.393627546352362,1,1,0
42.0,2,1.0,1.0,Private room,52.55522776686147,13.389766346176645,4.75,8,3.7376696182833684,1,1,0
330.0,4,1.0,1.0,Hotel room,52.53774,13.41029,5.0,3,5.799092654460526,1,1,0
181.0,2,1.0,1.0,Private room,52.53879,13.41114,4.56,9,5.198497031265826,1,1,0
79.0,2,1.0,1.0,Entire home/apt,52.54401,13.42173,4.86,21,4.3694478524670215,1,1,0
128.0,4,2.0,1.0,Entire home/apt,52.480567932128906,13.435243606567385,4.21,48,4.852030263919617,1,1,0
210.0,3,1.0,1.0,Entire home/apt,52.53858289131716,13.407041788972831,4.98,83,5.3471075307174685,1,1,0
54.0,2,1.0,1.0,Private room,52.54735,13.37594,0.0,0,3.9889840465642745,1,1,0
40.0,1,1.0,1.0,Private room,52.54917,13.37398,4.0,4,3.6888794541139363,1,1,0
80.0,1,1.0,1.0,Private room,52.5242652360627,13.40087814038663,4.94,84,4.382026634673881,1,1,0
86.0,1,1.0,1.0,Private room,52.48889439979899,13.347857132467956,5.0,1,4.454347296253507,1,1,0
90.0,4,1.0,1.0,Entire home/apt,52.47583,13.44729,4.88,83,4.499809670330265,1,1,0
157.0,3,1.0,1.0,Entire home/apt,52.52873,13.39092,4.95,43,5.056245805348308,1,1,0
188.0,8,2.0,1.0,Entire home/apt,52.5287,13.39599,4.63,126,5.236441962829949,1,1,0
33.0,6,2.0,1.0,Private room,52.4953,13.55346,4.73,205,3.4965075614664802,1,1,0
138.0,5,2.0,1.0,Private room,52.42658,13.48907,4.7,63,4.927253685157205,1,0,0
99.0,2,1.0,1.0,Entire home/apt,52.53785,13.40968,4.9,21,4.59511985013459,1,1,0
153.0,4,2.0,1.5,Entire home/apt,52.50876,13.31767,0.0,0,5.030437921392435,1,1,0
120.0,2,1.0,1.0,Entire home/apt,52.54927,13.41339,4.86,77,4.787491742782046,1,1,0
51.0,3,1.0,1.0,Entire home/apt,52.50023,13.2931,0.0,0,3.9318256327243257,1,1,0
143.0,4,1.0,1.0,Entire home/apt,52.50254918650776,13.393366963348386,4.78,100,4.962844630259907,1,1,0
85.0,6,2.0,1.0,Entire home/apt,52.52385,13.44513,4.85,136,4.442651256490317,1,1,0
45.0,3,1.0,1.0,Entire home/apt,52.52386566283036,13.43380367606558,0.0,0,3.8066624897703196,1,1,0
120.0,2,1.0,1.0,Entire home/apt,52.52787,13.40945,5.0,3,4.787491742782046,1,1,0
64.0,2,2.0,1.5,Private room,52.56556,13.39138,4.91,259,4.1588830833596715,1,1,0
76.0,2,1.0,1.0,Entire home/apt,52.48649,13.43347,5.0,2,4.330733340286331,1,1,0
204.0,2,2.0,1.0,Entire home/apt,52.51958190493519,13.449488606785168,5.0,7,5.318119993844216,1,1,0
96.0,2,0.0,1.0,Entire home/apt,52.54625,13.41335,4.89,18,4.564348191467836,1,1,0
87.0,3,1.0,1.0,Entire home/apt,52.52613,13.41216,0.0,0,4.465908118654584,1,1,0
34.0,1,1.0,1.0,Private room,52.60295,13.34095,4.84,154,3.5263605246161616,1,0,0
89.0,4,1.0,1.0,Entire home/apt,52.49664,13.42678,4.83,367,4.48863636973214,1,1,0
48.0,2,1.0,1.0,Entire home/apt,52.49029,13.41431,5.0,15,3.871201010907891,1,1,0
57.0,1,0.0,1.5,Private room,52.6189,13.23735,4.81,16,4.04305126783455,1,1,0
66.0,2,1.0,1.0,Private room,52.48415,13.42786,4.87,129,4.189654742026425,1,1,0
81.0,2,0.0,1.0,Entire home/apt,52.49514,13.468947,4.95,95,4.394449154672439,1,1,0
57.0,4,2.0,1.0,Entire home/apt,52.52333,13.23903,4.0,2,4.04305126783455,0,1,0
107.0,4,2.0,1.0,Entire home/apt,52.51706,13.41974,4.65,130,4.672828834461906,1,1,0
104.0,2,1.0,1.0,Hotel room,52.53729,13.4018,4.47,17,4.6443908991413725,1,0,0
104.0,2,1.0,1.0,Hotel room,52.53573,13.39987,4.93,15,4.6443908991413725,1,0,0
104.0,2,1.0,1.0,Hotel room,52.53626,13.39973,4.79,57,4.6443908991413725,1,0,0
67.0,2,0.0,1.5,Entire home/apt,52.49608,13.48271,4.9,335,4.204692619390966,1,1,0
123.0,2,0.0,1.0,Entire home/apt,52.50229189360275,13.393050639140773,4.89,85,4.812184355372417,1,1,0
149.0,3,1.0,1.0,Entire home/apt,52.51147,13.45948,4.85,53,5.003946305945459,1,1,0
226.0,4,2.0,1.5,Entire home/apt,52.51253,13.41286,4.62,559,5.420534999272286,1,1,0
141.0,2,1.0,1.0,Entire home/apt,52.51253,13.41286,4.53,2859,4.948759890378168,1,1,0
233.0,6,3.0,1.5,Entire home/apt,52.49165,13.33541,5.0,2,5.4510384535657,1,1,0
235.0,6,2.0,1.0,Entire home/apt,52.55504,13.2225,4.86,7,5.459585514144159,0,1,0
97.0,2,0.0,1.0,Entire home/apt,52.503129355830936,13.39161769594137,4.9,80,4.574710978503383,1,1,0
64.0,2,0.0,1.0,Entire home/apt,52.49648,13.30909,4.82,186,4.1588830833596715,1,1,0
108.0,3,2.0,1.0,Entire home/apt,52.5324,13.43546,4.8,5,4.68213122712422,1,1,0
108.0,3,1.0,1.0,Entire home/apt,52.4825686278707,13.444156594127591,4.91,23,4.68213122712422,1,1,0
48.0,1,1.0,1.0,Entire home/apt,52.4942,13.43877,5.0,7,3.871201010907891,1,1,0
114.0,3,1.0,1.0,Entire home/apt,52.48057,13.42574,4.14,14,4.736198448394496,1,1,1
96.0,5,1.0,1.0,Entire home/apt,52.46496,13.34261,4.71,79,4.564348191467836,1,1,0
192.0,2,1.0,1.0,Entire home/apt,52.54049744563218,13.405531767552493,4.76,21,5.2574953720277815,1,1,0
112.0,3,0.0,1.0,Entire home/apt,52.52816664479316,13.379172865222372,4.87,47,4.718498871295094,1,1,0
47.0,3,1.0,1.0,Private room,52.54826,13.15052,4.73,44,3.8501476017100584,1,1,0
144.0,5,1.0,1.0,Entire home/apt,52.49432,13.40469,4.82,118,4.969813299576001,1,1,0
80.0,3,2.0,1.0,Entire home/apt,52.43137,13.69566,5.0,104,4.382026634673881,1,1,0
46.0,2,1.0,1.0,Private room,52.54799,13.15011,4.87,77,3.828641396489095,1,1,0
196.0,2,1.0,1.0,Entire home/apt,52.49836,13.43441,4.77,26,5.278114659230517,1,1,0
39.0,3,1.0,1.0,Private room,52.47139,13.34488,4.92,59,3.6635616461296463,1,1,0
170.0,5,3.0,1.0,Entire home/apt,52.4717,13.5842,4.55,29,5.135798437050262,1,1,0
94.0,5,2.0,2.0,Entire home/apt,52.49861,13.3258,5.0,7,4.543294782270004,1,1,0
106.0,2,0.0,1.0,Entire home/apt,52.51358,13.46599,4.86,56,4.663439094112067,1,1,0
95.0,2,2.0,1.0,Private room,52.52742,13.33777,5.0,3,4.553876891600541,1,1,0
810.0,2,1.0,1.0,Hotel room,52.51024,13.26808,0.0,0,6.697034247666484,1,1,1
132.0,5,1.0,1.0,Private room,52.50398,13.33347,4.26,300,4.882801922586371,1,0,0
270.0,6,3.0,1.0,Hotel room,52.53772,13.40117,4.78,36,5.598421958998375,1,1,0
60.0,3,1.0,1.0,Entire home/apt,52.47084,13.42709,5.0,1,4.0943445622221,1,1,0
119.0,3,1.0,1.0,Entire home/apt,52.51043,13.3441,0.0,0,4.77912349311153,1,1,0
140.0,4,2.0,1.0,Entire home/apt,52.45045,13.33131,4.87,76,4.941642422609304,1,1,0
79.0,2,1.0,1.0,Entire home/apt,52.48663,13.32845,3.0,2,4.3694478524670215,1,1,0
97.0,2,0.0,1.0,Entire home/apt,52.50420535130687,13.391816223341843,4.68,72,4.574710978503383,1,1,0
28.0,2,1.0,0.5,Private room,52.47133086129568,13.309682679867707,4.92,12,3.332204510175204,1,0,0
124.0,4,2.0,1.5,Entire home/apt,52.43725,13.30091,4.85,237,4.820281565605037,1,1,0
245.0,7,3.0,1.5,Entire home/apt,52.53531,13.42036,4.87,148,5.501258210544727,1,1,0
99.0,1,1.0,1.0,Entire home/apt,52.5235,13.40508,5.0,4,4.59511985013459,1,1,0
144.0,6,2.0,1.0,Entire home/apt,52.52963,13.43198,4.75,244,4.969813299576001,1,1,0
149.0,9,4.0,1.5,Entire home/apt,52.57947,13.34372,4.92,72,5.003946305945459,1,0,0
26.0,3,1.0,1.0,Private room,52.46493,13.3328,4.77,26,3.258096538021482,1,1,0
68.0,2,1.0,1.0,Entire home/apt,52.49656,13.44391,4.68,69,4.219507705176107,1,1,0
230.0,3,1.0,1.5,Entire home/apt,52.48616,13.38344,5.0,2,5.438079308923196,1,1,0
84.0,2,1.0,1.0,Entire home/apt,52.5598,13.4755,4.79,173,4.430816798843313,1,1,0
695.0,10,2.0,1.0,Entire home/apt,52.51269,13.46648,4.29,31,6.543911845564792,1,1,1
66.0,2,1.0,1.0,Entire home/apt,52.54169,13.37114,0.0,0,4.189654742026425,1,1,0
89.0,2,0.0,1.0,Entire home/apt,52.48914,13.33451,4.94,62,4.48863636973214,1,1,0
87.0,2,1.0,1.0,Hotel room,52.50868,13.19063,4.67,6,4.465908118654584,1,1,0
200.0,4,2.0,1.0,Entire home/apt,52.45303,13.62875,4.84,44,5.298317366548036,1,1,0
140.0,4,2.0,1.0,Entire home/apt,52.52232,13.40029,4.58,247,4.941642422609304,1,1,0
90.0,1,1.0,1.0,Entire home/apt,52.46389,13.47842,5.0,4,4.499809670330265,1,1,0
55.0,2,0.0,1.0,Entire home/apt,52.49742,13.34733,4.2,5,4.007333185232471,1,1,0
72.0,2,1.0,1.0,Entire home/apt,52.37684,13.65405,4.73,67,4.276666119016055,1,1,0
43.0,4,0.0,1.5,Private room,52.59329,13.40055,4.93,272,3.7612001156935624,1,0,0
69.0,2,1.0,1.5,Private room,52.47922,13.41882,4.94,35,4.23410650459726,1,1,0
225.0,8,4.0,2.0,Entire home/apt,52.49297,13.45804,4.92,12,5.41610040220442,1,1,0
55.0,3,1.0,2.0,Private room,52.51208,13.47428,4.6,5,4.007333185232471,1,0,0
33.0,4,1.0,1.0,Private room,52.50174,13.48982,4.77,226,3.4965075614664802,1,0,0
28.0,2,1.0,1.0,Private room,52.50231,13.49192,4.74,232,3.332204510175204,1,0,0
36.0,2,1.0,0.5,Private room,52.46339,13.57038,4.75,4,3.58351893845611,1,1,0
59.0,2,1.0,1.0,Private room,52.5523,13.43654,4.77,226,4.07753744390572,1,1,0
207.0,4,1.0,1.0,Hotel room,52.53845,13.40962,4.85,20,5.332718793265369,1,0,0
65.0,3,2.0,1.0,Entire home/apt,52.49581,13.34928,5.0,1,4.174387269895637,1,1,0
66.0,2,0.0,1.0,Entire home/apt,52.49669,13.34917,5.0,2,4.189654742026425,1,1,0
65.0,3,2.0,1.0,Entire home/apt,52.49581,13.34921,4.5,2,4.174387269895637,1,1,0
55.0,2,0.0,1.0,Entire home/apt,52.49516,13.34755,4.67,3,4.007333185232471,1,1,0
45.0,1,1.0,1.0,Private room,52.43455,13.47199,5.0,27,3.8066624897703196,1,1,0
234.0,4,2.0,1.0,Entire home/apt,52.49469,13.40408,4.97,39,5.455321115357702,1,1,0
38.0,1,1.0,1.0,Private room,52.4922,13.44435,5.0,1,3.6375861597263857,1,1,0
115.0,6,1.0,1.0,Entire home/apt,52.50959,13.45667,4.61,224,4.74493212836325,1,1,0
54.0,1,1.0,1.0,Private room,52.552719,13.437499,4.78,91,3.9889840465642745,1,1,0
129.0,5,2.0,2.0,Entire home/apt,52.5826,13.39597,4.99,83,4.859812404361672,1,1,0
96.0,3,0.0,1.0,Private room,52.53628,13.40745,5.0,1,4.564348191467836,1,1,0
80.0,2,1.0,1.0,Hotel room,52.5596,13.38387,3.17,6,4.382026634673881,1,0,0
86.0,2,1.0,1.0,Hotel room,52.55817,13.38217,3.82,11,4.454347296253507,1,0,0
250.0,4,2.0,2.0,Entire home/apt,52.48015,13.428,4.98,42,5.521460917862246,1,1,0
72.0,2,1.0,1.0,Entire home/apt,52.38762,13.41705,4.94,72,4.276666119016055,1,1,0
290.0,8,3.0,2.0,Entire home/apt,52.5193,13.52603,4.64,39,5.66988092298052,1,1,0
55.0,2,0.0,1.0,Entire home/apt,52.49563,13.34857,4.67,3,4.007333185232471,1,1,0
55.0,2,0.0,1.0,Entire home/apt,52.49547,13.3475,5.0,2,4.007333185232471,1,1,0
79.0,3,2.0,1.0,Entire home/apt,52.49723,13.34895,0.0,0,4.3694478524670215,1,1,0
65.0,3,2.0,1.0,Entire home/apt,52.49537,13.34934,0.0,0,4.174387269895637,1,1,0
62.0,2,0.0,1.0,Entire home/apt,52.52577,13.40357,4.83,6,4.127134385045092,1,1,0
54.0,2,0.0,1.0,Entire home/apt,52.49441,13.43734,5.0,13,3.9889840465642745,1,1,0
65.0,2,1.0,1.0,Entire home/apt,52.54371,13.35852,5.0,1,4.174387269895637,1,1,0
79.0,3,1.0,1.0,Entire home/apt,52.55209732055664,13.413092613220217,4.82,258,4.3694478524670215,1,1,1
59.0,2,0.0,1.0,Entire home/apt,52.39011,13.63241,4.78,64,4.07753744390572,1,0,0
400.0,8,3.0,2.0,Entire home/apt,52.52294540908369,13.40342923277249,4.78,32,5.991464547107982,1,1,1
130.0,5,3.0,2.0,Entire home/apt,52.56195,13.41426,5.0,9,4.867534450455582,1,1,0
119.0,2,1.0,1.0,Entire home/apt,52.58562088012695,13.369759559631348,5.0,1,4.77912349311153,1,1,0
69.0,1,1.0,1.0,Hotel room,52.52368,13.39092,4.36,14,4.23410650459726,1,0,0
204.0,6,1.0,1.0,Hotel room,52.52368,13.39092,4.58,65,5.318119993844216,1,0,0
20.0,1,1.0,1.0,Hotel room,52.52368,13.39092,4.57,940,2.995732273553991,1,0,0
100.0,2,1.0,1.0,Entire home/apt,52.5702,13.31292,4.91,78,4.605170185988092,1,1,0
65.0,3,2.0,1.0,Entire home/apt,52.49681,13.34842,4.33,6,4.174387269895637,1,1,0
65.0,3,2.0,1.0,Entire home/apt,52.49574,13.34972,0.0,0,4.174387269895637,1,1,0
65.0,3,2.0,1.0,Entire home/apt,52.49535,13.34743,0.0,0,4.174387269895637,1,1,0
65.0,3,2.0,1.0,Entire home/apt,52.49716,13.34777,5.0,2,4.174387269895637,1,1,0
55.0,2,0.0,1.0,Entire home/apt,52.49574,13.34792,4.67,3,4.007333185232471,1,1,0
55.0,2,0.0,1.0,Entire home/apt,52.4958,13.34961,4.33,3,4.007333185232471,1,1,0
55.0,2,0.0,1.0,Entire home/apt,52.49553,13.34747,0.0,0,4.007333185232471,1,1,0
55.0,2,0.0,1.0,Entire home/apt,52.49699,13.34797,5.0,1,4.007333185232471,1,1,0
55.0,2,0.0,1.0,Entire home/apt,52.49555,13.34812,2.0,1,4.007333185232471,1,1,0
149.0,2,1.0,1.0,Entire home/apt,52.5366781,13.4036357,4.97,39,5.003946305945459,1,1,0
108.0,2,1.0,1.0,Entire home/apt,52.52282,13.30144,5.0,2,4.68213122712422,1,1,0
70.0,3,1.0,1.0,Entire home/apt,52.5178,13.30377,0.0,0,4.248495242049359,1,1,0
282.0,5,2.0,1.0,Entire home/apt,52.53527,13.42028,4.8,129,5.641907070938114,1,1,0
59.0,2,1.0,1.0,Private room,52.49996,13.41732,0.0,0,4.07753744390572,1,1,0
284.0,8,4.0,2.0,Entire home/apt,52.53508,13.35088,4.94,162,5.648974238161206,1,1,0
90.0,2,1.0,1.0,Private room,52.54516,13.34808,4.94,52,4.499809670330265,1,1,0
331.0,10,5.0,2.5,Entire home/apt,52.4474,13.48196,4.69,156,5.802118375377063,1,1,0
71.0,2,1.0,1.0,Private room,52.48171,13.43455,4.96,49,4.2626798770413155,1,1,0
78.0,2,1.0,1.0,Entire home/apt,52.53492,13.42585,5.0,4,4.356708826689592,1,1,0
171.0,2,0.0,1.0,Entire home/apt,52.48766,13.38616,0.0,0,5.14166355650266,1,1,0
99.0,2,1.0,1.0,Hotel room,52.53217,13.42798,4.73,285,4.59511985013459,1,0,0
113.0,3,1.0,1.0,Hotel room,52.53217,13.42798,4.74,346,4.727387818712341,1,0,0
33.0,2,0.0,1.0,Entire home/apt,52.55365,13.36527,5.0,1,3.4965075614664802,1,1,0
67.0,2,1.0,1.0,Entire home/apt,52.55954,13.50625,4.87,117,4.204692619390966,1,0,0
80.0,4,1.0,1.0,Entire home/apt,52.40876,13.48963,4.83,78,4.382026634673881,1,1,0
131.0,4,2.0,1.5,Entire home/apt,52.53002,13.38497,5.0,4,4.875197323201151,1,1,0
67.0,1,1.0,1.0,Private room,52.45575,13.33071,4.76,37,4.204692619390966,1,1,0
71.0,2,1.0,2.0,Private room,52.51376,13.45425,4.19,21,4.2626798770413155,1,0,0
71.0,2,1.0,2.0,Private room,52.51376,13.45425,4.14,7,4.2626798770413155,1,0,0
86.0,2,0.0,1.0,Private room,52.52669,13.41062,4.43,63,4.454347296253507,1,1,0
86.0,2,1.0,1.0,Private room,52.52669,13.41062,4.25,109,4.454347296253507,1,1,0
170.0,5,2.0,2.5,Entire home/apt,52.50452,13.43703,4.8,161,5.135798437050262,1,1,0
56.0,2,1.0,1.0,Private room,52.5269,13.47922,4.92,146,4.02535169073515,1,1,1
61.0,4,2.0,1.0,Entire home/apt,52.468713288830045,13.439305333323173,4.72,295,4.110873864173311,1,1,0
97.0,2,1.0,1.0,Private room,52.52589,13.3903,4.32,273,4.574710978503383,1,0,0
111.0,4,1.0,1.0,Private room,52.52591,13.39078,4.29,716,4.709530201312334,1,0,0
21.0,1,1.0,1.0,Shared room,52.52568,13.39258,4.27,397,3.044522437723423,1,0,0
90.0,5,2.0,1.0,Entire home/apt,52.39625,13.1508,4.85,376,4.499809670330265,1,1,0
57.0,4,1.0,1.0,Entire home/apt,52.49986,13.29076,0.0,0,4.04305126783455,1,1,0
50.0,2,0.0,1.0,Entire home/apt,52.45244,13.57038,0.0,0,3.912023005428146,0,0,0
116.0,3,1.0,1.0,Entire home/apt,52.53228,13.38138,4.61,154,4.7535901911063645,1,1,0
105.0,2,1.0,1.0,Entire home/apt,52.53097,13.3949,5.0,11,4.653960350157523,1,1,0
101.0,5,2.0,1.0,Entire home/apt,52.52347,13.40552,4.64,121,4.61512051684126,1,1,0
107.0,5,2.0,1.0,Entire home/apt,52.51597,13.41897,4.65,113,4.672828834461906,1,1,0
98.0,4,2.0,1.0,Entire home/apt,52.47354,13.36766,4.87,174,4.584967478670572,0,0,0
98.0,4,1.0,1.0,Entire home/apt,52.47391,13.36962,4.93,164,4.584967478670572,1,1,0
55.0,5,3.0,1.0,Entire home/apt,52.4358,13.55825,5.0,3,4.007333185232471,1,1,0
36.0,2,1.0,1.0,Private room,52.51334,13.40564,4.4,5,3.58351893845611,1,1,0
62.0,2,0.0,1.0,Entire home/apt,52.53332,13.38224,4.78,9,4.127134385045092,1,1,0
80.0,2,1.0,1.0,Entire home/apt,52.60041,13.42112,4.73,121,4.382026634673881,1,1,0
55.0,2,1.0,1.0,Private room,52.50897,13.50586,4.85,39,4.007333185232471,1,1,0
112.0,3,1.0,1.0,Entire home/apt,52.53273,13.37947,4.68,94,4.718498871295094,1,1,0
315.0,6,3.0,2.5,Entire home/apt,52.53427,13.37919,4.93,55,5.752572638825633,1,1,0
78.0,4,0.0,1.0,Entire home/apt,52.53234,13.38122,4.7,155,4.356708826689592,1,1,0
120.0,5,1.0,1.0,Entire home/apt,52.57212,13.437,4.91,11,4.787491742782046,1,1,0
43.0,2,1.0,1.0,Private room,52.51924,13.35528,4.9,128,3.7612001156935624,0,1,0
75.0,2,0.0,1.0,Entire home/apt,52.51374,13.45043,5.0,18,4.31748811353631,1,1,1
106.0,5,1.0,1.0,Entire home/apt,52.54848,13.36728,4.82,11,4.663439094112067,1,1,0
122.0,5,3.0,1.5,Entire home/apt,52.4765929,13.4263464,0.0,0,4.804021044733257,1,1,0
77.0,3,1.0,1.0,Entire home/apt,52.42429,13.57377,4.56,54,4.343805421853684,1,1,0
447.0,4,2.0,2.0,Entire home/apt,52.49102783203125,13.489139556884766,4.67,6,6.102558594613569,1,1,0
106.0,2,1.0,1.0,Private room,52.53825,13.41078,4.72,254,4.663439094112067,1,0,0
52.0,1,1.0,1.0,Private room,52.51655,13.46068,4.86,114,3.9512437185814275,1,1,0
253.0,2,0.0,1.0,Entire home/apt,52.53148,13.38848,5.0,2,5.53338948872752,1,1,0
113.0,4,2.0,1.0,Entire home/apt,52.52981,13.3961,4.59,217,4.727387818712341,1,1,0
55.0,2,1.0,1.0,Private room,52.49949,13.46274,4.94,95,4.007333185232471,1,1,0
659.0,5,2.0,2.0,Entire home/apt,52.525131,13.39148,4.44,16,6.490723534502507,1,1,1
242.0,2,1.0,1.0,Private room,52.52432,13.3919,4.5,4,5.488937726156687,1,1,1
177.0,7,3.0,1.5,Entire home/apt,52.43666,13.19808,4.9,20,5.176149732573829,1,1,0
330.0,4,1.0,2.0,Private room,52.52422,13.39045,4.29,28,5.799092654460526,1,1,0
170.0,6,2.0,1.0,Entire home/apt,52.45153,13.32927,4.89,53,5.135798437050262,1,1,0
68.0,2,1.0,1.0,Private room,52.493770874684806,13.427376549759687,5.0,12,4.219507705176107,0,0,0
97.0,2,1.0,1.0,Entire home/apt,52.45877,13.37994,4.83,128,4.574710978503383,1,1,0
183.0,2,1.0,1.0,Entire home/apt,52.51484,13.44974,0.0,0,5.209486152841421,1,1,0
90.0,2,1.0,1.0,Entire home/apt,52.47953,13.3205,4.92,13,4.499809670330265,1,1,0
80.0,2,1.0,1.0,Private room,52.5125846862793,13.448652267456056,4.64,11,4.382026634673881,1,1,0
90.0,4,1.0,1.5,Entire home/apt,52.48218,13.36229,4.59,194,4.499809670330265,1,1,0
226.0,4,2.0,1.5,Entire home/apt,52.53422,13.37952,4.74,165,5.420534999272286,1,1,0
75.0,2,1.0,1.0,Entire home/apt,52.54157,13.41169,4.36,170,4.31748811353631,1,0,0
81.0,2,1.0,1.0,Entire home/apt,52.49828,13.4242,4.85,338,4.394449154672439,1,1,0
56.0,1,1.0,1.0,Private room,52.46138,13.48313,4.96,50,4.02535169073515,1,1,0
75.0,2,1.0,1.0,Entire home/apt,52.54157,13.41169,4.4,236,4.31748811353631,1,0,0
75.0,2,1.0,1.0,Entire home/apt,52.54157,13.41169,4.49,242,4.31748811353631,1,0,0
70.0,2,1.0,1.0,Entire home/apt,52.51095,13.4495,4.89,420,4.248495242049359,1,1,0
108.0,2,1.0,1.5,Entire home/apt,52.50613539239261,13.425938423278824,4.93,40,4.68213122712422,0,1,0
115.0,5,2.0,1.5,Entire home/apt,52.42576,13.49873,4.8,40,4.74493212836325,1,0,0
111.0,4,1.0,1.0,Entire home/apt,52.4896,13.3178,4.63,32,4.709530201312334,1,1,0
170.0,3,1.0,1.0,Entire home/apt,52.48982,13.45053,4.54,13,5.135798437050262,1,1,0
126.0,2,1.0,1.0,Entire home/apt,52.490091667920126,13.40793093671157,4.9,29,4.836281906951478,1,1,0
70.0,2,1.0,2.5,Private room,52.48841,13.36211,4.84,58,4.248495242049359,1,1,0
74.0,2,1.0,1.0,Entire home/apt,52.51778,13.3011,4.62,252,4.30406509320417,1,1,0
80.0,2,1.0,1.0,Entire home/apt,52.51792,13.30107,4.64,237,4.382026634673881,1,1,0
73.0,2,1.0,1.5,Private room,52.49352410337784,13.433071565123663,4.87,15,4.290459441148391,1,0,0
144.0,6,2.0,1.0,Entire home/apt,52.49083,13.3915,4.91,148,4.969813299576001,1,1,0
141.0,3,1.0,1.0,Entire home/apt,52.54134,13.42157,4.99,184,4.948759890378168,1,1,0
87.0,3,1.0,1.0,Entire home/apt,52.52409,13.38381,4.67,144,4.465908118654584,1,1,0
50.0,2,1.0,1.0,Private room,52.5169,13.43227,4.8,200,3.912023005428146,1,1,0
70.0,2,1.0,1.0,Entire home/apt,52.52998,13.40718,4.96,163,4.248495242049359,1,1,0
96.0,2,1.0,1.0,Entire home/apt,52.4972,13.46164,4.96,24,4.564348191467836,1,1,0
53.0,2,2.0,1.0,Private room,52.52749,13.33765,4.79,34,3.970291913552122,1,1,0
65.0,2,1.0,1.0,Entire home/apt,52.416691260535934,13.54765555668324,4.88,150,4.174387269895637,1,1,0
40.0,2,1.0,1.5,Private room,52.50942993164063,13.452059745788574,4.63,86,3.6888794541139363,1,1,1
35.0,2,1.0,1.0,Private room,52.57811,13.31768,4.91,686,3.5553480614894135,1,0,0
47.0,2,1.0,1.0,Private room,52.572201087932775,13.418538551168597,4.0,1,3.8501476017100584,1,1,0
58.0,1,1.0,1.0,Private room,52.6425,13.51446,4.2,5,4.060443010546419,0,0,1
75.0,2,1.0,1.0,Entire home/apt,52.54218,13.41181,4.33,222,4.31748811353631,1,0,0
99.0,3,1.0,1.0,Entire home/apt,52.4685,13.57759,4.82,95,4.59511985013459,1,1,0
64.0,2,1.0,1.0,Entire home/apt,52.49221,13.45014,4.82,17,4.1588830833596715,1,1,0
100.0,5,2.0,1.0,Entire home/apt,52.55187,13.44292,4.52,25,4.605170185988092,0,1,0
49.0,5,1.0,1.0,Entire home/apt,52.60417,13.42446,4.9,112,3.8918202981106265,1,1,0
198.0,8,4.0,2.0,Entire home/apt,52.54102,13.37082,4.85,246,5.288267030694535,1,1,0
125.0,4,0.0,1.0,Entire home/apt,52.53212,13.37928,4.84,150,4.8283137373023015,1,1,0
58.0,2,1.0,1.0,Private room,52.50687,13.46765,4.98,109,4.060443010546419,1,1,0
77.0,2,0.0,1.0,Entire home/apt,52.53406,13.3814,4.71,107,4.343805421853684,1,1,0
65.0,2,2.0,1.0,Private room,52.57186,13.28207,4.9,41,4.174387269895637,1,1,0
62.0,2,1.0,1.0,Private room,52.5171012,13.2793125,4.75,12,4.127134385045092,1,1,0
54.0,2,1.0,1.0,Private room,52.48339,13.42912,4.95,41,3.9889840465642745,1,1,0
69.0,4,1.0,1.0,Private room,52.4985,13.46181,4.81,290,4.23410650459726,1,1,0
51.0,1,1.0,1.0,Private room,52.47317,13.38087,4.93,80,3.9318256327243257,1,1,0
69.0,2,1.0,1.5,Private room,52.49783,13.43778,4.85,86,4.23410650459726,1,1,0
72.0,3,2.0,1.0,Entire home/apt,52.51089,13.40452,4.81,91,4.276666119016055,1,1,0
75.0,4,2.0,1.0,Entire home/apt,52.52957,13.39764,4.4,5,4.31748811353631,1,1,0
220.0,2,0.0,1.0,Entire home/apt,52.53148,13.38848,4.78,9,5.393627546352362,1,1,0
235.0,2,0.0,1.0,Entire home/apt,52.53148,13.38848,4.91,35,5.459585514144159,1,1,0
125.0,2,1.0,1.0,Entire home/apt,52.45886,13.37841,4.36,11,4.8283137373023015,1,1,0
87.0,3,1.0,1.0,Entire home/apt,52.46613,13.43495,4.8,5,4.465908118654584,1,1,0
41.0,1,1.0,1.0,Private room,52.55336,13.41671,4.8,5,3.713572066704308,1,1,0
79.0,2,1.0,1.0,Entire home/apt,52.51118,13.29688,5.0,2,4.3694478524670215,1,1,0
60.0,4,1.0,1.0,Entire home/apt,52.5436,13.43942,4.38,13,4.0943445622221,1,1,0
120.0,5,2.0,1.0,Private room,52.52576,13.39618,0.0,0,4.787491742782046,1,1,0
55.0,2,0.0,1.0,Entire home/apt,52.54251,13.42416,4.67,3,4.007333185232471,1,1,0
180.0,2,1.0,1.0,Entire home/apt,52.51079662143465,13.243209833403892,4.0,1,5.19295685089021,1,1,0
14.0,1,1.0,1.0,Shared room,52.50478,13.47182,5.0,2,2.6390573296152584,1,1,0
51.0,1,1.0,1.5,Private room,52.48917,13.3383,4.94,62,3.9318256327243257,1,1,1
69.0,3,2.0,1.0,Entire home/apt,52.54262,13.37069,5.0,1,4.23410650459726,1,1,0
112.0,2,1.0,1.0,Entire home/apt,52.52648,13.41611,4.5,8,4.718498871295094,1,1,0
76.0,4,1.0,1.0,Entire home/apt,52.49049,13.36132,4.81,31,4.330733340286331,1,1,0
27.0,1,1.0,1.0,Private room,52.51952,13.33641,4.75,4,3.295836866004329,1,1,0
41.0,1,1.0,1.0,Private room,52.48971,13.36127,4.73,37,3.713572066704308,1,1,0
77.0,3,1.0,1.0,Entire home/apt,52.42428,13.57449,4.51,76,4.343805421853684,1,1,0
77.0,3,1.0,1.0,Entire home/apt,52.42426,13.57416,4.58,60,4.343805421853684,1,1,0
77.0,3,1.0,1.0,Entire home/apt,52.42618,13.57367,4.6,78,4.343805421853684,1,1,0
150.0,2,0.0,1.0,Private room,52.51859,13.4356,0.0,0,5.0106352940962555,1,1,0
89.0,4,1.0,1.0,Entire home/apt,52.54996,13.4575,4.8,137,4.48863636973214,1,1,0
100.0,3,1.0,1.0,Entire home/apt,52.51769341575453,13.460187625988729,0.0,0,4.605170185988092,1,1,0
55.0,2,1.0,1.0,Entire home/apt,52.48688,13.32171,5.0,1,4.007333185232471,1,1,0
222.0,9,3.0,1.0,Entire home/apt,52.51545,13.30404,4.9,265,5.402677381872279,1,1,0
69.0,1,1.0,1.0,Entire home/apt,52.49069,13.42174,4.76,21,4.23410650459726,1,1,0
140.0,2,1.0,1.0,Entire home/apt,52.50778,13.20223,4.82,11,4.941642422609304,1,1,0
86.0,2,1.0,1.0,Entire home/apt,52.45958,13.30914,4.89,44,4.454347296253507,1,1,0
32.0,2,1.0,1.0,Private room,52.56065,13.40858,4.5,10,3.4657359027997265,1,0,0
103.0,6,3.0,2.0,Entire home/apt,52.53672,13.42449,4.98,62,4.634728988229636,1,1,0
63.0,3,0.0,1.0,Entire home/apt,52.4682,13.43642,4.77,161,4.143134726391533,1,1,0
9999.0,4,1.0,1.0,Entire home/apt,52.399715080351,13.577754023314,4.5,2,9.21024036697585,1,1,0
92.0,2,0.0,1.0,Entire home/apt,52.50426,13.4883,4.86,56,4.5217885770490405,1,1,0
225.0,8,4.0,3.0,Entire home/apt,52.4412898,13.5057411,4.7,10,5.41610040220442,1,1,0
135.0,4,2.0,1.5,Entire home/apt,52.50232,13.30917,4.8,5,4.90527477843843,1,1,0
51.0,3,2.0,1.0,Private room,52.46021,13.28399,4.85,20,3.9318256327243257,1,1,0
95.0,2,1.0,1.0,Private room,52.54349,13.37011,0.0,0,4.553876891600541,1,1,0
53.0,1,1.0,1.0,Private room,52.50879,13.44759,4.83,36,3.970291913552122,1,1,0
39.0,2,1.0,2.0,Private room,52.51046,13.28838,4.52,149,3.6635616461296463,1,1,0
239.0,5,2.0,1.0,Entire home/apt,52.50882,13.32122,4.58,69,5.476463551931511,1,1,0
54.0,2,1.0,1.0,Private room,52.54158,13.41171,4.8,130,3.9889840465642745,1,0,1
110.0,2,1.0,1.0,Entire home/apt,52.53975,13.41437,4.72,36,4.700480365792417,1,1,0
391.0,13,4.0,4.0,Entire home/apt,52.51058,13.47006,4.8,15,5.968707559985366,1,1,0
125.0,2,0.0,1.0,Entire home/apt,52.45886,13.37759,4.71,7,4.8283137373023015,1,1,0
109.0,7,2.0,1.0,Entire home/apt,52.511,13.28853,4.82,56,4.6913478822291435,1,1,0
171.0,9,3.0,2.0,Entire home/apt,52.511,13.28853,4.8,65,5.14166355650266,1,1,0
80.0,2,1.0,1.0,Entire home/apt,52.53335,13.39707,4.73,41,4.382026634673881,1,1,0
399.0,8,4.0,3.0,Entire home/apt,52.41492,13.30684,5.0,9,5.988961416889864,1,1,0
129.0,2,1.0,1.0,Entire home/apt,52.48543,13.32774,5.0,3,4.859812404361672,1,1,0
176.0,14,4.0,2.0,Entire home/apt,52.5141,13.47251,4.62,164,5.170483995038151,1,1,0
76.0,2,0.0,1.0,Entire home/apt,52.52620846855976,13.420926924612187,4.81,108,4.330733340286331,1,1,0
216.0,12,3.0,4.0,Entire home/apt,52.48939,13.42924,4.66,260,5.375278407684165,1,1,0
90.0,2,1.0,1.0,Private room,52.47436,13.38063,4.87,23,4.499809670330265,1,1,0
53.0,2,0.0,1.0,Entire home/apt,52.54416,13.42325,4.8,5,3.970291913552122,1,1,0
121.0,2,1.0,1.0,Entire home/apt,52.493743896484375,13.39711856842041,4.85,411,4.795790545596741,1,1,0
75.0,2,1.0,1.0,Entire home/apt,52.54157,13.41169,4.21,194,4.31748811353631,1,0,0
38.0,2,1.0,1.0,Private room,52.46809,13.38828,4.72,190,3.6375861597263857,1,1,0
473.0,5,2.0,1.0,Entire home/apt,52.51261,13.28675,4.75,4,6.159095388491933,1,1,0
100.0,2,0.0,1.0,Private room,52.53936,13.40881,4.75,4,4.605170185988092,1,1,0
57.0,3,0.0,1.0,Entire home/apt,52.55496,13.44074,4.8,123,4.04305126783455,1,1,0
130.0,4,2.0,1.0,Entire home/apt,52.5355,13.39339,0.0,0,4.867534450455582,1,1,0
53.0,2,0.0,1.0,Entire home/apt,52.5322,13.56762,4.95,119,3.970291913552122,1,1,0
48.0,2,1.0,1.0,Private room,52.58987,13.40246,4.98,87,3.871201010907891,1,0,0
68.0,2,1.0,1.0,Private room,52.5411,13.35788,4.27,11,4.219507705176107,1,1,0
49.0,1,0.0,1.0,Entire home/apt,52.41754,13.53208,4.92,210,3.8918202981106265,1,1,0
155.0,12,2.0,1.0,Entire home/apt,52.48622,13.42974,4.38,37,5.043425116919247,1,1,0
89.0,2,0.0,1.0,Entire home/apt,52.55260054705035,13.4061628908067,5.0,7,4.48863636973214,1,1,0
80.0,3,2.0,1.0,Entire home/apt,52.43114,13.69747,4.99,83,4.382026634673881,1,1,0
48.0,2,1.0,1.0,Entire home/apt,52.42154,13.325,4.9,10,3.871201010907891,1,1,0
179.0,4,2.0,1.0,Entire home/apt,52.54381,13.41285,4.97,30,5.187385805840755,1,1,0
53.0,2,1.0,1.0,Private room,52.51725,13.56482,4.84,99,3.970291913552122,1,1,0
84.0,4,1.0,1.0,Entire home/apt,52.49794,13.42619,4.86,286,4.430816798843313,1,1,0
64.0,2,1.0,1.0,Entire home/apt,52.55646,13.39578,4.89,38,4.1588830833596715,1,1,0
167.0,4,2.0,1.0,Entire home/apt,52.5415,13.41686,4.96,67,5.117993812416755,1,1,0
142.0,4,1.0,1.0,Entire home/apt,52.53667,13.4109,4.91,200,4.955827057601261,1,1,0
142.0,4,0.0,1.0,Entire home/apt,52.53667,13.4109,4.93,257,4.955827057601261,1,1,0
142.0,3,1.0,1.0,Entire home/apt,52.53667,13.4109,4.89,342,4.955827057601261,1,1,0
80.0,2,1.0,1.0,Entire home/apt,52.49628,13.33594,4.81,91,4.382026634673881,0,1,0
90.0,2,1.0,1.0,Entire home/apt,52.4695,13.33553,4.25,16,4.499809670330265,1,1,0
197.0,4,2.0,1.0,Entire home/apt,52.50113,13.44376,4.87,250,5.2832037287379885,1,1,1
159.0,4,2.0,1.0,Entire home/apt,52.44936,13.63044,4.95,42,5.0689042022202315,1,1,0
217.0,8,2.0,1.0,Entire home/apt,52.53667,13.4109,4.94,241,5.37989735354046,1,1,0
131.0,4,0.0,1.0,Entire home/apt,52.53667,13.4109,4.94,150,4.875197323201151,1,1,0
80.0,2,0.0,1.0,Entire home/apt,52.48749,13.43983,4.0,2,4.382026634673881,1,1,0
211.0,2,1.0,1.5,Entire home/apt,52.50402,13.43724,4.89,70,5.351858133476067,1,1,1
124.0,4,2.0,1.0,Entire home/apt,52.47093,13.33511,4.32,22,4.820281565605037,1,1,0
30.0,1,1.0,1.0,Private room,52.48562,13.43259,4.54,37,3.4011973816621555,1,1,0
171.0,6,3.0,2.0,Entire home/apt,52.46986,13.33342,4.48,62,5.14166355650266,1,1,0
210.0,5,2.0,1.0,Entire home/apt,52.53667,13.4109,4.92,313,5.3471075307174685,1,1,0
127.0,4,1.0,1.0,Entire home/apt,52.53667,13.4109,4.92,218,4.844187086458591,1,1,0
62.0,2,1.0,1.0,Entire home/apt,52.489462034268016,13.412832865606696,4.93,54,4.127134385045092,1,0,0
14.0,1,1.0,2.0,Private room,52.51468,13.45923,5.0,1,2.6390573296152584,1,1,0
158.0,4,1.0,1.0,Entire home/apt,52.53246,13.41873,4.75,157,5.062595033026967,1,1,0
120.0,2,1.0,1.0,Entire home/apt,52.530323,13.406725,4.95,20,4.787491742782046,1,1,0
72.0,2,1.0,1.0,Entire home/apt,52.46033,13.38232,4.69,55,4.276666119016055,1,1,0
144.0,4,1.0,1.0,Entire home/apt,52.53667,13.4109,4.93,180,4.969813299576001,1,1,0
126.0,3,1.0,1.0,Entire home/apt,52.48504,13.39317,4.79,80,4.836281906951478,1,1,0
49.0,2,0.0,1.0,Entire home/apt,52.53039,13.39838,4.6,5,3.8918202981106265,1,1,0
242.0,6,2.0,1.0,Entire home/apt,52.50438441209111,13.392340645648192,4.84,82,5.488937726156687,1,1,0
72.0,4,2.0,1.0,Entire home/apt,52.51597,13.56344,4.33,27,4.276666119016055,1,1,0
120.0,2,1.0,1.0,Entire home/apt,52.55084,13.48429,4.98,97,4.787491742782046,1,1,0
80.0,2,1.0,1.0,Entire home/apt,52.49866,13.33448,4.61,107,4.382026634673881,0,1,0
153.0,6,1.0,1.0,Entire home/apt,52.53667,13.4109,4.89,173,5.030437921392435,1,1,0
132.0,4,1.0,1.0,Entire home/apt,52.53667,13.4109,4.88,180,4.882801922586371,1,1,0
94.0,2,0.0,1.0,Entire home/apt,52.46959,13.33343,4.43,30,4.543294782270004,1,1,0
111.0,4,2.0,1.0,Entire home/apt,52.47137,13.33483,4.4,47,4.709530201312334,1,1,0
122.0,4,1.0,1.0,Entire home/apt,52.53667,13.4109,4.88,273,4.804021044733257,1,1,0
143.0,3,2.0,1.0,Entire home/apt,52.50923,13.45793,4.82,106,4.962844630259907,1,1,0
62.0,1,1.0,1.0,Private room,52.48622,13.43295,4.85,60,4.127134385045092,1,1,0
118.0,3,0.0,1.0,Entire home/apt,52.52813,13.37951,4.75,60,4.770684624465665,1,1,0
98.0,2,0.0,1.0,Entire home/apt,52.4712,13.33524,4.53,30,4.584967478670572,1,1,0
97.0,6,2.0,1.0,Entire home/apt,52.44816,13.61789,0.0,0,4.574710978503383,1,1,0
160.0,5,1.0,1.0,Entire home/apt,52.51104,13.47014,4.71,42,5.075173815233827,1,1,0
30.0,1,1.0,1.0,Private room,52.51874,13.43763,4.4,5,3.4011973816621555,1,1,0
30.0,1,1.0,1.0,Private room,52.51868,13.43726,4.75,4,3.4011973816621555,1,1,0
105.0,4,1.0,1.0,Private room,52.4989,13.32435,4.64,11,4.653960350157523,1,0,0
163.0,10,3.0,2.0,Entire home/apt,52.55047,13.36418,4.55,80,5.093750200806762,1,1,0
54.0,2,1.0,1.0,Private room,52.492,13.43403,4.94,65,3.9889840465642745,1,1,0
250.0,11,3.0,1.0,Entire home/apt,52.48749,13.32077,4.45,88,5.521460917862246,1,1,0
72.0,2,1.0,1.0,Entire home/apt,52.53057,13.41946,4.87,161,4.276666119016055,1,1,0
3424.0,1,2.0,1.5,Entire home/apt,52.49805,13.34874,0.0,0,8.138564737261632,1,1,1
118.0,2,1.0,1.0,Entire home/apt,52.53246,13.41873,4.68,178,4.770684624465665,1,0,0
126.0,2,1.0,1.0,Entire home/apt,52.53246,13.41873,4.77,195,4.836281906951478,1,0,0
156.0,2,1.0,1.0,Entire home/apt,52.53246,13.41873,4.86,128,5.049856007249537,1,1,0
147.0,4,1.0,1.0,Entire home/apt,52.53246,13.41873,4.65,275,4.990432586778736,1,1,0
150.0,2,1.0,1.0,Entire home/apt,52.52876,13.39799,5.0,3,5.0106352940962555,1,1,0
59.0,2,1.0,1.0,Entire home/apt,52.53062,13.39913,4.5,6,4.07753744390572,1,1,0
99.0,5,1.0,1.0,Entire home/apt,52.48975,13.42735,4.79,34,4.59511985013459,1,1,0
85.0,3,1.0,1.0,Entire home/apt,52.54687,13.4258,4.79,147,4.442651256490317,1,1,0
108.0,4,1.0,1.0,Entire home/apt,52.4984,13.43688,4.81,37,4.68213122712422,1,1,0
60.0,3,1.0,1.0,Entire home/apt,52.49029,13.44805,4.81,263,4.0943445622221,1,0,0
95.0,4,1.0,1.0,Entire home/apt,52.5314,13.4273,4.83,6,4.553876891600541,1,1,0
95.0,4,1.0,1.0,Entire home/apt,52.53148,13.42851,4.67,3,4.553876891600541,1,1,0
68.0,2,1.0,1.0,Entire home/apt,52.53612,13.44173,4.91,67,4.219507705176107,1,1,0
78.0,2,1.0,1.0,Entire home/apt,52.43751,13.35466,4.5,38,4.356708826689592,1,1,0
40.0,3,1.0,1.0,Private room,52.46066,13.34273,5.0,4,3.6888794541139363,1,1,0
84.0,4,1.0,1.0,Entire home/apt,52.60897,13.45631,4.95,83,4.430816798843313,1,1,0
62.0,2,1.0,1.0,Entire home/apt,52.5494,13.41189,4.88,59,4.127134385045092,1,1,0
59.0,1,1.0,1.0,Entire home/apt,52.49007596888724,13.447163691044308,4.15,20,4.07753744390572,1,1,1
50.0,2,0.0,1.0,Entire home/apt,52.50937,13.30836,4.86,7,3.912023005428146,1,1,0
140.0,3,0.0,1.0,Entire home/apt,52.48426,13.38504,4.71,147,4.941642422609304,1,1,0
158.0,5,4.0,1.0,Entire home/apt,52.54815,13.41441,4.67,69,5.062595033026967,1,1,0
81.0,4,1.0,1.0,Entire home/apt,52.49718,13.42614,4.84,275,4.394449154672439,1,1,0
56.0,3,1.0,1.0,Entire home/apt,52.5274,13.41204,5.0,2,4.02535169073515,1,1,0
77.0,2,1.0,1.0,Entire home/apt,52.47043,13.4279,4.95,40,4.343805421853684,1,1,0
260.0,8,3.0,1.0,Entire home/apt,52.46531,13.39565,4.0,2,5.560681631015528,1,1,0
414.0,6,3.0,2.5,Entire home/apt,52.53286,13.41878,5.0,19,6.025865973825314,1,1,0
440.0,6,3.0,2.5,Entire home/apt,52.53184,13.4149,5.0,5,6.0867747269123065,1,1,0
45.0,3,0.0,1.0,Entire home/apt,52.49645,13.31011,4.76,55,3.8066624897703196,1,1,0
184.0,4,2.0,1.0,Entire home/apt,52.50167,13.36737,4.98,44,5.214935757608986,1,1,0
404.0,4,2.0,2.0,Entire home/apt,52.53283,13.41694,5.0,1,6.0014148779611505,1,1,0
431.0,5,3.0,2.5,Entire home/apt,52.53072,13.4156,5.0,3,6.066108090103747,1,1,0
206.0,2,1.0,1.5,Entire home/apt,52.53103,13.41623,5.0,1,5.327876168789581,1,1,0
126.0,2,0.0,1.0,Entire home/apt,52.4794,13.42086,4.6,94,4.836281906951478,1,1,0
106.0,4,2.0,1.0,Entire home/apt,52.39974,13.56824,4.84,19,4.663439094112067,1,1,0
170.0,6,2.0,2.0,Entire home/apt,52.50889,13.47056,4.7,89,5.135798437050262,1,1,0
80.0,2,2.0,1.0,Entire home/apt,52.48913,13.30258,0.0,0,4.382026634673881,1,1,0
79.0,2,1.0,1.0,Entire home/apt,52.55176,13.40182,0.0,0,4.3694478524670215,0,1,0
77.0,1,0.0,1.0,Entire home/apt,52.53077,13.40658,4.84,210,4.343805421853684,1,1,0
92.0,2,1.0,1.0,Entire home/apt,52.51178,13.4487,5.0,4,4.5217885770490405,1,1,0
99.0,2,1.0,1.0,Entire home/apt,52.42019,13.42569,4.4,25,4.59511985013459,1,1,0
71.0,2,1.0,1.0,Private room,52.49626,13.43332,3.5,2,4.2626798770413155,1,1,0
70.0,2,2.0,1.0,Private room,52.42415,13.4987,4.9,31,4.248495242049359,1,1,0
85.0,3,2.0,1.0,Private room,52.42546,13.50049,4.85,13,4.442651256490317,1,1,0
229.0,6,2.0,1.0,Entire home/apt,52.48057,13.42574,4.71,7,5.43372200355424,1,1,0
97.0,2,1.0,1.0,Private room,52.525131,13.39148,4.23,152,4.574710978503383,1,0,0
51.0,2,1.0,1.0,Private room,52.49958,13.50767,5.0,5,3.9318256327243257,1,1,0
79.0,4,0.0,1.0,Entire home/apt,52.5077862,13.4670305,4.55,89,4.3694478524670215,1,1,0
71.0,4,0.0,1.0,Entire home/apt,52.5077862,13.4670305,4.51,99,4.2626798770413155,1,1,0
71.0,4,0.0,1.0,Entire home/apt,52.50679,13.46797,4.48,64,4.2626798770413155,1,1,0
116.0,6,2.0,1.0,Entire home/apt,52.5077862,13.4670305,4.27,66,4.7535901911063645,1,1,0
111.0,7,2.0,2.0,Entire home/apt,52.5077862,13.4670305,4.56,131,4.709530201312334,1,1,0
188.0,7,2.0,2.0,Entire home/apt,52.50855,13.47021,4.68,111,5.236441962829949,1,1,0
49.0,2,1.0,1.0,Private room,52.53187,13.41871,4.79,247,3.8918202981106265,1,1,0
223.0,13,4.0,4.0,Entire home/apt,52.50855,13.46883,4.75,20,5.407171771460119,1,1,0
55.0,1,1.0,1.0,Private room,52.52924,13.46055,4.0,3,4.007333185232471,1,1,0
775.0,2,0.0,1.0,Entire home/apt,52.54885,13.39729,0.0,0,6.652863029353347,1,1,0
90.0,2,1.0,1.0,Entire home/apt,52.50097,13.36712,4.76,72,4.499809670330265,1,1,0
46.0,1,1.0,1.0,Entire home/apt,52.54682,13.35388,4.67,3,3.828641396489095,1,1,1
110.0,2,1.0,1.0,Entire home/apt,52.5336,13.42442,5.0,24,4.700480365792417,1,1,0
67.0,3,1.0,1.0,Private room,52.52322,13.33176,4.96,95,4.204692619390966,1,1,0
80.0,2,1.0,1.0,Entire home/apt,52.52107,13.45483,4.96,57,4.382026634673881,1,0,1
160.0,3,2.0,1.0,Entire home/apt,52.53066,13.42345,4.96,25,5.075173815233827,1,1,0
124.0,2,1.0,1.0,Entire home/apt,52.5362,13.39886,4.93,57,4.820281565605037,1,1,0
43.0,2,1.0,1.0,Private room,52.53566,13.43158,4.81,32,3.7612001156935624,1,1,0
110.0,4,1.0,1.0,Entire home/apt,52.51062,13.45858,5.0,1,4.700480365792417,1,1,0
50.0,2,1.0,1.0,Private room,52.48982,13.42324,5.0,15,3.912023005428146,1,1,0
71.0,2,1.0,1.0,Entire home/apt,52.48832,13.38557,4.75,336,4.2626798770413155,1,1,0
150.0,4,2.0,1.5,Entire home/apt,52.52239,13.40171,5.0,5,5.0106352940962555,1,1,0
33.0,1,1.0,1.0,Private room,52.4653,13.43857,4.77,22,3.4965075614664802,1,1,0
60.0,4,1.0,1.0,Entire home/apt,52.52929,13.44332,4.58,317,4.0943445622221,1,1,0
60.0,4,1.0,1.0,Entire home/apt,52.52904,13.44365,4.67,332,4.0943445622221,1,1,0
60.0,4,1.0,1.0,Entire home/apt,52.53089,13.44484,4.69,362,4.0943445622221,1,1,0
127.0,6,2.0,2.0,Entire home/apt,52.4468,13.61708,5.0,1,4.844187086458591,1,1,0
57.0,1,0.0,1.0,Private room,52.50945,13.47404,4.94,36,4.04305126783455,1,1,0
45.0,2,1.0,1.0,Entire home/apt,52.46929,13.11815,4.83,63,3.8066624897703196,1,1,0
62.0,2,1.0,1.0,Entire home/apt,52.55739,13.38791,5.0,12,4.127134385045092,1,1,0
149.0,3,2.0,1.0,Entire home/apt,52.43961,13.25974,4.9,10,5.003946305945459,1,1,0
120.0,3,1.0,1.0,Entire home/apt,52.51107,13.4547,4.6,5,4.787491742782046,1,1,0
235.0,6,2.0,1.0,Entire home/apt,52.55423,13.2229,4.85,13,5.459585514144159,0,1,0
235.0,6,2.0,1.0,Entire home/apt,52.55488,13.22466,4.82,38,5.459585514144159,0,1,0
25.0,1,1.0,2.0,Private room,52.52057802166263,13.46372753476522,0.0,0,3.2188758248682006,1,1,0
58.0,2,1.0,1.0,Private room,52.49841,13.36874,4.95,81,4.060443010546419,1,1,0
70.0,4,0.0,1.0,Entire home/apt,52.517608642578125,13.296879768371582,4.66,94,4.248495242049359,1,1,0
95.0,2,1.0,1.0,Entire home/apt,52.5185,13.42303,4.5,2,4.553876891600541,1,1,0
39.0,2,1.0,2.0,Private room,52.51202,13.29018,4.56,174,3.6635616461296463,1,1,0
167.0,3,1.0,1.0,Entire home/apt,52.51120479999999,13.3197596,4.88,24,5.117993812416755,1,1,0
90.0,2,1.0,1.0,Entire home/apt,52.50445,13.17909,4.55,11,4.499809670330265,1,1,0
89.0,2,1.0,1.0,Private room,52.4983024597168,13.384405136108398,4.75,40,4.48863636973214,1,0,0
49.0,2,1.0,1.0,Private room,52.4983024597168,13.384405136108398,4.42,158,3.8918202981106265,1,0,0
72.0,1,1.0,1.0,Private room,52.4983024597168,13.384405136108398,4.48,21,4.276666119016055,1,0,0
15.0,8,1.0,1.0,Shared room,52.4983024597168,13.384405136108398,4.63,154,2.70805020110221,1,0,0
22.0,7,1.0,1.0,Shared room,52.4983024597168,13.384405136108398,4.52,834,3.091042453358316,1,0,0
44.0,2,1.0,1.0,Private room,52.51357,13.48507,4.73,56,3.784189633918261,1,1,0
20.0,4,1.0,1.0,Shared room,52.48748016357422,13.42572021484375,4.55,301,2.995732273553991,1,0,1
75.0,2,1.0,1.0,Entire home/apt,52.54157,13.41169,4.55,170,4.31748811353631,1,0,0
25.0,8,1.0,1.5,Shared room,52.48748016357422,13.42572021484375,4.47,256,3.2188758248682006,1,0,1
89.0,2,1.0,1.0,Private room,52.48748016357422,13.42572021484375,4.61,70,4.48863636973214,1,0,1
59.0,1,1.0,1.0,Private room,52.48748016357422,13.42572021484375,4.6,158,4.07753744390572,1,0,1
69.0,2,1.0,1.0,Private room,52.48748016357422,13.42572021484375,4.51,65,4.23410650459726,1,0,1
218.0,6,3.0,2.0,Entire home/apt,52.52275,13.40001,4.72,29,5.384495062789089,1,1,0
63.0,2,0.0,1.0,Entire home/apt,52.52145,13.2458,4.68,225,4.143134726391533,1,0,0
75.0,2,1.0,1.0,Entire home/apt,52.54271,13.41243,4.05,130,4.31748811353631,1,0,0
160.0,4,2.0,1.0,Entire home/apt,52.43214,13.20382,5.0,16,5.075173815233827,1,1,0
80.0,2,1.0,1.0,Private room,52.48023,13.42942,4.91,45,4.382026634673881,1,1,0
52.0,2,1.0,1.0,Entire home/apt,52.48223,13.42576,5.0,4,3.9512437185814275,1,1,0
156.0,4,2.0,1.0,Entire home/apt,52.52425,13.4089,0.0,0,5.049856007249537,1,1,0
80.0,1,1.0,1.0,Private room,52.55686,13.37924,3.17,6,4.382026634673881,1,0,0
97.0,2,1.0,1.0,Private room,52.55508,13.37918,4.0,4,4.574710978503383,1,0,0
78.0,1,1.0,2.0,Private room,52.50166,13.45113,5.0,10,4.356708826689592,1,1,0
59.0,2,1.0,1.0,Entire home/apt,52.4951,13.40169,4.9,308,4.07753744390572,1,1,0
48.0,1,1.0,1.0,Private room,52.43688,13.32154,4.75,4,3.871201010907891,1,1,0
69.0,2,1.0,1.0,Private room,52.53933,13.38062,4.84,162,4.23410650459726,1,1,0
149.0,2,1.0,1.0,Entire home/apt,52.52943,13.410337,4.76,194,5.003946305945459,1,1,0
129.0,4,1.0,1.0,Entire home/apt,52.54272,13.55578,4.91,32,4.859812404361672,1,1,0
2310.0,1,1.0,1.0,Shared room,52.52669,13.41062,4.75,4,7.745002803515839,1,0,0
65.0,1,1.0,1.0,Private room,52.52669,13.41062,4.44,18,4.174387269895637,1,0,0
76.0,2,1.0,1.0,Private room,52.52669,13.41062,4.07,30,4.330733340286331,1,0,0
55.0,2,0.0,1.0,Entire home/apt,52.4722149,13.4533398,0.0,0,4.007333185232471,1,1,0
63.0,2,1.0,1.0,Entire home/apt,52.47278,13.379,4.9,71,4.143134726391533,1,0,0
100.0,4,2.0,1.0,Entire home/apt,52.50835,13.40266,0.0,0,4.605170185988092,1,1,0
80.0,4,3.0,2.0,Entire home/apt,52.53364,13.36152,4.9,10,4.382026634673881,1,1,0
41.0,1,1.0,1.0,Private room,52.53697,13.60386,0.0,0,3.713572066704308,1,0,0
108.0,2,1.0,1.0,Private room,52.51297,13.46231,5.0,18,4.68213122712422,1,1,0
72.0,1,0.0,1.0,Entire home/apt,52.51061499999999,13.4060182,4.82,67,4.276666119016055,1,1,0
97.0,3,0.0,1.0,Entire home/apt,52.51061499999999,13.4060182,4.87,140,4.574710978503383,1,1,0
93.0,2,0.0,1.0,Entire home/apt,52.5106,13.40603,4.79,68,4.532599493153256,1,1,0
113.0,2,0.0,1.0,Entire home/apt,52.5106,13.40603,4.91,90,4.727387818712341,1,1,0
90.0,2,0.0,1.0,Entire home/apt,52.51061499999999,13.4060182,4.83,84,4.499809670330265,1,1,0
162.0,7,3.0,1.0,Entire home/apt,52.49491,13.4331,4.77,47,5.087596335232384,1,1,0
50.0,2,1.0,1.0,Private room,52.49663,13.44606,4.88,51,3.912023005428146,1,1,0
41.0,1,1.0,1.5,Private room,52.4181,13.32639,4.5,2,3.713572066704308,1,1,0
44.0,2,1.0,1.0,Entire home/apt,52.5486114,13.3689914,0.0,0,3.784189633918261,1,1,0
108.0,6,2.0,1.5,Entire home/apt,52.59749,13.3751,4.91,11,4.68213122712422,1,1,0
224.0,6,3.0,2.0,Entire home/apt,52.50232,13.43883,4.92,138,5.4116460518550396,1,1,0
67.0,1,1.0,1.0,Private room,52.52971,13.43466,4.96,26,4.204692619390966,1,1,0
167.0,6,2.0,1.0,Entire home/apt,52.48644,13.32078,4.57,61,5.117993812416755,1,1,0
40.0,1,1.0,1.0,Private room,52.41124,13.26192,4.56,9,3.6888794541139363,1,1,0
101.0,2,1.0,1.0,Entire home/apt,52.54848,13.2185,5.0,58,4.61512051684126,1,1,0
174.0,4,2.0,1.0,Entire home/apt,52.53686,13.40339,4.81,80,5.159055299214529,1,1,0
44.0,2,1.0,1.5,Private room,52.58323,13.41901,4.97,37,3.784189633918261,1,1,0
101.0,2,1.0,1.0,Entire home/apt,52.52656,13.39229,4.78,175,4.61512051684126,1,1,0
146.0,2,1.0,1.0,Private room,52.52278,13.40492,4.62,90,4.983606621708336,1,0,1
250.0,2,1.0,1.5,Private room,52.52113,13.40517,5.0,1,5.521460917862246,1,0,0
176.0,2,0.0,1.0,Entire home/apt,52.54463,13.36817,4.88,34,5.170483995038151,1,1,1
76.0,4,1.0,1.0,Entire home/apt,52.52618,13.39104,4.77,200,4.330733340286331,1,1,0
153.0,3,2.0,1.0,Entire home/apt,52.54836045195531,13.397165765081777,5.0,3,5.030437921392435,1,1,0
206.0,3,2.0,1.0,Entire home/apt,52.49609,13.30248,0.0,0,5.327876168789581,1,1,0
110.0,2,1.0,1.0,Entire home/apt,52.50079,13.30312,4.94,114,4.700480365792417,1,1,0
166.0,2,0.0,1.0,Entire home/apt,52.54463,13.36817,4.89,18,5.111987788356544,1,1,1
179.0,2,0.0,1.0,Entire home/apt,52.54463,13.36817,4.89,18,5.187385805840755,1,1,1
203.0,3,0.0,1.0,Entire home/apt,52.54463,13.36817,4.92,25,5.313205979041787,1,1,1
197.0,3,1.0,1.0,Entire home/apt,52.54462814331055,13.368169784545898,0.0,0,5.2832037287379885,1,1,1
247.0,3,1.0,2.0,Entire home/apt,52.54462814331055,13.368169784545898,5.0,1,5.5093883366279774,1,1,1
316.0,5,2.0,2.0,Entire home/apt,52.54462814331055,13.368169784545898,4.87,129,5.755742213586912,1,1,1
355.0,5,2.0,2.0,Entire home/apt,52.54462814331055,13.368169784545898,4.94,18,5.872117789475416,1,1,1
373.0,5,2.0,2.0,Entire home/apt,52.54462814331055,13.368169784545898,5.0,27,5.921578419643816,1,1,1
307.0,5,2.0,2.0,Entire home/apt,52.54462814331055,13.368169784545898,4.93,152,5.726847747587197,1,1,1
352.0,5,2.0,2.0,Entire home/apt,52.54462814331055,13.368169784545898,5.0,20,5.863631175598097,1,1,1
146.0,2,0.0,1.0,Entire home/apt,52.54463,13.36817,0.0,0,4.983606621708336,1,1,1
156.0,2,0.0,1.0,Entire home/apt,52.54463,13.36817,5.0,2,5.049856007249537,1,1,1
136.0,2,0.0,1.0,Entire home/apt,52.54463,13.36817,5.0,1,4.912654885736052,1,1,1
189.0,3,0.0,1.0,Entire home/apt,52.54463,13.36817,4.86,21,5.241747015059643,1,1,1
175.0,3,0.0,1.0,Entire home/apt,52.54463,13.36817,4.71,7,5.1647859739235145,1,1,1
51.0,4,0.0,1.0,Entire home/apt,52.56185,13.36246,4.75,143,3.9318256327243257,1,1,0
77.0,1,0.0,1.0,Entire home/apt,52.55349,13.3471,4.92,89,4.343805421853684,1,1,0
46.0,3,1.0,1.0,Private room,52.55697,13.43164,0.0,0,3.828641396489095,1,1,0
117.0,2,1.0,1.0,Entire home/apt,52.47834,13.42149,4.9,21,4.762173934797756,1,1,0
149.0,8,3.0,1.0,Entire home/apt,52.43210931990121,13.31745747754406,5.0,10,5.003946305945459,1,1,0
53.0,2,0.0,1.0,Private room,52.566399,13.40658,5.0,32,3.970291913552122,1,1,0
71.0,2,1.0,1.0,Entire home/apt,52.50996,13.47217,4.5,2,4.2626798770413155,1,0,0
58.0,3,1.0,1.0,Entire home/apt,52.39242,13.5765,4.88,120,4.060443010546419,1,1,0
108.0,2,1.0,1.0,Private room,52.51036,13.2807,4.75,4,4.68213122712422,1,0,0
117.0,2,1.0,1.0,Private room,52.51036,13.2807,4.83,6,4.762173934797756,1,0,0
125.0,3,1.0,1.0,Private room,52.51036,13.2807,4.33,3,4.8283137373023015,1,0,0
134.0,3,1.0,1.0,Private room,52.51036,13.2807,4.67,9,4.897839799950911,1,0,0
181.0,11,4.0,2.0,Entire home/apt,52.53204,13.37452,4.78,27,5.198497031265826,1,1,0
82.0,4,1.0,1.0,Entire home/apt,52.53207,13.37624,4.85,108,4.406719247264253,1,1,0
101.0,7,3.0,1.0,Entire home/apt,52.53247,13.37592,4.85,133,4.61512051684126,1,1,0
68.0,2,1.0,1.0,Entire home/apt,52.42848,13.58265,4.68,28,4.219507705176107,1,1,0
67.0,4,1.0,1.0,Entire home/apt,52.58785,13.43175,0.0,0,4.204692619390966,1,1,0
77.0,3,2.0,1.0,Entire home/apt,52.49215,13.43625,0.0,0,4.343805421853684,1,1,1
58.0,3,1.0,1.0,Private room,52.55055,13.41695,4.99,73,4.060443010546419,1,1,1
77.0,2,1.0,1.0,Private room,52.50877,13.30919,4.67,21,4.343805421853684,1,1,0
292.0,4,2.0,1.5,Entire home/apt,52.54045,13.40694,4.95,59,5.676753802268282,1,1,0
52.0,2,0.0,1.0,Entire home/apt,52.52933,13.41265,5.0,5,3.9512437185814275,1,1,0
236.0,2,0.0,1.0,Entire home/apt,52.53148,13.38848,0.0,0,5.4638318050256105,1,1,0
206.0,2,0.0,1.0,Entire home/apt,52.53148,13.38848,5.0,1,5.327876168789581,1,1,0
220.0,2,0.0,1.0,Entire home/apt,52.53148,13.38848,0.0,0,5.393627546352362,1,1,0
274.0,2,0.0,1.0,Entire home/apt,52.53148,13.38848,0.0,0,5.6131281063880705,1,1,0
256.0,2,0.0,1.0,Entire home/apt,52.53148,13.38848,5.0,1,5.545177444479562,1,1,0
237.0,2,0.0,1.0,Entire home/apt,52.53148,13.38848,0.0,0,5.4680601411351315,1,1,0
249.0,3,0.0,1.0,Entire home/apt,52.53148,13.38848,4.88,8,5.517452896464707,1,1,0
234.0,3,0.0,1.0,Entire home/apt,52.53148,13.38848,5.0,1,5.455321115357702,1,1,0
217.0,3,0.0,1.0,Entire home/apt,52.53148,13.38848,4.67,3,5.37989735354046,1,1,0
267.0,3,0.0,1.0,Entire home/apt,52.53148,13.38848,5.0,1,5.58724865840025,1,1,0
249.0,3,0.0,1.0,Entire home/apt,52.53148,13.38848,0.0,0,5.517452896464707,1,1,0
231.0,3,0.0,1.0,Entire home/apt,52.53148,13.38848,0.0,0,5.442417710521793,1,1,0
282.0,3,1.0,1.0,Entire home/apt,52.53148,13.38848,5.0,30,5.641907070938114,1,1,0
262.0,3,1.0,1.0,Entire home/apt,52.53148,13.38848,5.0,15,5.568344503761097,1,1,0
243.0,3,1.0,1.0,Entire home/apt,52.53148,13.38848,0.0,0,5.493061443340548,1,1,0
289.0,3,1.0,1.0,Entire home/apt,52.53148,13.38848,5.0,6,5.666426688112432,1,1,0
269.0,3,1.0,1.0,Entire home/apt,52.53148,13.38848,5.0,4,5.594711379601839,1,1,0
248.0,3,1.0,1.0,Entire home/apt,52.53148,13.38848,4.0,1,5.5134287461649825,1,1,0
73.0,1,1.0,1.0,Private room,52.49977,13.44147,4.94,118,4.290459441148391,1,1,0
78.0,2,1.0,1.0,Entire home/apt,52.55411,13.41631,5.0,8,4.356708826689592,1,1,0
52.0,1,1.0,0.5,Private room,52.4998228,13.2978145,0.0,0,3.9512437185814275,1,1,0
241.0,3,1.0,1.0,Entire home/apt,52.54083,13.40623,4.89,19,5.484796933490655,1,1,0
90.0,2,0.0,1.0,Entire home/apt,52.49492,13.35903,4.71,109,4.499809670330265,1,1,0
166.0,2,0.0,1.0,Entire home/apt,52.54463,13.36817,4.94,54,5.111987788356544,1,1,1
154.0,2,0.0,1.0,Entire home/apt,52.54463,13.36817,5.0,3,5.0369526024136295,1,1,1
144.0,2,0.0,1.0,Entire home/apt,52.54463,13.36817,0.0,0,4.969813299576001,1,1,1
169.0,2,0.0,1.0,Entire home/apt,52.54463,13.36817,4.96,26,5.1298987149230735,1,1,1
157.0,2,0.0,1.0,Entire home/apt,52.54463,13.36817,5.0,4,5.056245805348308,1,1,1
146.0,2,0.0,1.0,Entire home/apt,52.54463,13.36817,5.0,1,4.983606621708336,1,1,1
79.0,2,0.0,1.0,Entire home/apt,52.49723,13.3604,4.81,144,4.3694478524670215,1,1,0
78.0,2,1.0,1.0,Private room,52.49321,13.42474,4.83,134,4.356708826689592,1,1,0
60.0,2,1.0,1.0,Entire home/apt,52.51671,13.29758,4.63,67,4.0943445622221,1,1,0
185.0,3,1.0,1.0,Entire home/apt,52.54462814331055,13.368169784545898,0.0,0,5.220355825078324,1,1,1
171.0,3,1.0,1.0,Entire home/apt,52.54462814331055,13.368169784545898,0.0,0,5.14166355650266,1,1,1
158.0,3,1.0,1.0,Entire home/apt,52.54462814331055,13.368169784545898,0.0,0,5.062595033026967,1,1,1
227.0,3,1.0,2.0,Entire home/apt,52.54462814331055,13.368169784545898,5.0,3,5.424950017481403,1,1,1
300.0,5,4.0,2.0,Entire home/apt,52.5292,13.43427,5.0,26,5.703782474656201,1,1,0
86.0,4,1.0,1.5,Private room,52.48727,13.44984,4.79,38,4.454347296253507,1,1,1
81.0,2,1.0,1.0,Private room,52.47125,13.42821,4.82,62,4.394449154672439,1,1,0
207.0,3,1.0,2.0,Entire home/apt,52.54462814331055,13.368169784545898,5.0,1,5.332718793265369,1,1,1
204.0,3,1.0,2.0,Entire home/apt,52.54462814331055,13.368169784545898,5.0,1,5.318119993844216,1,1,1
283.0,5,2.0,2.0,Entire home/apt,52.54462814331055,13.368169784545898,4.87,76,5.645446897643238,1,1,1
235.0,5,2.0,2.0,Entire home/apt,52.54462814331055,13.368169784545898,0.0,0,5.459585514144159,1,1,1
259.0,5,2.0,2.0,Entire home/apt,52.54462814331055,13.368169784545898,4.67,3,5.556828061699537,1,1,1
323.0,5,2.0,2.0,Entire home/apt,52.54462814331055,13.368169784545898,5.0,17,5.777652323222656,1,1,1
294.0,5,2.0,2.0,Entire home/apt,52.54462814331055,13.368169784545898,5.0,1,5.683579767338681,1,1,1
265.0,5,2.0,2.0,Entire home/apt,52.54462814331055,13.368169784545898,0.0,0,5.579729825986222,1,1,1
292.0,5,2.0,2.0,Entire home/apt,52.54462814331055,13.368169784545898,4.84,70,5.676753802268282,1,1,1
999.0,2,1.0,1.0,Private room,52.51674,13.40531,0.0,0,6.906754778648554,1,0,0
999.0,1,1.0,1.0,Private room,52.51827,13.40738,0.0,0,6.906754778648554,1,0,0
999.0,3,1.0,1.0,Private room,52.51795,13.40531,0.0,0,6.906754778648554,1,0,0
999.0,4,1.0,1.0,Private room,52.51809,13.40591,0.0,0,6.906754778648554,1,0,0
999.0,6,2.0,1.0,Private room,52.51657,13.40547,0.0,0,6.906754778648554,1,0,0
148.0,6,1.0,1.0,Private room,52.52669,13.41062,4.33,18,4.997212273764115,1,0,0
189.0,8,1.0,1.0,Private room,52.52669,13.41062,4.62,13,5.241747015059643,1,0,0
267.0,5,2.0,2.0,Entire home/apt,52.54462814331055,13.368169784545898,4.83,29,5.58724865840025,1,1,1
241.0,5,2.0,2.0,Entire home/apt,52.54462814331055,13.368169784545898,0.0,0,5.484796933490655,1,1,1
326.0,5,2.0,2.0,Entire home/apt,52.54462814331055,13.368169784545898,4.67,3,5.786897381366708,1,1,1
297.0,5,2.0,2.0,Entire home/apt,52.54462814331055,13.368169784545898,0.0,0,5.6937321388027,1,1,1
269.0,5,2.0,2.0,Entire home/apt,52.54462814331055,13.368169784545898,0.0,0,5.594711379601839,1,1,1
342.0,5,2.0,2.0,Entire home/apt,52.54462814331055,13.368169784545898,4.88,17,5.834810737062605,1,1,1
51.0,2,0.0,1.0,Entire home/apt,52.52936,13.34656,4.84,208,3.9318256327243257,1,1,0
149.0,4,2.0,1.0,Entire home/apt,52.61336,13.47563,4.8,15,5.003946305945459,1,1,0
32.0,6,1.0,1.0,Shared room,52.49296,13.42679,4.85,322,3.4657359027997265,1,1,0
91.0,2,1.0,1.0,Entire home/apt,52.51203,13.30677,4.83,94,4.51085950651685,1,1,0
114.0,2,1.0,1.0,Entire home/apt,52.52122,13.38305,4.89,9,4.736198448394496,0,1,0
280.0,5,2.0,2.0,Entire home/apt,52.54462814331055,13.368169784545898,0.0,0,5.634789603169249,1,1,1
365.0,5,2.0,2.0,Entire home/apt,52.53148,13.38848,4.86,7,5.8998973535824915,1,1,0
332.0,5,2.0,2.0,Entire home/apt,52.53148,13.38848,0.0,0,5.805134968916488,1,1,0
317.0,3,1.0,1.0,Entire home/apt,52.53148,13.38848,5.0,3,5.75890177387728,1,1,1
293.0,3,1.0,1.0,Entire home/apt,52.53148,13.38848,0.0,0,5.680172609017068,1,1,1
635.0,6,3.0,2.5,Entire home/apt,52.53148,13.38848,5.0,13,6.453624998892692,1,1,1
576.0,6,3.0,2.5,Entire home/apt,52.53148,13.38848,5.0,2,6.3561076606958915,1,1,1
517.0,6,3.0,2.5,Entire home/apt,52.53148,13.38848,0.0,0,6.248042874508429,1,1,1
85.0,2,1.0,1.0,Private room,52.50877,13.30919,4.66,144,4.442651256490317,1,1,0
83.0,2,1.0,1.0,Entire home/apt,52.54398,13.42028,4.64,121,4.418840607796598,1,1,0
60.0,2,1.0,1.0,Entire home/apt,52.43893,13.5537,4.43,7,4.0943445622221,1,1,0
82.0,5,2.0,1.0,Entire home/apt,52.54988,13.44446,4.54,52,4.406719247264253,1,1,0
55.0,2,0.0,1.0,Entire home/apt,52.43866,13.55307,5.0,6,4.007333185232471,1,1,0
65.0,2,1.0,1.0,Private room,52.50457,13.33391,4.36,107,4.174387269895637,1,0,0
94.0,1,0.0,1.0,Private room,52.40305,13.58566,0.0,0,4.543294782270004,1,0,0
105.0,2,0.0,1.0,Private room,52.40195,13.58497,5.0,2,4.653960350157523,1,0,0
174.0,4,0.0,1.0,Private room,52.40305,13.58566,0.0,0,5.159055299214529,1,0,0
107.0,4,0.0,1.0,Entire home/apt,52.53998871869434,13.376277391186786,4.84,143,4.672828834461906,1,1,0
40.0,1,1.0,1.5,Private room,52.52201,13.31617,0.0,0,3.6888794541139363,1,1,0
72.0,2,0.0,1.0,Entire home/apt,52.52465,13.41931,4.69,13,4.276666119016055,1,1,0
171.0,5,2.0,2.0,Entire home/apt,52.52973,13.34003,4.84,89,5.14166355650266,1,1,0
46.0,2,0.0,1.0,Entire home/apt,52.51252,13.40801,5.0,2,3.828641396489095,1,1,0
180.0,6,2.0,2.0,Entire home/apt,52.48411,13.36066,4.72,36,5.19295685089021,1,1,0
29.0,1,0.0,1.0,Entire home/apt,52.46063,13.3153,4.88,8,3.367295829986474,1,1,0
163.0,5,1.0,1.0,Entire home/apt,52.44953,13.62337,5.0,29,5.093750200806762,1,1,0
87.0,3,1.0,1.0,Entire home/apt,52.48577,13.5342,4.96,98,4.465908118654584,1,1,0
110.0,4,1.0,1.0,Entire home/apt,52.53988,13.37115,4.88,58,4.700480365792417,1,1,0
109.0,4,1.0,1.0,Entire home/apt,52.49615,13.42656,4.8,240,4.6913478822291435,1,1,0
118.0,2,1.0,1.0,Entire home/apt,52.51317,13.55448,5.0,20,4.770684624465665,1,1,0
60.0,1,0.0,1.0,Entire home/apt,52.53072,13.36248,5.0,11,4.0943445622221,1,1,0
74.0,3,0.0,2.0,Entire home/apt,52.48077,13.34962,4.69,26,4.30406509320417,1,1,0
23.0,1,1.0,1.0,Private room,52.58541,13.39227,4.67,3,3.1354942159291497,1,1,0
84.0,2,1.0,1.0,Entire home/apt,52.493694,13.396867,4.7,399,4.430816798843313,1,1,0
162.0,5,2.0,2.0,Entire home/apt,52.52888,13.34043,4.86,73,5.087596335232384,1,1,0
36.0,2,1.0,1.5,Private room,52.55021,13.37111,5.0,14,3.58351893845611,1,1,0
84.0,2,1.0,1.0,Private room,52.59984,13.3329,4.33,43,4.430816798843313,1,1,0
101.0,3,1.0,1.0,Private room,52.6011,13.33245,4.64,83,4.61512051684126,1,1,0
116.0,4,0.0,1.0,Entire home/apt,52.53882,13.37595,4.83,163,4.7535901911063645,1,1,0
55.0,2,0.0,1.0,Entire home/apt,52.53655,13.37592,4.76,37,4.007333185232471,1,1,1
84.0,2,0.0,1.0,Entire home/apt,52.49695,13.36141,4.61,116,4.430816798843313,1,1,0
79.0,4,2.0,1.0,Entire home/apt,52.49156,13.62697,4.8,25,4.3694478524670215,0,1,0
78.0,2,1.0,1.0,Entire home/apt,52.53208,13.43548,5.0,3,4.356708826689592,1,1,0
27.0,2,1.0,1.0,Private room,52.51255,13.47019,4.37,63,3.295836866004329,0,1,0
100.0,2,1.0,1.0,Entire home/apt,52.50194699999999,13.2949551,0.0,0,4.605170185988092,1,1,0
109.0,4,1.0,1.0,Entire home/apt,52.51716,13.44632,4.94,16,4.6913478822291435,1,1,0
100.0,3,1.0,1.0,Private room,52.59953,13.33084,4.64,50,4.605170185988092,1,1,0
84.0,2,1.0,1.0,Private room,52.59975,13.33308,4.51,39,4.430816798843313,1,1,0
136.0,2,1.0,1.0,Entire home/apt,52.50455,13.47776,4.85,41,4.912654885736052,1,1,0
60.0,2,2.0,1.0,Private room,52.49842,13.32541,5.0,12,4.0943445622221,1,1,0
64.0,2,1.0,2.0,Private room,52.49276,13.35128,4.91,176,4.1588830833596715,1,1,1
70.0,4,1.0,1.0,Entire home/apt,52.51253,13.40855,5.0,13,4.248495242049359,1,1,0
72.0,2,0.0,1.0,Entire home/apt,52.5472,13.45822,4.86,28,4.276666119016055,1,1,0
49.0,2,1.0,1.0,Entire home/apt,52.51297,13.45728,4.77,13,3.8918202981106265,1,1,0
109.0,4,2.0,1.0,Entire home/apt,52.54304,13.41687,4.93,60,4.6913478822291435,0,1,0
132.0,2,1.0,1.0,Entire home/apt,52.54751,13.3507,4.47,15,4.882801922586371,1,1,0
270.0,4,1.0,1.0,Entire home/apt,52.5522,13.46419,4.78,9,5.598421958998375,1,1,0
74.0,2,1.0,1.0,Entire home/apt,52.48475,13.43894,4.83,54,4.30406509320417,0,1,0
75.0,1,1.0,1.0,Private room,52.45156,13.29346,4.71,14,4.31748811353631,1,1,0
124.0,2,1.0,1.5,Entire home/apt,52.49349403634559,13.437292166054249,5.0,70,4.820281565605037,1,1,0
49.0,4,1.0,1.0,Private room,52.49902,13.38347,4.67,18,3.8918202981106265,1,0,0
117.0,4,2.0,1.0,Entire home/apt,52.46286,13.71288,5.0,15,4.762173934797756,1,1,0
44.0,2,0.0,1.0,Entire home/apt,52.4742,13.42548,4.9,10,3.784189633918261,1,1,0
38.0,1,1.0,1.0,Private room,52.48148,13.43138,4.86,35,3.6375861597263857,1,0,0
949.0,2,1.0,1.0,Private room,52.52814,13.42636,4.87,61,6.855408798609928,0,0,0
120.0,2,1.0,1.0,Entire home/apt,52.495548248291016,13.396210670471191,4.54,1560,4.787491742782046,1,1,0
168.0,4,1.0,1.0,Entire home/apt,52.495548248291016,13.396210670471191,4.71,24,5.123963979403259,1,1,0
105.0,2,1.0,1.0,Entire home/apt,52.48621368408203,13.423819541931152,4.39,463,4.653960350157523,1,1,0
120.0,3,1.0,1.0,Entire home/apt,52.48621368408203,13.423819541931152,4.47,285,4.787491742782046,1,1,0
136.0,4,1.0,1.0,Entire home/apt,52.48621368408203,13.423819541931152,4.27,234,4.912654885736052,1,1,0
146.0,2,1.0,1.0,Private room,52.52877,13.42456,4.43,21,4.983606621708336,1,0,0
360.0,4,1.0,1.0,Private room,52.52169,13.38908,4.88,236,5.886104031450156,1,1,1
60.0,4,0.0,1.0,Entire home/apt,52.52005,13.35528,4.53,199,4.0943445622221,1,1,0
79.0,2,1.0,1.0,Entire home/apt,52.49696,13.46284,5.0,4,4.3694478524670215,1,1,0
59.0,2,1.0,1.0,Entire home/apt,52.52837,13.4037,4.83,6,4.07753744390572,1,1,0
105.0,2,1.0,1.5,Entire home/apt,52.48054,13.44499,4.72,53,4.653960350157523,1,1,0
293.0,2,2.0,2.0,Private room,52.52818,13.42603,4.5,14,5.680172609017068,1,0,1
141.0,2,1.0,1.0,Private room,52.53017,13.42492,4.73,11,4.948759890378168,1,0,1
49.0,2,1.0,1.0,Private room,52.5117,13.30609,0.0,0,3.8918202981106265,1,1,0
107.0,5,2.0,1.0,Entire home/apt,52.4991,13.32251,4.84,297,4.672828834461906,1,1,0
102.0,4,2.0,1.0,Entire home/apt,52.4991,13.32251,4.89,239,4.624972813284271,1,1,0
49.0,2,0.0,1.0,Entire home/apt,52.52985,13.40367,4.75,4,3.8918202981106265,1,1,0
90.0,4,2.0,1.0,Entire home/apt,52.49831,13.32181,4.86,221,4.499809670330265,1,1,0
117.0,3,2.0,1.5,Private room,52.49331,13.41625,4.85,20,4.762173934797756,1,1,0
90.0,2,1.0,1.0,Entire home/apt,52.51308,13.45185,5.0,21,4.499809670330265,1,1,0
85.0,2,1.0,2.0,Entire home/apt,52.52476,13.31442,5.0,1,4.442651256490317,1,1,0
82.0,2,1.0,1.0,Entire home/apt,52.50578,13.49642,4.96,26,4.406719247264253,1,1,0
250.0,16,3.0,2.0,Entire home/apt,52.52463,13.32093,4.31,97,5.521460917862246,1,1,0
52.0,1,1.0,1.0,Entire home/apt,52.47579,13.42137,5.0,4,3.9512437185814275,1,1,0
105.0,2,1.0,1.0,Entire home/apt,52.4943,13.57986,5.0,10,4.653960350157523,1,1,0
76.0,1,1.0,1.0,Private room,52.59922,13.33242,4.53,51,4.330733340286331,1,1,0
120.0,2,1.0,1.5,Entire home/apt,52.50448,13.42914,0.0,0,4.787491742782046,0,1,0
167.0,5,2.0,1.0,Entire home/apt,52.52872,13.40325,4.84,75,5.117993812416755,1,1,0
329.0,6,3.0,2.0,Entire home/apt,52.51631,13.41146,4.85,41,5.796057750765372,1,1,0
80.0,4,1.0,1.0,Entire home/apt,52.49659,13.42596,4.78,211,4.382026634673881,1,1,0
100.0,4,2.0,1.0,Entire home/apt,52.4968,13.48117,4.86,145,4.605170185988092,1,1,0
36.0,6,3.0,1.0,Private room,52.65076,13.48953,5.0,3,3.58351893845611,1,1,0
72.0,2,1.0,1.0,Private room,52.52643,13.33449,4.88,17,4.276666119016055,1,1,0
67.0,2,1.0,1.0,Entire home/apt,52.64061,13.51103,0.0,0,4.204692619390966,1,1,0
193.0,2,1.0,1.0,Entire home/apt,52.49915,13.33466,4.74,31,5.262690188904886,1,1,1
70.0,4,1.0,1.0,Entire home/apt,52.51275,13.40835,4.8,10,4.248495242049359,1,1,0
189.0,2,1.0,1.0,Entire home/apt,52.49915,13.33466,4.75,182,5.241747015059643,1,1,1
248.0,3,2.0,2.0,Entire home/apt,52.49915,13.33466,4.81,745,5.5134287461649825,1,1,1
104.0,3,1.0,1.0,Entire home/apt,52.39629,13.59294,4.79,24,4.6443908991413725,1,1,0
71.0,2,0.0,3.0,Private room,52.49607,13.41888,4.85,82,4.2626798770413155,1,1,0
55.0,2,1.0,1.0,Private room,52.52706527709961,13.341093063354492,4.14,73,4.007333185232471,1,0,0
62.0,4,0.0,1.0,Entire home/apt,52.50604,13.29113,4.5,183,4.127134385045092,1,1,0
251.0,13,4.0,2.0,Entire home/apt,52.50173,13.36256,4.57,37,5.5254529391317835,1,1,0
103.0,5,1.0,1.0,Entire home/apt,52.54929,13.41607,4.43,92,4.634728988229636,1,1,0
144.0,4,1.0,1.0,Entire home/apt,52.42776,13.70781,4.95,43,4.969813299576001,1,1,0
126.0,4,1.0,1.0,Entire home/apt,52.503071,13.378727,4.4,42,4.836281906951478,1,1,0
90.0,3,2.0,1.0,Entire home/apt,52.44395,13.57747,4.99,149,4.499809670330265,1,1,0
95.0,2,1.0,1.0,Entire home/apt,52.51082992553711,13.471508979797363,0.0,0,4.553876891600541,1,1,1
37.0,1,1.0,1.0,Private room,52.5212,13.35948,4.77,13,3.6109179126442243,1,1,0
75.0,2,1.0,1.0,Entire home/apt,52.48443,13.43356,4.82,34,4.31748811353631,1,1,0
40.0,3,1.0,1.0,Private room,52.49548,13.51163,4.27,26,3.6888794541139363,1,1,0
50.0,1,1.0,1.0,Private room,52.45107,13.30986,5.0,1,3.912023005428146,1,1,0
48.0,2,1.0,1.0,Private room,52.49167,13.36787,0.0,0,3.871201010907891,1,1,0
106.0,3,1.0,1.0,Entire home/apt,52.53279,13.43103,4.91,175,4.663439094112067,1,1,0
80.0,2,1.0,1.0,Entire home/apt,52.55035,13.40529,4.84,37,4.382026634673881,1,1,0
73.0,2,0.0,3.0,Private room,52.49588,13.41991,4.96,106,4.290459441148391,1,1,0
74.0,2,0.0,3.0,Private room,52.49379,13.41892,4.87,52,4.30406509320417,1,0,0
74.0,2,0.0,3.0,Private room,52.49559,13.41999,4.91,151,4.30406509320417,1,1,0
75.0,2,0.0,3.0,Private room,52.49455,13.42028,4.9,112,4.31748811353631,1,0,0
144.0,4,0.0,3.0,Private room,52.494873046875,13.419352531433104,4.85,26,4.969813299576001,1,1,0
87.0,4,0.0,3.0,Private room,52.49387,13.41899,4.94,94,4.465908118654584,1,1,0
70.0,2,0.0,1.0,Private room,52.5109,13.46947,4.95,56,4.248495242049359,1,1,0
114.0,3,1.0,1.0,Entire home/apt,52.48057,13.43078,4.67,18,4.736198448394496,1,1,0
239.0,2,1.0,1.0,Entire home/apt,52.51092,13.39564,5.0,1,5.476463551931511,1,1,0
142.0,2,0.0,1.0,Entire home/apt,52.495396,13.486821,4.93,97,4.955827057601261,1,1,0
63.0,2,1.0,1.0,Entire home/apt,52.43627,13.57198,4.33,3,4.143134726391533,1,1,0
94.0,2,1.0,1.0,Entire home/apt,52.50834,13.45504,4.88,33,4.543294782270004,1,1,0
239.0,11,3.0,2.0,Entire home/apt,52.541718,13.363287,4.94,157,5.476463551931511,1,1,0
216.0,12,3.0,1.0,Entire home/apt,52.541718,13.363287,4.94,132,5.375278407684165,1,1,0
137.0,5,1.0,1.0,Entire home/apt,52.541718,13.363287,4.98,126,4.919980925828125,1,1,0
32.0,1,1.0,1.0,Entire home/apt,52.51158,13.28136,5.0,5,3.4657359027997265,1,1,0
104.0,8,1.0,1.0,Entire home/apt,52.53594,13.43607,4.86,100,4.6443908991413725,1,1,0
137.0,1,1.0,2.0,Entire home/apt,52.52672,13.40796,5.0,23,4.919980925828125,1,1,0
229.0,8,2.0,2.0,Entire home/apt,52.541718,13.363287,4.94,179,5.43372200355424,1,1,0
303.0,11,3.0,2.0,Entire home/apt,52.541718,13.363287,4.94,161,5.713732805509369,1,1,0
285.0,14,4.0,2.0,Entire home/apt,52.541718,13.363287,4.96,171,5.652489180268651,1,1,0
75.0,3,1.0,1.0,Entire home/apt,52.48048,13.33564,4.86,14,4.31748811353631,1,1,0
35.0,1,1.0,1.0,Private room,52.53145,13.36086,5.0,3,3.5553480614894135,1,1,0
48.0,1,1.0,1.5,Private room,52.607552,13.327684,4.9,21,3.871201010907891,1,1,0
291.0,14,4.0,2.0,Entire home/apt,52.541718,13.363287,4.96,200,5.673323267171493,1,1,0
262.0,14,4.0,2.0,Entire home/apt,52.541718,13.363287,4.99,268,5.568344503761097,1,1,0
235.0,14,4.0,2.0,Entire home/apt,52.541718,13.363287,4.95,238,5.459585514144159,1,1,0
121.0,10,3.0,2.0,Entire home/apt,52.54406,13.36735,4.78,241,4.795790545596741,1,1,0
218.0,4,2.0,1.0,Entire home/apt,52.5291764,13.3839314,4.98,92,5.384495062789089,1,1,0
54.0,3,1.0,1.0,Entire home/apt,52.45859,13.43243,4.89,37,3.9889840465642745,1,1,0
50.0,4,1.0,1.0,Entire home/apt,52.52584,13.41106,4.84,68,3.912023005428146,1,1,0
97.0,2,1.0,1.0,Entire home/apt,52.45736,13.37901,4.22,9,4.574710978503383,1,1,0
200.0,2,1.0,1.0,Entire home/apt,52.54828,13.40642,4.98,63,5.298317366548036,1,1,1
117.0,3,1.0,0.0,Private room,52.53037,13.42544,4.45,92,4.762173934797756,1,0,0
40.0,2,1.0,1.0,Private room,52.56371,13.39127,4.88,51,3.6888794541139363,1,1,0
68.0,2,1.0,1.5,Entire home/apt,52.48599,13.44581,4.94,17,4.219507705176107,1,1,0
235.0,6,2.0,1.0,Entire home/apt,52.5563,13.22379,4.67,6,5.459585514144159,0,1,0
46.0,1,1.0,1.0,Private room,52.55317,13.40167,4.93,58,3.828641396489095,1,1,0
108.0,4,1.0,1.0,Entire home/apt,52.51042,13.39698,4.56,16,4.68213122712422,1,1,0
100.0,4,1.0,1.0,Entire home/apt,52.42523,13.66998,4.95,152,4.605170185988092,1,1,0
82.0,4,0.0,1.0,Entire home/apt,52.52946,13.43384,4.71,246,4.406719247264253,1,1,0
83.0,2,1.0,1.0,Entire home/apt,52.53818,13.40848,4.71,268,4.418840607796598,1,1,0
65.0,4,0.0,1.0,Entire home/apt,52.48656,13.33846,4.51,196,4.174387269895637,1,1,0
66.0,5,0.0,1.0,Entire home/apt,52.51265,13.4712,4.8,230,4.189654742026425,1,1,0
95.0,3,1.0,1.0,Entire home/apt,52.51492,13.45801,4.91,253,4.553876891600541,1,0,0
60.0,3,2.0,1.0,Private room,52.45264053344727,13.245583534240724,4.97,77,4.0943445622221,1,1,0
108.0,4,1.0,1.0,Entire home/apt,52.52974,13.42607,4.74,200,4.68213122712422,1,1,0
63.0,4,1.0,1.5,Entire home/apt,52.48672,13.34048,4.49,167,4.143134726391533,1,1,0
63.0,2,1.0,1.0,Private room,52.45715,13.32637,5.0,8,4.143134726391533,1,1,0
65.0,2,0.0,1.0,Entire home/apt,52.53421,13.39701,4.64,247,4.174387269895637,1,1,0
70.0,4,1.0,1.0,Private room,52.48942,13.45692,4.67,51,4.248495242049359,1,1,0
77.0,2,1.0,1.0,Entire home/apt,52.50557,13.43314,4.8,5,4.343805421853684,1,1,0
176.0,4,2.0,1.5,Entire home/apt,52.51533,13.30231,5.0,43,5.170483995038151,1,1,0
90.0,2,1.0,1.0,Entire home/apt,52.50705,13.4707,4.89,9,4.499809670330265,1,1,0
120.0,5,2.0,1.0,Entire home/apt,52.53047,13.42746,4.72,184,4.787491742782046,1,1,0
61.0,2,1.0,1.0,Private room,52.52706527709961,13.341093063354492,3.98,47,4.110873864173311,1,0,0
85.0,2,1.0,1.0,Entire home/apt,52.52234,13.35682,4.0,2,4.442651256490317,1,1,0
89.0,4,2.0,1.5,Entire home/apt,52.37049,13.68541,4.23,13,4.48863636973214,1,1,0
89.0,4,2.0,1.5,Entire home/apt,52.36904,13.68716,4.27,11,4.48863636973214,1,1,0
93.0,3,2.0,2.0,Entire home/apt,52.50229,13.37269,0.0,0,4.532599493153256,1,1,0
84.0,3,0.0,1.0,Entire home/apt,52.45865249633789,13.377224922180176,4.94,113,4.430816798843313,1,1,0
29.0,1,1.0,1.0,Shared room,52.52471806629191,13.364491377340675,4.85,98,3.367295829986474,1,1,0
67.0,4,1.0,1.0,Entire home/apt,52.50233,13.3882,4.84,68,4.204692619390966,1,1,0
109.0,3,1.0,1.0,Entire home/apt,52.51528,13.46072,4.15,133,4.6913478822291435,1,1,0
50.0,1,1.0,1.0,Entire home/apt,52.55408,13.43677,4.0,1,3.912023005428146,1,1,0
107.0,2,0.0,1.0,Entire home/apt,52.5097,13.42231,4.95,97,4.672828834461906,1,1,0
53.0,1,0.0,8.5,Private room,52.54421,13.41602,4.6,276,3.970291913552122,1,1,0
41.0,2,1.0,1.0,Private room,52.53828,13.55065,4.97,30,3.713572066704308,1,1,0
67.0,2,0.0,8.5,Private room,52.54421,13.41602,4.62,243,4.204692619390966,1,1,0
82.0,3,0.0,8.5,Private room,52.54531,13.4159,4.69,294,4.406719247264253,1,1,0
70.0,2,1.0,1.0,Private room,52.52707,13.34109,4.24,84,4.248495242049359,1,0,0
53.0,1,1.0,1.0,Private room,52.52706527709961,13.341093063354492,4.35,176,3.970291913552122,1,0,0
48.0,2,1.0,1.0,Private room,52.506,13.467,4.84,81,3.871201010907891,1,0,0
51.0,3,1.0,1.0,Entire home/apt,52.4392,13.71796,4.88,33,3.9318256327243257,1,1,0
43.0,2,2.0,1.0,Private room,52.48567,13.43559,5.0,22,3.7612001156935624,1,1,0
43.0,2,1.0,1.0,Private room,52.48797,13.43605,4.99,74,3.7612001156935624,1,1,0
81.0,2,1.0,1.0,Entire home/apt,52.54848,13.35704,4.8,25,4.394449154672439,1,1,0
74.0,2,1.0,1.0,Entire home/apt,52.5861,13.40806,4.81,32,4.30406509320417,1,1,0
129.0,4,1.0,0.0,Private room,52.5303688,13.4254427,4.44,25,4.859812404361672,1,0,0
136.0,2,0.0,1.0,Entire home/apt,52.52391,13.39975,4.75,1478,4.912654885736052,1,1,0
143.0,2,0.0,1.0,Entire home/apt,52.52391,13.39975,4.69,288,4.962844630259907,1,1,0
74.0,2,1.0,1.0,Entire home/apt,52.58759,13.40897,4.88,26,4.30406509320417,1,1,0
68.0,2,1.0,1.0,Entire home/apt,52.46044,13.13285,5.0,22,4.219507705176107,1,1,0
255.0,2,1.0,1.0,Entire home/apt,52.51578903198242,13.332290649414062,5.0,2,5.541263545158426,1,1,1
100.0,2,1.0,1.0,Private room,52.49683,13.42799,4.94,18,4.605170185988092,1,1,0
58.0,2,1.0,1.0,Private room,52.52353,13.35418,4.88,209,4.060443010546419,1,1,0
119.0,3,2.0,1.0,Entire home/apt,52.48071402667408,13.26287011569418,0.0,0,4.77912349311153,1,1,0
135.0,5,2.0,1.0,Private room,52.50448,13.33399,3.98,47,4.90527477843843,1,1,0
131.0,5,1.0,1.0,Private room,52.50425,13.33381,3.0,6,4.875197323201151,1,1,0
126.0,5,2.0,1.0,Entire home/apt,52.5204963684082,13.302329063415527,4.47,30,4.836281906951478,1,1,0
245.0,9,3.0,1.0,Entire home/apt,52.50016021728516,13.46379566192627,4.47,57,5.501258210544727,1,1,0
50.0,1,1.0,1.0,Private room,52.43721,13.2627,4.92,59,3.912023005428146,1,1,0
48.0,1,1.0,1.0,Private room,52.524418481822615,13.365581333327537,4.83,139,3.871201010907891,1,1,0
93.0,4,2.0,1.0,Entire home/apt,52.53642,13.41623,4.71,199,4.532599493153256,1,1,0
155.0,4,2.0,1.0,Entire home/apt,52.51192,13.46358,5.0,30,5.043425116919247,1,1,0
139.0,4,1.0,1.0,Entire home/apt,52.4899,13.42626,4.96,72,4.9344739331306915,1,1,0
62.0,4,0.0,1.0,Entire home/apt,52.5002,13.29579,4.53,188,4.127134385045092,1,1,0
61.0,2,1.0,1.0,Private room,52.52707,13.34109,4.31,129,4.110873864173311,1,0,0
78.0,2,1.0,1.5,Private room,52.46721742668988,13.323542400316134,5.0,36,4.356708826689592,1,1,0
31.0,1,1.0,1.0,Private room,52.48382,13.36019,4.87,23,3.4339872044851463,1,0,0
102.0,2,1.0,1.0,Entire home/apt,52.480568,13.42574,4.73,192,4.624972813284271,1,1,0
57.0,2,1.0,1.0,Entire home/apt,52.46637,13.58345,4.83,6,4.04305126783455,1,1,0
167.0,5,2.0,1.0,Entire home/apt,52.5036,13.38934,4.53,36,5.117993812416755,1,1,0
252.0,8,3.0,2.0,Entire home/apt,52.50319,13.38801,4.71,52,5.529429087511423,1,1,0
90.0,2,1.0,1.0,Entire home/apt,52.51097932441941,13.444435861587372,5.0,4,4.499809670330265,1,1,0
89.0,4,2.0,1.0,Entire home/apt,52.53673,13.41635,4.81,223,4.48863636973214,1,1,0
81.0,2,1.0,1.0,Entire home/apt,52.49374,13.4382,4.63,321,4.394449154672439,1,1,0
25.0,1,1.0,1.0,Private room,52.51594,13.33862,4.67,3,3.2188758248682006,1,1,0
190.0,4,2.0,1.0,Entire home/apt,52.53218,13.37919,5.0,1,5.247024072160486,1,1,0
81.0,1,2.0,1.0,Private room,52.61533,13.50043,0.0,0,4.394449154672439,1,1,0
107.0,4,1.0,1.0,Entire home/apt,52.53653,13.42309,4.63,178,4.672828834461906,1,1,0
191.0,9,2.0,2.0,Entire home/apt,52.50308,13.33521,4.35,133,5.25227342804663,1,1,0
100.0,3,1.0,1.0,Entire home/apt,52.60109,13.45696,4.93,27,4.605170185988092,1,1,0
131.0,2,1.0,1.0,Entire home/apt,52.52391,13.39975,4.77,465,4.875197323201151,1,0,0
175.0,4,1.0,1.0,Entire home/apt,52.52391,13.39975,4.79,47,5.1647859739235145,1,1,0
206.0,4,1.0,1.0,Entire home/apt,52.523911,13.399752,4.82,33,5.327876168789581,1,1,0
79.0,2,0.0,1.0,Entire home/apt,52.5022,13.32974,4.52,113,4.3694478524670215,1,1,0
161.0,6,1.0,1.0,Entire home/apt,52.49358,13.33043,5.0,3,5.081404364984463,1,1,0
181.0,6,2.0,1.0,Entire home/apt,52.4933,13.33196,4.27,56,5.198497031265826,1,1,0
70.0,2,1.0,1.0,Entire home/apt,52.54754708132122,13.412022979805208,4.86,58,4.248495242049359,1,1,0
145.0,2,1.0,1.5,Entire home/apt,52.50338896868086,13.34597297793452,0.0,0,4.976733742420574,1,1,0
126.0,3,1.0,1.0,Entire home/apt,52.49523,13.3317,4.6,15,4.836281906951478,1,1,0
48.0,2,1.0,1.0,Entire home/apt,52.54556,13.37813,5.0,7,3.871201010907891,1,1,0
245.0,7,3.0,1.5,Entire home/apt,52.5391845703125,13.4222412109375,4.65,151,5.501258210544727,1,1,0
225.0,4,1.0,1.0,Entire home/apt,52.47947295181219,13.332925253700848,0.0,0,5.41610040220442,1,1,0
57.0,2,0.0,1.0,Entire home/apt,52.50155,13.3316,4.33,3,4.04305126783455,1,1,0
99.0,6,2.0,1.0,Entire home/apt,52.49851,13.36923,4.7,195,4.59511985013459,1,1,0
50.0,2,0.0,1.0,Entire home/apt,52.46327,13.31685,3.67,3,3.912023005428146,1,1,0
95.0,2,1.0,1.0,Entire home/apt,52.43546,13.54595,4.94,84,4.553876891600541,1,0,0
70.0,2,1.0,1.0,Private room,52.48795700073242,13.420592308044434,4.86,21,4.248495242049359,1,1,0
105.0,4,1.0,1.0,Entire home/apt,52.49565,13.57989,4.88,17,4.653960350157523,1,1,0
60.0,2,0.0,1.0,Entire home/apt,52.53509,13.40721,0.0,0,4.0943445622221,1,1,0
85.0,1,0.0,1.0,Private room,52.49867,13.34014,4.54,112,4.442651256490317,1,0,0
107.0,2,0.0,1.0,Private room,52.4983,13.33839,4.29,49,4.672828834461906,1,0,0
117.0,2,0.0,1.0,Private room,52.49714,13.33794,4.54,41,4.762173934797756,1,0,0
128.0,2,0.0,1.0,Private room,52.49829,13.33962,4.52,25,4.852030263919617,1,0,0
121.0,2,0.0,1.0,Private room,52.49676,13.33806,4.33,9,4.795790545596741,1,0,0
130.0,4,2.0,1.0,Entire home/apt,52.49353,13.43909,4.63,322,4.867534450455582,1,1,0
91.0,3,1.0,1.0,Private room,52.50459,13.33507,4.12,343,4.51085950651685,1,0,0
70.0,3,1.0,2.5,Private room,52.49049,13.3611,4.68,28,4.248495242049359,1,1,0
128.0,3,1.0,1.0,Entire home/apt,52.51716,13.29335,4.85,20,4.852030263919617,1,1,0
100.0,2,1.0,1.0,Entire home/apt,52.5315,13.40026,4.67,6,4.605170185988092,1,1,0
80.0,5,2.0,1.0,Entire home/apt,52.42112,13.38972,4.79,97,4.382026634673881,1,1,0
99.0,2,1.0,1.0,Entire home/apt,52.45052,13.38296,4.84,32,4.59511985013459,1,1,0
104.0,4,1.0,1.0,Entire home/apt,52.49667,13.38289,4.92,161,4.6443908991413725,1,1,0
98.0,2,1.0,1.0,Entire home/apt,52.50329,13.38923,4.63,162,4.584967478670572,1,1,0
144.0,8,3.0,1.0,Entire home/apt,52.53207,13.42966,4.59,156,4.969813299576001,1,1,1
254.0,2,1.0,1.0,Entire home/apt,52.50942,13.45152,4.84,49,5.537334267018537,1,1,0
234.0,4,1.0,2.0,Entire home/apt,52.49997,13.33721,5.0,8,5.455321115357702,1,1,0
36.0,2,1.0,1.0,Private room,52.56556,13.40848,4.92,115,3.58351893845611,1,1,1
108.0,2,0.0,1.0,Entire home/apt,52.53148,13.38848,5.0,1,4.68213122712422,1,1,0
124.0,2,0.0,1.0,Entire home/apt,52.53148,13.38848,0.0,0,4.820281565605037,1,1,0
155.0,3,1.0,1.0,Entire home/apt,52.53148,13.38848,0.0,0,5.043425116919247,1,1,1
389.0,6,3.0,2.0,Entire home/apt,52.53148,13.38848,0.0,0,5.963579343618446,1,1,1
165.0,6,4.0,2.0,Entire home/apt,52.54238,13.62441,5.0,1,5.10594547390058,1,1,0
140.0,4,2.0,1.0,Entire home/apt,52.54033,13.62589,5.0,2,4.941642422609304,1,1,0
160.0,9,3.0,1.0,Entire home/apt,52.53405,13.43087,4.64,123,5.075173815233827,1,1,1
80.0,2,1.0,1.0,Private room,52.52366,13.39101,4.5,34,4.382026634673881,1,0,0
79.0,4,1.0,1.5,Entire home/apt,52.49864,13.42605,4.8,238,4.3694478524670215,1,1,0
80.0,4,1.0,1.0,Entire home/apt,52.49026,13.45728,4.86,7,4.382026634673881,1,1,0
149.0,10,3.0,1.0,Entire home/apt,52.53196,13.42891,4.68,165,5.003946305945459,1,1,1
45.0,3,1.0,1.0,Entire home/apt,52.41839,13.28576,0.0,0,3.8066624897703196,1,1,0
105.0,2,1.0,1.0,Entire home/apt,52.51177,13.4559,4.72,907,4.653960350157523,1,0,0
112.0,7,2.0,1.0,Entire home/apt,52.47538,13.42438,4.75,206,4.718498871295094,1,1,0
107.0,2,1.0,1.0,Entire home/apt,52.51177,13.4559,4.67,1522,4.672828834461906,1,0,0
111.0,2,1.0,1.0,Entire home/apt,52.51177,13.4559,4.64,338,4.709530201312334,1,1,0
125.0,4,1.0,1.0,Entire home/apt,52.51177,13.4559,4.68,65,4.8283137373023015,1,0,0
136.0,6,1.0,1.0,Entire home/apt,52.51177,13.4559,4.67,304,4.912654885736052,1,1,0
209.0,2,1.0,1.0,Entire home/apt,52.53475,13.42246,4.97,33,5.342334251964811,1,1,1
65.0,1,1.0,1.5,Private room,52.50337219238281,13.32002067565918,0.0,0,4.174387269895637,1,1,0
120.0,5,2.0,1.0,Entire home/apt,52.4742,13.60563,4.75,4,4.787491742782046,1,1,0
150.0,6,1.0,1.0,Entire home/apt,52.52627,13.40919,0.0,0,5.0106352940962555,1,1,0
500.0,1,1.0,1.0,Private room,52.5464,13.35991,0.0,0,6.214608098422191,1,0,0
196.0,4,1.0,1.5,Entire home/apt,52.5299,13.3991,4.99,117,5.278114659230517,1,1,0
154.0,5,2.0,1.0,Entire home/apt,52.51291,13.47145,4.52,54,5.0369526024136295,1,1,0
45.0,2,0.0,1.0,Entire home/apt,52.50992,13.41812,4.88,8,3.8066624897703196,1,1,0
94.0,3,1.0,1.0,Entire home/apt,52.43376,13.54631,5.0,3,4.543294782270004,1,1,0
83.0,3,1.0,1.0,Entire home/apt,52.51389,13.4505,4.99,129,4.418840607796598,1,1,0
87.0,2,1.0,1.0,Private room,52.50893,13.38818,4.59,1230,4.465908118654584,1,0,0
95.0,1,1.0,1.0,Entire home/apt,52.53522,13.4086,0.0,0,4.553876891600541,1,1,0
125.0,3,2.0,1.0,Entire home/apt,52.50293,13.37163,5.0,4,4.8283137373023015,1,1,0
90.0,2,1.0,1.0,Entire home/apt,52.54352,13.34766,4.83,6,4.499809670330265,1,1,0
62.0,2,1.0,1.0,Private room,52.55512,13.42549,4.98,56,4.127134385045092,1,1,0
36.0,3,1.0,1.0,Private room,52.48989,13.3578,5.0,2,3.58351893845611,1,1,0
39.0,2,1.0,2.0,Private room,52.45409,13.50393,4.88,65,3.6635616461296463,1,1,0
144.0,4,1.0,1.0,Entire home/apt,52.56465,13.4149,5.0,28,4.969813299576001,1,1,0
57.0,2,1.0,1.0,Entire home/apt,52.48972,13.43262,5.0,3,4.04305126783455,1,1,0
662.0,5,2.0,2.0,Entire home/apt,52.53850555419922,13.40598201751709,5.0,17,6.495265555937008,1,1,0
63.0,2,1.0,1.0,Private room,52.52241,13.35536,4.86,50,4.143134726391533,0,1,0
34.0,3,1.0,1.0,Entire home/apt,52.55794,13.48922,0.0,0,3.5263605246161616,1,1,0
65.0,2,0.0,1.0,Entire home/apt,52.52949,13.42525,5.0,3,4.174387269895637,1,1,0
49.0,3,1.0,1.0,Private room,52.526142,13.418946,4.64,193,3.8918202981106265,1,1,0
150.0,2,1.0,1.0,Entire home/apt,52.51116,13.45647,5.0,53,5.0106352940962555,1,1,0
73.0,2,1.0,1.0,Private room,52.51481,13.49976,0.0,0,4.290459441148391,1,1,1
69.0,3,0.0,1.0,Entire home/apt,52.49595,13.48288,4.53,137,4.23410650459726,1,1,0
50.0,2,0.0,1.0,Private room,52.50668,13.43622,0.0,0,3.912023005428146,1,1,0
89.0,2,1.0,1.0,Entire home/apt,52.41991,13.42335,4.29,34,4.48863636973214,1,1,0
64.0,4,2.0,1.0,Entire home/apt,52.45332,13.51765,4.92,211,4.1588830833596715,1,1,0
95.0,5,1.0,1.0,Entire home/apt,52.4995,13.46112,4.84,229,4.553876891600541,1,1,0
320.0,4,2.0,1.0,Entire home/apt,52.52883,13.39467,5.0,4,5.768320995793772,1,1,0
63.0,2,1.0,1.0,Private room,52.501038,13.356569,4.95,110,4.143134726391533,1,1,1
150.0,2,1.0,1.0,Entire home/apt,52.49238,13.37742,5.0,4,5.0106352940962555,1,1,0
106.0,2,1.0,1.0,Private room,52.5033,13.4443,4.56,25,4.663439094112067,1,0,0
130.0,2,1.0,1.0,Entire home/apt,52.49484,13.42993,4.93,30,4.867534450455582,1,1,0
51.0,2,1.0,1.0,Entire home/apt,52.48288,13.43918,5.0,1,3.9318256327243257,1,1,0
80.0,2,1.0,1.0,Private room,52.44416,13.50225,5.0,24,4.382026634673881,1,1,0
424.0,2,1.0,1.0,Entire home/apt,52.4895,13.48351,5.0,2,6.049733455231958,0,1,0
80.0,3,1.0,1.0,Entire home/apt,52.43157,13.27124,4.95,86,4.382026634673881,1,1,0
65.0,2,1.0,1.0,Private room,52.5115,13.46099,4.96,27,4.174387269895637,1,1,0
89.0,2,1.0,1.0,Entire home/apt,52.44213,13.69871,5.0,2,4.48863636973214,1,1,0
95.0,2,1.0,1.5,Entire home/apt,52.58587,13.28334,5.0,4,4.553876891600541,1,1,0
64.0,5,2.0,1.0,Entire home/apt,52.44979,13.50709,4.5,4,4.1588830833596715,1,1,0
165.0,2,1.0,1.0,Private room,52.507736,13.388472,4.55,11,5.10594547390058,1,1,1
34.0,2,1.0,1.0,Private room,52.56549,13.31766,4.89,171,3.5263605246161616,1,1,1
223.0,4,1.0,1.0,Entire home/apt,52.49141,13.48702,4.97,190,5.407171771460119,1,1,0
365.0,2,1.0,1.0,Entire home/apt,52.50140170179438,13.4336691853434,5.0,17,5.8998973535824915,1,1,0
250.0,2,1.0,1.0,Entire home/apt,52.40571,13.65817,5.0,11,5.521460917862246,1,1,0
75.0,4,1.0,1.0,Entire home/apt,52.473,13.383,4.79,184,4.31748811353631,1,1,1
40.0,2,1.0,1.0,Entire home/apt,52.47351,13.3848,4.74,221,3.6888794541139363,1,1,0
131.0,8,2.0,2.0,Entire home/apt,52.62738,13.23538,5.0,34,4.875197323201151,1,1,0
86.0,6,1.0,1.5,Entire home/apt,52.51382,13.44929,4.84,210,4.454347296253507,1,1,0
590.0,16,0.0,1.5,Entire home/apt,52.54794,13.38171,0.0,0,6.380122536899765,1,1,0
77.0,1,1.0,1.5,Private room,52.50967,13.45164,0.0,0,4.343805421853684,1,1,0
90.0,4,1.0,1.0,Entire home/apt,52.48675,13.36324,4.8,181,4.499809670330265,1,1,0
185.0,3,1.0,1.0,Private room,52.507736,13.388472,4.53,34,5.220355825078324,1,1,1
60.0,1,0.0,1.0,Entire home/apt,52.51937,13.40584,4.8,25,4.0943445622221,1,1,0
135.0,6,2.0,1.0,Entire home/apt,52.4892808,13.4249671,5.0,17,4.90527477843843,1,1,0
52.0,2,1.0,1.0,Entire home/apt,52.52121,13.62801,4.75,8,3.9512437185814275,1,1,0
416.0,13,3.0,3.0,Entire home/apt,52.541718,13.363287,5.0,13,6.030685260261263,1,1,0
129.0,6,2.0,2.5,Entire home/apt,52.53476,13.40293,4.88,209,4.859812404361672,1,1,0
82.0,1,1.0,1.0,Private room,52.50978690080229,13.46790081139187,5.0,79,4.406719247264253,1,1,0
45.0,2,1.0,1.5,Private room,52.48971,13.33524,4.76,140,3.8066624897703196,1,1,0
171.0,4,2.0,1.0,Entire home/apt,52.49881,13.43493,5.0,16,5.14166355650266,1,1,0
190.0,2,1.0,1.0,Entire home/apt,52.48975,13.33263,5.0,2,5.247024072160486,1,1,0
137.0,6,2.0,1.0,Entire home/apt,52.53683,13.42848,4.5,10,4.919980925828125,1,1,0
97.0,2,1.0,1.0,Private room,52.49377603437224,13.45515362445047,0.0,0,4.574710978503383,1,1,0
89.0,2,0.0,1.0,Entire home/apt,52.5002,13.35273,4.75,2418,4.48863636973214,1,0,0
91.0,2,0.0,1.0,Entire home/apt,52.5002,13.35273,4.71,161,4.51085950651685,1,0,0
98.0,2,0.0,1.0,Entire home/apt,52.5002,13.35273,4.62,50,4.584967478670572,1,1,0
101.0,2,0.0,1.0,Entire home/apt,52.5002,13.35273,4.67,167,4.61512051684126,1,1,0
113.0,4,1.0,1.0,Entire home/apt,52.5002,13.35273,4.69,173,4.727387818712341,1,1,0
116.0,4,0.0,1.0,Entire home/apt,52.5002,13.35273,4.69,54,4.7535901911063645,1,1,0
119.0,4,0.0,1.0,Entire home/apt,52.5002,13.35273,4.69,16,4.77912349311153,1,1,0
189.0,4,0.0,1.0,Entire home/apt,52.5002,13.35273,4.71,34,5.241747015059643,1,1,0
250.0,6,4.0,2.0,Entire home/apt,52.59956,13.43459,5.0,8,5.521460917862246,1,1,0
101.0,5,1.0,1.0,Entire home/apt,52.52194,13.32723,4.52,195,4.61512051684126,1,1,0
80.0,3,1.0,1.0,Entire home/apt,52.51943,13.32676,4.49,172,4.382026634673881,1,1,0
47.0,2,1.0,1.0,Entire home/apt,52.4620611,13.3169925,5.0,4,3.8501476017100584,1,1,0
114.0,2,1.0,1.0,Entire home/apt,52.51656,13.45845,5.0,1,4.736198448394496,1,1,0
62.0,1,1.0,1.0,Private room,52.49941,13.43678,5.0,12,4.127134385045092,1,1,0
170.0,2,1.0,1.0,Entire home/apt,52.52039,13.38352,4.97,140,5.135798437050262,1,1,0
138.0,2,1.0,1.0,Entire home/apt,52.50667518952193,13.314179442822931,5.0,57,4.927253685157205,1,1,0
243.0,4,2.0,1.0,Entire home/apt,52.52908,13.38628,5.0,1,5.493061443340548,1,1,0
72.0,2,1.0,1.0,Entire home/apt,52.53279,13.42195,4.78,9,4.276666119016055,1,1,0
50.0,3,1.0,1.5,Private room,52.4379,13.41782,4.69,90,3.912023005428146,1,0,0
138.0,3,1.0,1.0,Entire home/apt,52.49567,13.396189,4.58,654,4.927253685157205,1,1,0
321.0,4,2.0,1.0,Entire home/apt,52.49566,13.316,4.89,37,5.771441123130016,1,1,1
170.0,4,2.0,2.0,Entire home/apt,52.53369,13.36677,4.74,23,5.135798437050262,1,1,1
55.0,1,1.0,1.0,Entire home/apt,52.50533,13.31171,5.0,7,4.007333185232471,1,1,0
80.0,2,1.0,1.0,Private room,52.5004,13.33418,4.75,24,4.382026634673881,1,0,0
44.0,2,0.0,0.0,Entire home/apt,52.56978,13.49989,4.8,132,3.784189633918261,1,1,0
240.0,7,1.0,1.0,Private room,52.54082,13.41633,4.21,28,5.480638923341991,1,1,0
95.0,2,1.0,1.0,Entire home/apt,52.43599,13.54391,4.91,105,4.553876891600541,1,1,0
150.0,4,2.0,1.5,Entire home/apt,52.52826,13.40057,5.0,8,5.0106352940962555,1,1,0
95.0,2,1.0,1.0,Entire home/apt,52.438,13.27802,4.82,38,4.553876891600541,1,1,0
45.0,2,0.0,1.0,Private room,52.52798,13.46093,5.0,1,3.8066624897703196,1,1,0
63.0,2,1.0,1.0,Private room,52.47369,13.57221,4.89,19,4.143134726391533,1,0,1
180.0,5,2.0,1.0,Entire home/apt,52.53301,13.42521,5.0,1,5.19295685089021,1,1,0
86.0,3,1.0,1.0,Entire home/apt,52.5881,13.39904,4.91,22,4.454347296253507,0,1,0
75.0,2,1.0,1.0,Entire home/apt,52.453269958496094,13.333468437194824,4.79,118,4.31748811353631,1,1,0
152.0,4,1.0,1.0,Entire home/apt,52.530289,13.402018,4.96,47,5.0238805208462765,1,1,0
54.0,6,3.0,1.0,Entire home/apt,52.50933875481485,13.454344101142096,5.0,5,3.9889840465642745,1,1,0
121.0,3,1.0,1.0,Entire home/apt,52.50173,13.41092,4.58,1480,4.795790545596741,1,1,0
1026.0,12,3.0,1.0,Entire home/apt,52.379563,13.648474,4.5,10,6.933423025730715,1,1,0
120.0,2,1.0,1.0,Entire home/apt,52.54309,13.41819,4.94,160,4.787491742782046,1,1,0
174.0,3,1.0,1.0,Entire home/apt,52.48096635408277,13.427860460596882,0.0,0,5.159055299214529,1,1,0
49.0,1,1.0,1.5,Private room,52.504101,13.29078,4.97,67,3.8918202981106265,1,1,0
65.0,1,1.0,1.0,Private room,52.50553,13.40776,4.5,8,4.174387269895637,1,0,0
69.0,2,1.0,1.0,Private room,52.49414,13.31045,4.21,213,4.23410650459726,1,0,0
78.0,1,1.0,1.0,Entire home/apt,52.48647,13.37289,5.0,1,4.356708826689592,1,1,0
102.0,3,1.0,1.0,Entire home/apt,52.54413,13.42043,4.9,52,4.624972813284271,1,1,0
128.0,4,1.0,1.0,Entire home/apt,52.411,13.66383,5.0,16,4.852030263919617,1,1,0
85.0,4,1.0,1.0,Entire home/apt,52.499474,13.463846,4.78,138,4.442651256490317,1,1,0
54.0,2,1.0,1.0,Private room,52.48457,13.43356,4.93,141,3.9889840465642745,1,0,0
120.0,2,1.0,1.0,Entire home/apt,52.4468280858881,13.629672266542912,5.0,24,4.787491742782046,1,1,0
86.0,2,1.0,1.0,Entire home/apt,52.546902,13.401907,4.89,93,4.454347296253507,1,1,0
74.0,1,1.0,1.0,Entire home/apt,52.45752,13.33087,0.0,0,4.30406509320417,1,1,0
32.0,1,1.0,2.5,Private room,52.50336,13.32771,5.0,1,3.4657359027997265,1,1,0
57.0,6,2.0,1.0,Entire home/apt,52.49083,13.38425,4.82,44,4.04305126783455,1,1,1
83.0,4,1.0,1.5,Entire home/apt,52.41305,13.66278,5.0,15,4.418840607796598,1,1,0
63.0,1,2.0,1.0,Private room,52.45452,13.52097,5.0,17,4.143134726391533,1,1,0
113.0,7,2.0,1.5,Entire home/apt,52.42258,13.32874,4.92,74,4.727387818712341,1,1,0
72.0,4,1.0,2.0,Entire home/apt,52.48219,13.34993,4.94,16,4.276666119016055,1,1,0
225.0,4,2.0,1.0,Entire home/apt,52.46744,13.42893,4.92,13,5.41610040220442,1,1,0
48.0,2,1.0,1.0,Entire home/apt,52.38332793124256,13.395651562951018,0.0,0,3.871201010907891,1,1,0
101.0,2,1.0,1.0,Entire home/apt,52.52031,13.25561,4.97,30,4.61512051684126,1,1,0
653.0,16,7.0,3.0,Entire home/apt,52.468239,13.38998,4.92,59,6.481577129276431,1,1,0
73.0,4,1.0,1.0,Entire home/apt,52.51811,13.30694,4.61,109,4.290459441148391,1,1,0
82.0,2,0.0,1.0,Entire home/apt,52.551581468504686,13.378124474500364,4.95,76,4.406719247264253,1,1,0
162.0,5,4.0,1.0,Entire home/apt,52.53026,13.3936,4.93,14,5.087596335232384,1,1,0
66.0,4,2.0,1.0,Entire home/apt,52.45469,13.5154,4.81,208,4.189654742026425,1,1,0
64.0,4,1.0,1.0,Entire home/apt,52.45342,13.5156,4.87,202,4.1588830833596715,1,1,0
89.0,1,1.0,1.0,Entire home/apt,52.41919,13.42568,4.45,11,4.48863636973214,1,1,0
134.0,4,2.0,2.0,Entire home/apt,52.49105,13.41803,4.86,37,4.897839799950911,1,1,0
78.0,2,0.0,1.0,Entire home/apt,52.533169,13.433182,4.81,158,4.356708826689592,1,1,0
150.0,2,0.0,1.5,Entire home/apt,52.53158,13.40513,0.0,0,5.0106352940962555,0,0,0
31.0,1,1.0,1.0,Private room,52.42667,13.31759,5.0,5,3.4339872044851463,1,1,0
432.0,4,2.0,2.0,Entire home/apt,52.50587,13.37746,5.0,50,6.068425588244111,1,1,0
190.0,8,6.0,2.0,Entire home/apt,52.44774,13.33231,5.0,1,5.247024072160486,1,1,0
31.0,2,1.0,1.0,Entire home/apt,52.51653,13.29569,4.58,40,3.4339872044851463,1,1,0
159.0,2,0.0,1.0,Entire home/apt,52.48967,13.48509,0.0,0,5.0689042022202315,0,0,0
134.0,4,2.0,2.0,Entire home/apt,52.52079,13.39306,4.78,192,4.897839799950911,1,1,0
131.0,3,2.0,1.0,Entire home/apt,52.49908,13.43064,4.92,12,4.875197323201151,1,1,0
85.0,1,0.0,1.0,Entire home/apt,52.42084,13.42355,3.92,12,4.442651256490317,1,1,0
129.0,2,1.0,1.0,Entire home/apt,52.51234,13.30072,4.89,130,4.859812404361672,1,1,0
79.0,4,2.0,1.0,Entire home/apt,52.49598,13.32651,4.85,191,4.3694478524670215,1,1,0
175.0,4,2.0,1.0,Entire home/apt,52.48415,13.44124,4.89,80,5.1647859739235145,1,1,0
200.0,4,2.0,1.0,Entire home/apt,52.51687,13.43297,0.0,0,5.298317366548036,1,1,0
35.0,1,1.0,1.0,Private room,52.55236,13.41319,5.0,4,3.5553480614894135,1,1,0
47.0,2,1.0,1.0,Private room,52.50864,13.456,5.0,4,3.8501476017100584,1,1,0
119.0,2,1.0,1.0,Entire home/apt,52.53828,13.35897,4.62,74,4.77912349311153,1,1,0
73.0,2,1.0,1.0,Private room,52.53564,13.40453,4.78,9,4.290459441148391,0,0,0
78.0,4,1.0,1.0,Entire home/apt,52.54892,13.4597,4.58,26,4.356708826689592,0,1,0
184.0,6,2.0,1.5,Entire home/apt,52.51292,13.47,4.8,20,5.214935757608986,1,1,0
94.0,3,1.0,1.0,Entire home/apt,52.50631,13.41099,4.93,107,4.543294782270004,1,1,0
56.0,2,1.0,1.0,Private room,52.49431,13.42538,4.91,238,4.02535169073515,1,1,0
59.0,1,1.0,1.0,Private room,52.52706527709961,13.341093063354492,4.3,86,4.07753744390572,1,0,0
68.0,2,1.0,1.0,Entire home/apt,52.53367,13.44117,5.0,2,4.219507705176107,1,1,0
100.0,2,0.0,1.0,Entire home/apt,52.45687,13.58151,4.3,27,4.605170185988092,1,1,0
86.0,6,1.0,1.0,Entire home/apt,52.54988,13.34751,4.82,55,4.454347296253507,1,1,0
70.0,2,1.0,1.0,Entire home/apt,52.54791,13.40184,5.0,5,4.248495242049359,1,1,0
220.0,5,3.0,2.0,Entire home/apt,52.55515,13.43567,5.0,41,5.393627546352362,1,1,0
105.0,2,1.0,1.0,Entire home/apt,52.53557,13.41825,0.0,0,4.653960350157523,1,1,0
109.0,2,1.0,2.0,Entire home/apt,52.52519,13.39189,4.88,43,4.6913478822291435,1,1,0
43.0,2,1.0,1.5,Private room,52.51261,13.29159,4.64,245,3.7612001156935624,1,1,0
113.0,2,0.0,1.0,Entire home/apt,52.53415,13.4144,5.0,12,4.727387818712341,1,1,0
58.0,1,1.0,1.0,Entire home/apt,52.554314,13.342009,4.55,47,4.060443010546419,1,1,0
140.0,2,1.0,1.0,Entire home/apt,52.53021,13.39432,4.88,25,4.941642422609304,1,1,0
150.0,3,1.0,1.0,Private room,52.54126,13.554639,0.0,0,5.0106352940962555,1,0,0
249.0,3,1.0,2.0,Entire home/apt,52.51439,13.41986,4.79,38,5.517452896464707,1,1,0
75.0,2,2.0,1.5,Entire home/apt,52.5522,13.44958,5.0,2,4.31748811353631,1,1,0
75.0,2,1.0,1.0,Entire home/apt,52.51478,13.34003,4.84,89,4.31748811353631,1,1,0
50.0,2,1.0,1.0,Private room,52.51254,13.41688,4.95,128,3.912023005428146,0,1,0
74.0,3,1.0,1.0,Entire home/apt,52.52686,13.33205,4.89,19,4.30406509320417,1,1,0
113.0,3,1.0,1.0,Private room,52.54126,13.554639,5.0,1,4.727387818712341,1,0,0
82.0,2,1.0,1.0,Private room,52.50032382111602,13.420955995236472,5.0,17,4.406719247264253,1,1,0
61.0,2,1.0,1.0,Private room,52.528174424030176,13.340380287375838,4.35,43,4.110873864173311,1,0,0
70.0,2,1.0,1.0,Private room,52.52706527709961,13.341093063354492,4.33,95,4.248495242049359,1,0,0
86.0,1,1.0,1.0,Private room,52.5083,13.38767,4.69,75,4.454347296253507,1,0,0
101.0,2,1.0,1.0,Private room,52.50988,13.38931,4.67,281,4.61512051684126,1,0,0
106.0,2,1.0,1.0,Private room,52.50816,13.38735,4.11,19,4.663439094112067,1,0,0
88.0,2,2.0,1.0,Entire home/apt,52.52747,13.4099,4.84,45,4.477336814478207,1,1,0
154.0,4,1.0,1.0,Entire home/apt,52.49736,13.43097,4.94,245,5.0369526024136295,1,1,0
76.0,2,1.0,1.0,Entire home/apt,52.46097,13.51984,4.67,6,4.330733340286331,1,1,0
187.0,2,1.0,1.0,Entire home/apt,52.53209,13.40611,5.0,3,5.231108616854587,1,1,0
108.0,4,1.0,1.0,Entire home/apt,52.50825,13.45708,4.8,30,4.68213122712422,1,1,0
217.0,2,1.0,1.0,Entire home/apt,52.531208,13.405127,4.87,15,5.37989735354046,1,1,0
348.0,6,3.0,2.0,Entire home/apt,52.53214,13.40545,4.97,187,5.8522024797744745,1,1,0
65.0,3,0.0,1.0,Entire home/apt,52.43659,13.5125,4.92,96,4.174387269895637,1,1,0
67.0,2,1.0,1.0,Private room,52.513206,13.429037,4.73,70,4.204692619390966,1,1,0
109.0,2,1.0,1.5,Private room,52.49694,13.31753,5.0,21,4.6913478822291435,1,0,0
75.0,2,1.0,1.0,Entire home/apt,52.5251,13.40625,0.0,0,4.31748811353631,1,1,0
137.0,4,2.0,1.0,Entire home/apt,52.43513,13.55568,4.86,7,4.919980925828125,1,1,0
93.0,1,1.0,1.0,Private room,52.49778,13.35222,0.0,0,4.532599493153256,1,0,0
114.0,2,1.0,1.0,Private room,52.49839,13.35044,5.0,3,4.736198448394496,1,0,0
114.0,2,1.0,1.0,Private room,52.49886,13.35242,4.83,6,4.736198448394496,1,0,0
144.0,3,1.0,1.0,Private room,52.49946,13.35081,4.8,5,4.969813299576001,1,0,0
175.0,4,1.0,1.0,Private room,52.49966,13.35057,0.0,0,5.1647859739235145,1,0,0
70.0,3,1.0,1.0,Entire home/apt,52.53779,13.42251,4.65,120,4.248495242049359,1,1,0
83.0,4,2.0,1.0,Entire home/apt,52.53767,13.4228,4.55,104,4.418840607796598,1,1,0
113.0,2,1.0,1.0,Private room,52.49895,13.31586,4.67,12,4.727387818712341,1,0,0
120.0,3,1.0,1.5,Entire home/apt,52.50068,13.46277,5.0,2,4.787491742782046,1,1,0
290.0,4,2.0,2.0,Entire home/apt,52.53018,13.40614,4.96,24,5.66988092298052,1,1,0
64.0,2,1.0,1.0,Private room,52.52926,13.40116,4.92,149,4.1588830833596715,1,1,0
123.0,2,1.0,1.0,Private room,52.51016,13.43212,4.88,90,4.812184355372417,1,0,1
128.0,2,1.0,1.0,Private room,52.509636,13.431273,4.86,37,4.852030263919617,1,0,1
139.0,2,1.0,1.0,Private room,52.509636,13.431273,4.58,76,4.9344739331306915,1,0,1
104.0,4,2.0,1.0,Entire home/apt,52.52513,13.48113,4.78,85,4.6443908991413725,1,1,0
90.0,2,1.0,2.0,Private room,52.49407069999999,13.425113,4.78,108,4.499809670330265,1,1,0
60.0,1,1.0,2.0,Private room,52.53585,13.37782,4.93,122,4.0943445622221,1,1,0
72.0,2,1.0,1.0,Entire home/apt,52.56041500935824,13.460794413391936,4.85,20,4.276666119016055,1,1,0
99.0,2,1.0,1.0,Entire home/apt,52.47248,13.44913,4.97,257,4.59511985013459,1,1,0
129.0,6,3.0,1.0,Entire home/apt,52.49403,13.28403,5.0,1,4.859812404361672,1,1,0
119.0,4,1.0,1.0,Private room,52.50396,13.33362,4.17,72,4.77912349311153,1,0,0
41.0,2,1.0,1.0,Private room,52.553101,13.41621,4.94,125,3.713572066704308,1,1,0
126.0,4,2.0,1.0,Entire home/apt,52.51081,13.46919,4.82,17,4.836281906951478,1,1,0
174.0,2,1.0,1.0,Entire home/apt,52.51938,13.45211,4.8,5,5.159055299214529,0,0,0
67.0,2,1.0,1.0,Private room,52.54619,13.37752,5.0,4,4.204692619390966,1,1,0
71.0,2,1.0,1.0,Entire home/apt,52.55204117911076,13.390379098228657,4.81,26,4.2626798770413155,1,1,0
80.0,1,1.0,1.0,Private room,52.44521,13.55919,4.73,15,4.382026634673881,1,1,0
91.0,3,1.0,1.0,Entire home/apt,52.42256,13.15951,4.14,7,4.51085950651685,1,1,0
59.0,2,1.0,1.0,Private room,52.5013,13.37231,4.93,71,4.07753744390572,1,0,0
360.0,8,4.0,4.0,Private room,52.44474,13.43671,5.0,11,5.886104031450156,1,1,1
137.0,2,1.0,1.0,Entire home/apt,52.54364,13.41997,4.87,47,4.919980925828125,1,1,0
81.0,2,1.0,1.0,Private room,52.49159,13.35607,4.96,67,4.394449154672439,1,1,0
196.0,3,1.0,1.0,Private room,52.5303,13.40203,5.0,2,5.278114659230517,1,0,1
150.0,2,1.0,1.0,Private room,52.52834,13.40158,0.0,0,5.0106352940962555,1,0,1
164.0,3,1.0,1.0,Private room,52.52961,13.40247,5.0,1,5.099866427824199,1,0,1
162.0,3,2.0,1.0,Entire home/apt,52.504009,13.292932,4.97,38,5.087596335232384,1,1,1
50.0,3,1.0,1.0,Private room,52.47951,13.42899,4.74,31,3.912023005428146,1,1,0
66.0,2,0.0,1.0,Entire home/apt,52.50652,13.28923,4.96,23,4.189654742026425,1,1,0
70.0,2,1.0,1.0,Entire home/apt,52.46367,13.33085,0.0,0,4.248495242049359,1,1,0
323.0,2,1.0,1.0,Entire home/apt,52.52038,13.35994,5.0,1,5.777652323222656,1,1,1
111.0,4,1.0,1.0,Entire home/apt,52.50727,13.46818,4.68,178,4.709530201312334,1,1,0
118.0,1,1.0,1.0,Private room,52.52837,13.40188,5.0,5,4.770684624465665,1,0,1
234.0,6,2.0,1.0,Entire home/apt,52.483467,13.528755,4.68,37,5.455321115357702,1,1,0
138.0,2,1.0,1.0,Private room,52.52838,13.40163,4.75,4,4.927253685157205,1,0,1
239.0,5,2.0,1.5,Entire home/apt,52.49187,13.38825,4.88,42,5.476463551931511,1,1,0
90.0,4,1.0,1.0,Entire home/apt,52.46949,13.44375,4.67,3,4.499809670330265,1,1,0
48.0,2,1.0,1.0,Private room,52.52214,13.33433,4.84,96,3.871201010907891,1,1,0
360.0,8,3.0,1.0,Entire home/apt,52.51242,13.53305,4.52,31,5.886104031450156,1,1,0
65.0,2,1.0,1.0,Entire home/apt,52.43522,13.51232,4.82,113,4.174387269895637,1,1,0
75.0,3,1.0,1.0,Private room,52.55161,13.35526,4.71,7,4.31748811353631,1,1,0
34.0,1,1.0,1.0,Private room,52.49213,13.4442,5.0,10,3.5263605246161616,1,1,0
133.0,4,1.0,1.0,Entire home/apt,52.48914,13.38879,4.91,11,4.890349128221754,1,1,0
50.0,1,1.0,1.0,Private room,52.56412,13.40334,5.0,7,3.912023005428146,1,1,0
70.0,2,1.0,1.0,Private room,52.50135,13.42169,5.0,15,4.248495242049359,1,1,0
98.0,6,3.0,1.0,Entire home/apt,52.4126,13.66495,4.32,19,4.584967478670572,1,1,0
143.0,2,1.0,1.0,Private room,52.5291,13.40101,4.83,24,4.962844630259907,1,1,0
108.0,3,1.0,1.0,Entire home/apt,52.48114,13.42411,4.88,16,4.68213122712422,1,1,0
300.0,8,3.0,1.5,Entire home/apt,52.54843,13.44983,4.62,42,5.703782474656201,1,1,0
90.0,2,1.0,1.0,Entire home/apt,52.5237313865308,13.41370745285359,4.6,43,4.499809670330265,1,1,0
200.0,2,1.0,1.0,Private room,52.53162,13.46957,4.88,160,5.298317366548036,1,1,0
68.0,1,1.0,1.0,Private room,52.47761,13.43816,4.67,3,4.219507705176107,0,0,0
64.0,1,1.0,0.0,Private room,52.5303688,13.4254427,4.4,473,4.1588830833596715,1,0,0
56.0,2,1.0,1.0,Private room,52.5407,13.35316,4.93,172,4.02535169073515,1,0,0
102.0,2,1.0,1.0,Entire home/apt,52.52423,13.41254,4.82,127,4.624972813284271,1,1,0
49.0,1,1.0,1.0,Private room,52.55417,13.42729,4.94,17,3.8918202981106265,1,1,0
95.0,2,1.0,1.0,Entire home/apt,52.53957,13.4114,5.0,7,4.553876891600541,1,1,0
61.0,3,1.0,1.0,Entire home/apt,52.53628,13.43294,4.75,8,4.110873864173311,1,1,0
75.0,1,1.0,1.0,Private room,52.48807,13.38895,4.67,30,4.31748811353631,1,1,0
107.0,1,1.0,1.0,Entire home/apt,52.46097,13.51984,4.75,4,4.672828834461906,1,1,0
66.0,3,1.0,1.0,Entire home/apt,52.46493,13.68626,4.93,91,4.189654742026425,1,1,0
164.0,2,1.0,1.5,Entire home/apt,52.53182,13.37287,5.0,17,5.099866427824199,1,1,0
61.0,2,1.0,1.0,Private room,52.461651,13.518462,5.0,3,4.110873864173311,1,1,1
243.0,4,2.0,2.0,Entire home/apt,52.48845,13.4429,5.0,18,5.493061443340548,1,1,0
137.0,8,3.0,1.0,Entire home/apt,52.44902,13.34466,3.67,3,4.919980925828125,1,1,0
105.0,6,3.0,1.0,Entire home/apt,52.45556,13.52022,4.33,3,4.653960350157523,1,1,0
126.0,8,3.0,2.0,Entire home/apt,52.53617,13.42665,4.8,41,4.836281906951478,1,1,0
51.0,1,1.0,1.5,Private room,52.41635,13.50105,4.88,133,3.9318256327243257,1,1,0
186.0,4,1.0,1.0,Private room,52.50179,13.41892,4.93,60,5.225746673713202,1,1,0
83.0,1,1.0,1.0,Private room,52.47245,13.44808,5.0,6,4.418840607796598,1,1,0
90.0,1,1.0,1.0,Private room,52.50051,13.40514,5.0,18,4.499809670330265,1,1,0
60.0,6,1.0,1.0,Entire home/apt,52.56125,13.20603,4.67,3,4.0943445622221,1,1,0
81.0,2,1.0,0.0,Private room,52.5303688,13.4254427,4.37,284,4.394449154672439,1,0,0
19.0,1,1.0,1.0,Shared room,52.52411,13.38989,4.7,37,2.9444389791664403,1,0,0
84.0,6,1.0,1.0,Entire home/apt,52.49958,13.46109,4.86,188,4.430816798843313,1,1,0
37.0,1,1.0,1.0,Private room,52.53986,13.35044,4.93,108,3.6109179126442243,1,1,0
96.0,2,1.0,2.0,Private room,52.4185,13.33243,5.0,29,4.564348191467836,1,1,0
180.0,2,2.0,1.0,Entire home/apt,52.50367,13.41222,4.68,66,5.19295685089021,1,1,0
140.0,2,1.0,1.0,Entire home/apt,52.532486,13.417602,4.92,24,4.941642422609304,1,1,0
230.0,5,3.0,2.0,Entire home/apt,52.48549,13.39335,4.94,18,5.438079308923196,1,1,0
255.0,6,3.0,2.0,Entire home/apt,52.54933,13.4598,4.9,10,5.541263545158426,1,1,0
105.0,5,2.0,2.5,Entire home/apt,52.42561,13.26835,5.0,2,4.653960350157523,1,1,0
200.0,2,1.0,1.0,Entire home/apt,52.5244,13.40979,4.87,23,5.298317366548036,1,1,0
64.0,2,2.0,1.0,Entire home/apt,52.50057,13.56123,5.0,2,4.1588830833596715,1,1,0
57.0,3,1.0,1.0,Private room,52.48277,13.42408,4.97,34,4.04305126783455,1,1,1
137.0,8,2.0,1.0,Entire home/apt,52.5333,13.34689,4.25,8,4.919980925828125,1,1,0
64.0,1,1.0,1.0,Entire home/apt,52.46097,13.51984,5.0,1,4.1588830833596715,1,1,0
71.0,1,1.0,1.0,Entire home/apt,52.46097,13.51984,4.67,3,4.2626798770413155,0,0,0
70.0,1,1.0,1.0,Entire home/apt,52.46147876670327,13.520906980913963,4.8,5,4.248495242049359,0,0,0
71.0,1,1.0,1.0,Entire home/apt,52.46215,13.52087,0.0,0,4.2626798770413155,1,1,0
51.0,2,1.0,1.0,Private room,52.53409,13.43122,4.9,29,3.9318256327243257,1,1,0
101.0,3,1.0,1.0,Entire home/apt,52.48812152204732,13.422500018168767,4.9,31,4.61512051684126,1,1,0
103.0,3,1.0,1.0,Entire home/apt,52.54998,13.44832,4.92,168,4.634728988229636,1,1,0
63.0,4,2.0,1.0,Entire home/apt,52.45513,13.51592,4.85,197,4.143134726391533,1,1,0
84.0,2,1.0,1.0,Entire home/apt,52.5192,13.46552,5.0,1,4.430816798843313,1,1,0
55.0,1,1.0,1.0,Private room,52.42419,13.36616,4.98,95,4.007333185232471,1,0,0
75.0,3,2.0,1.0,Entire home/apt,52.53067,13.39139,4.88,56,4.31748811353631,1,1,0
172.0,4,1.0,1.0,Entire home/apt,52.48630905151367,13.42386245727539,3.67,6,5.147494476813453,1,1,0
106.0,4,1.0,1.0,Entire home/apt,52.5174,13.46388,4.88,125,4.663439094112067,1,1,0
112.0,2,1.0,1.0,Entire home/apt,52.55097579956055,13.41696834564209,4.87,30,4.718498871295094,1,1,0
80.0,2,1.0,1.0,Entire home/apt,52.47562421467973,13.341596978399666,5.0,1,4.382026634673881,1,1,0
47.0,1,1.0,1.0,Private room,52.41148,13.26181,5.0,1,3.8501476017100584,1,1,0
148.0,6,1.0,1.0,Entire home/apt,52.550975,13.4169683,4.9,50,4.997212273764115,1,1,0
166.0,3,1.0,1.5,Entire home/apt,52.52543,13.39064,4.84,19,5.111987788356544,1,1,0
105.0,1,0.0,1.0,Private room,52.51325,13.44829,4.5,4,4.653960350157523,1,0,0
109.0,2,1.0,1.0,Private room,52.51289,13.44771,4.69,45,4.6913478822291435,1,0,0
114.0,2,0.0,1.0,Private room,52.51152,13.44988,5.0,4,4.736198448394496,1,0,0
29.0,2,1.0,1.5,Private room,52.46831,13.42888,0.0,0,3.367295829986474,1,1,0
33.0,1,1.0,1.0,Private room,52.54641,13.3931,5.0,15,3.4965075614664802,1,1,0
70.0,3,2.0,1.0,Entire home/apt,52.51712,13.25455,0.0,0,4.248495242049359,1,1,0
14.0,1,1.0,1.0,Shared room,52.58658,13.28932,4.0,2,2.6390573296152584,1,1,0
100.0,2,1.0,1.0,Entire home/apt,52.49663,13.30344,4.86,14,4.605170185988092,1,1,0
75.0,2,1.0,1.0,Entire home/apt,52.39465,13.3875,5.0,13,4.31748811353631,1,1,1
81.0,5,1.0,1.0,Entire home/apt,52.52179,13.45382,5.0,2,4.394449154672439,1,1,0
150.0,4,2.0,2.0,Entire home/apt,52.50071,13.31689,5.0,2,5.0106352940962555,1,1,0
265.0,4,2.0,1.0,Entire home/apt,52.48603,13.43148,4.98,46,5.579729825986222,1,1,0
166.0,4,0.0,1.0,Private room,52.51325,13.44803,4.58,12,5.111987788356544,1,0,0
89.0,2,1.0,1.0,Entire home/apt,52.4855,13.32625,4.0,2,4.48863636973214,1,1,0
66.0,3,1.0,1.0,Entire home/apt,52.55192,13.42014,4.39,123,4.189654742026425,1,0,0
90.0,3,0.0,1.0,Entire home/apt,52.47191,13.44172,4.65,139,4.499809670330265,1,1,0
82.0,2,0.0,1.0,Entire home/apt,52.47198,13.43956,4.64,96,4.406719247264253,1,1,0
153.0,6,2.0,1.5,Entire home/apt,52.5340403394764,13.433004983680194,4.86,131,5.030437921392435,1,1,0
93.0,2,1.0,1.0,Entire home/apt,52.50234,13.3627,4.84,25,4.532599493153256,1,1,0
80.0,3,2.0,1.0,Entire home/apt,52.53898,13.26462,5.0,3,4.382026634673881,1,1,0
90.0,2,1.0,1.0,Entire home/apt,52.55562657312034,13.42720363706492,5.0,17,4.499809670330265,1,1,0
113.0,5,1.0,1.0,Private room,52.47603,13.42636,4.14,14,4.727387818712341,1,1,0
68.0,3,1.0,1.0,Private room,52.47637,13.42563,3.83,6,4.219507705176107,1,1,0
59.0,3,1.0,1.0,Private room,52.47666,13.42742,4.2,15,4.07753744390572,1,0,0
56.0,5,1.0,1.0,Entire home/apt,52.44759101166265,13.344467388940082,0.0,0,4.02535169073515,1,1,0
133.0,4,2.0,1.0,Entire home/apt,52.562008,13.424982,4.9,39,4.890349128221754,1,1,0
93.0,4,1.0,1.0,Entire home/apt,52.47371,13.43989,4.46,105,4.532599493153256,1,1,0
100.0,4,1.0,1.0,Entire home/apt,52.52633666992188,13.326558113098145,5.0,34,4.605170185988092,1,1,0
27.0,1,1.0,1.0,Private room,52.50206,13.43406,0.0,0,3.295836866004329,1,1,0
81.0,3,0.0,1.0,Entire home/apt,52.4704,13.4556,4.65,128,4.394449154672439,1,0,0
138.0,2,0.0,1.0,Entire home/apt,52.55409,13.42543,4.94,34,4.927253685157205,1,1,0
189.0,5,2.0,2.0,Entire home/apt,52.51182553290767,13.278194280441603,4.95,91,5.241747015059643,1,1,0
175.0,2,1.0,1.0,Entire home/apt,52.46937,13.42813,5.0,23,5.1647859739235145,1,1,0
85.0,3,1.0,1.0,Entire home/apt,52.51383,13.47205,0.0,0,4.442651256490317,1,1,0
64.0,2,1.0,1.0,Private room,52.52371,13.31445,5.0,11,4.1588830833596715,1,1,0
47.0,4,2.0,1.0,Entire home/apt,52.4952,13.39914,5.0,2,3.8501476017100584,1,1,0
31.0,1,1.0,1.5,Private room,52.44516,13.45849,4.64,28,3.4339872044851463,1,1,0
156.0,6,2.0,1.0,Entire home/apt,52.550975,13.4169683,4.93,54,5.049856007249537,1,1,0
72.0,4,1.0,1.0,Entire home/apt,52.55152,13.40542,4.6,167,4.276666119016055,1,1,0
66.0,4,1.0,1.0,Entire home/apt,52.55195,13.40353,4.74,102,4.189654742026425,1,1,0
106.0,6,2.0,1.0,Entire home/apt,52.55176,13.40552,4.74,90,4.663439094112067,1,1,0
90.0,4,2.0,1.0,Entire home/apt,52.55165,13.40565,4.67,202,4.499809670330265,1,1,0
90.0,6,1.0,1.0,Entire home/apt,52.51334,13.45585,4.73,165,4.499809670330265,1,1,0
359.0,12,3.0,3.0,Entire home/apt,52.47792,13.42669,4.15,52,5.883322388488279,1,1,0
95.0,2,1.0,1.0,Entire home/apt,52.52842,13.38995,4.67,129,4.553876891600541,1,0,0
50.0,1,1.0,1.0,Private room,52.48097,13.34707,0.0,0,3.912023005428146,1,1,0
72.0,2,1.0,1.0,Private room,52.52389,13.40573,4.83,174,4.276666119016055,1,1,0
72.0,2,1.0,1.0,Entire home/apt,52.54632,13.42701,5.0,1,4.276666119016055,1,1,0
89.0,4,2.0,1.5,Entire home/apt,52.36931,13.68773,4.57,7,4.48863636973214,1,1,0
176.0,4,2.0,1.0,Entire home/apt,52.54342,13.41875,5.0,37,5.170483995038151,1,1,0
163.0,8,2.0,2.0,Entire home/apt,52.51291,13.45488,4.62,210,5.093750200806762,1,1,0
89.0,6,2.0,1.0,Entire home/apt,52.49442,13.39792,4.82,51,4.48863636973214,1,1,0
26.0,1,1.0,1.0,Private room,52.53256,13.34011,4.29,7,3.258096538021482,1,1,0
202.0,2,1.0,1.0,Entire home/apt,52.5257,13.45205,5.0,10,5.308267697401205,1,1,0
40.0,1,1.0,1.5,Private room,52.52149,13.31722,0.0,0,3.6888794541139363,1,1,0
47.0,1,1.0,1.0,Private room,52.50241,13.49013,5.0,37,3.8501476017100584,1,1,0
63.0,2,1.0,1.0,Private room,52.4952,13.35782,4.97,79,4.143134726391533,1,0,0
49.0,2,0.0,1.0,Entire home/apt,52.44326,13.31478,0.0,0,3.8918202981106265,1,1,1
44.0,2,1.0,1.0,Entire home/apt,52.51759,13.58736,0.0,0,3.784189633918261,1,1,0
135.0,5,2.0,1.0,Entire home/apt,52.5620156,13.4249706,4.97,38,4.90527477843843,1,1,0
138.0,4,2.0,2.0,Entire home/apt,52.53482,13.40958,0.0,0,4.927253685157205,1,1,0
260.0,6,3.0,2.0,Entire home/apt,52.5054,13.41017,5.0,6,5.560681631015528,1,1,0
74.0,1,1.0,1.5,Private room,52.41689,13.33232,4.83,24,4.30406509320417,1,1,0
68.0,1,1.0,1.0,Private room,52.50469,13.30305,3.73,22,4.219507705176107,1,0,0
80.0,2,1.0,1.0,Entire home/apt,52.54881,13.41093,0.0,0,4.382026634673881,1,1,0
120.0,2,1.0,1.0,Entire home/apt,52.55458,13.42818,4.87,23,4.787491742782046,1,1,0
250.0,8,2.0,2.0,Private room,52.47749,13.42687,3.0,1,5.521460917862246,1,1,0
74.0,3,0.0,1.0,Entire home/apt,52.4704,13.45337,4.7,105,4.30406509320417,1,1,0
199.0,7,2.0,2.0,Entire home/apt,52.52875,13.38976,4.57,23,5.293304824724492,1,1,0
125.0,2,1.0,1.0,Entire home/apt,52.49619,13.46652,5.0,1,4.8283137373023015,0,1,0
60.0,4,1.0,1.0,Entire home/apt,52.52893,13.39985,0.0,0,4.0943445622221,1,1,0
230.0,3,2.0,1.0,Entire home/apt,52.53264,13.40401,4.97,33,5.438079308923196,1,1,0
120.0,6,3.0,1.0,Entire home/apt,52.50710918126155,13.4248724043977,5.0,1,4.787491742782046,1,1,0
50.0,2,1.0,1.0,Private room,52.56058,13.3953,4.89,44,3.912023005428146,1,1,0
80.0,4,1.0,1.0,Entire home/apt,52.45846,13.53126,4.84,160,4.382026634673881,1,1,0
149.0,6,2.0,1.0,Entire home/apt,52.50569,13.38034,4.94,217,5.003946305945459,1,1,0
61.0,2,1.0,1.0,Entire home/apt,52.51407241821289,13.173505783081056,4.5,8,4.110873864173311,1,1,0
80.0,2,1.0,1.0,Entire home/apt,52.49276,13.38935,4.83,30,4.382026634673881,1,1,0
129.0,3,1.0,1.0,Private room,52.49441,13.30907,4.15,34,4.859812404361672,1,0,0
70.0,1,1.0,1.0,Private room,52.49446,13.31093,4.39,54,4.248495242049359,1,0,0
139.0,4,1.0,1.0,Private room,52.49444,13.31066,4.06,18,4.9344739331306915,1,0,0
124.0,2,1.0,1.0,Private room,52.49528,13.30873,4.33,6,4.820281565605037,1,0,0
92.0,2,1.0,1.0,Private room,52.49364,13.31264,4.06,79,4.5217885770490405,1,0,0
68.0,1,1.0,1.0,Private room,52.49617,13.31039,4.25,55,4.219507705176107,1,0,0
114.0,4,1.0,1.0,Entire home/apt,52.55056,13.45067,4.6,30,4.736198448394496,1,1,0
23.0,2,1.0,1.0,Private room,52.51914893225885,13.458165599255294,4.87,23,3.1354942159291497,1,1,0
104.0,1,0.0,1.0,Private room,52.50401,13.31394,4.6,5,4.6443908991413725,1,0,0
121.0,2,0.0,1.0,Private room,52.50306,13.31393,4.67,3,4.795790545596741,1,0,0
131.0,2,1.0,1.0,Private room,52.50201,13.31376,0.0,0,4.875197323201151,1,0,0
142.0,2,0.0,1.0,Private room,52.50381,13.31194,5.0,1,4.955827057601261,1,0,0
186.0,4,2.0,1.0,Private room,52.5026,13.31395,4.86,36,5.225746673713202,1,1,0
108.0,1,0.0,1.0,Private room,52.4488,13.60931,0.0,0,4.68213122712422,1,0,0
125.0,2,0.0,1.0,Private room,52.4485,13.60912,5.0,7,4.8283137373023015,1,0,0
142.0,2,0.0,1.0,Private room,52.44928,13.61028,5.0,1,4.955827057601261,1,0,0
173.0,2,0.0,1.0,Private room,52.44766,13.61097,0.0,0,5.153291594497779,1,0,0
43.0,2,1.0,1.5,Private room,52.51399,13.29016,4.74,241,3.7612001156935624,1,1,0
219.0,8,2.0,2.0,Private room,52.47878,13.4249,4.5,10,5.389071729816501,1,1,0
43.0,2,1.0,1.5,Private room,52.51358,13.29154,4.57,180,3.7612001156935624,1,1,0
67.0,1,1.0,1.0,Private room,52.59987,13.33119,4.55,38,4.204692619390966,1,1,0
81.0,2,1.0,1.0,Entire home/apt,52.59602,13.44937,4.9,21,4.394449154672439,1,1,1
437.0,3,1.0,1.0,Entire home/apt,52.50314,13.30177,5.0,9,6.07993319509559,1,1,1
100.0,2,1.0,1.0,Entire home/apt,52.50749,13.38809,5.0,12,4.605170185988092,1,1,0
135.0,2,0.0,1.0,Entire home/apt,52.51589,13.46748,4.63,54,4.90527477843843,1,1,0
216.0,4,2.0,1.0,Entire home/apt,52.51031,13.45675,5.0,35,5.375278407684165,1,1,0
119.0,5,1.0,1.0,Private room,52.49843,13.32582,4.6,10,4.77912349311153,1,0,0
210.0,4,2.0,2.0,Entire home/apt,52.50893,13.45737,5.0,26,5.3471075307174685,1,1,1
247.0,4,1.0,1.0,Entire home/apt,52.50229,13.4389,4.91,130,5.5093883366279774,1,1,0
77.0,2,1.0,1.0,Entire home/apt,52.45751,13.3873,4.83,35,4.343805421853684,1,1,0
70.0,2,1.0,1.0,Entire home/apt,52.55217,13.35147,4.66,64,4.248495242049359,1,1,0
93.0,2,1.0,1.0,Private room,52.54478073120117,13.413029670715332,5.0,2,4.532599493153256,1,0,0
80.0,1,1.0,1.0,Private room,52.54478073120117,13.413029670715332,4.8,15,4.382026634673881,1,0,0
93.0,2,1.0,1.0,Private room,52.54478073120117,13.413029670715332,4.5,4,4.532599493153256,1,0,0
223.0,9,3.0,1.0,Entire home/apt,52.55756,13.38896,4.85,34,5.407171771460119,1,1,0
125.0,2,1.0,1.5,Entire home/apt,52.50429,13.46782,0.0,0,4.8283137373023015,1,1,0
106.0,2,1.0,1.0,Private room,52.49231529393621,13.553870232519472,5.0,7,4.663439094112067,1,1,0
90.0,2,1.0,1.0,Entire home/apt,52.47322,13.43078,4.7,10,4.499809670330265,1,1,0
100.0,4,1.0,1.0,Entire home/apt,52.558537,13.370599,5.0,8,4.605170185988092,1,1,0
75.0,1,1.0,1.0,Entire home/apt,52.52289,13.38352,5.0,6,4.31748811353631,1,1,0
99.0,5,2.0,1.0,Entire home/apt,52.54225,13.35098,4.6,159,4.59511985013459,1,1,0
81.0,4,2.0,1.0,Entire home/apt,52.53876,13.38781,4.65,102,4.394449154672439,1,1,0
101.0,5,2.0,2.0,Entire home/apt,52.54256,13.35272,4.6,128,4.61512051684126,1,1,0
148.0,2,1.0,1.0,Entire home/apt,52.49756,13.48287,4.85,54,4.997212273764115,1,1,0
80.0,2,1.0,1.0,Entire home/apt,52.50684,13.4701,0.0,0,4.382026634673881,1,1,0
138.0,2,0.0,1.0,Private room,52.51033899336524,13.416378754604976,4.73,230,4.927253685157205,1,0,1
165.0,2,0.0,1.0,Private room,52.51250332144442,13.415983614943174,4.5,2,5.10594547390058,1,0,1
195.0,3,0.0,1.0,Private room,52.51163,13.41689,4.78,9,5.272999558563747,1,0,1
160.0,3,2.0,1.0,Entire home/apt,52.51883,13.4552,5.0,13,5.075173815233827,1,1,0
89.0,2,1.0,1.0,Entire home/apt,52.5121,13.40826,4.72,71,4.48863636973214,1,1,0
77.0,2,1.0,1.0,Entire home/apt,52.396240234375,13.150737762451172,4.88,229,4.343805421853684,1,1,0
83.0,2,1.0,1.0,Entire home/apt,52.522793,13.448804,4.55,11,4.418840607796598,1,1,0
43.0,1,0.0,1.5,Entire home/apt,52.51286,13.40391,5.0,4,3.7612001156935624,1,1,0
59.0,2,1.0,1.5,Private room,52.46166,13.3183,4.92,96,4.07753744390572,1,1,0
210.0,4,2.0,2.0,Entire home/apt,52.49511,13.43624,5.0,7,5.3471075307174685,1,1,0
99.0,2,1.0,1.0,Private room,52.54478073120117,13.413029670715332,4.58,12,4.59511985013459,1,0,0
83.0,4,2.0,1.0,Entire home/apt,52.56066,13.38354,4.55,143,4.418840607796598,1,1,0
100.0,4,1.0,1.0,Entire home/apt,52.49629,13.36047,4.81,165,4.605170185988092,1,1,0
60.0,4,1.0,1.0,Entire home/apt,52.51403,13.173522,4.04,23,4.0943445622221,1,1,0
78.0,2,1.0,1.0,Entire home/apt,52.5304,13.3954,4.2,5,4.356708826689592,1,1,0
69.0,2,1.0,1.0,Entire home/apt,52.51511,13.17452,4.5,10,4.23410650459726,1,1,0
86.0,2,1.0,1.0,Private room,52.52874,13.39503,4.79,14,4.454347296253507,1,1,0
65.0,4,1.0,1.0,Entire home/apt,52.51174,13.41628,4.89,176,4.174387269895637,1,1,0
120.0,6,2.0,1.0,Entire home/apt,52.55038,13.34994,4.19,94,4.787491742782046,1,1,1
94.0,5,0.0,1.0,Entire home/apt,52.54963,13.34907,4.19,91,4.543294782270004,1,1,1
63.0,1,1.0,1.0,Private room,52.52416,13.42889,4.98,40,4.143134726391533,1,1,0
49.0,2,1.0,1.0,Entire home/apt,52.5201,13.28768,5.0,5,3.8918202981106265,1,1,0
56.0,2,1.0,1.0,Private room,52.55486,13.34325,4.78,72,4.02535169073515,1,0,0
80.0,2,1.0,1.0,Entire home/apt,52.52056,13.46915,4.86,28,4.382026634673881,1,1,0
245.0,2,1.0,1.0,Entire home/apt,52.5323,13.4056,0.0,0,5.501258210544727,1,1,0
327.0,4,2.0,2.0,Entire home/apt,52.53016,13.40483,5.0,8,5.7899601708972535,1,1,0
74.0,2,1.0,1.0,Entire home/apt,52.48558,13.43291,4.63,8,4.30406509320417,1,1,0
144.0,4,1.0,1.0,Entire home/apt,52.52107,13.44495,5.0,15,4.969813299576001,1,1,0
186.0,2,1.0,1.0,Entire home/apt,52.61134,13.4428,4.99,80,5.225746673713202,1,1,0
171.0,4,2.0,1.0,Entire home/apt,52.4721,13.44592,4.93,29,5.14166355650266,1,1,0
64.0,2,1.0,1.0,Private room,52.54955,13.41322,4.91,77,4.1588830833596715,1,1,0
30.0,2,0.0,1.0,Private room,52.40903,13.32988,5.0,3,3.4011973816621555,1,1,0
114.0,6,1.0,1.0,Entire home/apt,52.54682,13.41203,4.37,117,4.736198448394496,1,1,0
75.0,3,2.0,1.0,Entire home/apt,52.51916,13.31599,0.0,0,4.31748811353631,1,1,0
186.0,4,2.0,1.5,Entire home/apt,52.53297,13.38111,4.72,156,5.225746673713202,1,0,1
80.0,2,1.0,1.0,Entire home/apt,52.53561,13.40735,0.0,0,4.382026634673881,1,1,0
220.0,8,4.0,2.5,Entire home/apt,52.51151,13.52813,4.84,64,5.393627546352362,1,1,0
41.0,1,1.0,1.0,Private room,52.4868,13.30035,4.83,163,3.713572066704308,1,0,0
90.0,2,1.0,1.0,Entire home/apt,52.49761581420898,13.351993560791016,4.96,117,4.499809670330265,1,0,0
85.0,2,1.0,1.0,Entire home/apt,52.53553,13.40682,0.0,0,4.442651256490317,1,1,0
95.0,4,2.0,1.0,Entire home/apt,52.53543,13.40726,0.0,0,4.553876891600541,1,1,0
90.0,2,1.0,1.0,Entire home/apt,52.53478,13.40601,5.0,1,4.499809670330265,1,1,0
95.0,4,1.0,1.5,Entire home/apt,52.535,13.40619,0.0,0,4.553876891600541,1,1,0
103.0,2,1.0,1.0,Entire home/apt,52.51181,13.455815,4.69,151,4.634728988229636,1,0,0
74.0,2,1.0,1.0,Private room,52.56498894221784,13.405805620449335,4.95,38,4.30406509320417,1,1,0
114.0,4,1.0,1.0,Entire home/apt,52.51181,13.455815,4.56,79,4.736198448394496,1,0,0
129.0,4,1.0,1.0,Entire home/apt,52.51181,13.455815,4.69,429,4.859812404361672,1,1,0
92.0,2,1.0,1.0,Private room,52.54478073120117,13.413029670715332,4.5,2,4.5217885770490405,1,0,0
226.0,12,2.0,1.0,Entire home/apt,52.48513,13.42791,4.26,47,5.420534999272286,1,1,0
78.0,3,4.0,2.0,Entire home/apt,52.51729,13.47077,5.0,2,4.356708826689592,1,1,0
113.0,8,3.0,1.5,Entire home/apt,52.5173,13.46256,4.8,86,4.727387818712341,1,1,0
60.0,2,1.0,1.0,Entire home/apt,52.55345,13.37787,4.0,2,4.0943445622221,1,1,1
129.0,4,2.0,1.0,Entire home/apt,52.5282,13.39708,4.49,176,4.859812404361672,1,1,0
82.0,2,1.0,1.0,Entire home/apt,52.54137,13.35683,5.0,2,4.406719247264253,1,1,0
170.0,5,2.0,3.5,Entire home/apt,52.53035,13.38772,5.0,12,5.135798437050262,1,1,0
91.0,4,2.0,1.0,Entire home/apt,52.4770487255349,13.284622098849084,4.5,14,4.51085950651685,1,1,0
81.0,2,1.0,1.0,Entire home/apt,52.57578,13.39417,4.86,35,4.394449154672439,1,0,0
107.0,2,1.0,1.0,Entire home/apt,52.49415430119825,13.33862612669252,5.0,12,4.672828834461906,1,1,0
78.0,2,1.0,1.0,Entire home/apt,52.57611,13.39221,4.89,27,4.356708826689592,1,0,0
66.0,3,1.0,1.0,Entire home/apt,52.48594,13.43138,4.91,66,4.189654742026425,1,1,0
137.0,6,2.0,1.0,Entire home/apt,52.5474,13.41501,4.67,103,4.919980925828125,1,1,0
90.0,3,2.0,2.0,Entire home/apt,52.53697,13.41955,0.0,0,4.499809670330265,1,1,1
157.0,4,1.0,1.0,Private room,52.50428,13.44344,5.0,7,5.056245805348308,1,0,0
93.0,2,1.0,1.0,Entire home/apt,52.47999,13.42679,4.87,45,4.532599493153256,1,0,1
97.0,2,1.0,1.0,Entire home/apt,52.48055648803711,13.42574977874756,4.78,41,4.574710978503383,1,1,0
102.0,2,1.0,1.0,Entire home/apt,52.48055648803711,13.42574977874756,4.61,36,4.624972813284271,1,1,1
120.0,4,1.0,1.0,Entire home/apt,52.481,13.42679,4.69,74,4.787491742782046,1,1,0
127.0,4,1.0,1.0,Entire home/apt,52.48144,13.42631,4.65,20,4.844187086458591,1,1,1
122.0,2,1.0,1.0,Private room,52.50402,13.44522,4.55,22,4.804021044733257,1,0,0
131.0,3,1.0,1.0,Private room,52.50224,13.44409,4.62,13,4.875197323201151,1,0,0
54.0,2,1.0,1.0,Private room,52.55068,13.42838,4.89,146,3.9889840465642745,1,1,0
150.0,8,3.0,1.0,Entire home/apt,52.54752,13.4132,4.79,97,5.0106352940962555,1,0,0
60.0,2,1.0,1.0,Private room,52.46716,13.34137,4.94,18,4.0943445622221,1,1,0
86.0,2,1.0,1.0,Entire home/apt,52.53911,13.37636,4.63,118,4.454347296253507,1,1,0
90.0,6,2.0,1.0,Entire home/apt,52.53973,13.37645,4.66,160,4.499809670330265,1,1,0
91.0,4,1.0,1.0,Entire home/apt,52.53966,13.37452,4.74,139,4.51085950651685,1,1,0
123.0,4,1.0,1.0,Entire home/apt,52.52354,13.3811,0.0,0,4.812184355372417,1,1,0
137.0,7,2.0,1.0,Entire home/apt,52.54907,13.41305,4.73,96,4.919980925828125,1,1,0
125.0,6,3.0,1.5,Entire home/apt,52.52635,13.40879,4.69,163,4.8283137373023015,1,1,0
85.0,4,2.0,1.0,Entire home/apt,52.5257,13.40847,4.56,136,4.442651256490317,1,1,0
70.0,2,0.0,1.0,Entire home/apt,52.51016,13.46176,4.13,87,4.248495242049359,1,1,0
108.0,4,1.0,1.0,Entire home/apt,52.51015853881836,13.461761474609377,4.2,106,4.68213122712422,1,1,0
277.0,12,4.0,1.5,Entire home/apt,52.53014,13.39599,4.6,149,5.6240175061873385,1,1,0
162.0,4,1.0,1.0,Entire home/apt,52.51737,13.46192,4.84,134,5.087596335232384,1,1,0
109.0,6,1.0,1.0,Entire home/apt,52.46159692332921,13.520963990478238,0.0,0,4.6913478822291435,0,0,0
91.0,4,1.0,1.0,Entire home/apt,52.49228,13.42903,4.86,146,4.51085950651685,1,1,0
129.0,7,3.0,1.0,Entire home/apt,52.55112,13.41683,4.6,115,4.859812404361672,1,1,0
109.0,2,1.0,1.0,Entire home/apt,52.48404,13.37687,4.68,44,4.6913478822291435,1,1,0
105.0,6,2.0,1.0,Entire home/apt,52.53088,13.42158,4.68,152,4.653960350157523,1,1,0
121.0,2,1.0,1.0,Private room,52.49249317382629,13.38826201895325,4.81,954,4.795790545596741,1,0,0
60.0,1,1.0,1.0,Private room,52.47922,13.34771,4.93,58,4.0943445622221,1,0,0
73.0,2,1.0,1.0,Entire home/apt,52.49937,13.30043,0.0,0,4.290459441148391,1,1,0
113.0,2,1.0,1.0,Entire home/apt,52.5732,13.41075,5.0,9,4.727387818712341,1,1,0
50.0,2,1.0,1.0,Entire home/apt,52.48176,13.42526,0.0,0,3.912023005428146,0,1,0
44.0,2,1.0,1.0,Entire home/apt,52.46415,13.32218,5.0,3,3.784189633918261,1,1,0
113.0,2,1.0,1.0,Private room,52.533463,13.410749,4.36,14,4.727387818712341,1,1,0
107.0,1,1.0,1.0,Private room,52.533463,13.410749,5.0,2,4.672828834461906,1,1,0
50.0,1,1.0,1.0,Private room,52.52881049865898,13.388623663487456,0.0,0,3.912023005428146,1,1,0
70.0,4,2.0,1.0,Entire home/apt,52.44675,13.33199,4.63,8,4.248495242049359,1,1,0
46.0,1,1.0,1.0,Private room,52.50086,13.47862,5.0,30,3.828641396489095,1,1,0
85.0,2,1.0,0.5,Entire home/apt,52.51038,13.29733,4.85,39,4.442651256490317,0,1,1
95.0,5,2.0,1.0,Entire home/apt,52.50729,13.30007,4.77,13,4.553876891600541,1,1,0
84.0,4,2.0,1.0,Entire home/apt,52.51787,13.46649,4.8,5,4.430816798843313,1,1,0
75.0,3,1.0,1.0,Entire home/apt,52.48891493559342,13.417690196522054,4.0,2,4.31748811353631,1,1,0
89.0,2,1.0,1.0,Entire home/apt,52.48217,13.37653,4.95,20,4.48863636973214,1,1,0
46.0,2,1.0,1.0,Entire home/apt,52.50421,13.42748,0.0,0,3.828641396489095,1,1,0
100.0,2,1.0,1.0,Entire home/apt,52.53125,13.4025,4.67,72,4.605170185988092,1,0,0
46.0,2,1.0,1.0,Entire home/apt,52.50408,13.42744,0.0,0,3.828641396489095,1,1,0
100.0,2,1.0,1.0,Private room,52.53112,13.40082,4.57,7,4.605170185988092,1,0,0
46.0,2,1.0,1.0,Entire home/apt,52.50501,13.42591,0.0,0,3.828641396489095,1,1,0
91.0,1,1.0,1.0,Private room,52.530132,13.401922,4.55,22,4.51085950651685,1,0,0
216.0,4,1.0,1.0,Entire home/apt,52.53103,13.40122,5.0,3,5.375278407684165,1,1,0
101.0,9,2.0,1.0,Entire home/apt,52.53059,13.42721,4.32,19,4.61512051684126,1,1,0
60.0,3,1.0,1.0,Entire home/apt,52.51336,13.17422,4.82,11,4.0943445622221,1,1,0
70.0,2,1.0,1.0,Entire home/apt,52.49026,13.40099,5.0,6,4.248495242049359,1,1,0
47.0,2,1.0,1.0,Entire home/apt,52.549572676672696,13.381765107243474,4.0,3,3.8501476017100584,1,1,1
200.0,5,3.0,2.0,Entire home/apt,52.48153,13.38191,0.0,0,5.298317366548036,1,1,0
230.0,7,3.0,1.0,Entire home/apt,52.43631,13.31349,4.6,10,5.438079308923196,1,1,0
225.0,6,2.0,1.5,Entire home/apt,52.4342,13.31389,3.89,9,5.41610040220442,1,1,0
31.0,2,1.0,1.0,Entire home/apt,52.51183,13.60511,4.88,90,3.4339872044851463,1,0,0
95.0,4,1.0,1.0,Entire home/apt,52.5262,13.32903,4.81,36,4.553876891600541,1,0,0
39.0,2,1.0,1.0,Entire home/apt,52.53455350932633,13.343117708701822,0.0,0,3.6635616461296463,1,1,0
162.0,2,1.0,1.0,Entire home/apt,52.52693,13.45495,5.0,58,5.087596335232384,1,1,0
89.0,4,1.0,1.0,Entire home/apt,52.49531,13.29629,4.31,110,4.48863636973214,1,1,1
107.0,5,2.0,1.0,Entire home/apt,52.49531,13.29629,4.25,100,4.672828834461906,1,1,1
109.0,3,1.0,1.0,Private room,52.48,13.431783,4.5,2,4.6913478822291435,1,1,0
90.0,2,1.0,1.0,Private room,52.47886,13.43137,4.88,41,4.499809670330265,1,0,0
90.0,2,1.0,1.0,Private room,52.48077,13.43107,4.79,24,4.499809670330265,1,0,0
83.0,2,0.0,1.0,Entire home/apt,52.54462814331055,13.368221282958984,0.0,0,4.418840607796598,1,1,1
121.0,3,1.0,1.0,Entire home/apt,52.54462814331055,13.368221282958984,0.0,0,4.795790545596741,1,1,1
63.0,2,1.0,1.0,Entire home/apt,52.49369430541992,13.39686679840088,4.87,230,4.143134726391533,1,1,0
143.0,3,1.0,2.0,Entire home/apt,52.54462814331055,13.368221282958984,0.0,0,4.962844630259907,1,1,1
39.0,2,1.0,1.0,Entire home/apt,52.409,13.52836,4.87,238,3.6635616461296463,1,1,0
53.0,2,1.0,1.0,Entire home/apt,52.58703,13.35501,4.9,61,3.970291913552122,1,1,0
31.0,1,1.0,1.0,Private room,52.54669,13.42873,5.0,6,3.4339872044851463,1,1,0
86.0,3,1.0,1.0,Entire home/apt,52.53214,13.42648,4.53,76,4.454347296253507,1,1,0
82.0,5,1.0,1.0,Entire home/apt,52.53251,13.42858,4.5,50,4.406719247264253,1,1,0
95.0,4,1.0,1.0,Entire home/apt,52.43345,13.30051,4.78,18,4.553876891600541,1,1,0
127.0,6,1.0,1.0,Entire home/apt,52.502208004546496,13.438667253137432,5.0,1,4.844187086458591,1,1,0
81.0,3,1.0,1.0,Entire home/apt,52.53175735473633,13.427446365356444,4.59,87,4.394449154672439,1,1,0
75.0,2,1.0,1.0,Entire home/apt,52.51963,13.2536,0.0,0,4.31748811353631,1,1,0
227.0,4,1.0,2.0,Private room,52.43413,13.31307,5.0,2,5.424950017481403,1,0,0
86.0,2,1.0,1.0,Private room,52.54305,13.41691,0.0,0,4.454347296253507,1,0,0
192.0,9,4.0,1.5,Entire home/apt,52.48312,13.35641,4.86,70,5.2574953720277815,1,1,0
72.0,2,1.0,1.0,Entire home/apt,52.49844,13.46731,0.0,0,4.276666119016055,1,1,0
152.0,2,1.0,2.0,Private room,52.43611,13.31321,4.33,3,5.0238805208462765,1,0,0
188.0,3,1.0,2.0,Private room,52.43489,13.31371,4.67,3,5.236441962829949,1,0,0
169.0,2,1.0,1.0,Entire home/apt,52.43594,13.31209,4.83,6,5.1298987149230735,1,1,0
300.0,8,3.0,2.0,Entire home/apt,52.53614,13.42837,4.67,15,5.703782474656201,1,1,0
98.0,1,1.0,1.0,Private room,52.43591,13.31395,4.63,8,4.584967478670572,1,0,0
69.0,4,2.0,1.0,Entire home/apt,52.50314,13.29972,0.0,0,4.23410650459726,1,1,0
107.0,2,1.0,1.0,Entire home/apt,52.60656,13.43132,4.95,22,4.672828834461906,1,1,1
112.0,1,1.0,2.0,Private room,52.43461,13.31179,4.6,5,4.718498871295094,1,0,0
164.0,6,2.0,1.0,Entire home/apt,52.50165,13.45335,4.91,114,5.099866427824199,1,1,0
43.0,2,1.0,1.0,Private room,52.50488,13.30939,4.77,112,3.7612001156935624,1,1,1
36.0,2,1.0,1.0,Private room,52.43633,13.50685,4.9,63,3.58351893845611,1,1,0
54.0,2,1.0,1.0,Private room,52.389008,13.561768,4.91,211,3.9889840465642745,1,0,0
96.0,2,1.0,1.0,Entire home/apt,52.488155,13.419882,4.9,39,4.564348191467836,1,1,0
99.0,3,1.0,1.0,Entire home/apt,52.498154451513386,13.349768784113271,5.0,3,4.59511985013459,1,1,0
25.0,1,1.0,1.0,Private room,52.43081,13.49162,5.0,3,3.2188758248682006,1,1,0
28.0,1,1.0,0.0,Shared room,52.533463,13.410749,4.56,50,3.332204510175204,1,1,0
83.0,2,1.0,1.0,Private room,52.48796531951798,13.407280837349305,5.0,1,4.418840607796598,1,1,0
76.0,2,1.0,1.0,Entire home/apt,52.50865,13.4638,4.64,132,4.330733340286331,1,1,0
77.0,2,1.0,1.0,Entire home/apt,52.49551,13.36655,4.67,21,4.343805421853684,1,1,0
26.0,1,1.0,0.0,Shared room,52.533463,13.410749,4.76,70,3.258096538021482,1,1,0
85.0,2,1.0,1.0,Entire home/apt,52.49027,13.39206,4.75,4,4.442651256490317,1,1,0
139.0,3,0.0,0.0,Private room,52.533463,13.410749,4.89,18,4.9344739331306915,1,1,0
307.0,6,3.0,2.0,Entire home/apt,52.49097,13.38363,5.0,11,5.726847747587197,1,1,0
53.0,1,1.0,1.0,Entire home/apt,52.5348596014545,13.432318100868098,4.77,22,3.970291913552122,1,1,0
81.0,1,1.0,1.0,Entire home/apt,52.50954,13.42083,4.7,67,4.394449154672439,1,1,0
255.0,6,3.0,3.0,Entire home/apt,52.51251,13.46292,4.78,120,5.541263545158426,1,1,0
95.0,4,2.0,1.0,Entire home/apt,52.52813,13.14689,0.0,0,4.553876891600541,1,1,0
238.0,2,1.0,1.5,Entire home/apt,52.53412,13.39498,5.0,28,5.472270673671475,1,1,1
116.0,2,1.0,1.0,Entire home/apt,52.52246,13.35373,5.0,1,4.7535901911063645,1,1,0
992.0,1,1.0,1.0,Private room,52.58242,13.28665,5.0,2,6.899723107284872,1,0,1
992.0,2,1.0,1.0,Private room,52.58469,13.28762,5.0,3,6.899723107284872,1,0,1
992.0,2,1.0,1.0,Private room,52.58282,13.28623,5.0,1,6.899723107284872,1,0,1
305.0,2,1.0,1.0,Entire home/apt,52.507088,13.317981,5.0,1,5.720311776607412,1,1,0
272.0,6,3.0,2.0,Entire home/apt,52.485683,13.382866,4.99,70,5.605802066295998,1,1,0
64.0,1,1.0,1.0,Private room,52.53513,13.43151,4.7,23,4.1588830833596715,1,1,0
48.0,2,1.0,1.5,Private room,52.53461856632123,13.37965826031827,4.0,1,3.871201010907891,1,1,0
210.0,5,1.0,1.0,Entire home/apt,52.565048,13.40715,5.0,2,5.3471075307174685,1,1,0
65.0,2,1.0,1.0,Private room,52.49715,13.42398,4.58,26,4.174387269895637,1,1,0
138.0,2,1.0,1.0,Entire home/apt,52.4973173,13.3322221,0.0,0,4.927253685157205,1,1,0
138.0,2,0.0,1.0,Entire home/apt,52.49761179999999,13.3325317,0.0,0,4.927253685157205,1,1,0
80.0,2,1.0,1.0,Entire home/apt,52.48832,13.38655,5.0,2,4.382026634673881,1,1,0
138.0,2,1.0,1.0,Entire home/apt,52.49761179999999,13.3325317,0.0,0,4.927253685157205,1,1,0
62.0,2,1.0,1.5,Private room,52.53395822088129,13.423609824224284,5.0,8,4.127134385045092,1,1,0
119.0,2,0.0,1.0,Entire home/apt,52.52996,13.34223,5.0,8,4.77912349311153,1,1,0
70.0,2,1.0,1.0,Entire home/apt,52.5104,13.6124,4.75,77,4.248495242049359,1,1,0
200.0,4,1.0,1.0,Entire home/apt,52.56408170598267,13.406458884985238,4.5,2,5.298317366548036,1,1,0
103.0,6,2.0,1.0,Entire home/apt,52.55154,13.40359,4.75,202,4.634728988229636,1,1,0
25.0,1,1.0,1.0,Entire home/apt,52.54748,13.3966,0.0,0,3.2188758248682006,1,1,0
56.0,2,1.0,1.0,Private room,52.4914952829234,13.356009412526566,4.75,12,4.02535169073515,1,1,0
103.0,4,1.0,1.0,Private room,52.50511888640105,13.302382034393291,4.19,26,4.634728988229636,1,0,0
94.0,2,1.0,1.0,Entire home/apt,52.51689,13.33179,4.89,9,4.543294782270004,1,1,1
92.0,2,1.0,1.0,Entire home/apt,52.51459,13.33298,5.0,5,4.5217885770490405,1,1,1
99.0,4,3.0,1.0,Entire home/apt,52.5053,13.39748,0.0,0,4.59511985013459,1,1,0
123.0,2,1.0,1.0,Entire home/apt,52.50367,13.446684,4.77,57,4.812184355372417,1,1,0
111.0,3,1.0,1.0,Entire home/apt,52.53222,13.40313,4.79,39,4.709530201312334,1,1,0
129.0,4,1.0,1.0,Entire home/apt,52.50367,13.446684,4.6,60,4.859812404361672,1,1,0
138.0,4,1.0,1.0,Entire home/apt,52.50367,13.446684,4.76,41,4.927253685157205,1,1,0
140.0,4,1.0,1.0,Entire home/apt,52.50367,13.446684,4.61,49,4.941642422609304,1,1,0
138.0,2,0.0,1.0,Entire home/apt,52.4976041,13.3326964,0.0,0,4.927253685157205,1,1,0
152.0,6,1.0,1.0,Entire home/apt,52.50367,13.446684,4.72,47,5.0238805208462765,1,1,0
160.0,7,2.0,1.0,Entire home/apt,52.50367,13.446684,4.52,112,5.075173815233827,1,1,0
179.0,9,3.0,1.0,Entire home/apt,52.50367,13.446684,4.71,77,5.187385805840755,1,1,0
51.0,3,1.0,1.0,Entire home/apt,52.54611,13.54755,4.6,5,3.9318256327243257,1,1,0
123.0,1,1.0,1.0,Private room,52.54945,13.38125,4.43,7,4.812184355372417,1,0,0
151.0,2,1.0,1.0,Private room,52.55015,13.38311,4.5,6,5.017279836814924,1,0,0
131.0,2,1.0,1.0,Private room,52.54963,13.38161,4.58,116,4.875197323201151,1,0,0
159.0,2,1.0,1.0,Private room,52.54823,13.38158,5.0,1,5.0689042022202315,1,0,0
192.0,3,1.0,1.0,Private room,52.54824,13.38285,4.6,25,5.2574953720277815,1,0,0
233.0,4,1.0,1.0,Private room,52.54832,13.38154,4.21,33,5.4510384535657,1,0,0
273.0,5,1.0,1.0,Private room,52.54796,13.38168,4.44,16,5.60947179518496,1,0,0
314.0,6,1.0,1.0,Private room,52.54998,13.38301,4.63,30,5.749392985908253,1,0,0
155.0,2,1.0,1.0,Entire home/apt,52.5013987,13.3583716,0.0,0,5.043425116919247,1,1,0
101.0,2,1.0,1.0,Entire home/apt,52.57857,13.56142,4.88,8,4.61512051684126,1,1,0
65.0,2,1.0,1.0,Entire home/apt,52.54313,13.41938,5.0,25,4.174387269895637,1,1,0
67.0,2,1.0,1.0,Entire home/apt,52.54971,13.21914,4.79,52,4.204692619390966,1,1,0
55.0,2,1.0,2.0,Private room,52.501,13.43214,4.65,175,4.007333185232471,1,1,0
55.0,2,1.0,2.0,Private room,52.501,13.43214,4.65,181,4.007333185232471,1,1,0
55.0,2,1.0,2.0,Private room,52.501,13.43214,4.66,145,4.007333185232471,1,1,0
161.0,6,2.0,1.5,Entire home/apt,52.52593,13.41121,0.0,0,5.081404364984463,0,1,0
81.0,2,1.0,1.0,Private room,52.49741,13.37982,3.2,5,4.394449154672439,1,1,0
120.0,2,1.0,1.0,Entire home/apt,52.51948,13.30341,5.0,22,4.787491742782046,1,1,1
191.0,4,2.0,1.0,Entire home/apt,52.50451,13.35909,0.0,0,5.25227342804663,1,1,0
95.0,2,1.0,1.0,Entire home/apt,52.56713,13.40133,4.91,23,4.553876891600541,1,1,0
122.0,2,1.0,1.0,Entire home/apt,52.51469,13.33309,5.0,11,4.804021044733257,1,1,1
111.0,2,1.0,1.0,Entire home/apt,52.5168,13.3327,5.0,3,4.709530201312334,1,1,1
176.0,2,1.0,1.0,Entire home/apt,52.52397207456062,13.379311055699736,4.94,49,5.170483995038151,1,1,0
202.0,4,2.0,2.0,Entire home/apt,52.50140570000001,13.2941384,3.0,1,5.308267697401205,1,1,0
96.0,4,2.0,1.0,Entire home/apt,52.54991563931748,13.454945926779066,4.61,51,4.564348191467836,1,1,0
94.0,6,2.0,1.0,Entire home/apt,52.54049,13.41455,4.59,63,4.543294782270004,1,1,0
99.0,3,1.0,1.0,Entire home/apt,52.53637,13.40223,5.0,17,4.59511985013459,1,1,0
94.0,2,1.0,1.0,Private room,52.51684,13.33176,5.0,2,4.543294782270004,1,1,1
204.0,2,1.0,1.0,Private room,52.51665,13.3334,0.0,0,5.318119993844216,1,1,1
111.0,2,1.0,2.0,Entire home/apt,52.5107915440132,13.474640128548725,5.0,7,4.709530201312334,1,1,0
121.0,2,1.0,1.0,Entire home/apt,52.51687240600586,13.44896411895752,5.0,25,4.795790545596741,1,1,0
120.0,2,1.0,1.0,Entire home/apt,52.50954094399161,13.399187741915652,4.89,9,4.787491742782046,1,1,0
49.0,1,1.0,1.0,Private room,52.49751,13.31571,4.85,61,3.8918202981106265,1,0,0
150.0,6,2.0,1.5,Entire home/apt,52.52393,13.4109,0.0,0,5.0106352940962555,0,1,0
51.0,2,1.0,1.0,Entire home/apt,52.50267,13.43275,4.9,29,3.9318256327243257,1,0,1
131.0,4,3.0,1.0,Entire home/apt,52.522747,13.401204,5.0,13,4.875197323201151,1,1,0
65.0,2,1.0,1.0,Private room,52.50003,13.3579,4.88,109,4.174387269895637,1,1,0
144.0,2,0.0,1.0,Entire home/apt,52.5241629,13.4031275,0.0,0,4.969813299576001,1,1,0
87.0,6,1.0,1.0,Entire home/apt,52.53686,13.39724,4.78,45,4.465908118654584,1,1,0
74.0,3,1.0,1.0,Entire home/apt,52.48104,13.29124,5.0,10,4.30406509320417,1,1,0
35.0,1,1.0,1.0,Private room,52.59505,13.45733,4.98,46,3.5553480614894135,1,1,1
70.0,2,1.0,1.0,Entire home/apt,52.54289,13.41214,4.67,6,4.248495242049359,1,1,0
69.0,1,1.0,1.0,Private room,52.56368,13.41999,4.72,61,4.23410650459726,1,1,0
270.0,4,2.0,1.5,Entire home/apt,52.49597,13.39806,4.74,35,5.598421958998375,1,1,0
107.0,2,1.0,1.0,Entire home/apt,52.46658,13.38932,0.0,0,4.672828834461906,1,1,0
115.0,4,1.0,1.0,Entire home/apt,52.5244,13.20167,4.85,13,4.74493212836325,1,1,0
250.0,2,1.0,1.0,Entire home/apt,52.52217,13.45346,5.0,17,5.521460917862246,1,1,0
159.0,2,1.0,1.0,Entire home/apt,52.49126298512464,13.3962095605901,4.2,5,5.0689042022202315,1,1,0
89.0,2,0.0,1.0,Private room,52.49796,13.33997,4.46,103,4.48863636973214,1,0,0
97.0,2,0.0,1.0,Private room,52.49698,13.33799,4.57,42,4.574710978503383,1,0,0
74.0,2,1.0,1.0,Entire home/apt,52.4785,13.44385,4.87,23,4.30406509320417,1,1,0
122.0,6,1.0,1.0,Entire home/apt,52.49295,13.33062,4.75,4,4.804021044733257,1,1,0
48.0,2,1.0,1.5,Private room,52.485645,13.38307,4.79,119,3.871201010907891,1,1,0
91.0,4,1.0,1.0,Entire home/apt,52.48149871826172,13.3460693359375,4.61,41,4.51085950651685,1,1,0
109.0,5,2.0,1.0,Entire home/apt,52.49978,13.40999,4.24,17,4.6913478822291435,1,1,0
156.0,8,2.0,2.0,Entire home/apt,52.51412,13.46264,4.78,102,5.049856007249537,1,1,0
162.0,4,2.0,1.0,Entire home/apt,52.538387298583984,13.419551849365234,4.93,104,5.087596335232384,1,1,0
171.0,2,1.0,1.0,Entire home/apt,52.53222,13.40541,5.0,1,5.14166355650266,1,1,0
162.0,4,2.0,1.0,Entire home/apt,52.538387298583984,13.419551849365234,4.95,142,5.087596335232384,1,1,0
124.0,2,1.0,1.0,Entire home/apt,52.538387298583984,13.419551849365234,4.79,14,4.820281565605037,1,1,0
124.0,2,1.0,1.0,Entire home/apt,52.53763,13.42023,5.0,30,4.820281565605037,1,1,0
199.0,2,1.0,1.0,Entire home/apt,52.531208,13.405127,5.0,1,5.293304824724492,1,1,0
224.0,2,1.0,1.0,Entire home/apt,52.53142,13.40628,0.0,0,5.4116460518550396,1,1,0
265.0,4,2.0,2.0,Entire home/apt,52.531208,13.405127,0.0,0,5.579729825986222,1,1,0
300.0,4,2.0,2.0,Entire home/apt,52.53016,13.40614,0.0,0,5.703782474656201,1,1,0
319.0,6,3.0,2.0,Entire home/apt,52.531208,13.405127,5.0,8,5.765191102784844,1,1,0
136.0,2,2.0,1.5,Entire home/apt,52.49087,13.42969,0.0,0,4.912654885736052,1,1,0
144.0,2,0.0,1.0,Entire home/apt,52.52416229248047,13.403127670288086,0.0,0,4.969813299576001,1,1,0
144.0,2,0.0,1.0,Entire home/apt,52.52416229248047,13.403127670288086,0.0,0,4.969813299576001,1,1,0
68.0,2,1.0,1.0,Private room,52.53362,13.40428,4.95,200,4.219507705176107,1,1,0
98.0,2,1.0,1.0,Entire home/apt,52.545078,13.415811,5.0,5,4.584967478670572,1,1,0
100.0,2,1.0,1.0,Entire home/apt,52.50525,13.34215,5.0,1,4.605170185988092,1,1,0
110.0,2,1.0,1.0,Entire home/apt,52.55753,13.38843,0.0,0,4.700480365792417,1,1,0
103.0,4,1.0,1.0,Entire home/apt,52.43724,13.24946,4.89,9,4.634728988229636,1,1,0
225.0,4,2.0,2.0,Entire home/apt,52.4973173,13.3322221,0.0,0,5.41610040220442,1,1,0
129.0,2,1.0,1.0,Private room,52.47308993014078,13.314414318544596,4.8,5,4.859812404361672,1,0,0
182.0,2,1.0,1.0,Entire home/apt,52.5241629,13.4031275,0.0,0,5.204006687076795,1,1,0
67.0,3,1.0,1.0,Entire home/apt,52.51861,13.26617,4.79,109,4.204692619390966,1,1,0
60.0,2,1.0,1.0,Entire home/apt,52.49169,13.41078,5.0,2,4.0943445622221,0,1,0
182.0,2,1.0,1.0,Entire home/apt,52.5241629,13.4031275,0.0,0,5.204006687076795,1,1,0
195.0,2,1.0,1.0,Entire home/apt,52.5241629,13.4031275,0.0,0,5.272999558563747,1,1,0
71.0,2,1.0,1.0,Private room,52.520199,13.450759,4.94,87,4.2626798770413155,1,1,0
85.0,2,2.0,1.0,Entire home/apt,52.49551,13.29801,5.0,1,4.442651256490317,1,1,0
44.0,2,0.0,1.0,Entire home/apt,52.55224,13.43823,0.0,0,3.784189633918261,1,1,0
571.0,7,3.0,2.0,Entire home/apt,52.49243,13.41749,4.88,33,6.3473892096560105,1,1,0
67.0,2,1.0,1.0,Private room,52.50047,13.49304,5.0,14,4.204692619390966,1,1,0
95.0,3,1.0,1.0,Entire home/apt,52.5425,13.41081,5.0,4,4.553876891600541,1,1,0
97.0,2,1.0,1.0,Entire home/apt,52.5766716003418,13.393110275268556,4.96,75,4.574710978503383,1,1,0
69.0,3,1.0,1.0,Entire home/apt,52.53519,13.27116,0.0,0,4.23410650459726,1,1,0
33.0,2,1.0,2.5,Private room,52.46006,13.49737,4.64,28,3.4965075614664802,1,1,0
350.0,12,4.0,2.5,Entire home/apt,52.52604,13.41038,0.0,0,5.857933154483459,1,1,0
133.0,2,0.0,1.0,Entire home/apt,52.485371,13.424553,4.91,140,4.890349128221754,1,1,0
145.0,2,0.0,1.0,Entire home/apt,52.5241629,13.4031275,4.0,1,4.976733742420574,1,1,0
183.0,2,1.0,1.0,Entire home/apt,52.5241629,13.4031275,0.0,0,5.209486152841421,1,1,0
205.0,2,1.0,1.0,Entire home/apt,52.5241629,13.4031275,0.0,0,5.3230099791384085,1,1,0
260.0,4,2.0,2.0,Entire home/apt,52.52478029999999,13.4032852,0.0,0,5.560681631015528,1,1,0
185.0,2,1.0,1.0,Entire home/apt,52.52416229248047,13.403127670288086,5.0,1,5.220355825078324,1,1,0
114.0,2,1.0,1.0,Entire home/apt,52.48249816894531,13.429320335388184,4.98,50,4.736198448394496,1,1,0
38.0,1,1.0,1.5,Private room,52.60656,13.32864,4.67,27,3.6375861597263857,1,1,0
70.0,2,1.0,1.0,Private room,52.49428,13.43378,4.94,149,4.248495242049359,1,1,0
66.0,3,0.0,1.0,Entire home/apt,52.54692,13.41693,4.84,98,4.189654742026425,1,1,0
49.0,2,1.0,1.0,Entire home/apt,52.53206,13.32689,5.0,2,3.8918202981106265,1,1,0
108.0,2,0.0,1.0,Entire home/apt,52.500172,13.315129,4.25,4,4.68213122712422,1,1,0
108.0,3,1.0,1.0,Entire home/apt,52.49911,13.4388,4.96,23,4.68213122712422,1,1,0
100.0,3,1.0,1.0,Entire home/apt,52.53640443963712,13.400901981346074,4.73,11,4.605170185988092,1,1,0
121.0,5,1.0,1.0,Private room,52.4987,13.32467,5.0,7,4.795790545596741,1,0,0
220.0,4,2.0,2.0,Entire home/apt,52.49701,13.37919,4.8,5,5.393627546352362,1,1,0
66.0,2,1.0,1.0,Entire home/apt,52.491505,13.378085,4.92,65,4.189654742026425,1,0,0
50.0,1,1.0,1.0,Entire home/apt,52.55092,13.37043,1.0,1,3.912023005428146,0,1,0
57.0,2,1.0,1.0,Entire home/apt,52.5282,13.34483,4.91,146,4.04305126783455,1,1,0
84.0,2,1.0,1.0,Entire home/apt,52.5070354,13.407199,2.0,1,4.430816798843313,1,1,0
93.0,2,1.0,1.0,Private room,52.49864,13.32553,4.75,4,4.532599493153256,1,0,0
147.0,4,1.0,1.0,Entire home/apt,52.55868,13.41338,4.93,42,4.990432586778736,1,1,0
41.0,1,1.0,1.0,Private room,52.53372,13.43248,4.93,29,3.713572066704308,1,0,0
43.0,1,1.0,1.0,Private room,52.53357,13.43388,4.97,29,3.7612001156935624,1,0,0
86.0,2,1.0,1.0,Entire home/apt,52.4535,13.50457,4.88,33,4.454347296253507,1,1,0
62.0,4,1.0,1.0,Entire home/apt,52.53581,13.39786,4.7,139,4.127134385045092,1,1,0
55.0,1,1.0,1.0,Private room,52.481056,13.34657,4.97,97,4.007333185232471,1,1,0
57.0,2,1.0,1.0,Entire home/apt,52.49773,13.482901,4.94,177,4.04305126783455,1,1,0
41.0,2,1.0,1.0,Private room,52.462616,13.522941,4.86,57,3.713572066704308,1,1,1
144.0,4,1.0,1.0,Entire home/apt,52.51296,13.45512,4.9,10,4.969813299576001,1,1,0
99.0,3,1.0,1.0,Entire home/apt,52.51194,13.45007,4.78,18,4.59511985013459,1,1,0
170.0,6,2.0,1.5,Entire home/apt,52.52421,13.41062,0.0,0,5.135798437050262,1,1,0
109.0,6,2.0,1.0,Entire home/apt,52.5051,13.52118,3.25,4,4.6913478822291435,1,1,0
98.0,2,1.0,1.0,Private room,52.51054000854492,13.465831756591797,4.86,7,4.584967478670572,1,1,0
162.0,4,1.0,1.0,Entire home/apt,52.50052,13.45978,4.91,56,5.087596335232384,1,1,0
125.0,2,1.0,1.0,Entire home/apt,52.43616,13.19847,4.92,39,4.8283137373023015,1,1,0
99.0,2,1.0,1.0,Private room,52.51597,13.33144,0.0,0,4.59511985013459,1,1,1
285.0,6,3.0,2.0,Entire home/apt,52.55407,13.440064,4.63,8,5.652489180268651,1,1,0
59.0,2,1.0,1.5,Private room,52.5541,13.44805,4.9,31,4.07753744390572,1,1,0
54.0,2,1.0,1.5,Private room,52.5541,13.44969,4.86,50,3.9889840465642745,1,1,0
177.0,6,2.0,1.0,Entire home/apt,52.468182,13.390246,4.92,76,5.176149732573829,1,0,0
100.0,1,1.0,1.0,Private room,52.564871432669136,13.392239026910373,0.0,0,4.605170185988092,1,1,0
500.0,4,3.0,3.0,Entire home/apt,52.50731,13.24892,0.0,0,6.214608098422191,1,1,1
137.0,2,1.0,1.0,Entire home/apt,52.53536,13.44317,5.0,29,4.919980925828125,1,1,0
296.0,12,1.0,1.0,Entire home/apt,52.40974090379167,13.66574318137075,4.94,33,5.69035945432406,0,1,0
120.0,2,1.0,1.0,Private room,52.51404,13.46232,5.0,2,4.787491742782046,1,1,0
55.0,2,1.0,2.0,Private room,52.501,13.43214,4.8,142,4.007333185232471,1,1,0
56.0,2,1.0,1.0,Private room,52.523698105247504,13.33530090476185,4.7,20,4.02535169073515,1,1,0
171.0,4,2.0,1.0,Entire home/apt,52.49183,13.37799,4.88,40,5.14166355650266,1,1,0
121.0,5,3.0,1.5,Entire home/apt,52.549731577764206,13.41761619823908,4.79,73,4.795790545596741,1,1,0
113.0,5,1.0,2.0,Entire home/apt,52.500561,13.303497,4.92,83,4.727387818712341,1,1,0
120.0,2,2.0,1.5,Entire home/apt,52.52924,13.384503,0.0,0,4.787491742782046,1,1,0
33.0,2,1.0,1.0,Private room,52.5007,13.3888,4.83,150,3.4965075614664802,1,1,0
168.0,2,1.0,1.0,Entire home/apt,52.5014687,13.3589811,0.0,0,5.123963979403259,1,1,0
202.0,4,2.0,1.0,Entire home/apt,52.5014687,13.3589811,0.0,0,5.308267697401205,1,1,0
114.0,2,1.0,1.0,Entire home/apt,52.43205,13.53315,4.85,41,4.736198448394496,1,0,0
315.0,2,1.0,1.0,Entire home/apt,52.49877,13.40873,5.0,18,5.752572638825633,1,1,0
36.0,3,1.0,1.0,Private room,52.44743,13.56949,4.91,90,3.58351893845611,1,0,0
247.0,6,2.0,2.0,Entire home/apt,52.53006,13.43157,4.94,33,5.5093883366279774,1,1,0
100.0,6,1.0,1.0,Entire home/apt,52.55369,13.43858,4.69,109,4.605170185988092,1,1,0
95.0,2,1.0,1.0,Entire home/apt,52.50366,13.34157,0.0,0,4.553876891600541,1,1,0
75.0,2,2.0,1.0,Entire home/apt,52.54539512840355,13.41547375396729,0.0,0,4.31748811353631,1,1,0
127.0,2,1.0,1.0,Private room,52.50762,13.52395,5.0,3,4.844187086458591,1,1,0
40.0,2,1.0,1.0,Private room,52.49248,13.40291,4.83,6,3.6888794541139363,1,0,0
115.0,2,1.0,1.0,Entire home/apt,52.543,13.37081,4.8,15,4.74493212836325,1,1,0
57.0,2,1.0,1.0,Entire home/apt,52.49093,13.45078,4.25,20,4.04305126783455,1,1,1
26.0,2,1.0,1.0,Entire home/apt,52.47697,13.42311,5.0,43,3.258096538021482,1,1,0
140.0,2,1.0,1.0,Private room,52.49579,13.40417,0.0,0,4.941642422609304,1,1,0
102.0,2,1.0,1.0,Entire home/apt,52.48244,13.44038,5.0,6,4.624972813284271,1,1,0
134.0,4,2.0,1.0,Entire home/apt,52.5333021,13.4003229,4.96,24,4.897839799950911,1,1,0
130.0,2,1.0,1.0,Entire home/apt,52.51592,13.46517,4.91,11,4.867534450455582,1,1,0
96.0,2,1.0,1.0,Entire home/apt,52.52410178103331,13.352429942417816,0.0,0,4.564348191467836,1,1,0
60.0,2,1.0,1.0,Entire home/apt,52.52144,13.25292,0.0,0,4.0943445622221,1,1,0
134.0,4,2.0,1.0,Entire home/apt,52.51267,13.50434,4.38,85,4.897839799950911,1,1,0
59.0,2,1.0,1.0,Entire home/apt,52.52743856223598,13.452377302972506,0.0,0,4.07753744390572,1,1,0
72.0,2,1.0,1.5,Entire home/apt,52.53846,13.42175,0.0,0,4.276666119016055,1,1,0
77.0,2,1.0,1.0,Private room,52.47857,13.37879,4.96,156,4.343805421853684,1,0,0
51.0,3,0.0,1.0,Entire home/apt,52.56246,13.36437,4.83,95,3.9318256327243257,1,1,0
148.0,6,0.0,0.0,Entire home/apt,52.41542,13.58166,4.87,15,4.997212273764115,1,1,0
67.0,4,1.0,1.0,Entire home/apt,52.4557,13.5172,4.8,120,4.204692619390966,1,1,0
104.0,4,2.0,1.0,Entire home/apt,52.44902747000533,13.31538819516554,4.7,10,4.6443908991413725,1,1,0
116.0,2,2.0,1.0,Private room,52.518307,13.280692,4.69,16,4.7535901911063645,1,1,0
76.0,2,1.0,1.0,Entire home/apt,52.49312,13.41601,0.0,0,4.330733340286331,1,1,0
54.0,2,0.0,1.0,Private room,52.501621,13.452043,4.92,13,3.9889840465642745,1,1,0
91.0,4,1.0,1.0,Entire home/apt,52.48149871826172,13.3460693359375,4.58,38,4.51085950651685,1,1,0
137.0,2,1.0,1.0,Entire home/apt,52.54078933717926,13.34901079177743,5.0,1,4.919980925828125,1,1,0
276.0,2,1.0,1.0,Entire home/apt,52.51239,13.41599,0.0,0,5.62040086571715,1,1,0
45.0,2,1.0,1.0,Entire home/apt,52.519325,13.286934,5.0,2,3.8066624897703196,1,1,0
100.0,4,2.0,1.0,Entire home/apt,52.52850950440801,13.436410854662068,0.0,0,4.605170185988092,1,1,0
110.0,3,1.0,1.0,Private room,52.50888,13.38614,4.72,61,4.700480365792417,1,1,0
114.0,2,1.0,1.5,Entire home/apt,52.49487,13.41272,4.93,14,4.736198448394496,1,1,0
61.0,1,0.0,1.0,Entire home/apt,52.522765,13.3393751,0.0,0,4.110873864173311,1,1,0
79.0,2,0.0,1.0,Entire home/apt,52.51061,13.30823,4.36,102,4.3694478524670215,1,1,0
109.0,3,1.0,1.0,Entire home/apt,52.5204963684082,13.302329063415527,4.81,27,4.6913478822291435,1,1,0
173.0,2,1.0,1.0,Entire home/apt,52.576672,13.39311,0.0,0,5.153291594497779,1,1,0
212.0,4,2.0,2.0,Entire home/apt,52.5116953,13.27461,0.0,0,5.356586274672012,1,1,0
122.0,2,1.0,1.0,Private room,52.515717,13.332439,5.0,8,4.804021044733257,1,1,1
124.0,2,1.0,1.0,Entire home/apt,52.532535,13.3676116,0.0,0,4.820281565605037,1,1,0
86.0,2,1.0,1.0,Entire home/apt,52.495049,13.418993,4.94,33,4.454347296253507,1,1,0
79.0,4,1.0,1.0,Entire home/apt,52.49323,13.42633,4.84,101,4.3694478524670215,1,1,0
98.0,2,0.0,1.0,Entire home/apt,52.500172,13.315129,4.54,13,4.584967478670572,1,1,0
200.0,4,2.0,1.5,Entire home/apt,52.49562161707228,13.443988798734972,5.0,3,5.298317366548036,1,1,0
170.0,4,2.0,1.0,Entire home/apt,52.50546,13.23348,5.0,9,5.135798437050262,1,1,0
95.0,2,1.0,1.0,Entire home/apt,52.51894,13.46013,4.85,117,4.553876891600541,1,1,1
179.0,4,2.0,2.0,Entire home/apt,52.4872,13.35304,4.9,87,5.187385805840755,1,1,0
74.0,2,1.0,1.0,Private room,52.51052,13.45141,4.95,43,4.30406509320417,1,1,0
229.0,5,3.0,1.0,Entire home/apt,52.48953,13.42278,4.83,12,5.43372200355424,1,1,0
77.0,2,1.0,1.0,Entire home/apt,52.46477,13.43194,4.87,15,4.343805421853684,1,0,0
117.0,4,1.0,1.0,Entire home/apt,52.49617237260619,13.4240767536269,4.92,128,4.762173934797756,1,1,0
158.0,4,2.0,1.0,Entire home/apt,52.4991394,13.3701274,0.0,0,5.062595033026967,1,1,0
235.0,8,4.0,2.0,Entire home/apt,52.445229,13.38615,0.0,0,5.459585514144159,1,1,0
120.0,2,1.0,1.0,Entire home/apt,52.47148,13.44775,5.0,18,4.787491742782046,1,1,1
132.0,4,2.0,2.0,Entire home/apt,52.52329635620117,13.30137062072754,4.54,37,4.882801922586371,1,1,0
130.0,4,0.0,1.0,Entire home/apt,52.445045471191406,13.432208061387795,4.2,15,4.867534450455582,1,1,0
32.0,2,1.0,1.0,Private room,52.53401550948528,13.432589045599142,5.0,3,3.4657359027997265,1,1,0
85.0,2,1.0,1.5,Private room,52.50649,13.46269,4.95,40,4.442651256490317,1,1,0
49.0,1,1.0,0.5,Private room,52.60808,13.32655,4.67,6,3.8918202981106265,1,0,0
200.0,2,1.0,1.0,Entire home/apt,52.51428,13.44808,4.9,10,5.298317366548036,1,1,0
40.0,1,1.0,1.0,Private room,52.47354888916016,13.377779960632324,4.86,177,3.6888794541139363,1,1,0
100.0,2,1.0,1.0,Entire home/apt,52.4966149176997,13.423765862449626,5.0,3,4.605170185988092,1,1,0
297.0,6,3.0,2.5,Entire home/apt,52.54795,13.40188,4.85,13,5.6937321388027,1,1,0
75.0,1,1.0,1.0,Private room,52.480087,13.327181,5.0,15,4.31748811353631,1,1,0
60.0,2,1.0,1.0,Entire home/apt,52.51643,13.2966,4.48,44,4.0943445622221,1,1,0
1200.0,12,4.0,2.0,Entire home/apt,52.52939,13.41864,5.0,3,7.090076835776092,1,1,1
350.0,7,2.0,1.0,Entire home/apt,52.52939,13.41864,0.0,0,5.857933154483459,1,1,0
66.0,2,1.0,1.0,Entire home/apt,52.49382,13.396536,4.8,244,4.189654742026425,1,1,0
70.0,2,1.0,1.0,Entire home/apt,52.49058,13.43421,5.0,3,4.248495242049359,1,1,0
88.0,2,2.0,1.0,Private room,52.54072946539449,13.358845284118653,4.86,21,4.477336814478207,1,1,0
102.0,4,2.0,1.0,Entire home/apt,52.57149,13.50153,0.0,0,4.624972813284271,1,1,0
185.0,2,1.0,1.0,Entire home/apt,52.51092,13.40877,4.88,16,5.220355825078324,1,1,0
75.0,6,1.0,1.0,Entire home/apt,52.49361,13.39722,4.57,125,4.31748811353631,1,1,0
130.0,4,1.0,2.0,Entire home/apt,52.535042,13.400286,4.94,160,4.867534450455582,1,1,0
219.0,4,2.0,1.0,Entire home/apt,52.471619,13.443734,5.0,5,5.389071729816501,1,1,0
131.0,6,2.0,0.5,Entire home/apt,52.438259,13.410283,4.38,13,4.875197323201151,1,1,1
115.0,4,1.0,1.0,Entire home/apt,52.50565,13.29928,4.59,106,4.74493212836325,1,1,0
177.0,4,2.0,1.0,Entire home/apt,52.50895,13.4617,4.89,122,5.176149732573829,1,1,0
70.0,4,1.0,1.0,Entire home/apt,52.49382,13.39719,4.63,117,4.248495242049359,1,1,0
35.0,1,1.0,1.5,Private room,52.4776,13.44995,5.0,1,3.5553480614894135,1,1,0
72.0,2,1.0,1.5,Private room,52.514132,13.453993,4.95,125,4.276666119016055,1,1,0
79.0,2,1.0,1.0,Entire home/apt,52.493677960406046,13.396948054432867,4.74,243,4.3694478524670215,1,1,0
138.0,2,1.0,1.0,Entire home/apt,52.52810743671882,13.40982814889236,4.94,63,4.927253685157205,1,1,0
70.0,1,1.0,1.0,Private room,52.5027,13.45338,4.98,62,4.248495242049359,1,1,0
113.0,2,0.0,1.0,Entire home/apt,52.527542,13.388054,0.0,0,4.727387818712341,1,1,0
158.0,4,2.0,1.0,Entire home/apt,52.4991394,13.3701274,5.0,1,5.062595033026967,1,1,0
116.0,4,1.0,1.0,Entire home/apt,52.55484,13.37329,5.0,5,4.7535901911063645,1,1,0
106.0,2,1.0,1.0,Entire home/apt,52.37567,13.6545,4.84,19,4.663439094112067,1,1,0
122.0,6,1.0,1.0,Entire home/apt,52.5214867,13.4461563,4.7,57,4.804021044733257,1,1,0
679.0,8,3.0,2.0,Entire home/apt,52.51128,13.37993,0.0,0,6.520621127558696,1,1,1
80.0,3,1.0,1.0,Private room,52.52674,13.38961,4.91,11,4.382026634673881,1,1,0
153.0,5,3.0,1.0,Entire home/apt,52.47565,13.44908,5.0,1,5.030437921392435,1,1,0
97.0,5,1.0,1.0,Private room,52.55418,13.14943,4.64,14,4.574710978503383,1,1,0
36.0,2,1.0,1.0,Private room,52.47645,13.30906,5.0,36,3.58351893845611,1,1,0
84.0,2,1.0,1.0,Entire home/apt,52.47234,13.42263,4.33,6,4.430816798843313,1,1,0
85.0,2,1.0,1.0,Private room,52.51826,13.33152,0.0,0,4.442651256490317,1,1,0
165.0,2,1.0,1.0,Entire home/apt,52.50554409999999,13.4659231,5.0,34,5.10594547390058,1,1,0
107.0,4,1.0,1.0,Entire home/apt,52.48845,13.42035,4.8,5,4.672828834461906,1,1,0
128.0,2,1.0,1.0,Entire home/apt,52.5211583,13.4461129,5.0,1,4.852030263919617,1,1,0
73.0,6,1.0,1.0,Entire home/apt,52.50027,13.4604,4.68,111,4.290459441148391,1,1,0
73.0,2,1.0,1.0,Private room,52.47841291135848,13.442746154570612,4.67,24,4.290459441148391,1,1,0
190.0,4,2.0,1.0,Entire home/apt,52.5008415,13.359691,0.0,0,5.247024072160486,1,1,0
65.0,2,1.0,1.0,Private room,52.53664480754953,13.303814381361008,4.98,83,4.174387269895637,1,0,1
69.0,2,1.0,1.5,Private room,52.44044,13.29514,4.64,14,4.23410650459726,1,0,0
69.0,2,1.0,1.0,Entire home/apt,52.49709,13.44182,0.0,0,4.23410650459726,0,0,0
120.0,3,1.0,1.0,Entire home/apt,52.54427,13.34709,4.92,12,4.787491742782046,1,1,0
92.0,2,1.0,1.0,Entire home/apt,52.5211583,13.4461129,0.0,0,4.5217885770490405,1,1,0
160.0,2,1.0,1.0,Entire home/apt,52.5045126,13.3412181,0.0,0,5.075173815233827,1,1,0
200.0,2,1.0,1.0,Entire home/apt,52.5045126,13.3412181,0.0,0,5.298317366548036,1,1,0
100.0,2,1.0,1.0,Entire home/apt,52.5315733,13.3773421,0.0,0,4.605170185988092,1,1,0
100.0,2,1.0,1.0,Entire home/apt,52.5045126,13.3412181,0.0,0,4.605170185988092,1,1,0
85.0,3,1.0,1.0,Entire home/apt,52.51299,13.45948,4.14,7,4.442651256490317,1,1,0
94.0,2,0.0,1.0,Entire home/apt,52.5329888,13.4139026,5.0,1,4.543294782270004,1,1,0
144.0,2,1.0,1.0,Entire home/apt,52.4991394,13.3701274,0.0,0,4.969813299576001,1,1,0
50.0,1,1.0,1.5,Private room,52.47060900489822,13.464310728714556,4.75,67,3.912023005428146,1,1,0
149.0,2,1.0,1.0,Entire home/apt,52.52127,13.32061,5.0,23,5.003946305945459,1,1,0
137.0,3,1.0,1.0,Entire home/apt,52.49701,13.44206,5.0,6,4.919980925828125,1,1,0
154.0,5,2.0,1.5,Entire home/apt,52.53325,13.40221,4.93,58,5.0369526024136295,1,1,0
100.0,2,1.0,1.0,Entire home/apt,52.47559596677636,13.42402347586119,5.0,2,4.605170185988092,1,1,0
54.0,2,1.0,1.0,Entire home/apt,52.53897,13.49396,4.0,2,3.9889840465642745,1,1,0
89.0,4,2.0,1.0,Entire home/apt,52.42793,13.70508,4.67,9,4.48863636973214,1,1,0
85.0,1,1.0,1.0,Private room,52.4223529,13.4122075,5.0,11,4.442651256490317,1,1,0
126.0,2,1.0,1.0,Entire home/apt,52.50658,13.34809,4.85,99,4.836281906951478,1,1,0
129.0,4,1.0,1.0,Entire home/apt,52.61109837939398,13.233503528681355,5.0,57,4.859812404361672,1,1,0
85.0,2,1.0,1.0,Private room,52.51295,13.45003,5.0,39,4.442651256490317,1,1,0
106.0,2,1.0,1.0,Private room,52.488309,13.443401,4.92,61,4.663439094112067,1,1,0
146.0,5,3.0,1.5,Entire home/apt,52.44656,13.24197,4.92,24,4.983606621708336,1,1,0
100.0,2,1.0,1.0,Entire home/apt,52.55084833073387,13.420920344168811,0.0,0,4.605170185988092,1,1,0
104.0,4,2.0,1.0,Entire home/apt,52.47599,13.42453,4.91,32,4.6443908991413725,1,1,0
77.0,2,1.0,1.0,Entire home/apt,52.56244,13.40133,4.91,45,4.343805421853684,1,1,0
193.0,5,3.0,2.0,Entire home/apt,52.54918,13.4613,4.88,8,5.262690188904886,1,1,0
71.0,2,1.0,1.0,Private room,52.4912,13.4309,5.0,6,4.2626798770413155,1,1,0
99.0,2,1.0,1.0,Entire home/apt,52.4433616,13.3585504,5.0,76,4.59511985013459,1,1,0
143.0,2,1.0,1.0,Entire home/apt,52.5211,13.32337,5.0,16,4.962844630259907,1,1,0
160.0,3,2.0,1.0,Entire home/apt,52.5207,13.30414,4.86,44,5.075173815233827,1,1,0
54.0,1,1.0,1.0,Private room,52.46596442470355,13.431757866019709,4.67,39,3.9889840465642745,1,1,0
171.0,4,2.0,1.0,Entire home/apt,52.55072283752936,13.419294814371243,0.0,0,5.14166355650266,1,1,0
350.0,6,2.0,1.0,Entire home/apt,52.50785,13.27632,0.0,0,5.857933154483459,1,1,0
85.0,1,1.0,1.0,Private room,52.4223529,13.4122075,5.0,1,4.442651256490317,1,1,0
75.0,2,1.0,1.0,Private room,52.46023668896081,13.435434497478232,5.0,29,4.31748811353631,1,1,0
199.0,4,2.0,1.0,Entire home/apt,52.53561,13.40347,4.89,19,5.293304824724492,1,1,0
99.0,7,2.0,2.0,Entire home/apt,52.61027,13.46192,5.0,43,4.59511985013459,1,1,0
102.0,2,1.0,1.0,Private room,52.53472986928831,13.38041345864191,0.0,0,4.624972813284271,1,1,0
104.0,2,1.0,1.0,Entire home/apt,52.50479993160328,13.4634388383233,4.81,26,4.6443908991413725,1,1,0
53.0,1,1.0,1.0,Private room,52.55765,13.43311,4.9,52,3.970291913552122,1,1,0
96.0,2,1.0,1.0,Entire home/apt,52.49269300291246,13.434192538261414,4.87,53,4.564348191467836,1,1,1
119.0,2,2.0,1.0,Entire home/apt,52.5109799,13.4656871,4.75,8,4.77912349311153,1,1,0
90.0,4,2.0,1.5,Entire home/apt,52.55447,13.44837,4.65,31,4.499809670330265,1,1,0
52.0,2,1.0,1.0,Entire home/apt,52.4978367,13.3530088,0.0,0,3.9512437185814275,1,1,0
96.0,4,2.0,1.0,Entire home/apt,52.5155199,13.3055976,4.26,61,4.564348191467836,1,1,0
86.0,4,1.0,1.0,Entire home/apt,52.51552,13.3056,4.56,43,4.454347296253507,1,1,0
107.0,5,2.0,1.0,Entire home/apt,52.46372137755735,13.12692787872414,5.0,3,4.672828834461906,1,1,0
110.0,2,0.0,1.0,Private room,52.45659844992331,13.43729105683152,4.52,27,4.700480365792417,1,1,1
120.0,4,1.0,1.0,Private room,52.52334,13.45399,0.0,0,4.787491742782046,1,1,0
83.0,2,1.0,1.0,Entire home/apt,52.49798,13.33827,0.0,0,4.418840607796598,1,1,0
130.0,3,1.0,1.0,Entire home/apt,52.44492022518277,13.432242765081783,4.43,44,4.867534450455582,1,1,0
125.0,3,2.0,2.0,Entire home/apt,52.51331,13.41652,0.0,0,4.8283137373023015,1,1,0
19.0,1,1.0,1.0,Private room,52.50703,13.54443,4.75,4,2.9444389791664403,0,0,0
216.0,4,1.0,1.0,Entire home/apt,52.53994,13.41411,4.91,11,5.375278407684165,1,1,0
75.0,2,1.0,1.0,Entire home/apt,52.51258,13.41555,0.0,0,4.31748811353631,1,1,0
345.0,5,3.0,2.0,Entire home/apt,52.48309,13.42487,4.88,25,5.84354441703136,1,1,0
72.0,2,1.0,1.0,Entire home/apt,52.50027,13.43991,0.0,0,4.276666119016055,1,1,0
216.0,2,1.0,1.0,Entire home/apt,52.51238,13.41614,0.0,0,5.375278407684165,1,1,0
42.0,1,1.0,1.0,Entire home/apt,52.53558,13.35063,0.0,0,3.7376696182833684,1,1,0
62.0,1,1.0,1.0,Entire home/apt,52.52976,13.44976,5.0,2,4.127134385045092,1,1,0
167.0,8,3.0,1.5,Entire home/apt,52.54556,13.42247,4.79,95,5.117993812416755,1,1,0
177.0,9,3.0,1.0,Entire home/apt,52.52958,13.31757,4.7,69,5.176149732573829,1,1,0
150.0,2,1.0,1.0,Entire home/apt,52.5050299,13.4406259,5.0,1,5.0106352940962555,1,1,0
150.0,3,2.0,1.5,Entire home/apt,52.47756534784537,13.439387655846804,0.0,0,5.0106352940962555,1,1,1
181.0,2,1.0,1.0,Entire home/apt,52.52766,13.40942,0.0,0,5.198497031265826,0,1,0
167.0,5,2.0,2.0,Entire home/apt,52.5390463,13.3998308,5.0,3,5.117993812416755,1,1,0
208.0,7,3.0,1.0,Entire home/apt,52.52786,13.39768,4.41,79,5.337538079701318,1,1,0
278.0,12,4.0,1.5,Entire home/apt,52.53022,13.39733,4.41,122,5.627621113690637,1,1,0
165.0,4,2.0,1.0,Entire home/apt,52.50955640000001,13.4233231,0.0,0,5.10594547390058,1,1,0
185.0,4,2.0,1.0,Entire home/apt,52.5013915,13.3592967,0.0,0,5.220355825078324,1,1,0
151.0,2,1.0,1.0,Entire home/apt,52.5050299,13.4406259,0.0,0,5.017279836814924,1,1,0
65.0,2,1.0,1.0,Entire home/apt,52.52776,13.38821,0.0,0,4.174387269895637,1,1,0
363.0,4,2.0,1.5,Entire home/apt,52.49341687184759,13.426596857607365,4.96,26,5.8944028342648505,1,1,0
140.0,2,1.0,1.0,Entire home/apt,52.53069,13.4084,5.0,3,4.941642422609304,1,1,0
90.0,2,1.0,1.0,Entire home/apt,52.48901,13.44487,4.91,22,4.499809670330265,1,1,0
251.0,4,2.0,2.0,Entire home/apt,52.5241629,13.4031275,0.0,0,5.5254529391317835,1,1,0
55.0,1,1.0,1.0,Private room,52.48175,13.36031,4.94,16,4.007333185232471,1,1,0
187.0,8,2.0,1.0,Entire home/apt,52.54209,13.42341,4.79,80,5.231108616854587,1,1,0
235.0,4,1.0,1.0,Entire home/apt,52.5212162,13.3217943,5.0,18,5.459585514144159,1,1,0
188.0,4,2.0,1.5,Entire home/apt,52.5135,13.46307,4.9,10,5.236441962829949,1,1,0
118.0,3,1.0,1.0,Private room,52.49688,13.31432,4.33,6,4.770684624465665,1,0,0
113.0,2,0.0,1.0,Entire home/apt,52.52804,13.3877399,0.0,0,4.727387818712341,1,1,0
181.0,4,2.0,1.0,Entire home/apt,52.5014687,13.3589811,1.0,1,5.198497031265826,1,1,0
185.0,9,3.0,1.0,Entire home/apt,52.4465985,13.5708006,4.51,65,5.220355825078324,1,1,0
73.0,2,1.0,1.0,Entire home/apt,52.50636,13.5024,4.8,98,4.290459441148391,1,1,0
75.0,2,1.0,1.0,Entire home/apt,52.54158215370026,13.414082676172256,0.0,0,4.31748811353631,1,1,0
60.0,2,1.0,0.5,Private room,52.48658,13.46455,4.8,5,4.0943445622221,1,1,0
71.0,2,1.0,1.0,Private room,52.50345,13.42713,4.89,98,4.2626798770413155,1,0,0
400.0,4,2.0,1.0,Private room,52.4968801,13.4686274,0.0,0,5.991464547107982,0,0,0
217.0,4,2.0,1.5,Entire home/apt,52.4933629,13.4368882,4.98,187,5.37989735354046,1,1,0
65.0,2,1.0,1.0,Entire home/apt,52.540333,13.3573181,4.63,8,4.174387269895637,1,1,0
96.0,4,1.0,1.0,Entire home/apt,52.55176,13.43737,4.81,163,4.564348191467836,1,1,0
70.0,2,1.0,1.0,Private room,52.55609292197621,13.384709309881464,4.82,38,4.248495242049359,1,1,0
87.0,4,1.0,1.0,Entire home/apt,52.48033,13.43209,4.75,61,4.465908118654584,1,1,0
164.0,2,1.0,1.0,Entire home/apt,52.49137,13.42898,4.83,12,5.099866427824199,1,1,0
79.0,1,1.0,1.5,Private room,52.48761,13.4371,4.96,27,4.3694478524670215,1,0,1
112.0,2,1.0,1.0,Private room,52.51605,13.46458,5.0,21,4.718498871295094,1,1,0
91.0,2,1.0,1.0,Private room,52.51197459999999,13.4497113,4.75,4,4.51085950651685,1,0,0
94.0,4,1.0,1.0,Entire home/apt,52.49238,13.45046,4.67,9,4.543294782270004,1,1,0
247.0,4,2.0,1.0,Entire home/apt,52.5274777,13.3880573,0.0,0,5.5093883366279774,1,1,0
130.0,2,1.0,1.0,Entire home/apt,52.50201,13.3703487,5.0,1,4.867534450455582,1,1,0
78.0,1,1.0,1.0,Private room,52.49848,13.31391,4.8,5,4.356708826689592,0,0,0
98.0,2,1.0,1.0,Private room,52.49872,13.3139,4.5,4,4.584967478670572,1,0,0
153.0,4,1.0,1.0,Private room,52.49881,13.31252,4.83,18,5.030437921392435,1,0,0
98.0,2,1.0,1.0,Private room,52.49878,13.31368,5.0,2,4.584967478670572,1,0,0
400.0,5,2.0,1.5,Entire home/apt,52.5363991,13.4128438,5.0,13,5.991464547107982,1,1,0
148.0,4,1.0,1.0,Private room,52.49848,13.31433,4.57,14,4.997212273764115,1,0,0
117.0,3,1.0,1.0,Private room,52.48875564194395,13.284172900021076,4.91,23,4.762173934797756,1,0,0
43.0,2,1.0,1.0,Private room,52.5468455,13.1895795,4.96,55,3.7612001156935624,1,0,0
145.0,5,3.0,2.5,Entire home/apt,52.57031,13.23419,0.0,0,4.976733742420574,1,1,1
59.0,1,1.0,1.0,Private room,52.47812,13.42682,4.96,108,4.07753744390572,1,1,1
40.0,1,1.0,1.5,Private room,52.520998,13.3164202,0.0,0,3.6888794541139363,1,1,0
93.0,3,1.0,1.0,Entire home/apt,52.49267,13.40828,5.0,13,4.532599493153256,1,1,0
135.0,1,1.0,1.0,Private room,52.5044581,13.3459298,0.0,0,4.90527477843843,1,1,0
62.0,2,1.0,1.0,Entire home/apt,52.4736,13.36955,4.87,91,4.127134385045092,1,0,0
67.0,2,1.0,1.0,Entire home/apt,52.54663879251983,13.415389742852785,4.67,135,4.204692619390966,1,0,0
50.0,1,1.0,1.0,Private room,52.5633,13.39548,0.0,0,3.912023005428146,1,1,0
81.0,3,2.0,1.5,Entire home/apt,52.50314239999999,13.3111203,4.66,121,4.394449154672439,1,0,0
95.0,2,1.0,1.0,Private room,52.61572,13.35199,4.92,25,4.553876891600541,1,1,0
122.0,4,1.0,1.0,Entire home/apt,52.48188653997001,13.3490699539673,4.83,6,4.804021044733257,1,1,0
110.0,7,2.0,2.0,Entire home/apt,52.5077862,13.4670305,4.34,35,4.700480365792417,1,1,0
120.0,6,2.0,1.0,Entire home/apt,52.5077862,13.4670305,4.62,73,4.787491742782046,1,1,0
40.0,6,1.0,2.0,Shared room,52.49407069999999,13.425113,4.87,297,3.6888794541139363,1,1,0
89.0,2,1.0,1.0,Entire home/apt,52.47364645835847,13.4512433953468,0.0,0,4.48863636973214,1,1,0
80.0,3,1.0,1.0,Entire home/apt,52.491,13.43293,0.0,0,4.382026634673881,1,1,0
81.0,1,1.0,1.0,Private room,52.486107549176296,13.424306601267736,4.92,13,4.394449154672439,1,1,0
119.0,4,2.0,1.0,Entire home/apt,52.505710194357626,13.300149071906342,5.0,1,4.77912349311153,1,1,0
60.0,1,1.0,1.0,Private room,52.48982,13.37147,4.77,131,4.0943445622221,1,1,0
29.0,1,1.0,2.0,Private room,52.5617,13.4817,0.0,0,3.367295829986474,1,1,0
89.0,2,1.0,1.0,Private room,52.47424,13.57104,5.0,2,4.48863636973214,1,1,0
58.0,4,1.0,0.5,Entire home/apt,52.46952,13.4331,4.67,69,4.060443010546419,1,1,0
162.0,8,3.0,1.5,Entire home/apt,52.53843,13.41005,4.53,91,5.087596335232384,1,1,0
190.0,4,2.0,2.0,Entire home/apt,52.5013915,13.3592967,0.0,0,5.247024072160486,1,1,0
86.0,4,1.0,1.0,Entire home/apt,52.42965,13.19717,4.95,39,4.454347296253507,1,1,0
70.0,3,1.0,1.0,Entire home/apt,52.42813,13.35744,5.0,1,4.248495242049359,1,1,0
136.0,4,1.0,1.0,Entire home/apt,52.52081,13.4481,5.0,43,4.912654885736052,1,1,0
94.0,3,1.0,1.0,Entire home/apt,52.52493,13.4517,0.0,0,4.543294782270004,1,1,1
55.0,4,0.0,1.0,Private room,52.49783862950103,13.50985110583623,4.92,37,4.007333185232471,1,1,0
125.0,4,1.0,1.0,Entire home/apt,52.5119529,13.2639685,0.0,0,4.8283137373023015,1,1,0
173.0,4,2.0,1.5,Entire home/apt,52.501772,13.3707292,0.0,0,5.153291594497779,1,1,0
40.0,2,1.0,1.0,Private room,52.425390663602506,13.505248928560462,4.92,65,3.6888794541139363,1,1,0
31.0,2,1.0,1.5,Private room,52.41645,13.44581,4.77,62,3.4339872044851463,1,0,0
42.0,1,1.0,1.0,Private room,52.4843259,13.4420072,0.0,0,3.7376696182833684,1,1,0
67.0,2,1.0,1.0,Entire home/apt,52.53271,13.44262,0.0,0,4.204692619390966,0,0,0
85.0,4,1.0,1.0,Entire home/apt,52.43702,13.27161,0.0,0,4.442651256490317,1,1,0
86.0,1,1.0,1.0,Entire home/apt,52.4988328,13.3120967,4.62,13,4.454347296253507,1,0,1
62.0,2,1.0,1.0,Private room,52.44224,13.49924,4.6,83,4.127134385045092,1,1,1
82.0,2,1.0,1.0,Entire home/apt,52.42087,13.4254,3.33,3,4.406719247264253,1,1,0
46.0,2,1.0,1.0,Private room,52.53421,13.43146,4.93,15,3.828641396489095,1,1,0
128.0,2,1.0,1.0,Entire home/apt,52.50201,13.3703487,0.0,0,4.852030263919617,1,1,0
112.0,3,1.0,1.0,Entire home/apt,52.537746,13.373278,4.6,10,4.718498871295094,1,1,0
98.0,3,1.0,1.0,Entire home/apt,52.537746,13.373278,4.07,14,4.584967478670572,1,1,0
95.0,3,1.0,1.0,Entire home/apt,52.537746,13.373278,4.42,57,4.553876891600541,1,1,0
182.0,5,2.0,1.0,Entire home/apt,52.537746,13.373278,4.6,5,5.204006687076795,1,1,0
89.0,2,1.0,1.0,Entire home/apt,52.55104,13.4036,4.5,10,4.48863636973214,1,1,0
82.0,4,1.0,1.0,Entire home/apt,52.55104,13.4036,4.5,6,4.406719247264253,1,1,0
99.0,4,1.0,1.0,Entire home/apt,52.55104,13.4036,2.0,1,4.59511985013459,1,1,0
54.0,2,1.0,1.0,Entire home/apt,52.55104,13.4036,0.0,0,3.9889840465642745,1,1,0
73.0,2,1.0,1.0,Entire home/apt,52.55104,13.4036,4.25,12,4.290459441148391,1,1,0
62.0,2,1.0,1.0,Entire home/apt,52.55104,13.4036,3.8,5,4.127134385045092,1,1,0
72.0,2,1.0,1.0,Entire home/apt,52.55104,13.4036,4.44,16,4.276666119016055,1,1,0
104.0,2,1.0,1.0,Entire home/apt,52.50137,13.45303,0.0,0,4.6443908991413725,1,1,0
68.0,2,1.0,1.0,Entire home/apt,52.50226,13.36965,0.0,0,4.219507705176107,1,1,0
250.0,2,1.0,1.0,Entire home/apt,52.49644,13.35579,5.0,1,5.521460917862246,1,1,0
80.0,2,1.0,1.0,Private room,52.51197459999999,13.4497113,4.9,10,4.382026634673881,1,0,0
105.0,6,2.0,1.0,Entire home/apt,52.5077862,13.4670305,4.49,79,4.653960350157523,1,1,0
92.0,2,1.0,1.0,Entire home/apt,52.501772,13.3707292,0.0,0,4.5217885770490405,1,1,0
50.0,2,2.0,1.5,Private room,52.495012151970734,13.472675196826456,0.0,0,3.912023005428146,1,1,0
181.0,6,2.0,1.0,Entire home/apt,52.51509,13.43536,4.97,58,5.198497031265826,1,1,0
69.0,1,1.0,1.0,Private room,52.51197463360569,13.449711464345455,4.45,11,4.23410650459726,1,1,0
121.0,2,1.0,1.0,Entire home/apt,52.48755,13.43572,5.0,9,4.795790545596741,1,1,0
34.0,1,1.0,1.5,Private room,52.46462,13.51303,1.0,1,3.5263605246161616,1,1,1
29.0,1,1.0,1.5,Private room,52.46407,13.51271,2.0,1,3.367295829986474,1,1,0
105.0,3,2.0,1.0,Entire home/apt,52.42736,13.46647,0.0,0,4.653960350157523,1,1,1
37.0,3,1.0,1.0,Entire home/apt,52.492360447308464,13.396412456764503,5.0,1,3.6109179126442243,1,1,0
143.0,2,1.0,2.0,Entire home/apt,52.55742,13.391,4.92,12,4.962844630259907,1,1,0
200.0,4,1.0,1.0,Private room,52.44815,13.53009,0.0,0,5.298317366548036,1,1,0
260.0,2,1.0,1.0,Private room,52.5227282,13.3881445,5.0,4,5.560681631015528,1,0,1
142.0,4,1.0,1.0,Entire home/apt,52.5166295,13.4547409,0.0,0,4.955827057601261,1,1,0
55.0,1,1.0,1.0,Private room,52.473116089030846,13.453159756271816,4.94,17,4.007333185232471,1,1,0
75.0,3,1.0,1.0,Entire home/apt,52.50481156551763,13.415324203670025,0.0,0,4.31748811353631,1,1,0
50.0,2,1.0,1.0,Entire home/apt,52.40467,13.40428,5.0,1,3.912023005428146,1,1,0
64.0,4,1.0,1.0,Entire home/apt,52.48696,13.44309,5.0,1,4.1588830833596715,1,1,0
128.0,4,2.0,2.0,Entire home/apt,52.50933,13.40083,0.0,0,4.852030263919617,1,1,0
105.0,2,1.0,1.0,Entire home/apt,52.48007,13.43431,5.0,10,4.653960350157523,1,1,0
160.0,2,1.0,1.0,Entire home/apt,52.4821,13.34416,5.0,7,5.075173815233827,1,1,0
143.0,2,1.0,1.0,Private room,52.52895,13.34976,5.0,1,4.962844630259907,1,1,1
103.0,4,1.0,1.0,Entire home/apt,52.52084,13.44516,4.95,41,4.634728988229636,1,1,0
95.0,2,1.0,1.0,Private room,52.55179,13.3862,5.0,17,4.553876891600541,1,0,0
77.0,2,0.0,1.0,Private room,52.48943,13.42671,4.9,49,4.343805421853684,1,1,0
64.0,2,1.0,1.0,Entire home/apt,52.49269,13.44374,4.82,17,4.1588830833596715,1,1,0
48.0,1,0.0,1.0,Entire home/apt,52.49856,13.31596,5.0,2,3.871201010907891,1,1,0
55.0,3,1.0,1.0,Private room,52.51223,13.45126,4.84,152,4.007333185232471,1,1,1
230.0,4,2.0,2.0,Entire home/apt,52.48538,13.27735,5.0,1,5.438079308923196,1,1,1
120.0,2,1.0,1.0,Private room,52.5623074440848,13.402083341802967,5.0,9,4.787491742782046,1,1,1
203.0,5,2.0,1.0,Entire home/apt,52.4863577,13.5183554,4.88,16,5.313205979041787,1,1,0
125.0,5,2.0,1.0,Entire home/apt,52.4740195,13.3809554,0.0,0,4.8283137373023015,1,1,1
159.0,4,1.0,1.0,Entire home/apt,52.52713,13.407718,5.0,1,5.0689042022202315,1,1,0
127.0,4,1.0,1.0,Entire home/apt,52.52713,13.407718,0.0,0,4.844187086458591,1,1,0
162.0,4,1.0,1.0,Entire home/apt,52.52713,13.407718,4.67,51,5.087596335232384,1,1,0
163.0,3,1.0,1.0,Entire home/apt,52.52713,13.407718,0.0,0,5.093750200806762,1,1,0
174.0,3,1.0,1.0,Entire home/apt,52.52713,13.407718,3.0,2,5.159055299214529,1,1,0
192.0,4,1.0,1.0,Entire home/apt,52.52713,13.407718,5.0,2,5.2574953720277815,1,1,0
150.0,4,1.0,1.0,Entire home/apt,52.52713,13.407718,5.0,3,5.0106352940962555,1,1,0
122.0,4,1.0,1.0,Entire home/apt,52.52713,13.407718,0.0,0,4.804021044733257,1,1,0
138.0,4,1.0,1.0,Entire home/apt,52.52713,13.407718,4.86,14,4.927253685157205,1,0,0
126.0,2,1.0,1.0,Entire home/apt,52.53031,13.418211,4.49,68,4.836281906951478,1,1,0
146.0,2,1.0,1.0,Entire home/apt,52.53031,13.418211,4.61,18,4.983606621708336,1,1,0
173.0,3,1.0,1.0,Entire home/apt,52.53031,13.418211,4.54,13,5.153291594497779,1,1,0
125.0,2,1.0,1.0,Entire home/apt,52.53031,13.418211,4.72,47,4.8283137373023015,1,1,0
120.0,2,1.0,1.0,Entire home/apt,52.53031,13.418211,4.6,40,4.787491742782046,1,1,0
111.0,2,1.0,1.0,Private room,52.53031,13.418211,4.68,34,4.709530201312334,1,0,0
136.0,2,1.0,1.0,Entire home/apt,52.53031,13.418211,4.38,13,4.912654885736052,1,1,0
171.0,4,2.0,1.0,Entire home/apt,52.52958,13.409776,4.23,31,5.14166355650266,1,1,0
100.0,2,1.0,1.0,Entire home/apt,52.52958,13.409776,4.74,34,4.605170185988092,1,1,0
135.0,2,1.0,1.0,Entire home/apt,52.52958,13.409776,3.5,2,4.90527477843843,1,1,0
130.0,4,1.0,1.0,Entire home/apt,52.52958,13.409776,4.5,28,4.867534450455582,1,1,0
110.0,4,1.0,1.0,Entire home/apt,52.52958,13.409776,4.58,43,4.700480365792417,1,1,0
185.0,6,2.0,1.0,Entire home/apt,52.52958,13.409776,4.68,37,5.220355825078324,1,1,0
120.0,4,1.0,1.0,Entire home/apt,52.52958,13.409776,4.45,20,4.787491742782046,1,1,0
105.0,3,1.0,1.0,Entire home/apt,52.54282,13.366109,4.66,74,4.653960350157523,1,1,0
92.0,2,1.0,1.0,Entire home/apt,52.54282,13.366109,4.63,46,4.5217885770490405,1,1,0
133.0,4,1.0,1.0,Entire home/apt,52.54282,13.366109,4.67,9,4.890349128221754,1,1,0
62.0,2,1.0,1.0,Entire home/apt,52.54282,13.366109,0.0,0,4.127134385045092,1,1,0
190.0,4,2.0,1.0,Entire home/apt,52.5013987,13.3583716,5.0,2,5.247024072160486,1,1,0
103.0,2,1.0,1.0,Entire home/apt,52.51702852634653,13.278888273541256,4.92,118,4.634728988229636,1,1,0
220.0,9,3.0,1.0,Entire home/apt,52.4481877,13.3437656,3.5,2,5.393627546352362,1,1,0
79.0,2,1.0,1.0,Entire home/apt,52.42835493665972,13.20570742750855,4.95,19,4.3694478524670215,1,1,0
107.0,2,0.0,1.0,Private room,52.49696,13.34005,4.33,3,4.672828834461906,1,0,0
82.0,5,1.0,1.0,Entire home/apt,52.51934114760478,13.264997117221355,4.83,110,4.406719247264253,1,1,1
160.0,3,1.0,1.0,Entire home/apt,52.60373126523584,13.20731398965968,5.0,17,5.075173815233827,0,1,0
56.0,1,1.0,1.0,Private room,52.45778907789588,13.427206389606,4.25,4,4.02535169073515,1,0,0
60.0,2,1.0,1.0,Entire home/apt,52.54809,13.40422,5.0,1,4.0943445622221,1,1,0
185.0,4,2.0,2.0,Entire home/apt,52.51457169246413,13.456166472491455,0.0,0,5.220355825078324,0,1,0
47.0,2,1.0,1.0,Private room,52.470127820266455,13.420815323989002,0.0,0,3.8501476017100584,1,1,0
135.0,2,1.0,1.0,Entire home/apt,52.53276615012674,13.342440890368058,5.0,7,4.90527477843843,1,1,0
44.0,2,1.0,1.0,Private room,52.58134,13.40644,4.96,24,3.784189633918261,1,0,0
50.0,2,1.0,2.0,Private room,52.4905,13.44636,4.87,62,3.912023005428146,1,1,1
83.0,1,1.0,1.5,Private room,52.5002375329084,13.42921315815896,4.85,20,4.418840607796598,1,1,0
167.0,4,1.0,1.0,Entire home/apt,52.4860161,13.4238391,4.26,70,5.117993812416755,1,1,0
188.0,5,2.0,1.0,Entire home/apt,52.4860161,13.4238391,4.11,85,5.236441962829949,1,1,0
233.0,5,1.0,1.0,Entire home/apt,52.50557635957621,13.439209693640125,4.95,78,5.4510384535657,1,1,0
178.0,2,1.0,1.5,Entire home/apt,52.51073,13.39139,4.85,20,5.181783550292085,1,1,0
315.0,4,1.0,2.0,Entire home/apt,52.5045126,13.3412181,0.0,0,5.752572638825633,0,0,0
235.0,2,1.0,1.0,Entire home/apt,52.49091,13.42562,4.87,15,5.459585514144159,1,1,0
88.0,2,1.0,1.0,Entire home/apt,52.4988328,13.3120967,4.49,45,4.477336814478207,1,0,1
90.0,2,1.0,1.0,Entire home/apt,52.4988328,13.3120967,4.66,242,4.499809670330265,1,0,1
94.0,2,1.0,1.0,Entire home/apt,52.4988328,13.3120967,4.75,294,4.543294782270004,1,1,1
99.0,2,1.0,1.0,Entire home/apt,52.4988328,13.3120967,4.69,61,4.59511985013459,1,1,1
105.0,4,1.0,1.0,Entire home/apt,52.4988328,13.3120967,4.76,278,4.653960350157523,1,1,1
115.0,4,1.0,1.0,Entire home/apt,52.4988328,13.3120967,4.67,45,4.74493212836325,1,1,1
71.0,3,1.0,1.0,Entire home/apt,52.50016,13.4181,0.0,0,4.2626798770413155,1,1,0
133.0,6,1.0,1.0,Entire home/apt,52.4988328,13.3120967,4.0,9,4.890349128221754,1,1,1
77.0,3,1.0,1.0,Entire home/apt,52.53811872623356,13.408899589530783,4.0,3,4.343805421853684,1,1,0
85.0,4,1.0,1.0,Entire home/apt,52.5955814,13.4330778,0.0,0,4.442651256490317,1,1,0
150.0,3,2.0,2.0,Entire home/apt,52.4953,13.43615,5.0,3,5.0106352940962555,1,1,0
43.0,1,1.0,1.5,Private room,52.4394,13.44561,4.77,141,3.7612001156935624,1,1,0
66.0,2,1.0,1.0,Private room,52.52246,13.38282,4.97,73,4.189654742026425,1,1,1
220.0,4,2.0,1.5,Private room,52.53647,13.42831,4.93,46,5.393627546352362,1,1,0
198.0,5,4.0,2.0,Entire home/apt,52.52568433200749,13.514014156116366,5.0,12,5.288267030694535,1,1,0
99.0,6,2.0,1.0,Entire home/apt,52.54661,13.44941,5.0,2,4.59511985013459,1,1,0
116.0,4,1.0,1.0,Private room,52.50496,13.46918,5.0,6,4.7535901911063645,1,1,0
108.0,2,1.0,1.0,Entire home/apt,52.5517,13.41801,4.94,33,4.68213122712422,1,1,0
180.0,5,1.0,1.0,Entire home/apt,52.50603,13.44044,4.96,56,5.19295685089021,1,1,0
160.0,2,1.0,1.0,Private room,52.49117,13.41174,4.85,41,5.075173815233827,1,1,0
98.0,2,1.0,1.0,Entire home/apt,52.50013,13.35586,0.0,0,4.584967478670572,1,1,0
82.0,4,1.0,1.0,Entire home/apt,52.54319,13.42469,4.55,22,4.406719247264253,1,1,0
84.0,3,1.0,1.0,Entire home/apt,52.4938,13.33246,4.0,2,4.430816798843313,1,0,0
46.0,2,1.0,1.0,Private room,52.4954766,13.486383269311508,4.99,154,3.828641396489095,1,0,0
92.0,6,2.0,1.0,Entire home/apt,52.49301,13.33034,4.0,5,4.5217885770490405,1,1,0
193.0,6,3.0,1.5,Entire home/apt,52.51659,13.4664,4.83,41,5.262690188904886,1,1,0
43.0,2,1.0,1.0,Private room,52.50293919830891,13.293292992638234,0.0,0,3.7612001156935624,1,1,0
206.0,5,1.0,1.0,Entire home/apt,52.5048,13.44171,5.0,77,5.327876168789581,1,1,0
90.0,1,1.0,1.0,Entire home/apt,52.55216523881542,13.436332270503044,5.0,4,4.499809670330265,1,1,0
53.0,2,1.0,1.0,Private room,52.51395,13.51492,4.86,97,3.970291913552122,1,1,0
21.0,1,1.0,1.0,Private room,52.58916,13.4289,0.0,0,3.044522437723423,1,1,0
23.0,1,1.0,1.0,Private room,52.58911,13.42874,0.0,0,3.1354942159291497,1,1,0
140.0,3,1.0,1.0,Entire home/apt,52.60338,13.20615,0.0,0,4.941642422609304,0,1,0
135.0,4,1.0,1.0,Entire home/apt,52.49773649999999,13.4214112,4.73,99,4.90527477843843,1,1,0
53.0,2,1.0,1.0,Private room,52.49559,13.41469,5.0,3,3.970291913552122,1,1,0
129.0,2,1.0,1.0,Private room,52.47331,13.31395,4.67,3,4.859812404361672,1,0,0
226.0,4,2.0,1.0,Entire home/apt,52.53825,13.3968,4.96,46,5.420534999272286,1,1,0
28.0,1,1.0,1.0,Private room,52.58743,13.42706,5.0,1,3.332204510175204,1,1,0
224.0,5,1.0,1.0,Entire home/apt,52.506,13.43906,4.95,59,5.4116460518550396,1,1,0
198.0,4,1.0,1.0,Entire home/apt,52.50579519636992,13.44116995615015,4.86,22,5.288267030694535,1,1,0
105.0,4,2.0,1.0,Entire home/apt,52.50686,13.50294,4.67,82,4.653960350157523,1,1,0
50.0,2,1.0,1.0,Private room,52.48528,13.32334,4.94,36,3.912023005428146,1,1,0
40.0,2,1.0,1.0,Private room,52.48240729560612,13.439760246904203,5.0,4,3.6888794541139363,1,0,0
220.0,12,4.0,1.0,Entire home/apt,52.4473,13.34428,3.67,3,5.393627546352362,1,1,0
69.0,2,1.0,1.0,Entire home/apt,52.46097,13.51984,0.0,0,4.23410650459726,1,1,0
127.0,3,1.0,1.0,Entire home/apt,52.48656,13.38741,4.88,49,4.844187086458591,1,1,0
64.0,1,0.0,1.0,Entire home/apt,52.5001715,13.3151285,5.0,3,4.1588830833596715,1,1,0
97.0,5,0.0,1.0,Entire home/apt,52.52272,13.38562,4.79,100,4.574710978503383,1,1,0
112.0,2,1.0,1.0,Private room,52.48928,13.26795,4.92,24,4.718498871295094,1,0,0
64.0,1,0.0,1.0,Entire home/apt,52.5001715,13.3151285,3.5,2,4.1588830833596715,1,0,0
256.0,4,2.0,1.5,Entire home/apt,52.54087,13.40482,4.95,21,5.545177444479562,1,1,0
99.0,6,2.0,1.0,Entire home/apt,52.54667,13.4496,5.0,2,4.59511985013459,1,1,0
99.0,6,2.0,1.0,Entire home/apt,52.54857,13.44902,5.0,2,4.59511985013459,1,1,0
63.0,2,0.0,1.0,Entire home/apt,52.55291,13.42713,4.64,22,4.143134726391533,1,1,0
69.0,2,0.0,1.0,Entire home/apt,52.5001715,13.3151285,4.5,16,4.23410650459726,1,1,0
74.0,2,0.0,1.0,Entire home/apt,52.5001715,13.3151285,5.0,2,4.30406509320417,1,1,0
79.0,2,0.0,1.0,Entire home/apt,52.5001715,13.3151285,0.0,0,4.3694478524670215,1,1,0
242.0,5,3.0,2.0,Entire home/apt,52.50086779999999,13.3587992,0.0,0,5.488937726156687,1,1,0
105.0,3,1.0,1.5,Entire home/apt,52.50296,13.30792,0.0,0,4.653960350157523,1,1,0
53.0,2,1.0,1.0,Private room,52.50045,13.45716,4.98,204,3.970291913552122,1,1,0
84.0,3,1.0,1.5,Entire home/apt,52.46018609999999,13.3098381,4.81,57,4.430816798843313,1,1,0
99.0,6,2.0,1.0,Entire home/apt,52.54867,13.44899,5.0,2,4.59511985013459,1,1,0
99.0,6,2.0,1.0,Entire home/apt,52.5469,13.44768,4.0,2,4.59511985013459,1,1,0
99.0,6,2.0,1.0,Entire home/apt,52.54653,13.44837,5.0,1,4.59511985013459,1,1,0
145.0,2,1.0,1.0,Entire home/apt,52.47106,13.4458,5.0,7,4.976733742420574,1,1,0
76.0,4,2.0,1.0,Entire home/apt,52.43457,13.23188,4.87,47,4.330733340286331,1,1,0
196.0,6,2.0,1.0,Entire home/apt,52.4915178,13.4796538,5.0,3,5.278114659230517,1,1,0
90.0,4,2.0,1.0,Entire home/apt,52.45967,13.52302,5.0,1,4.499809670330265,1,1,1
70.0,3,1.0,1.0,Entire home/apt,52.52403405643552,13.165776498147576,4.95,37,4.248495242049359,1,1,0
71.0,2,1.0,1.0,Private room,52.53207524826149,13.423373848199844,4.93,30,4.2626798770413155,1,1,0
47.0,3,1.0,1.0,Entire home/apt,52.4612732,13.5235426,5.0,9,3.8501476017100584,1,1,0
72.0,4,1.0,1.0,Entire home/apt,52.54851,13.44765,4.67,3,4.276666119016055,1,1,0
88.0,5,2.0,1.0,Entire home/apt,52.54672,13.44929,5.0,2,4.477336814478207,1,1,0
189.0,8,4.0,2.0,Entire home/apt,52.4871723,13.3568638,0.0,0,5.241747015059643,1,1,0
200.0,2,1.0,1.0,Entire home/apt,52.5045126,13.3412181,0.0,0,5.298317366548036,1,1,0
131.0,2,1.0,1.0,Entire home/apt,52.5353472,13.4323069,0.0,0,4.875197323201151,1,1,0
62.0,2,1.0,1.5,Private room,52.4904775293068,13.322870569914564,4.86,42,4.127134385045092,1,1,0
120.0,6,2.0,1.0,Entire home/apt,52.54757,13.4487,4.74,110,4.787491742782046,1,1,0
131.0,2,1.0,1.0,Entire home/apt,52.4989,13.31604,4.82,17,4.875197323201151,1,1,0
114.0,2,1.0,1.0,Entire home/apt,52.53748266525694,13.406513593104677,4.71,7,4.736198448394496,1,1,0
152.0,10,2.0,2.0,Entire home/apt,52.54754,13.44874,4.58,50,5.0238805208462765,1,1,0
193.0,2,1.0,1.0,Entire home/apt,52.53332709118808,13.40613265827304,0.0,0,5.262690188904886,1,1,0
96.0,4,1.0,1.0,Entire home/apt,52.54757,13.4487,4.76,102,4.564348191467836,1,1,0
99.0,2,1.0,1.0,Entire home/apt,52.50408,13.29796,0.0,0,4.59511985013459,1,1,0
35.0,2,1.0,1.0,Private room,52.55371,13.34426,0.0,0,3.5553480614894135,1,1,0
42.0,2,1.0,1.0,Private room,52.56548,13.41711,5.0,3,3.7376696182833684,1,1,0
132.0,2,1.0,1.0,Entire home/apt,52.43317,13.53358,4.0,2,4.882801922586371,0,0,0
122.0,4,2.0,1.0,Entire home/apt,52.50445,13.44135,0.0,0,4.804021044733257,1,1,0
90.0,2,1.0,1.0,Entire home/apt,52.48663,13.4377,4.72,88,4.499809670330265,1,1,0
252.0,4,2.0,1.0,Entire home/apt,52.53669578435378,13.426076103622872,5.0,5,5.529429087511423,1,1,0
123.0,4,2.0,1.0,Entire home/apt,52.49878,13.46511,0.0,0,4.812184355372417,1,1,0
165.0,4,2.0,1.0,Entire home/apt,52.5353472,13.4323069,5.0,1,5.10594547390058,1,1,0
114.0,2,1.0,1.0,Entire home/apt,52.5152744,13.4565813,0.0,0,4.736198448394496,1,1,0
60.0,1,1.0,1.0,Private room,52.48164,13.42494,5.0,2,4.0943445622221,1,1,0
38.0,1,1.0,1.0,Private room,52.454559443468895,13.351694014819348,5.0,1,3.6375861597263857,1,1,0
250.0,4,2.0,1.0,Entire home/apt,52.53457038408396,13.348064356641668,4.83,6,5.521460917862246,1,1,0
259.0,7,3.0,2.0,Entire home/apt,52.49944,13.49341,5.0,30,5.556828061699537,1,1,0
114.0,6,2.0,1.0,Entire home/apt,52.54757,13.4487,4.73,78,4.736198448394496,1,1,0
61.0,2,1.0,1.0,Private room,52.5247,13.41936,4.88,111,4.110873864173311,1,0,0
116.0,6,2.0,1.0,Entire home/apt,52.54757,13.4487,4.8,84,4.7535901911063645,1,1,0
109.0,6,1.0,1.0,Entire home/apt,52.54757,13.4487,4.83,81,4.6913478822291435,1,1,0
113.0,5,2.0,1.0,Entire home/apt,52.54757,13.4487,4.74,65,4.727387818712341,1,1,0
69.0,2,1.0,1.0,Private room,52.49773,13.46292,4.97,69,4.23410650459726,1,1,0
45.0,2,1.0,1.0,Private room,52.46821885713991,13.435171589176994,4.8,10,3.8066624897703196,1,1,0
136.0,4,2.0,2.0,Entire home/apt,52.50242,13.35824,0.0,0,4.912654885736052,1,1,0
116.0,3,2.0,1.0,Entire home/apt,52.5007739,13.3595996,0.0,0,4.7535901911063645,1,1,0
173.0,4,2.0,1.0,Entire home/apt,52.5097719,13.3233972,0.0,0,5.153291594497779,1,1,0
90.0,2,1.0,1.0,Entire home/apt,52.54674,13.57462,4.75,4,4.499809670330265,1,1,1
58.0,3,1.0,1.0,Private room,52.46288,13.32861,4.92,121,4.060443010546419,1,1,0
54.0,2,1.0,1.5,Private room,52.46459,13.39332,5.0,22,3.9889840465642745,1,1,0
230.0,2,1.0,1.0,Entire home/apt,52.5106634,13.4085787,4.88,26,5.438079308923196,1,1,0
98.0,2,1.0,1.0,Entire home/apt,52.5046952,13.3911793,4.67,398,4.584967478670572,1,0,0
160.0,3,1.0,1.0,Entire home/apt,52.53278,13.42001,4.95,22,5.075173815233827,1,1,0
138.0,4,1.0,1.5,Entire home/apt,52.4072836,13.6615201,4.88,8,4.927253685157205,1,1,0
81.0,3,1.0,1.0,Private room,52.49293,13.36029,4.94,31,4.394449154672439,1,1,0
51.0,1,1.0,1.0,Private room,52.51458,13.17246,5.0,1,3.9318256327243257,1,1,0
76.0,5,1.0,1.0,Private room,52.53348772049617,13.348560615646438,4.95,110,4.330733340286331,1,1,0
159.0,2,1.0,1.0,Entire home/apt,52.51057931409847,13.311775030268375,0.0,0,5.0689042022202315,0,1,0
75.0,1,1.0,1.0,Entire home/apt,52.63211,13.51807,5.0,1,4.31748811353631,1,0,0
99.0,2,1.0,1.0,Entire home/apt,52.5046952,13.3911793,4.59,209,4.59511985013459,1,0,0
103.0,2,1.0,1.0,Entire home/apt,52.5046952,13.3911793,4.57,14,4.634728988229636,1,0,0
101.0,2,1.0,1.0,Entire home/apt,52.5046952,13.3911793,4.62,102,4.61512051684126,1,1,0
103.0,2,1.0,1.0,Entire home/apt,52.5046952,13.3911793,4.67,1196,4.634728988229636,1,1,0
108.0,2,1.0,1.0,Entire home/apt,52.5046952,13.3911793,4.61,36,4.68213122712422,1,1,0
147.0,4,1.0,1.0,Entire home/apt,52.5046952,13.3911793,4.73,51,4.990432586778736,1,1,0
165.0,5,2.0,1.0,Entire home/apt,52.53355246069496,13.43645330518484,4.88,197,5.10594547390058,1,1,0
89.0,3,1.0,1.0,Entire home/apt,52.49845,13.4469,0.0,0,4.48863636973214,1,1,0
80.0,2,1.0,1.0,Entire home/apt,52.58616,13.36332,0.0,0,4.382026634673881,1,1,1
182.0,2,1.0,1.0,Entire home/apt,52.49722,13.30885,4.57,14,5.204006687076795,1,1,0
102.0,4,1.0,1.0,Entire home/apt,52.463275800261584,13.438302161379852,5.0,18,4.624972813284271,1,1,1
64.0,1,1.0,1.0,Private room,52.48811,13.43366,5.0,3,4.1588830833596715,1,1,0
246.0,4,1.0,2.0,Entire home/apt,52.54717260393295,13.409238509158683,5.0,9,5.5053315359323625,1,1,0
133.0,4,2.0,1.0,Entire home/apt,52.48850867399378,13.453117022664856,4.9,10,4.890349128221754,1,1,0
111.0,2,1.0,1.0,Entire home/apt,52.43175,13.20024,0.0,0,4.709530201312334,1,1,0
74.0,1,1.0,1.0,Entire home/apt,52.53577374019033,13.42729732327883,4.96,153,4.30406509320417,1,1,0
24.0,2,1.0,1.0,Entire home/apt,52.46167,13.33696,0.0,0,3.1780538303479458,0,1,0
221.0,4,2.0,1.0,Entire home/apt,52.48334,13.31131,4.5,8,5.3981627015177525,1,1,0
61.0,2,1.0,1.0,Private room,52.5140718,13.1735062,0.0,0,4.110873864173311,1,1,0
123.0,2,1.0,1.0,Entire home/apt,52.5070856,13.3179806,0.0,0,4.812184355372417,1,1,0
85.0,2,1.0,1.0,Private room,52.50985,13.45652,5.0,7,4.442651256490317,1,1,0
122.0,2,1.0,1.0,Entire home/apt,52.48937,13.38756,5.0,8,4.804021044733257,1,1,0
81.0,2,1.0,1.0,Private room,52.48712,13.33816,4.91,34,4.394449154672439,1,1,0
82.0,2,1.0,1.0,Entire home/apt,52.5009,13.37182,0.0,0,4.406719247264253,1,1,0
80.0,2,0.0,1.0,Entire home/apt,52.5544776,13.4223465,4.87,62,4.382026634673881,1,1,0
100.0,2,1.0,1.0,Entire home/apt,52.6065,13.43236,3.67,9,4.605170185988092,1,1,0
49.0,4,1.0,1.0,Private room,52.43933,13.49135,4.87,75,3.8918202981106265,1,1,0
81.0,3,1.0,1.0,Entire home/apt,52.53716347856098,13.264783380950911,5.0,1,4.394449154672439,1,1,0
78.0,2,1.0,1.0,Entire home/apt,52.5375276,13.2651409,0.0,0,4.356708826689592,1,1,0
65.0,2,1.0,1.0,Private room,52.52417,13.45204,4.88,52,4.174387269895637,1,1,0
68.0,1,1.0,1.0,Private room,52.46178,13.52232,0.0,0,4.219507705176107,1,1,0
42.0,1,0.0,0.0,Entire home/apt,52.52126,13.40514,5.0,3,3.7376696182833684,1,1,0
166.0,2,1.0,1.0,Entire home/apt,52.50601,13.39027,0.0,0,5.111987788356544,1,1,0
70.0,2,1.0,1.0,Entire home/apt,52.5046,13.50237,4.82,91,4.248495242049359,1,1,0
69.0,2,1.0,1.0,Entire home/apt,52.39418,13.41215,0.0,0,4.23410650459726,1,1,0
127.0,2,1.0,1.0,Entire home/apt,52.50567299999999,13.3904664,0.0,0,4.844187086458591,1,1,0
133.0,2,1.0,1.0,Entire home/apt,52.50567299999999,13.3904664,0.0,0,4.890349128221754,1,1,0
85.0,2,1.0,1.0,Entire home/apt,52.464195,13.384416,3.67,3,4.442651256490317,1,1,0
76.0,1,1.0,1.0,Entire home/apt,52.464195,13.384416,4.5,4,4.330733340286331,1,1,0
77.0,1,1.0,1.0,Entire home/apt,52.464195,13.384416,4.68,103,4.343805421853684,1,1,0
91.0,2,1.0,1.0,Entire home/apt,52.464195,13.384416,4.74,27,4.51085950651685,1,1,0
108.0,3,1.0,1.0,Entire home/apt,52.464195,13.384416,4.33,6,4.68213122712422,1,1,0
129.0,4,1.0,1.0,Entire home/apt,52.464195,13.384416,4.17,6,4.859812404361672,1,1,0
77.0,2,1.0,1.0,Private room,52.53991879143416,13.401460706712212,4.92,13,4.343805421853684,1,1,0
75.0,1,1.0,1.0,Entire home/apt,52.464195,13.384416,4.88,24,4.31748811353631,1,1,0
81.0,2,1.0,1.0,Entire home/apt,52.464195,13.384416,4.6,233,4.394449154672439,1,1,0
90.0,4,2.0,1.5,Entire home/apt,52.47908,13.41986,0.0,0,4.499809670330265,1,1,0
63.0,2,1.0,1.0,Entire home/apt,52.57416,13.4389,5.0,1,4.143134726391533,1,1,0
78.0,1,1.0,1.0,Entire home/apt,52.52446,13.40779,0.0,0,4.356708826689592,1,1,0
98.0,1,1.0,1.0,Private room,52.48937489999999,13.4035945,0.0,0,4.584967478670572,1,1,0
99.0,2,1.0,1.0,Entire home/apt,52.53079746023352,13.333518840372562,0.0,0,4.59511985013459,1,1,0
92.0,2,1.0,1.0,Private room,52.52694049999999,13.3914413,4.92,38,4.5217885770490405,1,1,0
75.0,2,1.0,1.0,Entire home/apt,52.49304,13.32076,0.0,0,4.31748811353631,1,1,0
240.0,5,3.0,2.0,Entire home/apt,52.5039573096406,13.416858070195094,0.0,0,5.480638923341991,1,1,0
50.0,2,1.0,1.0,Entire home/apt,52.47884992501182,13.298689685761929,5.0,1,3.912023005428146,1,1,0
70.0,2,1.0,1.0,Entire home/apt,52.50563,13.44129,0.0,0,4.248495242049359,1,1,0
163.0,8,1.0,1.0,Entire home/apt,52.50847,13.45451,4.68,50,5.093750200806762,1,1,0
100.0,3,1.0,1.0,Entire home/apt,52.52988,13.39764,4.55,73,4.605170185988092,1,1,0
88.0,2,1.0,1.0,Entire home/apt,52.54686328043464,13.3814458120522,4.86,7,4.477336814478207,1,1,0
82.0,2,1.0,1.0,Entire home/apt,52.5817135,13.396813,4.96,27,4.406719247264253,1,1,0
93.0,3,1.0,1.0,Entire home/apt,52.5255378,13.4072858,4.59,32,4.532599493153256,1,1,0
197.0,4,2.0,1.0,Entire home/apt,52.51394,13.45892,4.94,31,5.2832037287379885,1,1,0
94.0,4,1.0,1.0,Private room,52.49851,13.44595,4.8,44,4.543294782270004,1,1,0
82.0,4,2.0,1.0,Entire home/apt,52.4972084,13.4455264,0.0,0,4.406719247264253,1,1,0
63.0,2,1.0,1.0,Private room,52.55153,13.44932,4.91,57,4.143134726391533,1,1,0
86.0,4,1.0,1.0,Entire home/apt,52.50925179999999,13.4239126,4.46,13,4.454347296253507,1,1,0
84.0,4,1.0,1.0,Entire home/apt,52.50925179999999,13.4239126,4.33,6,4.430816798843313,1,1,0
149.0,8,4.0,1.0,Entire home/apt,52.50925179999999,13.4239126,4.45,11,5.003946305945459,1,1,0
161.0,3,1.0,1.0,Entire home/apt,52.51219,13.30052,4.76,29,5.081404364984463,1,1,0
267.0,4,1.0,1.0,Entire home/apt,52.50738,13.32621,5.0,1,5.58724865840025,1,1,0
265.0,8,4.0,2.5,Entire home/apt,52.39324,13.38321,4.9,10,5.579729825986222,1,1,0
85.0,2,1.0,2.0,Entire home/apt,52.51228,13.49927,5.0,3,4.442651256490317,1,1,0
214.0,6,3.0,1.5,Entire home/apt,52.4955748,13.4309692,0.0,0,5.365976015021851,1,1,0
65.0,3,2.0,1.0,Entire home/apt,52.4373,13.53985,5.0,1,4.174387269895637,1,1,0
90.0,4,1.0,1.0,Entire home/apt,52.5002,13.42326,0.0,0,4.499809670330265,1,1,0
132.0,2,1.0,1.0,Entire home/apt,52.52075,13.44603,4.91,44,4.882801922586371,1,1,0
201.0,12,3.0,2.0,Entire home/apt,52.4865523,13.3563353,4.79,34,5.303304908059076,1,1,0
68.0,1,1.0,1.0,Entire home/apt,52.52644,13.33144,0.0,0,4.219507705176107,1,1,0
54.0,2,1.0,1.0,Private room,52.50666,13.40208,4.71,31,3.9889840465642745,1,1,0
62.0,2,1.0,1.0,Private room,52.4890158,13.4554306,4.93,29,4.127134385045092,1,1,0
166.0,4,1.0,1.0,Entire home/apt,52.4926074,13.4211571,4.93,85,5.111987788356544,1,1,0
89.0,2,1.0,1.0,Entire home/apt,52.5201396,13.4539841,4.72,149,4.48863636973214,1,1,0
87.0,2,1.0,1.0,Entire home/apt,52.5201396,13.4539841,4.74,125,4.465908118654584,1,1,0
85.0,4,1.0,1.5,Entire home/apt,52.49522,13.298,5.0,4,4.442651256490317,1,1,0
95.0,1,1.0,1.0,Private room,52.49082,13.32011,0.0,0,4.553876891600541,1,1,0
119.0,2,1.0,1.0,Entire home/apt,52.49913,13.44062,5.0,7,4.77912349311153,1,1,0
37.0,3,2.0,1.0,Entire home/apt,52.63228,13.51829,5.0,1,3.6109179126442243,1,0,0
37.0,2,1.0,1.0,Entire home/apt,52.63199,13.51777,4.67,3,3.6109179126442243,1,1,0
64.0,3,1.0,1.0,Private room,52.47419,13.46612,0.0,0,4.1588830833596715,0,1,0
45.0,2,1.0,1.0,Entire home/apt,52.54491,13.37005,5.0,4,3.8066624897703196,1,1,0
143.0,4,2.0,1.0,Entire home/apt,52.56137717172032,13.242061388870528,4.95,57,4.962844630259907,1,1,0
107.0,4,2.0,1.0,Entire home/apt,52.48727,13.35982,0.0,0,4.672828834461906,1,1,0
74.0,2,0.0,1.0,Entire home/apt,52.4594515,13.3260938,5.0,1,4.30406509320417,1,1,0
155.0,4,2.0,1.0,Entire home/apt,52.5285759,13.4472486,0.0,0,5.043425116919247,1,1,0
150.0,4,2.0,2.0,Entire home/apt,52.48537937909545,13.433482238206947,0.0,0,5.0106352940962555,1,1,0
108.0,2,1.0,1.0,Private room,52.45916986207213,13.385864369506043,5.0,2,4.68213122712422,1,0,0
93.0,3,1.0,1.0,Entire home/apt,52.46986,13.42715,4.95,76,4.532599493153256,1,0,0
208.0,4,2.0,2.5,Entire home/apt,52.53028,13.42934,5.0,1,5.337538079701318,1,1,0
93.0,2,1.0,1.0,Entire home/apt,52.54985,13.4585,4.91,23,4.532599493153256,1,1,0
60.0,1,1.0,1.0,Entire home/apt,52.43864,13.30456,5.0,3,4.0943445622221,1,1,0
137.0,6,3.0,1.0,Entire home/apt,52.48525,13.37551,0.0,0,4.919980925828125,1,1,0
183.0,6,3.0,1.0,Entire home/apt,52.4671415,13.4366281,5.0,1,5.209486152841421,1,1,0
104.0,2,0.0,1.0,Entire home/apt,52.5112434,13.4160581,5.0,2,4.6443908991413725,1,1,0
75.0,2,1.0,1.0,Private room,52.49854,13.42844,5.0,34,4.31748811353631,1,1,0
55.0,2,1.0,2.0,Private room,52.47112,13.43324,4.9,20,4.007333185232471,1,1,0
243.0,6,3.0,1.0,Entire home/apt,52.5107175,13.4579619,0.0,0,5.493061443340548,1,1,0
126.0,2,1.0,1.0,Entire home/apt,52.5107175,13.4579619,0.0,0,4.836281906951478,1,1,0
121.0,8,2.0,1.0,Entire home/apt,52.47517800000001,13.45256,4.34,50,4.795790545596741,1,1,0
205.0,4,2.0,2.0,Entire home/apt,52.54704,13.41354,0.0,0,5.3230099791384085,1,1,0
98.0,4,2.0,1.0,Entire home/apt,52.50134,13.45228,5.0,2,4.584967478670572,1,1,0
68.0,1,1.0,1.0,Private room,52.53291,13.41482,4.17,6,4.219507705176107,1,0,0
58.0,2,1.0,1.0,Private room,52.54767,13.40419,4.96,134,4.060443010546419,1,0,0
63.0,2,2.0,1.0,Entire home/apt,52.51139,13.46745,0.0,0,4.143134726391533,1,1,0
69.0,2,1.0,1.0,Private room,52.51693,13.41868,4.34,35,4.23410650459726,1,0,1
179.0,4,2.0,2.0,Entire home/apt,52.48912,13.39569,0.0,0,5.187385805840755,1,1,0
50.0,2,1.0,1.5,Private room,52.41616,13.39992,5.0,1,3.912023005428146,1,1,0
95.0,3,1.0,1.5,Entire home/apt,52.37879,13.61672,0.0,0,4.553876891600541,1,1,0
43.0,2,1.0,1.0,Entire home/apt,52.56858,13.34787,0.0,0,3.7612001156935624,1,1,0
43.0,1,1.0,1.0,Private room,52.447207974621584,13.502599596977234,4.92,89,3.7612001156935624,1,1,0
60.0,2,1.0,1.0,Private room,52.474322139477074,13.427352569997312,4.94,47,4.0943445622221,1,1,0
225.0,2,1.0,1.0,Entire home/apt,52.4885229,13.3376894,4.36,47,5.41610040220442,0,0,0
68.0,2,1.0,1.0,Entire home/apt,52.43160901258738,13.515375766749289,4.96,46,4.219507705176107,1,1,0
86.0,2,1.0,1.0,Entire home/apt,52.49215,13.41416,4.83,6,4.454347296253507,1,1,0
135.0,3,2.0,1.5,Entire home/apt,52.52878,13.4121639,0.0,0,4.90527477843843,1,1,0
85.0,2,1.0,1.0,Private room,52.5111,13.4678,4.96,26,4.442651256490317,1,1,0
55.0,1,1.0,1.0,Private room,52.42265,13.3669,5.0,88,4.007333185232471,1,0,0
58.0,1,1.0,1.0,Private room,52.50957,13.45465,4.98,43,4.060443010546419,1,1,0
28.0,4,1.0,1.0,Shared room,52.4983037,13.3844045,4.72,18,3.332204510175204,1,0,0
82.0,1,1.0,1.5,Private room,52.53526,13.42618,5.0,8,4.406719247264253,1,1,0
121.0,3,1.0,1.0,Entire home/apt,52.48751,13.4808,4.84,57,4.795790545596741,1,1,0
84.0,2,0.0,1.0,Entire home/apt,52.55135,13.3492,5.0,1,4.430816798843313,1,1,0
198.0,4,2.0,1.0,Entire home/apt,52.53667129999999,13.3776814,0.0,0,5.288267030694535,1,1,0
91.0,2,1.0,1.0,Entire home/apt,52.54823949856628,13.350347638469122,0.0,0,4.51085950651685,1,1,0
97.0,3,1.0,2.0,Entire home/apt,52.50337,13.34236,0.0,0,4.574710978503383,1,1,0
40.0,1,1.0,1.0,Private room,52.58022,13.34181,0.0,0,3.6888794541139363,1,1,0
117.0,2,1.0,1.0,Private room,52.49828,13.42061,5.0,66,4.762173934797756,1,1,0
108.0,2,1.0,1.0,Entire home/apt,52.5292081,13.3283711,0.0,0,4.68213122712422,1,1,0
108.0,2,1.0,1.0,Entire home/apt,52.5292081,13.3283711,4.0,1,4.68213122712422,1,1,0
29.0,4,1.0,1.0,Shared room,52.48748,13.42572,5.0,2,3.367295829986474,1,0,1
59.0,1,1.0,1.0,Private room,52.48748,13.42572,4.67,3,4.07753744390572,1,0,1
81.0,2,1.0,1.0,Entire home/apt,52.5130013,13.3163372,4.92,12,4.394449154672439,1,1,0
82.0,2,1.0,1.0,Entire home/apt,52.4874,13.43006,4.91,11,4.406719247264253,1,1,0
140.0,4,2.0,1.0,Entire home/apt,52.51443,13.4551,0.0,0,4.941642422609304,1,1,0
54.0,2,1.0,1.0,Private room,52.50423,13.30907,4.82,65,3.9889840465642745,1,1,0
340.0,6,5.0,2.5,Entire home/apt,52.47152,13.29061,4.98,53,5.8289456176102075,1,1,0
53.0,2,1.0,1.0,Private room,52.53808,13.41932,4.97,69,3.970291913552122,1,1,0
45.0,2,0.0,1.0,Private room,52.469802504078615,13.438029746923313,4.97,108,3.8066624897703196,1,1,0
34.0,6,1.0,1.0,Shared room,52.4983037,13.3844045,4.13,8,3.5263605246161616,1,0,0
112.0,6,3.0,1.0,Private room,52.52884857855784,13.195437027986864,0.0,0,4.718498871295094,1,1,0
35.0,8,1.0,1.0,Shared room,52.498290636890935,13.384726365081791,5.0,4,3.5553480614894135,1,0,0
30.0,4,1.0,1.0,Shared room,52.4983037,13.3844045,4.53,40,3.4011973816621555,1,0,0
82.0,3,1.0,1.0,Entire home/apt,52.48867,13.3646,4.88,107,4.406719247264253,1,1,0
78.0,2,1.0,1.0,Entire home/apt,52.52649,13.45046,4.51,82,4.356708826689592,1,1,0
128.0,5,3.0,1.0,Entire home/apt,52.4505168,13.3459914,4.25,4,4.852030263919617,1,1,0
31.0,1,1.0,1.0,Private room,52.48248926018893,13.322862423956394,0.0,0,3.4339872044851463,1,1,0
45.0,3,1.0,1.0,Entire home/apt,52.54613610820332,13.410379035231877,5.0,1,3.8066624897703196,1,1,0
69.0,2,1.0,1.0,Private room,52.48748,13.42572,4.5,8,4.23410650459726,1,0,1
36.0,8,1.0,1.5,Shared room,52.48748,13.42572,4.0,1,3.58351893845611,1,0,1
113.0,2,1.0,1.0,Private room,52.4983037,13.3844045,5.0,1,4.727387818712341,1,0,0
187.0,2,1.0,1.0,Entire home/apt,52.53375,13.42403,5.0,21,5.231108616854587,1,1,0
105.0,2,0.0,1.0,Entire home/apt,52.49972,13.30854,5.0,1,4.653960350157523,1,1,0
188.0,4,2.0,1.0,Entire home/apt,52.50188499999999,13.3377634,0.0,0,5.236441962829949,1,1,0
104.0,2,0.0,1.0,Entire home/apt,52.5112434,13.4160581,5.0,1,4.6443908991413725,1,1,0
112.0,4,1.0,1.0,Entire home/apt,52.44469,13.29397,4.73,63,4.718498871295094,1,1,0
90.0,6,3.0,2.0,Entire home/apt,52.57232,13.55656,0.0,0,4.499809670330265,1,1,0
58.0,2,1.0,1.0,Private room,52.54691,13.42746,4.87,55,4.060443010546419,1,1,0
69.0,2,1.0,1.0,Private room,52.4983037,13.3844045,3.5,2,4.23410650459726,1,0,0
76.0,2,2.0,1.0,Entire home/apt,52.4899461,13.3770395,0.0,0,4.330733340286331,1,1,0
290.0,4,2.0,2.0,Entire home/apt,52.4985,13.32631,0.0,0,5.66988092298052,1,1,0
171.0,4,2.0,2.0,Entire home/apt,52.49248,13.42851,4.25,4,5.14166355650266,1,1,0
105.0,2,0.0,1.0,Entire home/apt,52.49972,13.30854,0.0,0,4.653960350157523,1,1,0
207.0,2,1.0,2.0,Entire home/apt,52.4953,13.42969,5.0,4,5.332718793265369,1,1,0
113.0,2,1.0,1.0,Private room,52.48748,13.42572,4.5,30,4.727387818712341,1,0,1
55.0,2,1.0,1.5,Private room,52.5084968547995,13.28620350218442,4.95,96,4.007333185232471,1,1,0
105.0,2,0.0,1.0,Entire home/apt,52.49972,13.30854,0.0,0,4.653960350157523,1,1,0
90.0,1,1.0,1.0,Private room,52.5730942,13.2234364,0.0,0,4.499809670330265,1,1,0
65.0,3,1.0,1.0,Entire home/apt,52.46636,13.48546,4.33,3,4.174387269895637,1,1,0
82.0,4,1.0,1.0,Entire home/apt,52.50001,13.41256,4.86,97,4.406719247264253,1,1,0
111.0,3,1.0,1.0,Entire home/apt,52.5134257,13.4553508,4.41,76,4.709530201312334,1,1,0
116.0,4,1.0,1.0,Entire home/apt,52.51343,13.45535,4.55,40,4.7535901911063645,1,1,0
127.0,4,1.0,1.0,Entire home/apt,52.51289,13.45452,4.5,150,4.844187086458591,1,1,0
121.0,4,1.0,1.0,Entire home/apt,52.51438,13.4557,4.63,127,4.795790545596741,1,1,0
190.0,4,2.0,1.0,Entire home/apt,52.48623483326056,13.36338473068848,4.93,27,5.247024072160486,1,1,0
86.0,4,2.0,1.0,Entire home/apt,52.51236952906711,13.501659431128642,4.95,74,4.454347296253507,1,1,0
139.0,2,0.0,1.0,Entire home/apt,52.49972,13.30854,2.0,1,4.9344739331306915,1,1,0
151.0,2,1.0,1.0,Entire home/apt,52.5251173,13.3324929,0.0,0,5.017279836814924,1,1,0
219.0,4,2.0,1.5,Entire home/apt,52.45247,13.53919,0.0,0,5.389071729816501,1,1,0
170.0,6,2.0,1.0,Entire home/apt,52.5306937,13.4068476,4.86,59,5.135798437050262,1,1,0
59.0,2,2.0,1.0,Private room,52.50471641641215,13.468972834918205,5.0,6,4.07753744390572,1,1,0
134.0,2,1.0,1.0,Entire home/apt,52.53081,13.39869,5.0,15,4.897839799950911,1,1,0
86.0,2,1.0,1.0,Entire home/apt,52.6045549,13.29658990370482,0.0,0,4.454347296253507,1,1,0
60.0,2,1.0,1.0,Entire home/apt,52.5171991,13.4452987,5.0,4,4.0943445622221,1,1,0
193.0,5,3.0,2.0,Entire home/apt,52.49586,13.31204,0.0,0,5.262690188904886,1,1,0
139.0,3,2.0,1.0,Entire home/apt,52.4828284,13.2904715,0.0,0,4.9344739331306915,1,1,0
276.0,4,2.0,2.0,Entire home/apt,52.50989,13.37342,4.5,2,5.62040086571715,1,1,0
149.0,4,1.0,1.0,Entire home/apt,52.49698,13.32934,4.7,30,5.003946305945459,1,1,0
93.0,1,0.0,1.0,Entire home/apt,52.5001715,13.3151285,5.0,1,4.532599493153256,1,0,0
262.0,4,2.0,2.0,Entire home/apt,52.48712,13.44252,4.6,5,5.568344503761097,1,1,0
80.0,2,1.0,1.0,Private room,52.4999,13.30929,0.0,0,4.382026634673881,1,1,0
56.0,2,1.0,1.0,Private room,52.497893482686685,13.350288551343938,0.0,0,4.02535169073515,0,1,0
201.0,2,1.0,1.0,Entire home/apt,52.50205131540679,13.397158873669248,4.73,120,5.303304908059076,1,1,0
188.0,4,2.0,1.0,Entire home/apt,52.5136897,13.4563407,0.0,0,5.236441962829949,1,1,0
81.0,4,1.0,1.0,Entire home/apt,52.57348,13.26901,4.0,3,4.394449154672439,1,1,0
199.0,4,2.0,1.0,Entire home/apt,52.5103021,13.4526051,5.0,9,5.293304824724492,1,1,0
130.0,6,3.0,2.0,Entire home/apt,52.5296122,13.4062557,0.0,0,4.867534450455582,1,1,0
54.0,1,1.0,1.0,Private room,52.5440548,13.3736342,4.97,70,3.9889840465642745,1,0,0
58.0,4,1.0,1.5,Entire home/apt,52.52076,13.4521,4.8,128,4.060443010546419,1,1,0
60.0,3,1.0,1.0,Entire home/apt,52.45735,13.26908,0.0,0,4.0943445622221,1,1,0
150.0,4,1.0,1.0,Entire home/apt,52.538933,13.401995,4.98,83,5.0106352940962555,1,1,0
280.0,6,4.0,2.0,Entire home/apt,52.5389381,13.4018951,5.0,12,5.634789603169249,1,1,0
204.0,6,2.0,1.0,Entire home/apt,52.55081181784059,13.360331284655782,4.4,15,5.318119993844216,1,1,0
35.0,1,1.0,1.0,Shared room,52.52647697657975,13.364627285563486,4.83,84,3.5553480614894135,1,1,0
97.0,2,1.0,1.0,Entire home/apt,52.52079,13.44551,4.91,57,4.574710978503383,1,1,0
26.0,1,1.0,1.0,Entire home/apt,52.53323,13.41888,0.0,0,3.258096538021482,1,1,0
66.0,2,1.0,1.0,Private room,52.51012,13.46704,5.0,13,4.189654742026425,1,1,0
73.0,4,2.0,1.0,Entire home/apt,52.49164,13.39585,4.66,113,4.290459441148391,1,1,0
76.0,4,1.0,1.0,Entire home/apt,52.582649,13.3818332,4.82,33,4.330733340286331,1,1,0
120.0,3,1.0,1.0,Entire home/apt,52.52276313435737,13.384076803922651,5.0,3,4.787491742782046,1,1,0
70.0,2,1.0,1.0,Entire home/apt,52.49899455163855,13.336576103704818,0.0,0,4.248495242049359,1,1,0
116.0,6,0.0,1.0,Entire home/apt,52.51215,13.45772,4.85,46,4.7535901911063645,1,1,0
149.0,2,1.0,1.0,Entire home/apt,52.51539,13.46963,5.0,13,5.003946305945459,1,1,0
174.0,6,3.0,1.0,Entire home/apt,52.47237,13.42934,4.93,123,5.159055299214529,1,1,0
60.0,4,1.0,1.0,Entire home/apt,52.55115,13.35697,4.89,132,4.0943445622221,1,1,0
60.0,4,1.0,1.0,Entire home/apt,52.54993,13.35488,4.91,140,4.0943445622221,1,1,1
128.0,4,2.0,1.0,Entire home/apt,52.5013604,13.4528593,4.9,31,4.852030263919617,1,1,0
259.0,5,2.0,2.0,Entire home/apt,52.50084,13.33907,4.95,20,5.556828061699537,1,1,0
136.0,3,2.0,1.0,Entire home/apt,52.4659735,13.4345647,4.93,14,4.912654885736052,1,1,0
142.0,4,2.0,1.0,Entire home/apt,52.5251173,13.3324929,1.0,1,4.955827057601261,1,1,0
142.0,4,2.0,1.0,Entire home/apt,52.5251173,13.3324929,4.0,1,4.955827057601261,1,1,0
137.0,2,1.0,1.0,Entire home/apt,52.53176,13.33778,4.33,3,4.919980925828125,1,1,0
128.0,4,2.0,1.0,Entire home/apt,52.54754522171436,13.402464066480384,5.0,7,4.852030263919617,1,1,0
125.0,2,1.0,2.0,Entire home/apt,52.51327,13.47104,5.0,12,4.8283137373023015,1,1,0
70.0,2,1.0,1.0,Entire home/apt,52.53215,13.40706,4.67,30,4.248495242049359,1,1,0
54.0,1,1.0,1.5,Private room,52.41690314407576,13.49971789866686,4.92,78,3.9889840465642745,1,1,0
122.0,6,1.0,1.0,Entire home/apt,52.4609687,13.519843,4.0,1,4.804021044733257,0,0,0
101.0,4,2.0,1.5,Entire home/apt,52.5016855072229,13.304225109995746,0.0,0,4.61512051684126,1,1,0
65.0,1,1.0,2.5,Private room,52.48574061211576,13.465159403011398,4.6,5,4.174387269895637,0,0,0
52.0,2,1.0,1.0,Entire home/apt,52.5184562,13.3067002,0.0,0,3.9512437185814275,1,1,0
108.0,4,2.0,1.0,Entire home/apt,52.527055,13.3919211,4.91,140,4.68213122712422,1,1,0
100.0,2,1.0,1.0,Entire home/apt,52.5140915,13.6210977,0.0,0,4.605170185988092,1,1,0
80.0,2,1.0,1.0,Entire home/apt,52.5296122,13.4062557,0.0,0,4.382026634673881,1,1,0
55.0,4,1.0,1.0,Entire home/apt,52.525532,13.3070634,0.0,0,4.007333185232471,1,1,0
30.0,1,1.0,1.5,Private room,52.4153955,13.2640287,0.0,0,3.4011973816621555,1,1,0
50.0,1,0.0,1.0,Entire home/apt,52.4975868,13.3169818,0.0,0,3.912023005428146,1,1,0
81.0,2,1.0,1.0,Entire home/apt,52.5296,13.38191,0.0,0,4.394449154672439,1,1,0
68.0,2,1.0,1.0,Entire home/apt,52.47469402453072,13.36709775030613,4.88,74,4.219507705176107,1,1,0
81.0,5,2.0,1.0,Entire home/apt,52.50635219999999,13.4169618,4.88,73,4.394449154672439,1,1,0
77.0,5,2.0,1.0,Entire home/apt,52.50635219999999,13.4169618,4.79,92,4.343805421853684,1,1,0
77.0,2,1.0,1.0,Private room,52.46659969886248,13.440140144251142,4.0,7,4.343805421853684,1,0,0
69.0,2,1.0,1.0,Private room,52.46640170014077,13.441798271496848,4.51,81,4.23410650459726,1,0,0
61.0,1,1.0,1.0,Private room,52.46641,13.44156,4.38,8,4.110873864173311,1,0,0
82.0,6,1.0,1.0,Entire home/apt,52.40709993312937,13.554874902434936,4.96,112,4.406719247264253,1,1,0
90.0,2,1.0,1.0,Entire home/apt,52.49126087004596,13.450371107934568,4.75,40,4.499809670330265,0,1,0
233.0,8,3.0,2.0,Entire home/apt,52.51877,13.33373,4.31,13,5.4510384535657,1,1,0
120.0,4,3.0,1.0,Entire home/apt,52.46757,13.30231,0.0,0,4.787491742782046,1,1,0
90.0,4,1.0,1.0,Entire home/apt,52.50494198026996,13.310928490585722,0.0,0,4.499809670330265,1,1,0
88.0,2,1.0,1.0,Private room,52.512756,13.4588463,5.0,7,4.477336814478207,1,1,0
60.0,3,1.0,1.0,Entire home/apt,52.4751,13.38222,5.0,1,4.0943445622221,1,1,0
36.0,2,1.0,1.0,Private room,52.46796,13.4335,0.0,0,3.58351893845611,1,1,0
120.0,2,1.0,1.5,Entire home/apt,52.4932885,13.4859782,4.98,63,4.787491742782046,1,1,0
61.0,2,1.0,2.0,Private room,52.5333199,13.3696629,4.95,128,4.110873864173311,1,1,1
105.0,2,0.0,1.0,Entire home/apt,52.49972,13.30854,4.5,2,4.653960350157523,1,1,0
107.0,2,1.0,1.0,Entire home/apt,52.4834109,13.2914019,0.0,0,4.672828834461906,1,1,0
206.0,4,2.0,1.0,Entire home/apt,52.5112434,13.4160581,0.0,0,5.327876168789581,1,1,0
149.0,5,1.0,1.0,Entire home/apt,52.51235,13.45584,4.73,22,5.003946305945459,1,1,0
95.0,2,1.0,1.0,Entire home/apt,52.493693,13.3968667,4.87,163,4.553876891600541,1,1,0
50.0,3,1.0,1.0,Entire home/apt,52.5530188,13.4697485,0.0,0,3.912023005428146,1,1,0
103.0,3,1.0,1.0,Entire home/apt,52.50112720000001,13.5558806,5.0,4,4.634728988229636,1,1,0
99.0,2,1.0,1.0,Entire home/apt,52.51731,13.42581,0.0,0,4.59511985013459,1,1,0
91.0,2,1.0,1.0,Entire home/apt,52.50136,13.55494,4.86,7,4.51085950651685,1,1,0
52.0,2,1.0,1.0,Private room,52.5298428,13.3358041,4.97,39,3.9512437185814275,1,1,0
277.0,13,5.0,2.0,Entire home/apt,52.50459,13.49001,4.87,95,5.6240175061873385,1,1,0
248.0,2,1.0,1.0,Entire home/apt,52.49232619487251,13.427656288212363,0.0,0,5.5134287461649825,1,1,0
304.0,7,2.0,1.5,Private room,52.46549419999999,13.4420882,4.6,25,5.717027701406222,1,1,0
70.0,2,1.0,1.0,Private room,52.4938277676069,13.425541153810608,4.94,68,4.248495242049359,1,1,0
55.0,2,1.0,1.0,Private room,52.4601413,13.3260297,4.91,34,4.007333185232471,1,1,0
103.0,2,0.0,1.0,Entire home/apt,52.5020326,13.3243123,4.86,7,4.634728988229636,1,1,0
99.0,4,2.0,1.0,Entire home/apt,52.40907,13.59039,4.88,49,4.59511985013459,1,1,0
139.0,4,2.0,1.0,Entire home/apt,52.51834,13.46863,4.76,75,4.9344739331306915,1,1,0
76.0,4,2.0,1.0,Entire home/apt,52.55393,13.4216,0.0,0,4.330733340286331,1,1,0
172.0,2,1.0,1.0,Entire home/apt,52.49015265459671,13.383532650768757,4.73,11,5.147494476813453,1,1,0
74.0,2,1.0,1.0,Private room,52.49007752008695,13.38361881673336,5.0,4,4.30406509320417,1,1,0
51.0,2,1.0,1.0,Entire home/apt,52.46873,13.39131,0.0,0,3.9318256327243257,0,1,0
83.0,6,1.0,1.0,Entire home/apt,52.53961356949512,13.376940619202076,4.85,125,4.418840607796598,1,1,0
42.0,1,1.0,1.0,Private room,52.538106,13.4188226,5.0,64,3.7376696182833684,1,1,1
68.0,6,1.0,1.0,Entire home/apt,52.53974932828677,13.375423777867171,4.83,127,4.219507705176107,1,1,0
88.0,2,1.0,1.0,Entire home/apt,52.4762648,13.4218624,0.0,0,4.477336814478207,1,1,0
297.0,2,1.0,1.0,Entire home/apt,52.49416170407977,13.436329844350588,4.9,10,5.6937321388027,1,1,0
86.0,2,2.0,2.0,Entire home/apt,52.53426,13.40744,0.0,0,4.454347296253507,1,1,0
115.0,2,1.0,1.0,Entire home/apt,52.4361991,13.5450787,4.93,14,4.74493212836325,1,1,0
128.0,3,1.0,1.0,Entire home/apt,52.5333991,13.3717674,4.67,140,4.852030263919617,1,1,0
133.0,4,1.0,1.0,Entire home/apt,52.49215,13.2915,4.63,8,4.890349128221754,1,1,0
79.0,4,2.0,1.0,Entire home/apt,52.5258256435428,13.40609034643459,5.0,2,4.3694478524670215,1,1,0
73.0,2,1.0,1.0,Private room,52.458876708350495,13.388281485432117,4.71,34,4.290459441148391,1,1,0
111.0,2,1.0,1.0,Entire home/apt,52.5187476,13.3079929,4.0,1,4.709530201312334,1,1,0
159.0,4,2.0,1.5,Entire home/apt,52.53593,13.38059,5.0,6,5.0689042022202315,1,1,0
115.0,5,3.0,1.0,Entire home/apt,52.49433,13.42053,5.0,2,4.74493212836325,1,1,0
96.0,2,1.0,1.0,Entire home/apt,52.48384212392161,13.275006744206644,0.0,0,4.564348191467836,1,1,0
88.0,4,2.0,1.0,Entire home/apt,52.40919275545986,13.590309344303192,4.82,66,4.477336814478207,1,1,0
72.0,2,1.0,1.0,Entire home/apt,52.49144254884791,13.420193319317434,4.9,81,4.276666119016055,1,1,0
146.0,6,2.0,1.0,Entire home/apt,52.50566,13.47038,5.0,32,4.983606621708336,1,1,1
180.0,2,1.0,1.0,Entire home/apt,52.47734,13.42679,5.0,1,5.19295685089021,1,1,0
34.0,4,1.0,1.5,Private room,52.55018,13.17482,4.88,118,3.5263605246161616,1,1,0
76.0,2,1.0,1.0,Entire home/apt,52.5149643,13.4368765,4.93,41,4.330733340286331,1,1,0
90.0,2,1.0,1.0,Entire home/apt,52.50976029509674,13.468609956752516,5.0,16,4.499809670330265,1,1,0
194.0,4,2.0,2.0,Entire home/apt,52.5224533,13.3863251,0.0,0,5.267858159063328,1,1,0
75.0,2,1.0,1.0,Private room,52.5379,13.39927,4.98,44,4.31748811353631,1,1,0
162.0,4,2.0,1.0,Entire home/apt,52.51408870448245,13.458133311639404,5.0,3,5.087596335232384,1,1,0
103.0,2,1.0,2.0,Entire home/apt,52.52437809109366,13.442895034594036,5.0,1,4.634728988229636,1,1,0
110.0,4,2.0,1.0,Entire home/apt,52.4800873,13.3271804,5.0,4,4.700480365792417,1,1,0
116.0,2,1.0,1.0,Entire home/apt,52.47944,13.43674,0.0,0,4.7535901911063645,1,1,0
108.0,2,1.0,1.0,Entire home/apt,52.479007,13.446242,0.0,0,4.68213122712422,1,1,0
115.0,2,1.0,1.0,Entire home/apt,52.48003619999999,13.3472182,0.0,0,4.74493212836325,1,1,0
190.0,4,2.0,1.0,Entire home/apt,52.5136897,13.4563407,0.0,0,5.247024072160486,1,1,0
143.0,4,2.0,2.0,Entire home/apt,52.48383,13.30697,4.9,10,4.962844630259907,1,1,1
125.0,2,1.0,1.0,Private room,52.5253021,13.3417389,0.0,0,4.8283137373023015,1,1,1
83.0,2,1.0,1.0,Private room,52.5253021,13.3417389,5.0,1,4.418840607796598,1,1,1
336.0,6,4.0,1.5,Entire home/apt,52.5532316,13.4286846,4.85,39,5.817111159963204,1,1,0
97.0,8,2.0,1.0,Entire home/apt,52.4223935,13.589356,4.71,17,4.574710978503383,1,1,0
75.0,2,1.0,1.0,Private room,52.47139,13.4505,5.0,34,4.31748811353631,1,1,0
200.0,2,1.0,1.0,Entire home/apt,52.45272,13.25941,0.0,0,5.298317366548036,1,1,0
59.0,1,1.0,1.0,Private room,52.55476,13.34124,4.81,42,4.07753744390572,1,1,1
81.0,2,1.0,1.5,Private room,52.55364,13.40021,5.0,12,4.394449154672439,1,1,0
67.0,2,1.0,1.0,Entire home/apt,52.53038,13.40416,0.0,0,4.204692619390966,1,1,0
75.0,2,1.0,1.0,Entire home/apt,52.5389636,13.4035425,5.0,20,4.31748811353631,1,1,0
131.0,2,1.0,1.0,Entire home/apt,52.5277138,13.4045094,5.0,2,4.875197323201151,1,1,0
79.0,3,1.0,1.0,Entire home/apt,52.40959967287403,13.66928859169353,0.0,0,4.3694478524670215,1,1,0
90.0,2,1.0,1.0,Entire home/apt,52.51206,13.45938,0.0,0,4.499809670330265,1,1,0
128.0,5,2.0,1.0,Private room,52.518636,13.4315024,4.93,42,4.852030263919617,1,1,0
180.0,8,3.0,1.0,Entire home/apt,52.412637451855794,13.146109994321012,0.0,0,5.19295685089021,1,1,0
90.0,2,1.0,1.0,Entire home/apt,52.504602699663536,13.37402422096102,5.0,2,4.499809670330265,1,1,0
78.0,2,1.0,1.0,Private room,52.54749965162067,13.427638856838504,4.98,62,4.356708826689592,1,0,0
100.0,2,1.0,1.0,Entire home/apt,52.530024135566094,13.386512252206176,4.89,54,4.605170185988092,1,1,0
75.0,2,1.0,1.0,Entire home/apt,52.54775,13.40224,0.0,0,4.31748811353631,1,1,0
258.0,4,2.0,2.0,Entire home/apt,52.4853704,13.4245529,4.9,78,5.552959584921617,1,1,0
53.0,3,1.0,1.0,Entire home/apt,52.4902678,13.402581,4.47,87,3.970291913552122,1,1,0
133.0,2,1.0,1.0,Entire home/apt,52.5350755,13.4267712,0.0,0,4.890349128221754,1,1,0
139.0,2,0.0,1.0,Entire home/apt,52.49972,13.30854,0.0,0,4.9344739331306915,1,1,0
30.0,2,1.0,1.0,Private room,52.47843,13.44378,4.71,14,3.4011973816621555,1,1,0
99.0,4,2.0,1.0,Entire home/apt,52.37532331047552,13.609089853974965,0.0,0,4.59511985013459,1,1,0
379.0,16,1.0,1.0,Entire home/apt,52.52436,13.31933,0.0,0,5.937536205082426,1,1,0
114.0,2,1.0,1.0,Entire home/apt,52.52656004305552,13.409951165081772,4.0,1,4.736198448394496,1,1,0
200.0,4,2.0,1.0,Private room,52.46548,13.44214,4.6,5,5.298317366548036,1,0,0
68.0,3,1.0,1.0,Entire home/apt,52.52762,13.32853,0.0,0,4.219507705176107,1,1,0
250.0,6,3.0,2.0,Entire home/apt,52.49408,13.4225,5.0,17,5.521460917862246,1,1,0
95.0,2,0.0,1.0,Entire home/apt,52.53673,13.40204,5.0,12,4.553876891600541,1,1,0
152.0,6,3.0,2.0,Entire home/apt,52.5141099,13.4158344,0.0,0,5.0238805208462765,1,1,0
140.0,4,1.0,2.0,Entire home/apt,52.477447722819925,13.437939696295157,5.0,7,4.941642422609304,1,1,0
57.0,2,1.0,1.0,Private room,52.49635996334775,13.31849964232787,4.87,62,4.04305126783455,1,1,0
131.0,8,2.0,1.0,Entire home/apt,52.53408,13.2063,4.69,16,4.875197323201151,1,1,0
199.0,6,3.0,1.5,Entire home/apt,52.53004,13.32649,4.75,28,5.293304824724492,1,1,0
91.0,2,2.0,1.0,Entire home/apt,52.5483,13.42463,0.0,0,4.51085950651685,1,1,0
132.0,2,0.0,1.0,Entire home/apt,52.51099749999999,13.4583393,0.0,0,4.882801922586371,1,1,0
139.0,4,2.0,1.0,Entire home/apt,52.4828284,13.2904715,0.0,0,4.9344739331306915,1,1,0
111.0,3,1.0,1.0,Entire home/apt,52.54269145684325,13.43852092533945,4.92,12,4.709530201312334,1,1,0
150.0,4,2.0,2.0,Entire home/apt,52.4803107,13.2988114,0.0,0,5.0106352940962555,1,1,0
179.0,4,2.0,2.0,Entire home/apt,52.4803107,13.2988114,0.0,0,5.187385805840755,1,1,0
95.0,4,1.0,1.0,Entire home/apt,52.4803107,13.2988114,0.0,0,4.553876891600541,1,1,0
95.0,4,1.0,1.0,Entire home/apt,52.4803107,13.2988114,0.0,0,4.553876891600541,1,1,0
95.0,4,1.0,1.0,Entire home/apt,52.4803107,13.2988114,0.0,0,4.553876891600541,1,1,0
190.0,6,3.0,2.0,Entire home/apt,52.4798759,13.2986427,0.0,0,5.247024072160486,1,1,0
30.0,1,1.0,1.0,Private room,52.5664373,13.3169866,4.0,2,3.4011973816621555,1,1,0
99.0,4,1.0,1.0,Entire home/apt,52.47606436509398,13.477987355850685,4.94,31,4.59511985013459,1,1,0
175.0,5,2.0,2.0,Entire home/apt,52.48031,13.29878,0.0,0,5.1647859739235145,1,1,0
100.0,5,2.0,2.0,Entire home/apt,52.48031,13.29878,0.0,0,4.605170185988092,1,1,0
155.0,5,2.0,2.0,Entire home/apt,52.48031,13.29878,0.0,0,5.043425116919247,1,1,0
225.0,4,2.0,1.0,Entire home/apt,52.55888,13.22807,4.93,14,5.41610040220442,1,1,0
80.0,2,1.0,1.0,Private room,52.54983,13.40731,4.0,1,4.382026634673881,1,1,0
160.0,3,1.0,1.0,Entire home/apt,52.4340366,13.3133886,5.0,11,5.075173815233827,1,1,0
52.0,2,1.0,1.0,Private room,52.5075789317248,13.31472751108948,4.86,42,3.9512437185814275,1,1,0
99.0,2,1.0,1.0,Entire home/apt,52.536460077283465,13.406552163329495,4.67,49,4.59511985013459,1,1,0
52.0,3,2.0,1.0,Entire home/apt,52.53162,13.48069,0.0,0,3.9512437185814275,1,1,0
151.0,6,2.0,1.5,Entire home/apt,52.51788934182591,13.46293895634462,4.97,91,5.017279836814924,1,1,0
196.0,4,2.0,1.0,Entire home/apt,52.48925556414453,13.444628316624105,5.0,12,5.278114659230517,1,1,0
130.0,4,1.0,1.0,Entire home/apt,52.53478,13.39388,4.71,7,4.867534450455582,1,1,0
200.0,4,1.0,1.0,Entire home/apt,52.37890014144392,13.64684402963869,5.0,4,5.298317366548036,0,1,0
74.0,3,1.0,1.0,Entire home/apt,52.531491,13.348983,4.12,66,4.30406509320417,1,0,0
68.0,1,1.0,1.0,Private room,52.56926854436794,13.408187020053663,4.9,10,4.219507705176107,1,1,0
52.0,2,1.0,1.0,Entire home/apt,52.53695131176792,13.275280371308328,0.0,0,3.9512437185814275,1,1,0
200.0,4,2.0,1.0,Entire home/apt,52.4530276,13.6287499,4.71,14,5.298317366548036,1,1,0
64.0,2,1.0,3.0,Private room,52.48684206469261,13.318080525131242,0.0,0,4.1588830833596715,1,1,0
176.0,2,1.0,1.0,Entire home/apt,52.49182419037708,13.41331706789734,5.0,1,5.170483995038151,1,1,0
45.0,2,1.0,1.0,Private room,52.57616,13.39886,4.7,20,3.8066624897703196,1,1,0
42.0,1,1.0,1.0,Private room,52.49720787823554,13.38514295176694,5.0,2,3.7376696182833684,1,1,0
175.0,2,2.0,2.0,Entire home/apt,52.52845298319658,13.391011486009935,0.0,0,5.1647859739235145,1,1,0
200.0,4,2.0,1.0,Entire home/apt,52.55090251257318,13.39215440211855,5.0,15,5.298317366548036,1,1,0
49.0,2,1.0,1.0,Entire home/apt,52.52796124544417,13.342084315504517,0.0,0,3.8918202981106265,1,1,0
86.0,2,1.0,1.0,Entire home/apt,52.5502297,13.4604503,4.98,42,4.454347296253507,1,1,0
62.0,2,1.0,1.0,Entire home/apt,52.62136,13.3156,4.89,93,4.127134385045092,1,1,0
95.0,2,1.0,1.0,Entire home/apt,52.47709030000001,13.4242472,0.0,0,4.553876891600541,1,1,0
80.0,3,1.0,1.0,Private room,52.4621952,13.1261566,4.94,70,4.382026634673881,1,1,0
119.0,2,1.0,1.0,Entire home/apt,52.47719129999999,13.4244292,0.0,0,4.77912349311153,1,1,0
113.0,2,1.0,1.0,Entire home/apt,52.5299,13.409662,4.66,59,4.727387818712341,1,1,0
229.0,6,2.0,1.0,Entire home/apt,52.5299,13.409662,4.86,14,5.43372200355424,1,1,0
213.0,6,2.0,1.0,Entire home/apt,52.5299,13.409662,3.5,6,5.3612921657094255,1,1,0
148.0,4,1.0,1.0,Entire home/apt,52.52989820000001,13.4096625,4.87,63,4.997212273764115,1,1,0
135.0,4,1.0,1.0,Entire home/apt,52.5299,13.409662,4.65,46,4.90527477843843,1,1,0
120.0,4,1.0,1.0,Entire home/apt,52.5299,13.409662,0.0,0,4.787491742782046,1,1,0
241.0,6,2.0,1.0,Entire home/apt,52.5299,13.409662,4.64,11,5.484796933490655,1,1,0
121.0,2,1.0,1.0,Entire home/apt,52.52989820000001,13.4096625,4.75,109,4.795790545596741,1,1,0
83.0,4,1.0,1.0,Entire home/apt,52.5299,13.409662,0.0,0,4.418840607796598,1,1,0
72.0,2,1.0,1.0,Private room,52.55126849079159,13.4226862363314,5.0,3,4.276666119016055,1,1,0
128.0,3,1.0,1.0,Entire home/apt,52.50769,13.23736,4.93,14,4.852030263919617,1,0,0
54.0,2,1.0,1.0,Entire home/apt,52.46776927012766,13.383177040865624,0.0,0,3.9889840465642745,1,1,0
80.0,2,1.0,0.5,Private room,52.53831,13.42659,5.0,7,4.382026634673881,1,1,0
201.0,3,1.0,1.0,Entire home/apt,52.49095711835677,13.388373506751488,5.0,12,5.303304908059076,1,1,0
120.0,2,1.0,1.0,Entire home/apt,52.5355740174377,13.407831529343843,5.0,2,4.787491742782046,1,1,0
28.0,1,1.0,1.0,Private room,52.54332,13.37383,0.0,0,3.332204510175204,1,1,0
97.0,1,1.0,1.0,Entire home/apt,52.51334673179692,13.468531757177256,4.94,31,4.574710978503383,1,1,1
80.0,2,0.0,1.0,Entire home/apt,52.51774,13.31853,4.69,13,4.382026634673881,1,1,0
75.0,2,1.0,1.0,Entire home/apt,52.50015165272338,13.310031218032384,0.0,0,4.31748811353631,1,1,0
77.0,2,1.0,1.0,Entire home/apt,52.41899,13.4297,4.64,11,4.343805421853684,1,1,0
68.0,2,1.0,1.0,Entire home/apt,52.50923,13.40513,0.0,0,4.219507705176107,1,1,0
64.0,1,1.0,1.0,Private room,52.50293722655682,13.433758887814628,4.93,43,4.1588830833596715,1,1,0
159.0,4,1.0,1.0,Entire home/apt,52.44539,13.34497,0.0,0,5.0689042022202315,1,1,0
123.0,2,1.0,1.0,Private room,52.53140144505909,13.393771080133943,4.97,39,4.812184355372417,1,0,0
134.0,6,3.0,2.0,Entire home/apt,52.53373232074764,13.434499681498512,0.0,0,4.897839799950911,1,1,0
68.0,2,1.0,1.0,Entire home/apt,52.4913444,13.4157822,5.0,1,4.219507705176107,1,1,0
70.0,2,0.0,1.0,Entire home/apt,52.52804126341435,13.391247829039996,4.61,114,4.248495242049359,1,1,0
469.0,4,2.0,1.5,Entire home/apt,52.54468,13.36825,5.0,9,6.150602768446279,1,1,0
155.0,4,2.0,1.0,Entire home/apt,52.50779329999999,13.3037121,0.0,0,5.043425116919247,1,1,0
68.0,2,1.0,1.0,Private room,52.51027,13.4394,4.88,59,4.219507705176107,1,0,0
133.0,2,1.0,1.5,Entire home/apt,52.54360080746645,13.366442130960902,5.0,1,4.890349128221754,1,1,0
50.0,1,1.0,1.0,Private room,52.48734259246812,13.358559943727538,0.0,0,3.912023005428146,1,1,0
103.0,2,1.0,1.5,Entire home/apt,52.4671824,13.4366736,0.0,0,4.634728988229636,1,1,0
155.0,4,2.0,1.0,Entire home/apt,52.50779329999999,13.3037121,0.0,0,5.043425116919247,1,1,0
122.0,3,1.0,1.0,Entire home/apt,52.48105,13.34037,4.98,60,4.804021044733257,1,1,1
54.0,2,1.0,3.0,Private room,52.48676529999999,13.3183193,5.0,1,3.9889840465642745,1,1,0
99.0,2,1.0,1.0,Entire home/apt,52.54458307686846,13.36703259973184,4.93,40,4.59511985013459,1,0,0
55.0,2,1.0,1.0,Entire home/apt,52.55005203526888,13.363821746244133,0.0,0,4.007333185232471,1,1,0
71.0,2,1.0,1.0,Entire home/apt,52.49079468835942,13.341958746314049,3.67,3,4.2626798770413155,1,1,0
44.0,1,1.0,1.0,Private room,52.482947,13.507225,4.9,52,3.784189633918261,1,1,0
128.0,2,1.0,1.0,Entire home/apt,52.4794,13.42948,4.72,25,4.852030263919617,1,1,0
133.0,5,4.0,2.0,Entire home/apt,52.52292540052677,13.194836710714766,5.0,1,4.890349128221754,1,1,0
132.0,2,1.0,1.0,Entire home/apt,52.50739127303365,13.3035471662879,5.0,25,4.882801922586371,1,1,0
132.0,7,3.0,1.0,Entire home/apt,52.5314685,13.3490129,4.51,59,4.882801922586371,1,1,0
106.0,2,1.0,1.0,Entire home/apt,52.4829848,13.2906596,0.0,0,4.663439094112067,1,1,0
123.0,2,1.0,1.0,Entire home/apt,52.4794352,13.4367396,0.0,0,4.812184355372417,1,1,0
86.0,2,0.0,1.0,Entire home/apt,52.4594515,13.3260938,5.0,1,4.454347296253507,1,1,0
161.0,6,1.0,1.0,Entire home/apt,52.5314685,13.3490129,4.42,55,5.081404364984463,1,1,0
67.0,2,1.0,1.0,Entire home/apt,52.52332831039926,13.403312315344222,0.0,0,4.204692619390966,1,1,0
41.0,2,1.0,1.5,Private room,52.4897781,13.424556,4.85,26,3.713572066704308,1,1,0
97.0,2,1.0,1.0,Entire home/apt,52.54618,13.4419,4.57,14,4.574710978503383,1,1,0
99.0,3,1.0,1.0,Entire home/apt,52.4803107,13.2988114,0.0,0,4.59511985013459,1,1,0
132.0,10,2.0,2.0,Entire home/apt,52.50276757110228,13.43699651979188,4.54,92,4.882801922586371,1,1,0
95.0,3,1.0,1.0,Entire home/apt,52.4803107,13.2988114,0.0,0,4.553876891600541,1,1,0
159.0,6,2.0,1.5,Entire home/apt,52.45899,13.38246,4.5,52,5.0689042022202315,1,1,0
40.0,1,1.0,1.0,Private room,52.49134,13.33362,4.85,91,3.6888794541139363,1,1,0
179.0,4,1.0,1.0,Entire home/apt,52.50395676653526,13.501611902180572,0.0,0,5.187385805840755,1,1,1
300.0,3,2.0,1.0,Entire home/apt,52.544557658713686,13.420479250453091,5.0,1,5.703782474656201,1,1,1
161.0,4,2.0,2.0,Entire home/apt,52.51955,13.45328,4.75,32,5.081404364984463,1,1,0
68.0,2,1.0,1.0,Entire home/apt,52.55996,13.38395,4.92,36,4.219507705176107,1,1,0
80.0,3,1.0,1.0,Entire home/apt,52.488094,13.4128961,0.0,0,4.382026634673881,1,1,0
54.0,2,1.0,1.0,Entire home/apt,52.5123902,13.4979394,4.87,15,3.9889840465642745,1,1,0
81.0,4,2.0,1.0,Entire home/apt,52.56107,13.38234,4.8,25,4.394449154672439,1,1,1
75.0,2,1.0,1.0,Private room,52.51289467584429,13.333346173167229,0.0,0,4.31748811353631,0,1,0
68.0,2,1.0,1.0,Entire home/apt,52.55018796340633,13.40744691041928,5.0,1,4.219507705176107,1,1,0
75.0,2,1.0,1.0,Entire home/apt,52.54708853707261,13.350315820078713,4.5,4,4.31748811353631,1,1,0
78.0,2,1.0,1.0,Entire home/apt,52.47382201750212,13.448653872970764,5.0,10,4.356708826689592,1,1,1
90.0,2,1.0,1.0,Entire home/apt,52.54688031362371,13.410728302036995,0.0,0,4.499809670330265,1,1,0
90.0,2,1.0,1.0,Entire home/apt,52.4328,13.31102,4.82,76,4.499809670330265,1,1,0
79.0,3,2.0,1.0,Entire home/apt,52.50237214867099,13.296887742327865,4.91,11,4.3694478524670215,1,1,0
75.0,5,2.0,1.0,Entire home/apt,52.41221846307609,13.271049880756722,5.0,1,4.31748811353631,1,1,0
80.0,4,1.0,1.0,Entire home/apt,52.5306237,13.3451023,4.6,57,4.382026634673881,1,1,0
130.0,4,2.0,1.0,Entire home/apt,52.47514,13.49833,5.0,42,4.867534450455582,1,1,1
66.0,2,1.0,1.0,Private room,52.561427248025154,13.43084224419697,4.93,59,4.189654742026425,1,1,0
47.0,2,1.0,1.0,Private room,52.55204,13.39165,4.8,51,3.8501476017100584,1,1,0
559.0,4,2.0,2.0,Entire home/apt,52.50164118644231,13.313365015673195,5.0,28,6.326149473155099,1,1,1
54.0,2,1.0,3.0,Private room,52.48676529999999,13.3183193,4.5,6,3.9889840465642745,1,1,0
68.0,2,1.0,3.0,Private room,52.48676529999999,13.3183193,4.25,4,4.219507705176107,1,1,0
73.0,2,1.0,3.0,Private room,52.48676529999999,13.3183193,4.43,7,4.290459441148391,1,1,0
248.0,10,5.0,2.5,Entire home/apt,52.50669,13.46381,4.91,79,5.5134287461649825,1,1,0
68.0,2,1.0,3.0,Private room,52.48676529999999,13.3183193,4.0,3,4.219507705176107,1,1,0
68.0,2,1.0,3.0,Private room,52.48676529999999,13.3183193,4.0,1,4.219507705176107,1,1,0
275.0,4,2.0,1.0,Entire home/apt,52.51953,13.43792,4.95,41,5.616771097666572,1,1,0
108.0,4,1.0,1.0,Entire home/apt,52.478813,13.448286,4.69,16,4.68213122712422,1,1,0
221.0,4,2.0,1.0,Entire home/apt,52.5237884,13.3246158,0.0,0,5.3981627015177525,1,1,0
254.0,6,3.0,2.0,Entire home/apt,52.52325980000001,13.3258979,5.0,1,5.537334267018537,1,1,0
255.0,6,3.0,2.0,Entire home/apt,52.52325980000001,13.3258979,0.0,0,5.541263545158426,1,1,0
102.0,5,1.0,1.0,Entire home/apt,52.50361259999998,13.37743893068846,4.8,20,4.624972813284271,1,1,0
73.0,2,0.0,1.0,Entire home/apt,52.52672888324063,13.416315648315368,4.86,148,4.290459441148391,1,1,0
118.0,2,1.0,1.0,Entire home/apt,52.4876113,13.363564,4.88,24,4.770684624465665,1,1,0
59.0,2,1.0,1.0,Private room,52.50129113537486,13.42074687704353,4.95,61,4.07753744390572,1,0,0
134.0,6,2.0,1.0,Entire home/apt,52.413350486558166,13.661477587798757,4.87,31,4.897839799950911,1,1,0
305.0,15,6.0,2.0,Entire home/apt,52.504969635423954,13.34726631911206,4.63,98,5.720311776607412,1,1,0
60.0,1,1.0,1.0,Entire home/apt,52.435699,13.4356503,0.0,0,4.0943445622221,1,1,1
41.0,1,1.0,1.0,Private room,52.50326,13.29785,4.97,34,3.713572066704308,1,1,0
130.0,2,1.0,1.0,Entire home/apt,52.504497331633246,13.426509329558638,5.0,2,4.867534450455582,1,1,0
100.0,2,1.0,1.5,Private room,52.50591232531518,13.406029753153938,4.75,4,4.605170185988092,1,1,0
191.0,6,3.0,1.0,Entire home/apt,52.52427,13.29898,4.88,24,5.25227342804663,1,1,0
270.0,6,3.0,2.0,Entire home/apt,52.5238856,13.3247184,0.0,0,5.598421958998375,1,1,0
138.0,4,2.0,1.0,Entire home/apt,52.5211583,13.4461129,0.0,0,4.927253685157205,1,1,0
73.0,2,1.0,1.0,Entire home/apt,52.5692585,13.4217519,4.83,12,4.290459441148391,1,1,0
105.0,1,1.0,1.0,Private room,52.50537640828193,13.43882605433464,4.76,17,4.653960350157523,1,1,0
110.0,4,1.0,1.0,Entire home/apt,52.55155,13.41929,4.95,61,4.700480365792417,1,1,0
95.0,8,4.0,1.0,Entire home/apt,52.44401000933022,13.371618472052557,0.0,0,4.553876891600541,1,1,0
103.0,2,1.0,1.0,Entire home/apt,52.47693,13.43824,4.95,20,4.634728988229636,1,1,0
67.0,2,0.0,1.0,Entire home/apt,52.49505598856104,13.40121470358905,4.46,92,4.204692619390966,1,1,0
25.0,1,1.0,1.0,Private room,52.5188217,13.2866564,0.0,0,3.2188758248682006,0,0,0
129.0,2,2.0,1.0,Entire home/apt,52.51545,13.26789,4.25,8,4.859812404361672,1,1,0
180.0,7,3.0,1.0,Entire home/apt,52.5093665,13.49977,4.87,30,5.19295685089021,1,1,0
248.0,4,2.0,1.5,Entire home/apt,52.5166249,13.4704173,4.97,31,5.5134287461649825,1,1,0
150.0,2,1.0,1.0,Entire home/apt,52.55219826258442,13.435850487484055,0.0,0,5.0106352940962555,1,1,0
125.0,2,1.0,1.0,Entire home/apt,52.5397599,13.4073165,5.0,3,4.8283137373023015,1,1,0
123.0,4,2.0,1.0,Entire home/apt,52.54534,13.41568,4.9,41,4.812184355372417,1,1,0
124.0,2,1.0,1.0,Entire home/apt,52.5329476,13.3671888,0.0,0,4.820281565605037,1,1,0
105.0,2,0.0,1.0,Entire home/apt,52.49972,13.30854,0.0,0,4.653960350157523,1,1,0
143.0,2,1.0,1.0,Entire home/apt,52.49972,13.30854,3.0,1,4.962844630259907,1,1,0
257.0,6,3.0,2.0,Entire home/apt,52.5234877,13.3257354,0.0,0,5.54907608489522,1,1,0
205.0,4,1.0,1.0,Entire home/apt,52.481649970664165,13.43462400405628,4.63,16,5.3230099791384085,1,1,0
62.0,2,1.0,1.0,Private room,52.44248519383313,13.500632028456714,4.61,82,4.127134385045092,1,1,1
43.0,2,1.0,1.0,Private room,52.55180417180101,13.38968557980393,4.88,112,3.7612001156935624,1,1,0
51.0,2,1.0,1.0,Private room,52.54876152539224,13.424175134851394,4.76,153,3.9318256327243257,1,1,0
88.0,2,1.0,1.0,Entire home/apt,52.4855211,13.4412537,5.0,15,4.477336814478207,1,1,0
157.0,4,2.0,2.0,Entire home/apt,52.5046085,13.3781651,4.88,52,5.056245805348308,1,1,0
272.0,6,3.0,2.0,Entire home/apt,52.5238856,13.3247184,0.0,0,5.605802066295998,1,1,0
135.0,6,3.0,2.0,Entire home/apt,52.5232231,13.3254887,0.0,0,4.90527477843843,1,1,0
125.0,6,1.0,1.0,Private room,52.52668899553453,13.345808555049038,4.36,39,4.8283137373023015,1,0,0
45.0,1,1.0,1.5,Private room,52.5656831,13.3634222,4.75,16,3.8066624897703196,1,1,0
89.0,2,1.0,1.0,Entire home/apt,52.47441534342685,13.439174444025078,5.0,12,4.48863636973214,1,1,0
74.0,3,1.0,1.0,Entire home/apt,52.52883,13.40027,4.82,128,4.30406509320417,1,1,0
127.0,4,2.0,1.5,Entire home/apt,52.5126184,13.4639548,5.0,41,4.844187086458591,1,1,0
105.0,2,0.0,1.0,Entire home/apt,52.5112434,13.4160581,0.0,0,4.653960350157523,1,1,0
143.0,2,1.0,1.0,Entire home/apt,52.5221074,13.379969,0.0,0,4.962844630259907,1,1,0
100.0,2,1.0,1.0,Entire home/apt,52.542565,13.413699,4.78,36,4.605170185988092,1,1,0
109.0,2,1.0,1.0,Entire home/apt,52.50074919999999,13.4317173,4.8,5,4.6913478822291435,1,1,0
200.0,4,1.0,1.0,Entire home/apt,52.37886084576236,13.647294640753191,5.0,5,5.298317366548036,0,0,0
54.0,2,2.0,1.0,Private room,52.4672372,13.3914628,5.0,26,3.9889840465642745,1,1,0
116.0,3,1.0,1.0,Entire home/apt,52.5184313,13.4673195,5.0,24,4.7535901911063645,1,1,0
79.0,4,1.0,1.0,Entire home/apt,52.519239951643954,13.43808027372934,0.0,0,4.3694478524670215,1,1,0
120.0,4,2.0,1.0,Entire home/apt,52.48811,13.42988,5.0,3,4.787491742782046,1,1,0
62.0,2,1.0,1.0,Private room,52.51724483250188,13.278690227508523,4.59,17,4.127134385045092,1,1,0
38.0,1,1.0,1.0,Private room,52.55326970363188,13.39011558342198,0.0,0,3.6375861597263857,1,0,0
70.0,2,1.0,1.0,Private room,52.51612864794618,13.279015929774117,4.82,34,4.248495242049359,1,1,0
48.0,1,1.0,1.0,Private room,52.4872,13.33239,0.0,0,3.871201010907891,1,1,0
200.0,2,1.0,2.0,Entire home/apt,52.4887181464382,13.318558228417707,5.0,9,5.298317366548036,1,1,0
78.0,6,3.0,2.5,Entire home/apt,52.49176182640991,13.352926474578595,5.0,5,4.356708826689592,1,1,0
107.0,2,1.0,1.0,Entire home/apt,52.53964860490394,13.416411301555405,5.0,6,4.672828834461906,1,1,0
133.0,2,1.0,1.0,Private room,52.515715,13.332439,4.0,2,4.890349128221754,1,1,1
70.0,2,1.0,1.0,Private room,52.51633,13.46203,4.9,60,4.248495242049359,1,1,0
98.0,4,1.0,1.0,Entire home/apt,52.54631257276585,13.41528245449219,4.68,127,4.584967478670572,1,1,0
57.0,2,1.0,1.0,Private room,52.53867,13.4092,4.79,185,4.04305126783455,1,0,0
200.0,2,1.0,1.0,Entire home/apt,52.4866634,13.3601497,5.0,1,5.298317366548036,1,1,0
253.0,6,3.0,2.0,Entire home/apt,52.5232231,13.3254887,0.0,0,5.53338948872752,1,1,0
177.0,4,2.0,1.0,Entire home/apt,52.53098869999999,13.432951,0.0,0,5.176149732573829,1,1,0
76.0,1,1.0,1.0,Private room,52.54138,13.39545,4.96,73,4.330733340286331,1,1,0
198.0,2,1.0,1.0,Entire home/apt,52.50707,13.436746,5.0,1,5.288267030694535,1,1,1
210.0,4,2.0,2.0,Entire home/apt,52.556462,13.464928,5.0,1,5.3471075307174685,1,1,0
53.0,1,1.0,1.0,Private room,52.50908180644037,13.307830316630996,5.0,8,3.970291913552122,1,1,0
72.0,4,1.0,1.0,Entire home/apt,52.49505145673808,13.384232945804715,0.0,0,4.276666119016055,1,1,0
165.0,8,3.0,1.0,Entire home/apt,52.5312,13.3268015,4.0,10,5.10594547390058,1,1,0
82.0,2,0.0,1.0,Entire home/apt,52.4481907,13.3437625,5.0,1,4.406719247264253,1,1,0
257.0,4,1.0,1.0,Entire home/apt,52.4975239,13.31834,0.0,0,5.54907608489522,1,1,1
79.0,2,1.0,1.0,Entire home/apt,52.5212162,13.3217943,4.9,10,4.3694478524670215,1,1,0
84.0,1,1.0,1.0,Private room,52.502816145953176,13.307387538301638,5.0,46,4.430816798843313,1,1,0
119.0,5,2.0,1.0,Entire home/apt,52.481346820415794,13.444515239199744,4.75,8,4.77912349311153,1,1,1
93.0,4,1.0,1.0,Private room,52.52656260179813,13.343930739088748,4.63,27,4.532599493153256,1,0,0
78.0,4,1.0,1.0,Entire home/apt,52.49780699999999,13.3013954,4.67,6,4.356708826689592,1,1,0
149.0,4,1.0,1.0,Entire home/apt,52.50820009415127,13.34897559849741,4.63,27,5.003946305945459,1,1,0
102.0,2,1.0,1.0,Private room,52.50125764495457,13.306259592949168,5.0,43,4.624972813284271,1,1,0
82.0,2,0.0,1.0,Private room,52.53653,13.42618,4.89,36,4.406719247264253,1,1,0
165.0,2,1.0,1.0,Entire home/apt,52.51551,13.37976,4.38,21,5.10594547390058,1,1,0
175.0,2,1.0,1.0,Entire home/apt,52.51604866580312,13.38186442649391,4.33,6,5.1647859739235145,1,1,0
248.0,4,2.0,1.0,Entire home/apt,52.51526128000432,13.381820823644505,4.41,240,5.5134287461649825,1,1,0
363.0,6,3.0,1.0,Entire home/apt,52.51414,13.38185,4.36,73,5.8944028342648505,1,1,0
86.0,4,1.0,1.0,Entire home/apt,52.46482623815179,13.31702625186909,5.0,1,4.454347296253507,1,1,0
257.0,6,3.0,2.0,Entire home/apt,52.5234877,13.3257354,0.0,0,5.54907608489522,1,1,0
180.0,9,5.0,3.0,Entire home/apt,52.5513503,13.417396,4.13,8,5.19295685089021,1,1,0
61.0,2,1.0,1.0,Private room,52.49965,13.42676,4.9,122,4.110873864173311,1,1,0
125.0,6,2.0,1.0,Entire home/apt,52.51799587047164,13.46355065703392,5.0,23,4.8283137373023015,1,1,0
128.0,4,1.0,1.0,Entire home/apt,52.49289142410589,13.392726592719557,4.96,51,4.852030263919617,1,1,0
108.0,2,1.0,1.0,Entire home/apt,52.4753418,13.4254541,5.0,1,4.68213122712422,1,1,0
123.0,4,2.0,1.0,Entire home/apt,52.525941,13.4075221,4.75,60,4.812184355372417,1,1,0
89.0,4,1.0,1.0,Entire home/apt,52.514450973020345,13.446747992096563,4.82,77,4.48863636973214,1,1,0
117.0,6,1.0,1.0,Entire home/apt,52.45981745590841,13.519067983627826,4.5,2,4.762173934797756,0,0,0
90.0,3,1.0,1.0,Entire home/apt,52.4609687,13.519843,5.0,7,4.499809670330265,1,1,0
69.0,2,0.0,1.0,Entire home/apt,52.426460252412326,13.671974533673968,0.0,0,4.23410650459726,1,1,0
53.0,2,1.0,1.0,Private room,52.46072755339612,13.380863720276253,4.94,68,3.970291913552122,1,1,0
78.0,4,1.0,1.0,Entire home/apt,52.5135943,13.5006767,4.73,55,4.356708826689592,1,1,0
25.0,1,1.0,1.0,Private room,52.57772,13.34779,5.0,1,3.2188758248682006,1,1,0
63.0,2,1.0,1.0,Entire home/apt,52.55156975687699,13.448253348469734,4.22,9,4.143134726391533,1,1,0
63.0,1,1.0,1.0,Entire home/apt,52.46146817641258,13.332126769780206,4.8,5,4.143134726391533,1,1,0
47.0,3,1.0,1.0,Private room,52.44859,13.59746,4.99,98,3.8501476017100584,1,1,0
366.0,6,3.0,1.5,Entire home/apt,52.4914733335095,13.492939010589584,4.74,35,5.902633333401366,1,1,0
100.0,2,1.0,2.0,Entire home/apt,52.49805,13.32831,0.0,0,4.605170185988092,1,1,0
62.0,1,1.0,1.0,Entire home/apt,52.44231,13.42165,0.0,0,4.127134385045092,1,1,0
151.0,7,1.0,1.0,Entire home/apt,52.5063917312429,13.301459616379402,4.85,71,5.017279836814924,1,1,0
146.0,2,0.0,1.0,Entire home/apt,52.52341,13.3923,4.45,11,4.983606621708336,1,1,0
260.0,6,1.0,1.5,Entire home/apt,52.5295403,13.4026178,4.75,61,5.560681631015528,1,1,0
63.0,4,2.0,1.5,Private room,52.51382,13.47334,4.76,114,4.143134726391533,1,1,0
72.0,2,1.0,1.0,Private room,52.48917705911835,13.407870802714315,4.88,25,4.276666119016055,1,1,0
96.0,4,1.0,1.5,Entire home/apt,52.55042,13.37512,4.21,14,4.564348191467836,1,1,0
119.0,5,3.0,2.0,Entire home/apt,52.4957958,13.4275368,4.58,45,4.77912349311153,1,1,0
87.0,4,1.0,1.0,Entire home/apt,52.4872947,13.3250788,4.73,30,4.465908118654584,1,1,0
82.0,2,1.0,1.0,Entire home/apt,52.48387,13.3546,4.87,79,4.406719247264253,1,1,0
64.0,1,1.0,1.0,Entire home/apt,52.48504,13.34742,4.84,45,4.1588830833596715,1,1,0
86.0,4,2.0,1.0,Entire home/apt,52.52705242651426,13.12519760832302,0.0,0,4.454347296253507,1,1,0
157.0,3,1.0,1.0,Entire home/apt,52.53128,13.41102,4.8,5,5.056245805348308,1,1,0
530.0,12,4.0,2.5,Entire home/apt,52.44339552573137,13.26748180649914,5.0,37,6.272877006546167,1,1,1
212.0,3,1.0,1.0,Entire home/apt,52.52121030000001,13.3897517,4.94,18,5.356586274672012,1,1,0
88.0,4,1.0,1.0,Entire home/apt,52.49020751965074,13.427811418660816,4.88,58,4.477336814478207,1,1,0
110.0,6,2.0,1.0,Entire home/apt,52.4810828,13.319119,4.78,87,4.700480365792417,1,1,0
142.0,4,1.0,1.0,Entire home/apt,52.51498358299548,13.30576518837896,0.0,0,4.955827057601261,1,1,0
231.0,6,2.0,1.5,Entire home/apt,52.52434,13.30738,4.63,64,5.442417710521793,1,1,0
276.0,6,2.0,1.0,Entire home/apt,52.48355563603514,13.356777919589176,5.0,1,5.62040086571715,1,1,0
237.0,4,1.0,1.0,Entire home/apt,52.49124757112595,13.488843742852778,4.81,21,5.4680601411351315,1,1,1
116.0,4,1.0,1.0,Entire home/apt,52.562659252534,13.430991152715292,4.89,18,4.7535901911063645,1,1,0
261.0,6,3.0,2.5,Entire home/apt,52.54781341204159,13.427599278511508,5.0,2,5.564520407322694,1,1,0
114.0,5,2.0,1.0,Entire home/apt,52.489418243936576,13.361066542987748,4.88,64,4.736198448394496,1,1,0
174.0,2,1.0,1.0,Entire home/apt,52.5516337,13.4144614,0.0,0,5.159055299214529,1,1,0
80.0,8,2.0,1.0,Entire home/apt,52.5135943,13.5006767,4.38,56,4.382026634673881,1,1,0
208.0,2,1.0,1.0,Private room,52.51551960729748,13.30370994726322,0.0,0,5.337538079701318,1,1,0
291.0,6,3.0,2.5,Entire home/apt,52.6105197,13.4153303,5.0,5,5.673323267171493,1,1,0
144.0,6,1.0,2.0,Entire home/apt,52.46352,13.43805,5.0,1,4.969813299576001,1,1,0
112.0,7,4.0,1.0,Entire home/apt,52.56416,13.3658,5.0,1,4.718498871295094,1,1,0
65.0,3,1.0,1.0,Entire home/apt,52.403384000983735,13.505650878891045,0.0,0,4.174387269895637,1,1,1
83.0,2,1.0,1.0,Private room,52.52056,13.26308,0.0,0,4.418840607796598,1,1,0
45.0,2,1.0,1.0,Entire home/apt,52.5258647,13.3243098,5.0,4,3.8066624897703196,1,1,0
210.0,5,2.0,2.0,Entire home/apt,52.48654,13.37299,5.0,5,5.3471075307174685,1,1,0
34.0,2,1.0,1.0,Entire home/apt,52.4986936,13.5787532,5.0,1,3.5263605246161616,1,1,0
126.0,2,1.0,1.0,Entire home/apt,52.4847774,13.4304153,5.0,26,4.836281906951478,1,1,0
345.0,4,1.0,1.0,Entire home/apt,52.4975239,13.31834,0.0,0,5.84354441703136,1,1,1
138.0,2,1.0,1.0,Entire home/apt,52.5516337,13.4144614,0.0,0,4.927253685157205,1,1,0
48.0,1,1.0,1.0,Private room,52.43636534760928,13.323886292342308,0.0,0,3.871201010907891,1,1,0
71.0,2,1.0,1.0,Entire home/apt,52.553544070199486,13.409813323142552,4.57,7,4.2626798770413155,1,1,0
160.0,2,1.0,1.0,Entire home/apt,52.5314249,13.4056276,5.0,32,5.075173815233827,1,1,0
85.0,4,1.0,1.0,Entire home/apt,52.4959251,13.3243326,4.57,7,4.442651256490317,1,1,0
174.0,3,1.0,1.0,Entire home/apt,52.52366,13.43788,5.0,42,5.159055299214529,1,1,0
60.0,2,1.0,0.5,Private room,52.43695231731303,13.505353359442822,4.67,12,4.0943445622221,0,0,0
152.0,8,3.0,2.0,Entire home/apt,52.52873,13.38773,4.9,62,5.0238805208462765,1,1,0
86.0,3,1.0,1.0,Entire home/apt,52.44364,13.58028,4.0,2,4.454347296253507,1,1,0
62.0,2,1.0,1.0,Private room,52.51644188832311,13.2804602258492,4.86,7,4.127134385045092,1,1,0
136.0,2,1.0,1.0,Entire home/apt,52.5516337,13.4144614,0.0,0,4.912654885736052,1,1,0
49.0,1,1.0,1.0,Private room,52.5425244131297,13.391425721347332,4.46,24,3.8918202981106265,1,1,0
137.0,3,1.0,1.0,Private room,52.4937768,13.3613533,4.83,60,4.919980925828125,1,0,1
99.0,2,0.0,1.0,Entire home/apt,52.4525222,13.5278652,4.69,116,4.59511985013459,1,1,1
128.0,4,1.0,1.0,Entire home/apt,52.4525222,13.5278652,4.74,233,4.852030263919617,1,0,1
148.0,4,1.0,1.0,Entire home/apt,52.4525222,13.5278652,4.6,15,4.997212273764115,1,1,1
106.0,2,1.0,1.0,Entire home/apt,52.4525222,13.5278652,4.61,44,4.663439094112067,1,1,1
66.0,2,1.0,1.0,Entire home/apt,52.4339942365833,13.272978526517106,4.0,12,4.189654742026425,1,1,0
114.0,2,1.0,1.0,Entire home/apt,52.53617,13.40665,4.69,13,4.736198448394496,1,1,0
238.0,4,2.0,2.0,Entire home/apt,52.5396818117187,13.4161167687866,4.92,12,5.472270673671475,1,1,0
130.0,3,2.0,1.0,Entire home/apt,52.53295596564487,13.40255024289193,4.89,9,4.867534450455582,1,1,0
210.0,4,3.0,2.0,Entire home/apt,52.56643413112067,13.39230663545725,5.0,3,5.3471075307174685,1,1,0
176.0,2,1.0,1.0,Entire home/apt,52.514748636241954,13.445204169677446,5.0,4,5.170483995038151,1,1,0
167.0,6,3.0,1.5,Entire home/apt,52.61245291145623,13.315422311425207,4.91,11,5.117993812416755,1,1,0
174.0,6,2.0,1.0,Entire home/apt,52.500733,13.4132996,4.7,44,5.159055299214529,1,1,0
50.0,2,1.0,1.0,Private room,52.47903537614787,13.33137640256974,4.97,34,3.912023005428146,1,1,0
48.0,4,1.0,1.0,Entire home/apt,52.46370970451167,13.416467599622296,0.0,0,3.871201010907891,1,1,0
90.0,2,0.0,1.0,Entire home/apt,52.4995609,13.4287261,0.0,0,4.499809670330265,1,1,0
160.0,2,1.0,1.0,Private room,52.49807819999999,13.3654865,5.0,18,5.075173815233827,1,1,0
55.0,2,1.0,1.0,Entire home/apt,52.52856108285991,13.160769220123909,4.68,22,4.007333185232471,1,0,0
124.0,5,3.0,1.5,Entire home/apt,52.52843668476132,13.448659566154516,5.0,6,4.820281565605037,1,1,0
275.0,2,1.0,1.0,Private room,52.515715,13.332439,5.0,3,5.616771097666572,1,0,1
68.0,1,1.0,1.0,Private room,52.58825317924718,13.278145382967928,4.95,20,4.219507705176107,1,1,0
122.0,4,1.0,1.0,Entire home/apt,52.5119377,13.4133867,4.93,150,4.804021044733257,1,1,0
306.0,4,2.0,2.0,Entire home/apt,52.50395076094345,13.413976383367116,5.0,24,5.723585101952381,1,1,0
68.0,2,1.0,1.0,Entire home/apt,52.553764030552735,13.425445114044148,0.0,0,4.219507705176107,1,1,0
87.0,5,2.0,1.0,Entire home/apt,52.49975021649878,13.413523612252234,4.69,62,4.465908118654584,1,1,0
166.0,14,5.0,2.5,Entire home/apt,52.53774,13.43018,4.93,84,5.111987788356544,1,1,0
104.0,4,2.0,2.0,Entire home/apt,52.49794,13.46,0.0,0,4.6443908991413725,1,1,0
60.0,4,1.0,1.0,Entire home/apt,52.54982,13.36936,4.49,89,4.0943445622221,1,1,0
152.0,6,2.0,2.0,Entire home/apt,52.55832,13.44029,5.0,10,5.0238805208462765,1,1,0
50.0,2,1.0,1.0,Entire home/apt,52.53502,13.42208,0.0,0,3.912023005428146,1,1,0
48.0,1,1.0,0.5,Private room,52.48522572160238,13.42594900533899,0.0,0,3.871201010907891,1,1,0
399.0,7,3.0,2.0,Entire home/apt,52.52758735532212,13.390863169714162,4.83,24,5.988961416889864,1,1,0
140.0,4,2.0,1.0,Entire home/apt,52.48617,13.37546,0.0,0,4.941642422609304,1,1,0
87.0,6,2.0,1.0,Entire home/apt,52.54815422141031,13.367742609161471,4.48,112,4.465908118654584,1,1,0
90.0,4,1.0,1.0,Entire home/apt,52.44544636710092,13.577246484655785,0.0,0,4.499809670330265,1,1,0
57.0,1,1.0,1.0,Private room,52.51770737844453,13.286675065755844,4.87,45,4.04305126783455,1,1,0
61.0,1,1.0,1.0,Private room,52.56408,13.35797,5.0,28,4.110873864173311,1,1,0
117.0,4,1.0,1.0,Entire home/apt,52.4797241,13.3844915,0.0,0,4.762173934797756,1,1,0
72.0,2,1.0,1.0,Entire home/apt,52.47525112783,13.44349124294075,5.0,8,4.276666119016055,1,1,0
105.0,6,2.0,2.0,Entire home/apt,52.55008685721948,13.36901754598701,4.35,74,4.653960350157523,1,1,0
116.0,9,3.0,1.0,Entire home/apt,52.55013,13.36721,4.44,183,4.7535901911063645,1,1,0
71.0,2,1.0,1.5,Entire home/apt,52.5359,13.43178,4.72,36,4.2626798770413155,1,1,0
57.0,2,1.0,1.0,Private room,52.4994793,13.4162271,4.98,55,4.04305126783455,1,1,0
118.0,2,1.0,1.0,Entire home/apt,52.52263578799021,13.43962781994806,0.0,0,4.770684624465665,1,1,0
54.0,2,1.0,1.0,Entire home/apt,52.55035962950826,13.41743141956792,0.0,0,3.9889840465642745,1,1,0
74.0,2,1.0,1.0,Entire home/apt,52.55026,13.41702,0.0,0,4.30406509320417,1,1,0
91.0,2,1.0,1.0,Entire home/apt,52.55242,13.41571,0.0,0,4.51085950651685,1,1,0
100.0,2,1.0,1.0,Entire home/apt,52.485600425473145,13.317858721816323,0.0,0,4.605170185988092,1,1,0
111.0,4,2.0,2.0,Entire home/apt,52.51538858774701,13.473887034167833,0.0,0,4.709530201312334,1,1,0
87.0,2,1.0,1.0,Entire home/apt,52.53025697544059,13.328807609862,0.0,0,4.465908118654584,1,1,0
75.0,2,1.0,1.0,Entire home/apt,52.52840823649706,13.327957932190952,0.0,0,4.31748811353631,1,1,0
68.0,2,1.0,1.0,Entire home/apt,52.52989223818538,13.328976549709578,0.0,0,4.219507705176107,1,1,0
225.0,2,1.0,1.0,Entire home/apt,52.48736,13.37547,0.0,0,5.41610040220442,1,1,0
43.0,2,1.0,0.5,Private room,52.47028913191971,13.44133319390668,0.0,0,3.7612001156935624,1,1,0
93.0,3,1.0,1.0,Private room,52.51033647190511,13.45209319190012,4.91,33,4.532599493153256,1,1,0
114.0,2,1.0,1.0,Entire home/apt,52.50411222827858,13.44058204105804,0.0,0,4.736198448394496,1,1,0
197.0,2,1.0,1.0,Entire home/apt,52.48657,13.37552,0.0,0,5.2832037287379885,1,1,0
123.0,6,3.0,1.0,Entire home/apt,52.499803752779854,13.429772615784888,5.0,1,4.812184355372417,1,1,0
71.0,3,1.0,1.0,Entire home/apt,52.548390868406095,13.41720085776548,0.0,0,4.2626798770413155,1,1,0
223.0,2,1.0,1.0,Entire home/apt,52.501269896694176,13.359095722556242,0.0,0,5.407171771460119,1,1,0
286.0,6,3.0,2.0,Entire home/apt,52.46116139999999,13.5238518,4.67,3,5.655991810819852,1,1,0
120.0,4,2.0,1.0,Entire home/apt,52.54609,13.41836,0.0,0,4.787491742782046,1,1,0
138.0,4,2.0,1.0,Entire home/apt,52.4968,13.46542,0.0,0,4.927253685157205,1,1,0
140.0,5,1.0,2.0,Entire home/apt,52.51179,13.42116,0.0,0,4.941642422609304,1,1,0
130.0,5,1.0,1.0,Entire home/apt,52.49773,13.31351,0.0,0,4.867534450455582,1,1,1
96.0,3,0.0,1.0,Entire home/apt,52.53194609939053,13.423462198681111,0.0,0,4.564348191467836,1,1,0
76.0,3,0.0,1.0,Entire home/apt,52.50663,13.29027,0.0,0,4.330733340286331,1,1,0
92.0,3,0.0,1.0,Entire home/apt,52.54464,13.4218,0.0,0,4.5217885770490405,1,1,0
152.0,6,3.0,1.0,Entire home/apt,52.51154103232928,13.455690977598032,0.0,0,5.0238805208462765,1,1,0
94.0,3,0.0,1.0,Entire home/apt,52.54539885738688,13.42305092060046,3.0,2,4.543294782270004,0,1,0
74.0,2,1.0,1.0,Entire home/apt,52.49118415824313,13.321039524069226,0.0,0,4.30406509320417,1,1,0
145.0,7,4.0,2.0,Entire home/apt,52.51092912519187,13.455293977211127,0.0,0,4.976733742420574,1,1,0
115.0,3,0.0,1.0,Entire home/apt,52.49912798387855,13.38501393060304,0.0,0,4.74493212836325,1,1,0
132.0,4,2.0,1.0,Entire home/apt,52.49488306341941,13.311945485072137,0.0,0,4.882801922586371,1,1,0
91.0,3,0.0,1.0,Entire home/apt,52.49407141271289,13.366941372296075,0.0,0,4.51085950651685,1,1,0
134.0,4,2.0,1.0,Entire home/apt,52.49923,13.38592,0.0,0,4.897839799950911,1,1,0
101.0,2,1.0,1.0,Entire home/apt,52.5119,13.41387,0.0,0,4.61512051684126,1,1,0
151.0,3,0.0,1.0,Entire home/apt,52.526042015203565,13.385986190116771,0.0,0,5.017279836814924,1,1,1
88.0,2,1.0,1.0,Entire home/apt,52.49827046395367,13.291870036898842,0.0,0,4.477336814478207,1,1,0
162.0,4,1.0,1.0,Entire home/apt,52.54379993072581,13.424856198302024,5.0,53,5.087596335232384,1,1,0
54.0,1,1.0,1.0,Private room,52.4769922619645,13.436824791133406,5.0,54,3.9889840465642745,1,1,0
50.0,2,1.0,1.0,Private room,52.48543,13.38006,5.0,27,3.912023005428146,1,1,0
94.0,2,0.0,1.0,Entire home/apt,52.51099749999999,13.4583393,5.0,1,4.543294782270004,1,1,0
195.0,7,2.0,1.0,Entire home/apt,52.5289106,13.3868541,4.96,28,5.272999558563747,1,1,0
91.0,1,1.0,1.5,Private room,52.5451,13.37375,4.76,21,4.51085950651685,1,1,0
76.0,2,1.0,1.0,Entire home/apt,52.54583899319688,13.403961442911395,4.66,116,4.330733340286331,1,1,0
60.0,1,1.0,1.0,Private room,52.49488,13.486,5.0,19,4.0943445622221,1,1,0
118.0,2,1.0,1.0,Entire home/apt,52.48858057790213,13.434340969049146,4.8,15,4.770684624465665,1,1,0
115.0,2,1.0,1.0,Private room,52.5268613,13.4876064,4.73,11,4.74493212836325,1,0,1
110.0,1,1.0,1.0,Private room,52.5268613,13.4876064,0.0,0,4.700480365792417,1,0,1
41.0,2,1.0,0.5,Private room,52.476654,13.4484387,4.95,147,3.713572066704308,1,1,0
89.0,2,1.0,1.0,Entire home/apt,52.45104014587377,13.369901664555073,4.93,42,4.48863636973214,1,1,0
95.0,3,2.0,1.0,Entire home/apt,52.4956895,13.4291344,0.0,0,4.553876891600541,1,1,0
51.0,2,1.0,1.0,Private room,52.44655,13.37012,4.8,50,3.9318256327243257,1,1,0
57.0,3,1.0,1.0,Entire home/apt,52.5326288,13.3273883,0.0,0,4.04305126783455,1,1,1
37.0,1,1.0,1.0,Entire home/apt,52.52695827412627,13.194970796198362,5.0,2,3.6109179126442243,1,1,0
300.0,8,3.0,1.5,Entire home/apt,52.497572,13.4755489,4.72,29,5.703782474656201,1,1,1
114.0,2,1.0,1.0,Private room,52.5110278,13.4680432,4.93,15,4.736198448394496,1,1,0
431.0,4,2.0,3.0,Entire home/apt,52.50320122147004,13.313865730688462,0.0,0,6.066108090103747,1,1,0
96.0,4,1.0,1.0,Entire home/apt,52.53013991304492,13.401931520691935,4.58,99,4.564348191467836,1,1,1
75.0,2,0.0,1.0,Entire home/apt,52.49765360000001,13.30033,0.0,0,4.31748811353631,1,1,0
157.0,2,1.0,1.0,Entire home/apt,52.5117349,13.4136999,4.93,14,5.056245805348308,1,1,1
125.0,2,1.0,1.0,Entire home/apt,52.5117349,13.4136999,4.79,14,4.8283137373023015,1,0,1
50.0,4,1.0,1.0,Entire home/apt,52.57753210000001,13.3217406,0.0,0,3.912023005428146,1,1,0
97.0,3,1.0,1.0,Entire home/apt,52.509427,13.2863535,4.86,49,4.574710978503383,1,1,0
54.0,2,1.0,1.0,Private room,52.543825661409805,13.37360563968772,4.9,29,3.9889840465642745,1,1,0
75.0,2,1.0,1.5,Private room,52.58998,13.28382,4.86,22,4.31748811353631,1,1,0
142.0,6,2.0,2.0,Entire home/apt,52.5899857,13.3909163,0.0,0,4.955827057601261,1,1,0
124.0,4,2.0,2.0,Entire home/apt,52.5899857,13.3909163,0.0,0,4.820281565605037,1,1,0
118.0,2,1.0,1.0,Entire home/apt,52.51216752655219,13.43306115943329,4.95,21,4.770684624465665,1,1,0
95.0,2,1.0,1.0,Entire home/apt,52.59666,13.21585,5.0,8,4.553876891600541,1,1,0
64.0,2,1.0,1.0,Entire home/apt,52.51049,13.30559,0.0,0,4.1588830833596715,1,1,0
123.0,2,1.0,1.0,Entire home/apt,52.493449075652514,13.394695960056689,4.89,18,4.812184355372417,1,1,0
80.0,2,1.0,1.0,Entire home/apt,52.5106125,13.4663564,0.0,0,4.382026634673881,1,1,0
120.0,2,1.0,1.0,Entire home/apt,52.54038065171074,13.424939906656956,5.0,1,4.787491742782046,1,1,0
135.0,4,1.0,1.0,Entire home/apt,52.50464,13.37371,0.0,0,4.90527477843843,1,1,1
42.0,2,1.0,1.0,Private room,52.51851841613961,13.440175444490396,4.57,21,3.7376696182833684,1,1,1
74.0,2,1.0,1.0,Entire home/apt,52.54386,13.36115,4.38,24,4.30406509320417,1,1,0
70.0,4,1.0,1.0,Entire home/apt,52.57246901870045,13.349843878167508,0.0,0,4.248495242049359,1,1,0
80.0,2,1.0,1.5,Entire home/apt,52.46046643987556,13.308856174454151,0.0,0,4.382026634673881,0,1,0
150.0,1,1.0,1.0,Private room,52.5156412158983,13.462318045370877,4.85,13,5.0106352940962555,1,1,0
128.0,2,1.0,1.0,Entire home/apt,52.54948,13.35056,4.43,7,4.852030263919617,1,1,0
108.0,2,1.0,1.0,Entire home/apt,52.48715132179267,13.35065610980335,4.88,8,4.68213122712422,1,1,0
151.0,6,3.0,1.0,Entire home/apt,52.5111095,13.288686,4.67,9,5.017279836814924,1,1,0
125.0,4,1.0,1.0,Entire home/apt,52.50157818556256,13.29953730705591,4.77,52,4.8283137373023015,1,1,0
85.0,2,1.0,1.0,Entire home/apt,52.50128844876579,13.301219686531928,4.72,98,4.442651256490317,1,1,0
83.0,2,1.0,1.0,Entire home/apt,52.49940124371607,13.301796040404858,4.8,99,4.418840607796598,1,1,0
90.0,2,1.0,1.0,Entire home/apt,52.52892,13.37125,4.93,14,4.499809670330265,1,1,0
41.0,2,1.0,1.0,Private room,52.45819,13.26974,4.77,78,3.713572066704308,1,0,0
44.0,2,2.0,1.0,Private room,52.527489,13.337647,4.67,9,3.784189633918261,1,1,0
48.0,2,0.0,1.0,Entire home/apt,52.5599899455367,13.379389978945255,5.0,1,3.871201010907891,1,1,0
131.0,2,1.0,1.0,Entire home/apt,52.53638,13.40656,4.93,30,4.875197323201151,1,1,0
51.0,2,1.0,1.0,Private room,52.48412,13.35146,4.9,70,3.9318256327243257,1,0,0
66.0,1,2.0,1.0,Private room,52.53981230822541,13.418613518340866,0.0,0,4.189654742026425,1,1,0
55.0,2,1.0,1.0,Private room,52.46606768275572,13.488018288455896,4.86,7,4.007333185232471,1,1,0
220.0,4,2.0,1.5,Entire home/apt,52.48357634434571,13.524399920044516,5.0,8,5.393627546352362,1,1,0
51.0,2,1.0,1.0,Entire home/apt,52.49953477452502,13.428790473016363,0.0,0,3.9318256327243257,1,1,0
125.0,2,1.0,1.0,Private room,52.42239199999999,13.4122247,5.0,4,4.8283137373023015,1,1,0
158.0,8,2.0,2.0,Entire home/apt,52.5513503,13.417396,3.86,7,5.062595033026967,1,1,0
50.0,2,1.0,1.0,Entire home/apt,52.5018801,13.43068,5.0,1,3.912023005428146,1,1,0
105.0,1,1.0,2.0,Private room,52.53285903850373,13.398635499179363,4.95,19,4.653960350157523,1,1,0
260.0,4,2.0,2.0,Entire home/apt,52.49528845933818,13.397033244730045,4.91,11,5.560681631015528,1,1,0
97.0,2,1.0,1.0,Entire home/apt,52.50417586404412,13.393336112214278,4.72,36,4.574710978503383,1,1,0
52.0,1,1.0,1.0,Private room,52.49896,13.46303,4.9,105,3.9512437185814275,1,1,0
104.0,4,2.0,1.0,Entire home/apt,52.54795593594809,13.217835590271727,5.0,2,4.6443908991413725,1,1,0
127.0,2,1.0,1.0,Entire home/apt,52.5313995,13.4349094,0.0,0,4.844187086458591,1,1,0
45.0,4,1.0,1.0,Entire home/apt,52.52514666441839,13.406940298410206,4.79,14,3.8066624897703196,1,1,0
166.0,2,2.0,2.0,Entire home/apt,52.50498,13.37431,0.0,0,5.111987788356544,1,1,1
113.0,1,1.0,1.0,Entire home/apt,52.5117349,13.4136999,4.92,25,4.727387818712341,1,0,1
180.0,2,1.0,0.0,Entire home/apt,52.5117349,13.4136999,5.0,14,5.19295685089021,1,1,1
54.0,2,1.0,2.0,Private room,52.49182995297095,13.383938010325387,0.0,0,3.9889840465642745,1,1,1
235.0,6,1.0,1.0,Entire home/apt,52.47980640034981,13.445549301746338,4.82,79,5.459585514144159,1,1,0
169.0,4,2.0,1.0,Entire home/apt,52.5337,13.42142,5.0,7,5.1298987149230735,1,1,0
213.0,6,3.0,1.0,Entire home/apt,52.49743,13.4262,4.86,65,5.3612921657094255,1,1,0
133.0,2,1.0,1.0,Private room,52.5121024,13.4082551,4.5,4,4.890349128221754,1,0,0
93.0,2,1.0,1.0,Entire home/apt,52.50402039999999,13.3745137,0.0,0,4.532599493153256,1,1,1
68.0,1,1.0,1.0,Private room,52.48824210723553,13.392309678412158,5.0,15,4.219507705176107,1,1,0
110.0,6,2.0,1.0,Entire home/apt,52.511095071310734,13.288886473016357,4.76,42,4.700480365792417,1,1,0
189.0,3,3.0,2.5,Entire home/apt,52.53628,13.39639,4.9,29,5.241747015059643,1,1,0
97.0,4,2.0,2.0,Entire home/apt,52.51498287540551,13.46483546593279,0.0,0,4.574710978503383,1,1,0
71.0,2,1.0,1.0,Entire home/apt,52.493693,13.3968667,4.82,144,4.2626798770413155,1,1,0
55.0,2,1.0,1.0,Entire home/apt,52.54312090211596,13.360938898980953,4.6,116,4.007333185232471,1,1,1
97.0,2,0.0,1.0,Entire home/apt,52.5472396,13.4176115,4.0,1,4.574710978503383,1,1,0
283.0,4,2.0,1.0,Entire home/apt,52.53058754031333,13.42025273083412,2.5,2,5.645446897643238,1,1,0
230.0,6,3.0,2.0,Entire home/apt,52.53564,13.4247,4.64,36,5.438079308923196,1,1,0
238.0,2,1.0,1.5,Entire home/apt,52.4941225,13.3541126,4.98,40,5.472270673671475,1,1,0
51.0,2,1.0,1.0,Entire home/apt,52.4995609,13.4287261,0.0,0,3.9318256327243257,1,1,0
174.0,4,2.0,1.5,Entire home/apt,52.52428,13.31125,4.75,8,5.159055299214529,1,1,0
183.0,4,3.0,2.0,Entire home/apt,52.49755,13.46691,5.0,3,5.209486152841421,1,1,0
71.0,2,1.0,1.0,Private room,52.51865,13.46836,5.0,13,4.2626798770413155,1,1,0
12.0,4,1.0,1.0,Private room,52.50251796276408,13.468120367271776,0.0,0,2.4849066497880004,1,1,0
199.0,5,2.0,2.0,Entire home/apt,52.56799,13.40851,5.0,15,5.293304824724492,1,1,0
76.0,2,1.0,1.0,Private room,52.48315723227337,13.394987488747976,4.92,13,4.330733340286331,1,1,0
107.0,3,1.0,1.0,Entire home/apt,52.50172614568059,13.367575854063034,4.96,26,4.672828834461906,1,1,0
120.0,2,1.0,1.0,Entire home/apt,52.47823,13.4392,5.0,3,4.787491742782046,0,1,0
85.0,2,1.0,1.0,Entire home/apt,52.51017652602199,13.40520817049741,0.0,0,4.442651256490317,1,1,0
48.0,2,1.0,1.0,Entire home/apt,52.49971765252384,13.428704642327888,0.0,0,3.871201010907891,1,1,0
72.0,4,1.0,1.0,Entire home/apt,52.48987840647724,13.413661453646952,4.86,14,4.276666119016055,1,1,0
58.0,2,1.0,1.0,Entire home/apt,52.49973071520893,13.428726100000006,0.0,0,4.060443010546419,1,1,0
149.0,4,2.0,1.5,Entire home/apt,52.56633549887359,13.398626302027216,4.74,23,5.003946305945459,1,1,1
58.0,2,1.0,3.0,Private room,52.5007,13.4178,4.73,48,4.060443010546419,1,1,0
80.0,2,1.0,1.0,Entire home/apt,52.5091512,13.4663866,4.57,68,4.382026634673881,1,0,1
64.0,1,1.0,1.0,Private room,52.56043,13.56181,0.0,0,4.1588830833596715,1,1,0
55.0,4,1.0,1.0,Entire home/apt,52.49925757569551,13.577751616910692,0.0,0,4.007333185232471,1,1,0
44.0,2,1.0,1.0,Private room,52.44022534188117,13.566757215678647,4.95,196,3.784189633918261,1,0,0
82.0,3,1.0,1.0,Entire home/apt,52.49712336270068,13.331002747511253,4.95,106,4.406719247264253,1,1,0
297.0,4,1.0,2.0,Entire home/apt,52.504957162055845,13.463179054078322,5.0,3,5.6937321388027,1,1,0
35.0,1,1.0,1.0,Private room,52.47966671947334,13.34184005856514,0.0,0,3.5553480614894135,1,0,0
82.0,2,1.0,1.0,Entire home/apt,52.5091512,13.4663866,4.6,101,4.406719247264253,1,0,1
88.0,2,1.0,1.0,Entire home/apt,52.5091512,13.4663866,4.57,7,4.477336814478207,1,0,1
145.0,4,2.0,2.0,Entire home/apt,52.48271365886132,13.510101757762326,4.93,14,4.976733742420574,1,1,0
152.0,4,1.0,1.5,Entire home/apt,52.52060723917867,13.46275070918114,5.0,6,5.0238805208462765,1,1,0
89.0,2,1.0,1.0,Entire home/apt,52.5091512,13.4663866,4.66,294,4.48863636973214,1,1,1
93.0,2,1.0,1.0,Entire home/apt,52.5091512,13.4663866,4.47,57,4.532599493153256,1,1,1
96.0,2,1.0,1.0,Entire home/apt,52.5091512,13.4663866,4.36,11,4.564348191467836,1,1,1
98.0,2,1.0,1.0,Entire home/apt,52.5091512,13.4663866,4.25,8,4.584967478670572,1,1,1
107.0,4,1.0,1.0,Entire home/apt,52.5091512,13.4663866,4.78,49,4.672828834461906,1,1,1
265.0,3,2.0,1.0,Entire home/apt,52.49756854431703,13.415115850928256,4.96,23,5.579729825986222,1,1,0
85.0,4,1.0,1.0,Entire home/apt,52.553643993939886,13.40184939242168,4.98,40,4.442651256490317,1,1,0
95.0,2,1.0,1.0,Entire home/apt,52.47709030000001,13.4242472,0.0,0,4.553876891600541,1,1,0
127.0,4,2.0,1.0,Entire home/apt,52.4796714,13.4286089,5.0,1,4.844187086458591,1,1,0
76.0,3,1.0,1.5,Entire home/apt,52.4832,13.35943,0.0,0,4.330733340286331,1,1,0
68.0,2,1.0,1.0,Private room,52.50369008956516,13.428376405219174,4.94,81,4.219507705176107,1,0,0
83.0,2,1.0,1.0,Private room,52.5169899,13.4606762,5.0,45,4.418840607796598,1,1,0
64.0,2,1.0,1.0,Entire home/apt,52.49266,13.44736,4.82,11,4.1588830833596715,1,1,0
108.0,2,0.0,1.0,Entire home/apt,52.506225381644136,13.478123986202371,4.78,9,4.68213122712422,1,1,0
30.0,2,1.0,1.0,Entire home/apt,52.55385,13.57231,5.0,1,3.4011973816621555,1,1,0
100.0,2,1.0,1.0,Entire home/apt,52.54871,13.46171,4.75,4,4.605170185988092,1,1,0
207.0,6,3.0,1.5,Entire home/apt,52.5347581,13.4258536,0.0,0,5.332718793265369,1,1,0
87.0,2,1.0,1.0,Private room,52.5510698,13.3910979,4.9,30,4.465908118654584,1,1,0
66.0,2,0.0,1.0,Entire home/apt,52.58420546029589,13.301557121197249,5.0,1,4.189654742026425,1,1,0
60.0,1,1.0,1.0,Private room,52.50762170122248,13.321376784068253,4.94,77,4.0943445622221,1,1,0
216.0,4,1.0,1.0,Entire home/apt,52.498543343311056,13.342877439660072,0.0,0,5.375278407684165,0,1,0
108.0,4,1.0,1.0,Entire home/apt,52.48685390000001,13.4305958,5.0,35,4.68213122712422,1,1,0
60.0,1,1.0,1.0,Entire home/apt,52.53269,13.42326,0.0,0,4.0943445622221,1,1,0
144.0,2,1.0,1.0,Entire home/apt,52.47261780507149,13.449073673713588,5.0,15,4.969813299576001,1,1,0
115.0,6,1.0,1.0,Entire home/apt,52.5214867,13.4461563,4.76,29,4.74493212836325,1,1,0
52.0,2,1.0,1.0,Entire home/apt,52.50459,13.42536,0.0,0,3.9512437185814275,1,1,0
68.0,4,2.0,1.0,Entire home/apt,52.481590853770456,13.51723301859364,0.0,0,4.219507705176107,1,1,0
68.0,4,1.0,1.0,Entire home/apt,52.49576,13.34792,0.0,0,4.219507705176107,1,1,1
32.0,1,1.0,1.0,Private room,52.50413,13.2938,0.0,0,3.4657359027997265,1,1,0
285.0,6,3.0,3.5,Entire home/apt,52.55288041170743,13.510830630763715,4.91,22,5.652489180268651,1,1,0
102.0,2,1.0,1.0,Entire home/apt,52.5091512,13.4663866,5.0,7,4.624972813284271,1,1,1
42.0,2,1.0,1.0,Entire home/apt,52.49337,13.36487,5.0,1,3.7376696182833684,1,1,0
101.0,2,1.0,1.0,Entire home/apt,52.56449732536697,13.415654100007623,4.89,18,4.61512051684126,1,1,0
135.0,2,1.0,1.0,Entire home/apt,52.4854755474209,13.463896850601216,5.0,24,4.90527477843843,1,1,0
60.0,4,1.0,1.0,Entire home/apt,52.57412256980781,13.340518541047258,0.0,0,4.0943445622221,1,1,0
69.0,1,1.0,1.0,Private room,52.49926952041992,13.419769067459097,4.73,26,4.23410650459726,1,0,0
46.0,4,1.0,1.0,Entire home/apt,52.52824,13.33184,0.0,0,3.828641396489095,1,1,0
69.0,2,1.0,1.0,Entire home/apt,52.54893269999999,13.4126267,4.78,45,4.23410650459726,1,1,0
75.0,2,1.0,1.0,Entire home/apt,52.482852746849865,13.434479749747972,5.0,5,4.31748811353631,1,1,0
61.0,3,1.0,1.0,Private room,52.56133154220733,13.186396777663536,4.97,68,4.110873864173311,1,0,0
40.0,2,1.0,1.0,Entire home/apt,52.534891891205255,13.15758548494012,0.0,0,3.6888794541139363,0,1,0
86.0,2,1.0,1.0,Private room,52.5276823,13.4222004,4.93,40,4.454347296253507,1,1,0
79.0,2,1.0,1.0,Entire home/apt,52.50590219999999,13.3119574,4.78,523,4.3694478524670215,1,0,1
80.0,3,2.0,1.0,Entire home/apt,52.57462288564497,13.342030839282764,0.0,0,4.382026634673881,1,1,0
60.0,1,1.0,1.0,Private room,52.45414,13.32861,4.17,6,4.0943445622221,1,1,0
151.0,2,1.0,1.0,Entire home/apt,52.4966852443216,13.422851554346558,5.0,16,5.017279836814924,1,1,0
54.0,2,1.0,1.0,Entire home/apt,52.4805572,13.3489055,5.0,3,3.9889840465642745,1,1,0
40.0,1,1.0,1.0,Private room,52.5250602,13.4173112,5.0,1,3.6888794541139363,1,1,1
55.0,1,0.0,1.0,Entire home/apt,52.5454584,13.3709931,5.0,1,4.007333185232471,1,1,0
65.0,2,0.0,1.0,Entire home/apt,52.5454584,13.3709931,0.0,0,4.174387269895637,1,1,0
70.0,2,0.0,1.0,Entire home/apt,52.5454584,13.3709931,4.0,1,4.248495242049359,1,1,0
189.0,11,3.0,1.0,Entire home/apt,52.5328756,13.3268828,4.94,115,5.241747015059643,1,1,0
88.0,2,1.0,1.0,Private room,52.51051,13.29436,5.0,1,4.477336814478207,1,1,0
233.0,4,2.0,1.5,Entire home/apt,52.53119,13.43357,4.96,23,5.4510384535657,1,1,0
59.0,2,1.0,1.0,Entire home/apt,52.64175,13.50956,4.88,17,4.07753744390572,1,0,1
43.0,2,1.0,1.0,Entire home/apt,52.50952582197117,13.422017483020031,5.0,1,3.7612001156935624,1,1,0
123.0,4,2.0,2.0,Entire home/apt,52.50760276445679,13.454500904468253,5.0,5,4.812184355372417,1,1,0
50.0,1,1.0,1.0,Private room,52.482747216216346,13.425040921570195,0.0,0,3.912023005428146,1,1,0
200.0,3,2.0,1.0,Entire home/apt,52.4914074,13.4167647,5.0,20,5.298317366548036,1,1,0
152.0,4,2.0,1.0,Entire home/apt,52.55166034610096,13.419298493328508,4.67,63,5.0238805208462765,1,1,0
46.0,2,1.0,0.5,Private room,52.52849701789089,13.450956412365738,4.69,61,3.828641396489095,1,1,0
48.0,2,1.0,1.5,Entire home/apt,52.5117584,13.3140655,0.0,0,3.871201010907891,1,1,0
106.0,2,0.0,1.0,Entire home/apt,52.53260173547591,13.40176832327882,4.69,32,4.663439094112067,1,1,0
140.0,2,1.0,1.0,Entire home/apt,52.50802157550801,13.4561918386431,5.0,9,4.941642422609304,1,1,1
68.0,2,2.0,1.0,Entire home/apt,52.3991226,13.5818881,0.0,0,4.219507705176107,1,1,0
44.0,1,1.0,1.0,Private room,52.5429813,13.1646175,0.0,0,3.784189633918261,1,1,0
57.0,3,1.0,1.0,Entire home/apt,52.5713598,13.31792,5.0,2,4.04305126783455,1,1,0
57.0,2,1.0,1.0,Private room,52.55852,13.55804,0.0,0,4.04305126783455,1,1,0
248.0,4,3.0,2.5,Entire home/apt,52.40879077076926,13.497478906566716,4.75,4,5.5134287461649825,1,1,0
77.0,2,1.0,1.0,Entire home/apt,52.4411659347903,13.551388022457154,4.93,69,4.343805421853684,1,1,0
160.0,4,1.0,1.0,Entire home/apt,52.49509,13.30918,5.0,2,5.075173815233827,1,1,1
205.0,5,3.0,1.0,Entire home/apt,52.52374873965714,13.41623939730906,5.0,14,5.3230099791384085,1,1,0
58.0,2,2.0,1.0,Entire home/apt,52.50947423918311,13.422296433343512,5.0,1,4.060443010546419,1,1,0
176.0,4,2.0,2.0,Entire home/apt,52.54002613387417,13.4050836384342,0.0,0,5.170483995038151,1,1,0
84.0,2,1.0,1.0,Entire home/apt,52.50590219999999,13.3119574,4.5,8,4.430816798843313,1,0,1
56.0,3,1.0,1.0,Entire home/apt,52.46753730920404,13.435016569547669,4.76,38,4.02535169073515,1,1,0
200.0,4,2.0,1.0,Entire home/apt,52.53495890065833,13.402208037999875,5.0,6,5.298317366548036,1,1,0
82.0,4,1.0,1.0,Entire home/apt,52.4624959,13.3282109,4.83,108,4.406719247264253,1,1,1
46.0,2,1.0,1.0,Entire home/apt,52.50452115128813,13.425350927935632,0.0,0,3.828641396489095,1,1,0
51.0,2,1.0,1.0,Entire home/apt,52.49507,13.43245,0.0,0,3.9318256327243257,1,1,0
91.0,2,0.0,1.0,Entire home/apt,52.49435426804052,13.429030095770282,4.68,80,4.51085950651685,1,1,0
37.0,1,1.0,1.0,Entire home/apt,52.60914,13.47448,0.0,0,3.6109179126442243,1,1,0
82.0,2,1.0,1.0,Private room,52.50281440137663,13.475979707905887,4.76,243,4.406719247264253,1,1,0
84.0,3,2.0,1.0,Private room,52.47939095497677,13.45214113001644,4.97,29,4.430816798843313,1,1,0
120.0,5,2.0,1.0,Entire home/apt,52.51403,13.45001,5.0,3,4.787491742782046,1,1,0
45.0,1,1.0,1.0,Private room,52.47676620512988,13.438495410139744,5.0,2,3.8066624897703196,1,1,0
105.0,4,1.0,1.0,Entire home/apt,52.4669741546063,13.429484302390138,5.0,23,4.653960350157523,1,1,0
98.0,2,1.0,1.0,Entire home/apt,52.52262351811891,13.240449898606364,4.97,60,4.584967478670572,1,1,0
200.0,4,2.0,1.0,Entire home/apt,52.49662238346034,13.336909268697209,0.0,0,5.298317366548036,1,1,0
69.0,2,1.0,1.0,Private room,52.49166043965957,13.556517610728804,0.0,0,4.23410650459726,0,1,0
109.0,2,1.0,2.0,Entire home/apt,52.547134033992776,13.412549217045587,0.0,0,4.6913478822291435,1,1,0
93.0,3,1.0,1.0,Entire home/apt,52.59109061594705,13.406839880950924,5.0,7,4.532599493153256,1,1,0
82.0,2,1.0,1.0,Entire home/apt,52.50590219999999,13.3119574,4.86,7,4.406719247264253,1,0,1
86.0,2,1.0,1.0,Entire home/apt,52.50590219999999,13.3119574,4.6,30,4.454347296253507,1,1,1
54.0,2,1.0,1.0,Private room,52.4796075,13.345924,4.86,96,3.9889840465642745,1,1,0
59.0,3,2.0,1.0,Entire home/apt,52.44494032633243,13.292747165606691,4.71,7,4.07753744390572,1,1,0
44.0,2,1.0,1.0,Entire home/apt,52.57510079999999,13.4232915,0.0,0,3.784189633918261,1,1,0
116.0,2,1.0,1.0,Entire home/apt,52.51822223248986,13.304401737848726,0.0,0,4.7535901911063645,1,1,0
149.0,2,1.0,1.0,Entire home/apt,52.49154,13.42042,4.75,4,5.003946305945459,1,1,0
134.0,10,3.0,2.0,Entire home/apt,52.4935468900166,13.284021192555189,4.74,96,4.897839799950911,1,1,0
152.0,6,3.0,1.0,Entire home/apt,52.52756048466546,13.412431865340858,4.92,141,5.0238805208462765,1,1,0
89.0,7,2.0,1.0,Entire home/apt,52.4834683,13.5287599,4.38,21,4.48863636973214,1,1,0
666.0,2,1.0,1.0,Entire home/apt,52.49914315873559,13.353043272900516,0.0,0,6.501289670540389,1,1,1
175.0,3,1.0,1.5,Entire home/apt,52.49115,13.29179,4.83,40,5.1647859739235145,1,1,0
145.0,4,2.0,1.0,Entire home/apt,52.495937446885215,13.38284533470869,4.97,36,4.976733742420574,1,1,0
293.0,2,1.0,1.0,Entire home/apt,52.48647180615947,13.435171988396812,0.0,0,5.680172609017068,0,1,0
123.0,4,1.0,1.0,Entire home/apt,52.5368337,13.3747942,4.75,51,4.812184355372417,1,1,0
84.0,4,2.0,1.0,Entire home/apt,52.45250707062828,13.35108574631602,5.0,24,4.430816798843313,1,1,1
140.0,4,2.0,1.0,Entire home/apt,52.46339038073833,13.433955979336895,4.92,63,4.941642422609304,1,1,0
28.0,2,1.0,1.0,Private room,52.484942478871865,13.537098082172504,5.0,10,3.332204510175204,1,0,0
52.0,2,0.0,1.0,Entire home/apt,52.4913675,13.3840125,4.61,61,3.9512437185814275,1,1,0
911.0,6,3.0,2.5,Entire home/apt,52.5183221,13.3839916,5.0,2,6.814542897259958,1,1,0
157.0,2,1.0,1.0,Entire home/apt,52.52914,13.41567,0.0,0,5.056245805348308,1,1,0
55.0,2,1.0,0.5,Private room,52.57196,13.36266,4.91,35,4.007333185232471,1,1,0
141.0,6,2.0,2.0,Entire home/apt,52.49031692241567,13.338022686508952,4.94,54,4.948759890378168,1,1,0
494.0,4,1.0,1.5,Entire home/apt,52.53580988664409,13.400439612388077,4.83,12,6.202535517187923,1,1,0
130.0,4,1.0,1.0,Entire home/apt,52.52983776068236,13.381311280489804,4.74,23,4.867534450455582,1,1,0
133.0,3,1.0,1.0,Entire home/apt,52.52809,13.37935,4.69,16,4.890349128221754,1,1,0
90.0,2,1.0,1.5,Entire home/apt,52.4932843,13.4182277,0.0,0,4.499809670330265,0,1,0
95.0,2,1.0,1.0,Entire home/apt,52.4989,13.31582,0.0,0,4.553876891600541,1,1,0
69.0,2,1.0,1.0,Private room,52.49651,13.34786,4.39,18,4.23410650459726,1,0,0
199.0,6,3.0,1.0,Entire home/apt,52.53146,13.41447,4.86,58,5.293304824724492,1,1,0
64.0,2,1.0,1.0,Entire home/apt,52.49251,13.35387,0.0,0,4.1588830833596715,1,1,0
120.0,2,1.0,1.0,Entire home/apt,52.55109043958021,13.41148491106352,4.75,4,4.787491742782046,1,1,0
161.0,4,2.0,1.5,Entire home/apt,52.47630112673594,13.43772707577338,4.95,19,5.081404364984463,1,1,0
160.0,12,3.0,1.0,Entire home/apt,52.51383,13.4624,4.42,52,5.075173815233827,1,1,0
90.0,2,0.0,1.0,Entire home/apt,52.4995609,13.4287261,1.0,1,4.499809670330265,1,1,0
51.0,1,1.0,1.0,Private room,52.5712486,13.5680307,0.0,0,3.9318256327243257,1,1,0
1005.0,16,0.0,2.0,Entire home/apt,52.49957351070254,13.409096635456232,4.93,15,6.912742820493176,1,1,0
171.0,4,1.0,1.0,Entire home/apt,52.48334819999999,13.3616971,5.0,5,5.14166355650266,1,1,0
97.0,6,2.0,1.0,Entire home/apt,52.53720551965738,13.416619268574104,4.76,79,4.574710978503383,1,1,0
181.0,5,1.0,1.0,Entire home/apt,52.48690999999999,13.38869,4.89,38,5.198497031265826,1,1,0
79.0,2,1.0,1.0,Private room,52.45107038326595,13.263387121260164,4.75,12,4.3694478524670215,0,1,0
71.0,4,1.0,1.0,Entire home/apt,52.53884,13.4164,4.46,69,4.2626798770413155,1,1,0
134.0,8,3.0,1.0,Entire home/apt,52.53679,13.41655,4.64,95,4.897839799950911,1,1,0
98.0,4,1.0,1.0,Entire home/apt,52.49459001669585,13.48031111061573,4.76,17,4.584967478670572,0,1,0
65.0,1,1.0,1.0,Entire home/apt,52.4797782935156,13.42383004596725,0.0,0,4.174387269895637,1,1,0
106.0,2,1.0,1.0,Private room,52.493583534226765,13.433398836263764,5.0,1,4.663439094112067,1,1,0
79.0,2,1.0,1.0,Private room,52.5364,13.39674,4.93,80,4.3694478524670215,1,1,0
94.0,2,1.0,1.0,Private room,52.53641381705758,13.404201971460878,4.9,72,4.543294782270004,1,1,0
119.0,2,1.0,1.0,Entire home/apt,52.49495933121895,13.34234104923235,5.0,10,4.77912349311153,1,1,0
73.0,2,1.0,1.0,Private room,52.53849539511609,13.428447801643184,5.0,39,4.290459441148391,1,1,0
99.0,2,2.0,1.5,Entire home/apt,52.530845063124296,13.43161503400244,5.0,4,4.59511985013459,1,1,0
121.0,4,1.0,1.0,Entire home/apt,52.50636897625358,13.301236743516558,4.88,93,4.795790545596741,1,1,0
238.0,6,2.0,1.0,Entire home/apt,52.5258839,13.450971088885488,5.0,1,5.472270673671475,1,1,0
283.0,7,4.0,1.5,Entire home/apt,52.4902,13.38597,5.0,15,5.645446897643238,1,1,0
100.0,1,0.0,1.0,Entire home/apt,52.5454584,13.3709931,4.67,9,4.605170185988092,1,1,0
245.0,5,2.0,1.0,Entire home/apt,52.500938403257855,13.419251291401668,4.59,90,5.501258210544727,1,1,0
81.0,2,1.0,1.0,Private room,52.5235656518642,13.404938355088234,4.73,188,4.394449154672439,1,1,0
146.0,4,2.0,1.0,Entire home/apt,52.50120631913873,13.420213215164036,4.56,64,4.983606621708336,1,1,0
122.0,4,2.0,1.0,Entire home/apt,52.49553796982917,13.443905487656592,5.0,12,4.804021044733257,1,1,0
118.0,2,1.0,1.0,Entire home/apt,52.46401041202467,13.383163201839004,4.96,25,4.770684624465665,1,1,0
132.0,5,2.0,1.0,Entire home/apt,52.50198,13.42012,4.7,64,4.882801922586371,1,1,0
135.0,5,2.0,1.0,Entire home/apt,52.4998,13.41862,4.77,60,4.90527477843843,1,1,0
300.0,2,1.0,1.0,Entire home/apt,52.54475913113311,13.42063359787466,0.0,0,5.703782474656201,1,1,0
69.0,3,1.0,1.0,Private room,52.5087939743011,13.32267671032597,4.87,23,4.23410650459726,1,0,0
168.0,4,2.0,2.0,Entire home/apt,52.4909932,13.4302288,5.0,6,5.123963979403259,1,1,0
35.0,2,1.0,1.0,Private room,52.44074,13.5412,4.48,73,3.5553480614894135,1,0,0
220.0,3,2.0,1.0,Entire home/apt,52.51195408040128,13.469542698029032,5.0,25,5.393627546352362,1,1,0
213.0,4,2.0,2.0,Entire home/apt,52.5127422,13.458706,4.88,16,5.3612921657094255,1,1,0
75.0,1,1.0,1.0,Private room,52.54947425776089,13.420378586359243,5.0,5,4.31748811353631,1,1,0
105.0,2,1.0,1.0,Private room,52.43789650000001,13.5484264,4.64,146,4.653960350157523,1,1,0
75.0,2,1.0,3.0,Entire home/apt,52.488810386470334,13.378937317444406,0.0,0,4.31748811353631,0,0,0
54.0,2,1.0,1.0,Entire home/apt,52.49932847018079,13.365863680950945,0.0,0,3.9889840465642745,1,1,0
235.0,3,1.0,2.0,Entire home/apt,52.528,13.38926,0.0,0,5.459585514144159,1,1,1
36.0,2,0.0,1.0,Entire home/apt,52.47864333301121,13.346529557837991,0.0,0,3.58351893845611,1,1,0
48.0,1,1.0,1.0,Entire home/apt,52.42338,13.43815,0.0,0,3.871201010907891,1,1,0
121.0,2,1.0,1.0,Entire home/apt,52.5360996,13.405419,0.0,0,4.795790545596741,1,1,0
66.0,1,1.0,1.0,Private room,52.51796,13.28757,0.0,0,4.189654742026425,1,1,0
82.0,5,1.0,1.0,Entire home/apt,52.51912733199504,13.2659131492615,4.59,32,4.406719247264253,1,1,0
86.0,5,1.0,1.5,Private room,52.4554096,13.6112659,4.28,18,4.454347296253507,1,1,1
108.0,2,1.0,1.0,Entire home/apt,52.4574127,13.5413365,4.94,51,4.68213122712422,1,1,0
100.0,2,1.0,1.0,Entire home/apt,52.5297458,13.4080749,4.96,92,4.605170185988092,1,1,0
145.0,4,2.0,1.0,Entire home/apt,52.50081,13.36509,4.94,71,4.976733742420574,1,1,1
110.0,2,1.0,1.0,Entire home/apt,52.47092,13.4313,5.0,12,4.700480365792417,1,1,0
74.0,3,1.0,1.0,Entire home/apt,52.49046986518629,13.338363224532712,4.87,69,4.30406509320417,1,1,0
108.0,2,1.0,1.0,Entire home/apt,52.4962293,13.4238563,4.91,43,4.68213122712422,1,1,0
34.0,2,1.0,1.0,Entire home/apt,52.54249977538715,13.3759563717694,4.8,5,3.5263605246161616,1,1,0
39.0,3,1.0,1.5,Private room,52.593957596542,13.40065728707229,4.84,68,3.6635616461296463,1,0,0
98.0,4,1.0,1.0,Entire home/apt,52.54708,13.40417,5.0,6,4.584967478670572,1,1,0
154.0,4,1.0,1.0,Entire home/apt,52.49371638021884,13.414696495634487,4.92,12,5.0369526024136295,1,1,0
54.0,2,1.0,1.0,Private room,52.52018839999999,13.4582578,4.89,36,3.9889840465642745,1,1,0
60.0,2,1.0,1.0,Entire home/apt,52.51064763760943,13.468503523900711,0.0,0,4.0943445622221,1,1,0
76.0,1,1.0,1.0,Entire home/apt,52.47706628465399,13.360831886784725,0.0,0,4.330733340286331,1,1,0
42.0,2,1.0,1.0,Entire home/apt,52.56316461823435,13.334051997317406,0.0,0,3.7376696182833684,1,1,0
41.0,2,1.0,1.0,Private room,52.51404148238771,13.421532793560772,4.88,42,3.713572066704308,0,1,0
69.0,2,1.0,1.0,Private room,52.50220294409597,13.428000611429486,4.85,82,4.23410650459726,1,0,0
243.0,8,4.0,1.5,Entire home/apt,52.51118,13.52864,4.67,6,5.493061443340548,1,1,1
58.0,2,1.0,1.0,Entire home/apt,52.47318,13.37989,5.0,1,4.060443010546419,1,1,0
306.0,6,1.0,1.5,Entire home/apt,52.53182,13.40286,0.0,0,5.723585101952381,1,1,0
179.0,6,3.0,1.5,Entire home/apt,52.52543366191324,13.403145898948935,4.9,94,5.187385805840755,1,1,0
45.0,1,1.0,1.0,Private room,52.52950188612897,13.315845429897308,0.0,0,3.8066624897703196,0,1,1
163.0,3,1.0,1.0,Entire home/apt,52.49569002365369,13.33900724850434,4.67,3,5.093750200806762,1,1,0
88.0,3,1.0,1.0,Entire home/apt,52.47827,13.43401,4.71,7,4.477336814478207,1,1,0
185.0,2,1.0,1.0,Entire home/apt,52.47887857836131,13.429588495336535,4.91,22,5.220355825078324,1,1,0
57.0,2,1.0,1.0,Entire home/apt,52.53460957295035,13.433118246289787,0.0,0,4.04305126783455,1,1,0
106.0,2,1.0,1.0,Entire home/apt,52.48281,13.45579,4.86,7,4.663439094112067,1,1,0
99.0,4,2.0,1.0,Entire home/apt,52.45920479999999,13.5811824,4.75,8,4.59511985013459,1,1,0
65.0,2,1.0,1.0,Entire home/apt,52.5348297520132,13.419809154581976,5.0,1,4.174387269895637,1,1,0
94.0,2,0.0,1.0,Entire home/apt,52.51099749999999,13.4583393,0.0,0,4.543294782270004,1,1,0
200.0,2,1.0,1.0,Entire home/apt,52.51027121107917,13.402666623153095,0.0,0,5.298317366548036,0,1,0
72.0,2,1.0,1.0,Private room,52.55424510160347,13.405276034442958,5.0,31,4.276666119016055,1,1,0
108.0,2,1.0,1.0,Entire home/apt,52.51197776710941,13.381072559468356,5.0,1,4.68213122712422,1,1,0
76.0,2,1.0,1.0,Entire home/apt,52.510270863890206,13.44743639300789,4.7,102,4.330733340286331,1,1,0
125.0,2,1.0,1.0,Entire home/apt,52.51093,13.46001,0.0,0,4.8283137373023015,1,1,0
89.0,2,1.0,1.0,Entire home/apt,52.51628,13.44921,4.95,83,4.48863636973214,1,1,0
72.0,4,2.0,1.0,Private room,52.4385,13.24992,0.0,0,4.276666119016055,1,1,0
200.0,2,1.0,1.0,Entire home/apt,52.53407171008889,13.434004178245598,5.0,3,5.298317366548036,1,1,1
70.0,4,1.0,1.0,Entire home/apt,52.4834683,13.5287599,4.69,48,4.248495242049359,1,1,0
106.0,2,1.0,1.0,Entire home/apt,52.47757,13.42494,4.79,14,4.663439094112067,1,1,0
62.0,1,0.0,1.0,Private room,52.492609072369895,13.450887511916005,5.0,4,4.127134385045092,1,1,0
126.0,3,1.0,1.0,Entire home/apt,52.50573103281703,13.414358440107687,5.0,20,4.836281906951478,1,1,1
200.0,2,1.0,1.0,Entire home/apt,52.49517,13.42437,4.85,20,5.298317366548036,1,1,0
144.0,2,0.0,1.0,Entire home/apt,52.49078589558212,13.438229594775466,5.0,2,4.969813299576001,1,1,0
96.0,2,1.0,1.0,Entire home/apt,52.48246679214747,13.43620352447033,0.0,0,4.564348191467836,1,1,0
40.0,2,1.0,1.0,Entire home/apt,52.5148552,13.4911727,5.0,3,3.6888794541139363,1,1,0
171.0,2,1.0,1.0,Entire home/apt,52.48326254859729,13.431190058469472,4.8,20,5.14166355650266,1,1,1
152.0,6,3.0,1.0,Entire home/apt,52.5353078,13.3566284,4.0,8,5.0238805208462765,1,1,0
139.0,4,2.0,1.0,Entire home/apt,52.510379,13.4561773,0.0,0,4.9344739331306915,1,1,0
65.0,2,1.0,1.0,Entire home/apt,52.52061128401838,13.3440603878357,5.0,2,4.174387269895637,1,1,0
120.0,2,1.0,1.0,Entire home/apt,52.48351245389818,13.425807503308206,5.0,11,4.787491742782046,0,1,0
117.0,6,3.0,1.0,Entire home/apt,52.547460635662944,13.416601845363155,4.89,18,4.762173934797756,1,1,0
215.0,7,2.0,1.0,Entire home/apt,52.52799,13.39631,4.33,27,5.3706380281276624,1,1,0
213.0,15,4.0,1.0,Entire home/apt,52.50552423415217,13.30781604931925,4.13,8,5.3612921657094255,1,1,0
159.0,2,1.0,1.0,Entire home/apt,52.54034,13.37208,4.67,3,5.0689042022202315,1,1,0
153.0,6,3.0,1.0,Entire home/apt,52.5353078,13.3566284,4.78,9,5.030437921392435,1,1,0
94.0,2,0.0,1.0,Entire home/apt,52.4944212,13.4385798,0.0,0,4.543294782270004,1,1,0
94.0,4,2.0,1.0,Entire home/apt,52.50595970581844,13.480900251054877,5.0,2,4.543294782270004,1,1,0
70.0,2,1.0,1.0,Private room,52.511335680296334,13.456991853070791,4.75,12,4.248495242049359,1,1,0
70.0,2,1.0,1.0,Private room,52.54438257301508,13.415960893034937,4.97,31,4.248495242049359,1,0,0
60.0,2,1.0,1.0,Entire home/apt,52.53254226433356,13.32847164882198,0.0,0,4.0943445622221,1,1,0
143.0,4,2.0,1.0,Entire home/apt,52.53131693082592,13.406795114278792,4.79,92,4.962844630259907,1,0,0
85.0,2,1.0,1.0,Entire home/apt,52.55082,13.47054,0.0,0,4.442651256490317,1,1,0
57.0,2,1.0,1.5,Private room,52.52338596801985,13.32983690641468,3.33,3,4.04305126783455,1,1,0
81.0,2,1.0,1.0,Entire home/apt,52.50092,13.3872948,4.66,53,4.394449154672439,1,0,0
84.0,2,1.0,1.0,Entire home/apt,52.50092,13.3872948,4.14,14,4.430816798843313,1,0,0
89.0,2,1.0,1.0,Entire home/apt,52.49920359999999,13.3881541,4.5,144,4.48863636973214,1,1,0
95.0,2,1.0,1.0,Entire home/apt,52.50092,13.3872948,4.38,8,4.553876891600541,1,0,0
97.0,2,1.0,1.0,Entire home/apt,52.50092,13.3872948,0.0,0,4.574710978503383,1,0,0
104.0,3,1.0,1.0,Entire home/apt,52.50092,13.3872948,4.75,24,4.6443908991413725,1,1,0
88.0,2,0.0,1.0,Entire home/apt,52.54081,13.45643,5.0,7,4.477336814478207,1,1,0
107.0,4,1.0,1.0,Entire home/apt,52.50092,13.3872948,4.54,13,4.672828834461906,1,0,0
109.0,4,1.0,1.0,Entire home/apt,52.50092,13.3872948,4.5,48,4.6913478822291435,1,1,0
83.0,3,1.0,1.0,Entire home/apt,52.48915,13.48167,4.94,70,4.418840607796598,0,1,0
100.0,2,1.0,1.0,Entire home/apt,52.47578336229661,13.422149335662684,4.43,7,4.605170185988092,1,1,0
173.0,4,2.0,2.5,Entire home/apt,52.46260342360544,13.336505411203536,5.0,7,5.153291594497779,1,1,0
80.0,2,0.0,1.0,Entire home/apt,52.55059,13.34813,4.88,17,4.382026634673881,1,1,0
99.0,3,1.0,1.0,Private room,52.49651305483272,13.347855247557163,4.31,36,4.59511985013459,1,0,0
171.0,4,1.0,2.0,Entire home/apt,52.5093245,13.4043286,0.0,0,5.14166355650266,1,1,0
99.0,3,1.0,1.0,Private room,52.4958866623125,13.346671877212277,4.0,3,4.59511985013459,1,0,0
75.0,3,1.0,1.0,Private room,52.49829,13.32442,4.99,87,4.31748811353631,1,1,0
162.0,2,1.0,1.0,Entire home/apt,52.530426625637645,13.370208931213387,0.0,0,5.087596335232384,1,1,0
56.0,4,2.0,1.0,Entire home/apt,52.520705,13.2528804,0.0,0,4.02535169073515,1,1,0
80.0,3,1.0,1.0,Entire home/apt,52.55393216586239,13.43607568612067,4.75,12,4.382026634673881,1,1,0
76.0,1,1.0,2.0,Private room,52.48848678128519,13.462382417405436,5.0,2,4.330733340286331,0,1,0
162.0,4,1.0,1.0,Entire home/apt,52.53634,13.43527,5.0,7,5.087596335232384,1,1,0
195.0,4,2.0,2.5,Entire home/apt,52.499076451390046,13.29785437753445,0.0,0,5.272999558563747,1,1,0
92.0,3,1.0,1.0,Entire home/apt,52.53599948446301,13.37481589116117,5.0,7,4.5217885770490405,1,1,0
176.0,4,2.0,1.0,Entire home/apt,52.48069839999999,13.3293169,0.0,0,5.170483995038151,1,1,0
200.0,4,2.0,1.0,Entire home/apt,52.48763,13.42165,4.8,20,5.298317366548036,1,1,0
155.0,4,2.0,1.0,Entire home/apt,52.4896754,13.3910197,0.0,0,5.043425116919247,1,1,0
60.0,1,1.0,1.0,Private room,52.44645420000001,13.3513269,1.0,1,4.0943445622221,1,1,0
204.0,2,1.0,1.0,Entire home/apt,52.48888,13.4435,0.0,0,5.318119993844216,1,1,1
123.0,2,2.0,1.5,Private room,52.47742,13.34576,0.0,0,4.812184355372417,1,1,0
84.0,2,1.0,1.0,Private room,52.5273895,13.4050636,4.98,57,4.430816798843313,1,1,0
78.0,6,1.0,1.0,Entire home/apt,52.5033319,13.4380182,4.34,61,4.356708826689592,1,1,0
51.0,4,2.0,1.0,Entire home/apt,52.49347976303012,13.399739786842977,4.65,23,3.9318256327243257,1,1,0
40.0,2,1.0,1.0,Entire home/apt,52.56201433788611,13.334369678573616,0.0,0,3.6888794541139363,1,1,0
204.0,8,3.0,1.0,Entire home/apt,52.5295752,13.4097738,4.62,13,5.318119993844216,1,1,0
134.0,4,2.0,1.0,Entire home/apt,52.5219289,13.452605,1.0,1,4.897839799950911,1,1,0
105.0,6,3.0,1.0,Entire home/apt,52.4954,13.31159,0.0,0,4.653960350157523,1,1,0
86.0,2,1.0,1.0,Private room,52.49067072830847,13.417981421931676,0.0,0,4.454347296253507,1,1,0
35.0,2,1.0,1.0,Private room,52.50945719411829,13.447869847268922,0.0,0,3.5553480614894135,1,1,0
35.0,2,1.0,1.0,Private room,52.51993,13.47121,0.0,0,3.5553480614894135,1,1,0
35.0,2,1.0,1.0,Private room,52.50787019886248,13.4509810437813,0.0,0,3.5553480614894135,1,1,0
119.0,2,1.0,1.0,Private room,52.49646,13.31686,0.0,0,4.77912349311153,1,1,0
280.0,6,3.0,2.0,Entire home/apt,52.558576545774784,13.195166910120973,4.96,28,5.634789603169249,1,1,0
35.0,2,1.0,1.0,Private room,52.56638,13.40667,0.0,0,3.5553480614894135,1,1,0
35.0,2,1.0,1.0,Private room,52.51096298811093,13.471570454359592,0.0,0,3.5553480614894135,1,1,0
35.0,2,1.0,1.0,Private room,52.49496,13.42481,0.0,0,3.5553480614894135,1,1,0
86.0,2,1.0,1.0,Private room,52.49016,13.41998,0.0,0,4.454347296253507,1,1,0
35.0,2,1.0,1.0,Private room,52.49668,13.42492,0.0,0,3.5553480614894135,1,1,0
35.0,2,1.0,1.0,Private room,52.49544,13.42303,0.0,0,3.5553480614894135,1,1,0
35.0,2,1.0,1.0,Private room,52.54733,13.4132,0.0,0,3.5553480614894135,1,1,0
35.0,2,1.0,1.0,Private room,52.49499182347951,13.31156436622084,0.0,0,3.5553480614894135,1,1,0
69.0,2,1.0,1.0,Private room,52.49729357884247,13.348562774877768,3.5,2,4.23410650459726,1,0,0
67.0,1,1.0,1.0,Private room,52.497363692075794,13.348483591092952,4.52,21,4.204692619390966,1,0,0
86.0,2,1.0,1.0,Private room,52.50953061145597,13.451165986056672,0.0,0,4.454347296253507,1,1,0
70.0,4,2.0,1.0,Entire home/apt,52.48901640636469,13.420037365541848,0.0,0,4.248495242049359,1,1,0
35.0,2,1.0,1.0,Private room,52.55072787410923,13.40596837361122,0.0,0,3.5553480614894135,1,1,0
86.0,2,1.0,1.0,Private room,52.50981445488556,13.459067077716275,0.0,0,4.454347296253507,1,1,0
69.0,2,1.0,1.0,Private room,52.49742983381764,13.34703940900005,4.47,38,4.23410650459726,1,0,0
35.0,2,1.0,1.0,Private room,52.54949307228905,13.413158633978137,0.0,0,3.5553480614894135,1,1,0
35.0,2,1.0,1.0,Private room,52.51326334522038,13.471130372637749,0.0,0,3.5553480614894135,1,1,0
105.0,6,3.0,1.0,Entire home/apt,52.49682,13.42467,0.0,0,4.653960350157523,1,1,0
35.0,2,1.0,1.0,Private room,52.56699234768873,13.407062629413034,0.0,0,3.5553480614894135,1,1,0
35.0,2,1.0,1.0,Private room,52.51111,13.47022,0.0,0,3.5553480614894135,1,1,0
35.0,2,1.0,1.0,Private room,52.55085562349833,13.405798470855729,0.0,0,3.5553480614894135,1,1,0
35.0,1,1.0,1.0,Private room,52.52003940812653,13.470274683422426,0.0,0,3.5553480614894135,1,1,0
66.0,2,1.0,1.0,Entire home/apt,52.49590946319008,13.582283753569683,4.83,6,4.189654742026425,1,1,1
35.0,2,1.0,1.0,Private room,52.54914,13.4149,0.0,0,3.5553480614894135,1,1,0
35.0,1,1.0,1.0,Private room,52.52126633128113,13.475559105219778,0.0,0,3.5553480614894135,1,1,0
117.0,2,1.0,1.0,Entire home/apt,52.51954886625179,13.42754997319478,5.0,8,4.762173934797756,1,1,0
105.0,6,3.0,1.0,Entire home/apt,52.49626,13.4252,0.0,0,4.653960350157523,1,1,0
35.0,1,1.0,1.0,Private room,52.55071711564733,13.40618893302021,0.0,0,3.5553480614894135,1,1,0
105.0,6,3.0,1.0,Entire home/apt,52.49659585120209,13.424304186495496,0.0,0,4.653960350157523,1,1,0
35.0,2,1.0,1.0,Private room,52.49665,13.30959,0.0,0,3.5553480614894135,1,1,0
95.0,2,1.0,1.0,Entire home/apt,52.4829626,13.4340541,4.95,38,4.553876891600541,1,1,0
87.0,2,1.0,1.0,Entire home/apt,52.534338,13.3473284,4.88,8,4.465908118654584,1,1,0
129.0,4,1.0,1.0,Private room,52.496513,13.3478551,4.67,3,4.859812404361672,1,0,0
129.0,4,1.0,1.0,Private room,52.49705939563474,13.348873622857418,3.0,2,4.859812404361672,1,0,0
35.0,2,1.0,1.0,Private room,52.56580037040101,13.41416024874566,0.0,0,3.5553480614894135,1,1,0
35.0,2,1.0,1.0,Private room,52.5095374523981,13.45917538076777,0.0,0,3.5553480614894135,1,1,0
51.0,1,1.0,1.5,Private room,52.56515642418714,13.362391115880923,4.67,6,3.9318256327243257,1,1,0
101.0,2,0.0,1.0,Entire home/apt,52.50779329999999,13.3037121,3.0,1,4.61512051684126,1,1,0
136.0,5,1.0,1.0,Entire home/apt,52.54032290703485,13.421130712777751,4.97,30,4.912654885736052,1,1,0
126.0,4,1.0,2.0,Entire home/apt,52.48685920306568,13.484232500195503,4.72,29,4.836281906951478,0,1,0
65.0,2,1.0,1.0,Private room,52.54747,13.40246,4.89,74,4.174387269895637,1,0,0
75.0,1,1.0,1.0,Private room,52.49756301077549,13.28852583879539,5.0,16,4.31748811353631,1,1,0
88.0,2,1.0,1.0,Entire home/apt,52.49048010138843,13.431369177997112,4.67,6,4.477336814478207,1,1,0
157.0,2,1.0,1.0,Entire home/apt,52.5136897,13.4563407,0.0,0,5.056245805348308,1,1,0
170.0,4,1.0,1.0,Entire home/apt,52.435255,13.387723,0.0,0,5.135798437050262,1,1,0
58.0,2,1.0,1.0,Private room,52.547253778151095,13.345288239528044,5.0,6,4.060443010546419,1,1,1
27.0,1,1.0,1.0,Private room,52.49055032003661,13.389849763829336,0.0,0,3.295836866004329,1,1,0
35.0,2,1.0,1.0,Private room,52.488826108740376,13.390125591947008,0.0,0,3.5553480614894135,1,1,0
98.0,1,1.0,1.5,Entire home/apt,52.51091,13.37527,5.0,2,4.584967478670572,1,1,1
193.0,4,1.0,1.0,Entire home/apt,52.50948787705691,13.462846012736527,5.0,21,5.262690188904886,1,1,0
27.0,1,1.0,1.0,Private room,52.49066069593481,13.388695641677884,0.0,0,3.295836866004329,1,1,0
27.0,1,1.0,1.0,Private room,52.49052528912023,13.389471585637857,5.0,1,3.295836866004329,1,1,0
35.0,2,1.0,1.0,Private room,52.49060806205854,13.387825504849932,5.0,1,3.5553480614894135,1,1,0
44.0,2,0.0,1.0,Entire home/apt,52.54259,13.13096,5.0,12,3.784189633918261,1,1,0
72.0,4,2.0,1.0,Private room,52.52129,13.52957,4.76,78,4.276666119016055,1,1,0
312.0,6,3.0,2.0,Entire home/apt,52.503,13.37007,0.0,0,5.7430031878094825,1,1,1
69.0,1,1.0,1.0,Entire home/apt,52.51787694805984,13.46385518204336,0.0,0,4.23410650459726,1,1,0
197.0,4,2.0,2.0,Entire home/apt,52.5123695,13.4153413,4.71,42,5.2832037287379885,1,1,0
64.0,1,1.0,1.0,Private room,52.5502829,13.4395897,5.0,19,4.1588830833596715,1,1,0
270.0,4,2.0,1.0,Entire home/apt,52.49683762364134,13.42627570828214,5.0,13,5.598421958998375,1,1,1
80.0,2,1.0,1.0,Entire home/apt,52.55308695543376,13.408560187099129,5.0,1,4.382026634673881,1,1,0
120.0,3,1.0,1.0,Entire home/apt,52.454,13.349,4.89,19,4.787491742782046,1,1,0
60.0,2,0.0,1.0,Entire home/apt,52.51819236957433,13.30787601453426,4.87,15,4.0943445622221,1,1,0
77.0,2,1.0,1.0,Entire home/apt,52.48963,13.33828,0.0,0,4.343805421853684,1,1,0
41.0,2,1.0,1.0,Private room,52.5844371,13.2239163,4.97,39,3.713572066704308,1,0,0
227.0,3,2.0,1.0,Entire home/apt,52.5148123,13.3807511,4.43,81,5.424950017481403,1,1,0
92.0,3,1.0,0.5,Private room,52.50452,13.302,4.18,11,4.5217885770490405,1,0,0
107.0,2,1.0,1.0,Entire home/apt,52.5472396,13.4176115,0.0,0,4.672828834461906,1,1,0
414.0,4,2.0,2.0,Entire home/apt,52.52851672986503,13.399826630714664,0.0,0,6.025865973825314,1,1,1
162.0,2,1.0,2.0,Entire home/apt,52.52343310890216,13.386735045341016,0.0,0,5.087596335232384,1,1,0
54.0,1,1.0,1.0,Private room,52.48868,13.40736,4.89,35,3.9889840465642745,1,0,0
127.0,3,1.0,1.0,Entire home/apt,52.52934399999999,13.3843098,4.76,33,4.844187086458591,1,1,0
53.0,2,1.0,1.0,Private room,52.49336046711127,13.180670604999795,4.98,52,3.970291913552122,1,1,1
108.0,2,1.0,1.0,Entire home/apt,52.54372351892589,13.417912906635268,4.97,34,4.68213122712422,1,0,0
42.0,2,1.0,1.0,Private room,52.5844371,13.2239163,4.93,15,3.7376696182833684,1,0,0
135.0,2,1.0,1.0,Entire home/apt,52.472585675588526,13.33213970000002,5.0,9,4.90527477843843,1,1,0
84.0,2,1.0,1.0,Entire home/apt,52.5702778,13.3130043,4.6,15,4.430816798843313,1,1,0
111.0,2,1.0,1.0,Entire home/apt,52.53358216919484,13.420713912645816,4.71,63,4.709530201312334,1,1,0
106.0,4,1.0,1.0,Entire home/apt,52.4988263,13.4020033,4.92,63,4.663439094112067,1,1,0
124.0,4,1.0,1.0,Entire home/apt,52.53442,13.35617,4.29,7,4.820281565605037,1,1,0
88.0,2,1.0,1.0,Private room,52.52111433728289,13.450033893976396,1.0,1,4.477336814478207,1,1,0
64.0,2,1.0,1.0,Entire home/apt,52.43082,13.25011,0.0,0,4.1588830833596715,1,1,0
87.0,2,1.0,1.0,Entire home/apt,52.5702778,13.3130043,4.74,19,4.465908118654584,1,1,0
77.0,2,1.0,1.0,Private room,52.51233996608448,13.315340689434098,4.79,33,4.343805421853684,1,1,0
86.0,3,1.0,1.0,Entire home/apt,52.54203916545308,13.412479204667102,0.0,0,4.454347296253507,1,1,0
212.0,3,2.0,1.5,Entire home/apt,52.52044,13.48447,5.0,3,5.356586274672012,1,1,0
56.0,4,1.0,1.0,Entire home/apt,52.53924634419551,13.348918287808358,0.0,0,4.02535169073515,0,1,0
117.0,5,2.0,1.0,Entire home/apt,52.614075928685416,13.469328923278802,4.82,11,4.762173934797756,1,1,0
54.0,2,1.0,1.0,Private room,52.52846625557438,13.135634139957354,4.94,35,3.9889840465642745,1,0,0
116.0,2,0.0,1.0,Entire home/apt,52.50228,13.34858,5.0,6,4.7535901911063645,1,1,0
76.0,2,1.0,1.0,Entire home/apt,52.4609687,13.519843,5.0,1,4.330733340286331,0,0,0
79.0,2,1.0,1.0,Entire home/apt,52.4609687,13.519843,4.75,4,4.3694478524670215,0,0,0
27.0,1,1.0,1.0,Private room,52.48998866206312,13.388002703733516,4.0,1,3.295836866004329,1,1,0
27.0,1,1.0,1.0,Private room,52.489188289034814,13.388716833686756,3.0,1,3.295836866004329,1,1,0
175.0,2,2.0,1.0,Entire home/apt,52.49656,13.41466,5.0,7,5.1647859739235145,1,1,0
82.0,2,1.0,0.5,Entire home/apt,52.54812066270102,13.345409408211708,4.62,13,4.406719247264253,1,1,0
282.0,12,4.0,2.0,Entire home/apt,52.513258598735696,13.461595928238484,4.9,31,5.641907070938114,1,1,0
59.0,4,1.0,1.0,Entire home/apt,52.479907060243335,13.33218578249216,5.0,1,4.07753744390572,1,1,0
491.0,3,1.0,1.5,Entire home/apt,52.49247,13.38294,0.0,0,6.19644412779452,1,1,0
102.0,6,2.0,1.0,Entire home/apt,52.55616957648596,13.391237761583552,4.63,73,4.624972813284271,1,1,0
75.0,2,1.0,1.0,Private room,52.49262893952101,13.36707396099886,4.88,8,4.31748811353631,1,1,0
82.0,2,1.0,1.0,Entire home/apt,52.57165457443704,13.39686290317994,4.53,15,4.406719247264253,1,0,0
96.0,1,1.0,1.0,Private room,52.49453840113559,13.427113019453014,4.95,20,4.564348191467836,1,1,1
96.0,4,2.0,1.0,Entire home/apt,52.4243873,13.197302,0.0,0,4.564348191467836,1,1,0
140.0,2,1.0,1.0,Private room,52.52652006721747,13.331963569572387,5.0,7,4.941642422609304,1,1,0
203.0,4,2.0,1.0,Entire home/apt,52.5396209,13.4062848,5.0,38,5.313205979041787,1,1,0
124.0,2,1.0,1.0,Entire home/apt,52.48822013197383,13.444435894489288,5.0,8,4.820281565605037,1,1,0
81.0,4,2.0,1.0,Entire home/apt,52.5253454,13.4218856,0.0,0,4.394449154672439,1,1,0
114.0,2,1.0,1.0,Entire home/apt,52.5454584,13.3709931,4.6,5,4.736198448394496,1,1,0
89.0,3,1.0,1.0,Entire home/apt,52.46215791365616,13.519017335742264,0.0,0,4.48863636973214,1,1,0
98.0,2,1.0,1.0,Private room,52.43789650000001,13.5484264,5.0,4,4.584967478670572,1,0,0
127.0,4,1.0,1.0,Entire home/apt,52.50205,13.42542,4.9,10,4.844187086458591,1,1,0
49.0,1,0.0,1.0,Entire home/apt,52.51004,13.40506,4.0,1,3.8918202981106265,1,1,0
59.0,2,1.0,1.0,Entire home/apt,52.504264421360816,13.310945704579352,5.0,27,4.07753744390572,1,1,0
79.0,2,1.0,1.0,Entire home/apt,52.48091,13.28829,0.0,0,4.3694478524670215,1,1,0
210.0,2,1.0,1.0,Entire home/apt,52.51332,13.41193,5.0,2,5.3471075307174685,1,1,0
155.0,4,2.0,1.0,Entire home/apt,52.4916176,13.4148363,5.0,1,5.043425116919247,1,1,0
128.0,2,1.0,1.0,Private room,52.5046623,13.3226679,5.0,2,4.852030263919617,1,0,1
73.0,3,1.0,1.5,Private room,52.50299274364185,13.432124126602778,4.96,56,4.290459441148391,1,1,0
72.0,3,1.0,1.0,Entire home/apt,52.54751029104364,13.434509125437076,0.0,0,4.276666119016055,1,1,0
80.0,2,1.0,1.0,Private room,52.51664307317,13.465098016081374,0.0,0,4.382026634673881,1,1,0
127.0,3,1.0,1.0,Entire home/apt,52.487821384855145,13.369041713761192,4.92,25,4.844187086458591,1,1,0
123.0,2,1.0,1.0,Private room,52.49167799884348,13.418188439511274,5.0,1,4.812184355372417,1,1,0
225.0,2,1.0,2.5,Entire home/apt,52.51978512545767,13.453681534808798,4.88,8,5.41610040220442,1,1,0
140.0,12,2.0,1.0,Entire home/apt,52.45759,13.57879,4.88,41,4.941642422609304,1,1,0
248.0,5,2.0,1.0,Entire home/apt,52.50011,13.29967,0.0,0,5.5134287461649825,1,1,0
47.0,2,1.0,1.0,Entire home/apt,52.53321083742793,13.424915095092096,4.71,34,3.8501476017100584,1,1,0
35.0,2,1.0,1.0,Private room,52.46740346561652,13.427694075343744,0.0,0,3.5553480614894135,1,1,0
295.0,8,4.0,2.0,Entire home/apt,52.47158,13.3428,0.0,0,5.68697535633982,1,1,1
68.0,2,1.0,1.0,Entire home/apt,52.531872032076464,13.418377000955864,4.41,37,4.219507705176107,0,1,0
127.0,5,2.0,1.0,Entire home/apt,52.54398,13.41292,4.76,17,4.844187086458591,1,1,0
129.0,2,1.0,1.0,Entire home/apt,52.493693,13.3968667,4.85,103,4.859812404361672,1,1,0
162.0,4,2.0,1.0,Entire home/apt,52.51626,13.45474,4.82,28,5.087596335232384,1,1,0
35.0,2,1.0,1.0,Private room,52.46715,13.42551,0.0,0,3.5553480614894135,1,1,0
35.0,2,1.0,1.0,Private room,52.46868,13.42634,0.0,0,3.5553480614894135,1,1,0
9000.0,2,1.0,1.0,Entire home/apt,52.590795,13.3781427,4.89,9,9.104979856318357,1,1,0
105.0,6,3.0,1.0,Entire home/apt,52.46863854764171,13.425832049743976,0.0,0,4.653960350157523,1,1,0
118.0,2,1.0,1.0,Entire home/apt,52.4821552,13.3801648,0.0,0,4.770684624465665,1,1,0
86.0,2,1.0,1.0,Entire home/apt,52.51882871108544,13.45658367691514,4.88,42,4.454347296253507,1,1,0
109.0,4,2.0,1.0,Entire home/apt,52.47066284957219,13.509831037168734,4.0,1,4.6913478822291435,1,1,0
110.0,4,1.0,1.0,Entire home/apt,52.52332262936416,13.458801457715792,4.92,24,4.700480365792417,1,1,0
828.0,8,4.0,3.0,Entire home/apt,52.53647147628183,13.408502593100632,5.0,4,6.71901315438526,1,1,0
580.0,4,2.0,1.0,Entire home/apt,52.53609549319524,13.40941261979384,5.0,4,6.363028103540465,1,1,0
898.0,6,3.0,3.0,Entire home/apt,52.53422368823905,13.408971823338266,5.0,2,6.8001700683022,1,1,1
125.0,2,1.0,1.0,Entire home/apt,52.5354358778114,13.348882671756945,5.0,20,4.8283137373023015,1,1,0
101.0,5,1.0,1.0,Entire home/apt,52.5015365,13.4533688,4.78,67,4.61512051684126,1,1,0
510.0,2,2.0,1.0,Entire home/apt,52.44548,13.57022,0.0,0,6.234410725718371,1,1,0
64.0,2,1.0,1.0,Entire home/apt,52.55593,13.34332,0.0,0,4.1588830833596715,1,1,0
68.0,4,1.0,1.0,Private room,52.514737676142026,13.491151242327874,4.8,49,4.219507705176107,1,1,0
78.0,1,0.0,1.0,Entire home/apt,52.5001715,13.3151285,4.0,1,4.356708826689592,1,1,0
90.0,2,1.0,1.0,Private room,52.4831179,13.4444155,5.0,10,4.499809670330265,1,1,0
26.0,1,1.0,1.0,Shared room,52.5334622,13.4107485,5.0,17,3.258096538021482,1,1,0
210.0,6,2.0,1.0,Entire home/apt,52.45291,13.13782,4.96,25,5.3471075307174685,1,1,0
68.0,2,1.0,1.0,Private room,52.52986921801474,13.545922533342427,0.0,0,4.219507705176107,1,1,0
77.0,5,3.0,1.0,Entire home/apt,52.499691046609215,13.511280853956087,0.0,0,4.343805421853684,1,1,0
104.0,4,1.0,1.0,Entire home/apt,52.5015365,13.4533688,4.74,74,4.6443908991413725,1,1,0
51.0,2,1.0,1.0,Private room,52.53605569973077,13.3772901598361,4.8,20,3.9318256327243257,1,1,0
97.0,4,1.0,1.0,Entire home/apt,52.44663,13.55335,4.5,14,4.574710978503383,0,1,0
100.0,4,2.0,1.0,Entire home/apt,52.48992639999999,13.3527615,0.0,0,4.605170185988092,1,1,0
79.0,2,1.0,1.0,Entire home/apt,52.51342329138711,13.459852068418831,4.17,6,4.3694478524670215,1,1,0
56.0,2,1.0,1.0,Entire home/apt,52.50819387037664,13.466791771352293,0.0,0,4.02535169073515,1,1,0
42.0,1,1.0,1.0,Entire home/apt,52.52121580841077,13.403827692684468,0.0,0,3.7376696182833684,1,1,0
175.0,5,3.0,1.5,Entire home/apt,52.53298814690906,13.379203261710185,4.89,37,5.1647859739235145,1,1,0
126.0,6,2.0,2.0,Entire home/apt,52.43379216932176,13.68610313611878,4.0,1,4.836281906951478,1,1,0
209.0,3,1.0,1.0,Entire home/apt,52.51211,13.38452,0.0,0,5.342334251964811,1,1,0
160.0,2,1.0,1.0,Entire home/apt,52.51117740000001,13.4684869,5.0,21,5.075173815233827,1,1,0
82.0,1,1.0,1.0,Private room,52.57552,13.32074,0.0,0,4.406719247264253,1,1,0
49.0,2,1.0,1.0,Entire home/apt,52.55288909999999,13.4154731,4.84,85,3.8918202981106265,1,1,0
113.0,2,1.0,1.0,Entire home/apt,52.50105880200103,13.438478178648294,4.58,12,4.727387818712341,1,1,0
59.0,2,1.0,1.0,Private room,52.54437853854174,13.373488323942562,4.82,44,4.07753744390572,1,1,0
115.0,4,2.0,2.0,Entire home/apt,52.53482,13.15637,4.71,7,4.74493212836325,1,1,0
65.0,2,1.0,1.0,Entire home/apt,52.58804006592978,13.535780943439304,0.0,0,4.174387269895637,0,1,0
133.0,2,1.0,1.0,Entire home/apt,52.48904,13.34984,0.0,0,4.890349128221754,1,1,0
119.0,2,1.0,1.0,Entire home/apt,52.49734,13.44581,4.0,1,4.77912349311153,1,1,0
27.0,2,1.0,0.5,Private room,52.50942,13.45443,5.0,17,3.295836866004329,1,1,0
156.0,2,2.0,2.0,Entire home/apt,52.55292008105183,13.373317502048389,4.64,11,5.049856007249537,1,1,0
267.0,6,2.0,1.0,Entire home/apt,52.48773,13.41025,4.96,27,5.58724865840025,1,1,0
234.0,5,2.0,2.0,Entire home/apt,52.4920091,13.4486327,5.0,33,5.455321115357702,1,1,0
316.0,8,4.0,2.0,Entire home/apt,52.5302014,13.4085419,4.57,35,5.755742213586912,1,1,0
84.0,4,1.0,1.0,Entire home/apt,52.48293811483949,13.467858388807722,5.0,8,4.430816798843313,1,1,0
72.0,2,1.0,1.5,Private room,52.52443873810914,13.327954933047296,4.83,54,4.276666119016055,1,1,0
83.0,2,0.0,1.0,Private room,52.503206473242834,13.425118527500064,4.83,6,4.418840607796598,1,1,0
86.0,4,2.0,1.0,Entire home/apt,52.45920479999999,13.5811824,4.82,11,4.454347296253507,1,1,0
108.0,4,1.0,1.0,Entire home/apt,52.46516765113653,13.348936354587002,4.96,26,4.68213122712422,1,1,0
46.0,1,1.0,1.5,Private room,52.4879798,13.4433711,0.0,0,3.828641396489095,1,1,0
55.0,2,1.0,1.0,Entire home/apt,52.52579,13.40229,0.0,0,4.007333185232471,1,1,0
130.0,5,1.0,1.0,Entire home/apt,52.4451066,13.4319209,2.5,2,4.867534450455582,1,1,0
78.0,3,2.0,1.0,Entire home/apt,52.4789389787426,13.560600314929212,0.0,0,4.356708826689592,1,1,0
100.0,4,1.0,1.0,Entire home/apt,52.5015365,13.4533688,4.8,61,4.605170185988092,1,1,0
64.0,4,1.0,1.0,Entire home/apt,52.4692489689755,13.291408494114876,4.92,25,4.1588830833596715,1,1,0
89.0,5,2.0,1.0,Entire home/apt,52.50160883066239,13.482405820287706,4.56,27,4.48863636973214,1,1,0
98.0,2,1.0,1.0,Entire home/apt,52.48924601857568,13.318454645648911,5.0,24,4.584967478670572,1,1,0
144.0,3,2.0,1.0,Entire home/apt,52.52570129999999,13.4081296,5.0,2,4.969813299576001,1,1,0
106.0,2,1.0,1.0,Entire home/apt,52.4944212,13.4385798,0.0,0,4.663439094112067,1,1,0
104.0,2,0.0,1.0,Entire home/apt,52.5112434,13.4160581,0.0,0,4.6443908991413725,1,1,0
113.0,2,1.0,1.0,Entire home/apt,52.4781918,13.4466887,0.0,0,4.727387818712341,1,1,0
159.0,4,2.0,1.0,Entire home/apt,52.510666,13.3020183,0.0,0,5.0689042022202315,1,1,0
128.0,4,2.0,1.0,Entire home/apt,52.4972084,13.4455264,0.0,0,4.852030263919617,1,1,0
87.0,3,1.0,1.0,Entire home/apt,52.41918,13.5407,5.0,1,4.465908118654584,1,1,0
68.0,2,1.0,1.0,Entire home/apt,52.45423,13.517014,5.0,4,4.219507705176107,1,1,0
53.0,2,1.0,1.0,Entire home/apt,52.52669630329499,13.407630416278575,5.0,2,3.970291913552122,1,1,0
29.0,5,1.0,1.0,Shared room,52.49308787026652,13.362245517347,4.89,9,3.367295829986474,1,1,0
199.0,4,2.0,1.5,Entire home/apt,52.52822900702661,13.395990919176882,4.9,39,5.293304824724492,1,1,0
70.0,2,1.0,1.0,Private room,52.49459328193652,13.31318635493517,4.91,47,4.248495242049359,1,0,0
78.0,6,2.0,1.0,Entire home/apt,52.49870302470863,13.38657518344434,4.85,88,4.356708826689592,1,1,0
28.0,5,1.0,1.0,Shared room,52.494376895800045,13.364241815984146,4.86,14,3.332204510175204,1,1,0
54.0,5,2.0,1.0,Entire home/apt,52.47899864210138,13.311406035340564,4.93,15,3.9889840465642745,1,1,0
94.0,2,0.0,1.0,Entire home/apt,52.46715,13.44196,5.0,67,4.543294782270004,1,1,0
57.0,2,1.0,1.0,Private room,52.5356,13.37748,4.74,27,4.04305126783455,1,1,0
117.0,4,2.0,1.5,Entire home/apt,52.4735835539163,13.377644082978817,4.97,34,4.762173934797756,1,1,0
75.0,3,1.0,1.0,Entire home/apt,52.46347,13.48518,4.92,13,4.31748811353631,1,1,0
51.0,3,1.0,1.0,Entire home/apt,52.50466,13.47034,0.0,0,3.9318256327243257,1,1,0
58.0,2,1.0,1.0,Entire home/apt,52.494312292907374,13.430474709888804,0.0,0,4.060443010546419,1,1,0
141.0,4,1.0,1.0,Entire home/apt,52.49636595192637,13.428684078396374,0.0,0,4.948759890378168,1,1,0
78.0,2,1.0,1.0,Entire home/apt,52.49100990629484,13.370516478403935,5.0,1,4.356708826689592,1,1,0
59.0,2,1.0,1.0,Entire home/apt,52.49168,13.37016,0.0,0,4.07753744390572,1,1,0
73.0,2,1.0,1.0,Entire home/apt,52.52725819567576,13.402898326034965,0.0,0,4.290459441148391,1,1,0
32.0,2,1.0,1.0,Private room,52.50614,13.46861,4.33,3,3.4657359027997265,1,1,0
79.0,2,1.0,1.0,Entire home/apt,52.49582303721983,13.428427018090108,5.0,1,4.3694478524670215,1,1,0
58.0,3,1.0,1.0,Entire home/apt,52.49260950792468,13.37026044267497,0.0,0,4.060443010546419,1,1,0
67.0,4,1.0,1.0,Entire home/apt,52.49449255801372,13.428528758225966,0.0,0,4.204692619390966,1,1,0
117.0,6,2.0,1.0,Entire home/apt,52.49648,13.43037,0.0,0,4.762173934797756,1,1,0
90.0,2,1.0,1.0,Entire home/apt,52.4945914141793,13.43047595069313,0.0,0,4.499809670330265,1,1,0
69.0,2,1.0,1.0,Entire home/apt,52.4863017,13.2713184,4.85,73,4.23410650459726,1,1,1
320.0,4,2.0,2.0,Entire home/apt,52.4954,13.29701,0.0,0,5.768320995793772,1,1,0
160.0,8,2.0,1.5,Entire home/apt,52.52017,13.44781,4.66,68,5.075173815233827,1,1,0
52.0,2,1.0,1.0,Private room,52.5321437,13.4229313,4.84,25,3.9512437185814275,1,1,1
117.0,3,1.0,1.0,Entire home/apt,52.49506,13.28651,4.0,11,4.762173934797756,1,1,0
35.0,2,1.0,1.0,Private room,52.46879,13.42723,0.0,0,3.5553480614894135,1,1,0
35.0,2,1.0,1.0,Private room,52.4667060120801,13.427014420982212,0.0,0,3.5553480614894135,1,1,0
35.0,2,1.0,1.0,Private room,52.46866,13.42765,0.0,0,3.5553480614894135,1,1,0
105.0,6,3.0,1.0,Entire home/apt,52.46878288902863,13.427810520158747,0.0,0,4.653960350157523,1,1,0
53.0,1,1.0,1.0,Private room,52.44902219999999,13.3150047,4.72,18,3.970291913552122,1,1,0
156.0,6,3.0,1.0,Entire home/apt,52.5258858,13.3868659,4.44,57,5.049856007249537,1,1,0
35.0,2,1.0,1.0,Private room,52.56535045976482,13.406923287071397,0.0,0,3.5553480614894135,1,1,0
96.0,2,1.0,1.0,Entire home/apt,52.53712643636196,13.425833081612335,0.0,0,4.564348191467836,1,1,0
124.0,10,4.0,1.0,Entire home/apt,52.3801456173675,13.648205850262435,4.5,4,4.820281565605037,1,1,0
125.0,5,2.0,1.0,Entire home/apt,52.5498727598178,13.344089426100254,4.86,21,4.8283137373023015,1,1,0
104.0,3,2.0,1.0,Entire home/apt,52.54921,13.43675,0.0,0,4.6443908991413725,0,1,0
111.0,1,0.0,1.0,Entire home/apt,52.5454584,13.3709931,4.65,26,4.709530201312334,1,1,0
111.0,2,1.0,1.0,Entire home/apt,52.5454584,13.3709931,4.33,6,4.709530201312334,1,1,0
82.0,4,1.0,1.0,Entire home/apt,52.4794723,13.4418112,4.8,75,4.406719247264253,1,1,0
68.0,2,1.0,0.5,Private room,52.5648795,13.4120081,0.0,0,4.219507705176107,1,1,0
162.0,3,2.0,1.0,Entire home/apt,52.5066648,13.4657533,4.94,18,5.087596335232384,0,1,0
118.0,4,1.0,1.0,Entire home/apt,52.5587892,13.390862,4.73,11,4.770684624465665,1,1,0
79.0,4,1.0,1.0,Entire home/apt,52.5202981694067,13.453779967949451,0.0,0,4.3694478524670215,1,1,0
78.0,2,0.0,1.0,Entire home/apt,52.481481449231616,13.36094954518202,4.84,55,4.356708826689592,1,1,0
40.0,2,1.0,1.0,Entire home/apt,52.51736798008914,13.297818110772704,4.0,1,3.6888794541139363,1,1,0
75.0,2,1.0,2.0,Entire home/apt,52.5111263653019,13.410985741011018,0.0,0,4.31748811353631,1,1,0
115.0,2,1.0,1.0,Entire home/apt,52.4882443,13.3763733,0.0,0,4.74493212836325,1,1,0
225.0,2,1.0,1.5,Entire home/apt,52.45656,13.63263,5.0,14,5.41610040220442,1,1,0
18.0,2,1.0,1.0,Private room,52.44148901568585,13.457874118205757,0.0,0,2.8903717578961645,1,1,0
59.0,1,1.0,1.5,Private room,52.4855114,13.4532986,4.83,48,4.07753744390572,1,1,0
41.0,2,1.0,1.0,Entire home/apt,52.48150155328086,13.332747933605294,5.0,1,3.713572066704308,1,1,0
77.0,2,1.0,1.0,Entire home/apt,52.50629989999999,13.310112,4.86,7,4.343805421853684,1,1,0
35.0,2,1.0,1.0,Private room,52.50498125839344,13.467001215882,0.0,0,3.5553480614894135,1,1,0
35.0,2,1.0,2.0,Private room,52.50565,13.46926,0.0,0,3.5553480614894135,1,1,0
35.0,2,1.0,2.0,Private room,52.50536,13.46902,0.0,0,3.5553480614894135,1,1,0
35.0,2,1.0,2.0,Private room,52.50509206419788,13.469266024608991,0.0,0,3.5553480614894135,1,1,0
80.0,2,1.0,1.0,Entire home/apt,52.49251183113798,13.5669515656229,0.0,0,4.382026634673881,1,1,0
57.0,2,0.0,1.0,Entire home/apt,52.54831,13.45959,4.32,25,4.04305126783455,1,1,0
92.0,6,1.0,1.0,Entire home/apt,52.47485,13.42938,3.97,38,4.5217885770490405,1,1,0
111.0,2,1.0,1.0,Entire home/apt,52.509777316654855,13.301044673016372,0.0,0,4.709530201312334,1,1,0
92.0,2,1.0,1.0,Entire home/apt,52.5148123,13.3807511,0.0,0,4.5217885770490405,1,1,0
77.0,6,2.0,1.0,Entire home/apt,52.500286117288425,13.386745996776268,4.78,88,4.343805421853684,1,1,0
77.0,2,1.0,1.0,Entire home/apt,52.58311,13.3896,4.93,15,4.343805421853684,1,1,0
98.0,5,1.0,1.0,Entire home/apt,52.52189,13.33649,4.46,72,4.584967478670572,1,1,0
68.0,2,1.0,1.0,Private room,52.51893341295019,13.467608746032717,4.97,126,4.219507705176107,1,0,0
60.0,2,1.0,1.0,Entire home/apt,52.50920775927304,13.318227265606692,0.0,0,4.0943445622221,1,1,0
90.0,4,1.0,1.0,Entire home/apt,52.50913119999999,13.318517715344234,0.0,0,4.499809670330265,1,1,0
270.0,4,2.0,1.5,Entire home/apt,52.50372,13.28864,5.0,5,5.598421958998375,0,1,1
105.0,3,1.0,1.0,Private room,52.54026596491446,13.423789525372635,5.0,41,4.653960350157523,1,1,0
160.0,8,2.0,1.0,Entire home/apt,52.49046,13.40399,4.68,57,5.075173815233827,1,1,0
117.0,4,1.0,1.0,Entire home/apt,52.5435507,13.4256096,4.9,21,4.762173934797756,1,1,0
39.0,2,1.0,1.0,Entire home/apt,52.47863,13.32526,0.0,0,3.6635616461296463,1,1,0
162.0,4,1.0,1.0,Private room,52.50505263537121,13.446593541929383,5.0,3,5.087596335232384,1,1,0
116.0,5,2.0,1.0,Entire home/apt,52.52133,13.30298,4.78,18,4.7535901911063645,1,1,0
53.0,2,1.0,1.0,Entire home/apt,52.47982439617941,13.3237335730767,0.0,0,3.970291913552122,1,1,0
79.0,1,1.0,1.0,Entire home/apt,52.50118038432972,13.434340013858671,0.0,0,4.3694478524670215,0,1,0
50.0,1,1.0,2.0,Private room,52.48556,13.46495,0.0,0,3.912023005428146,0,1,0
119.0,2,1.0,1.0,Entire home/apt,52.53501996643016,13.4044977478612,5.0,2,4.77912349311153,1,1,0
106.0,10,3.0,1.0,Entire home/apt,52.49869,13.37005,4.76,58,4.663439094112067,1,1,0
82.0,2,1.0,1.0,Entire home/apt,52.54416,13.37749,4.82,11,4.406719247264253,1,1,0
96.0,3,1.0,1.0,Entire home/apt,52.52988772263463,13.416062979525265,5.0,1,4.564348191467836,1,1,0
85.0,3,1.0,1.0,Entire home/apt,52.52306,13.33382,0.0,0,4.442651256490317,1,1,0
162.0,4,3.0,2.0,Entire home/apt,52.49648,13.46095,0.0,0,5.087596335232384,1,1,0
44.0,1,1.0,1.0,Private room,52.52184661812023,13.452612050241791,4.33,6,3.784189633918261,1,1,0
250.0,7,2.0,2.0,Entire home/apt,52.5453396,13.4909282,5.0,2,5.521460917862246,1,1,0
92.0,4,1.0,1.0,Entire home/apt,52.4356418534696,13.249212762205776,4.62,21,4.5217885770490405,1,1,0
29.0,1,1.0,1.0,Private room,52.53112,13.60845,0.0,0,3.367295829986474,1,1,0
112.0,6,2.0,1.5,Entire home/apt,52.5243304,13.2875901,0.0,0,4.718498871295094,1,1,1
75.0,2,1.0,1.0,Private room,52.5034564354659,13.453378364315434,5.0,4,4.31748811353631,1,1,0
181.0,3,2.0,1.0,Entire home/apt,52.49624088854832,13.425847123183498,5.0,12,5.198497031265826,1,1,0
79.0,2,1.0,1.0,Private room,52.55817,13.3899,5.0,3,4.3694478524670215,1,1,0
60.0,2,1.0,1.0,Private room,52.57417,13.39879,5.0,7,4.0943445622221,0,1,0
88.0,3,1.0,1.0,Entire home/apt,52.4907686,13.4238745,0.0,0,4.477336814478207,1,1,0
90.0,2,1.0,1.0,Entire home/apt,52.4768,13.43792,4.76,75,4.499809670330265,1,1,0
254.0,4,2.0,1.0,Entire home/apt,52.50985594587749,13.42372354120016,4.93,29,5.537334267018537,1,1,0
114.0,4,1.0,1.0,Entire home/apt,52.5466430466074,13.41304977497903,4.87,15,4.736198448394496,1,1,0
188.0,4,2.0,1.0,Entire home/apt,52.50188499999999,13.3377634,5.0,1,5.236441962829949,1,1,0
178.0,6,3.0,1.0,Entire home/apt,52.4918407,13.338355,0.0,0,5.181783550292085,1,1,0
324.0,6,3.0,2.0,Entire home/apt,52.51198310942735,13.421093732437347,4.85,65,5.780743515792329,1,1,1
66.0,2,1.0,1.0,Entire home/apt,52.39033,13.38518,0.0,0,4.189654742026425,1,1,0
120.0,2,1.0,1.0,Entire home/apt,52.53170592791665,13.393447666908388,5.0,31,4.787491742782046,1,1,0
55.0,2,1.0,1.0,Entire home/apt,52.4689177130952,13.436605883717284,5.0,2,4.007333185232471,1,1,0
37.0,2,1.0,2.0,Entire home/apt,52.54157,13.35032,5.0,3,3.6109179126442243,1,1,0
70.0,2,1.0,1.0,Private room,52.496513,13.3478551,4.46,339,4.248495242049359,1,0,0
69.0,2,1.0,1.0,Entire home/apt,52.51804,13.46268,0.0,0,4.23410650459726,1,0,0
69.0,3,1.0,1.0,Entire home/apt,52.52018839999999,13.4582578,4.88,26,4.23410650459726,1,1,0
78.0,2,0.0,1.0,Entire home/apt,52.52048039778392,13.451962599717447,4.43,30,4.356708826689592,1,1,0
62.0,2,1.0,1.0,Entire home/apt,52.54550270200568,13.412598718301483,0.0,0,4.127134385045092,1,1,0
226.0,10,3.0,2.0,Entire home/apt,52.48437159231783,13.42957701832936,4.8,5,5.420534999272286,1,1,0
361.0,2,1.0,1.0,Entire home/apt,52.48462,13.49496,5.0,3,5.8888779583328805,0,1,0
95.0,3,1.0,1.0,Entire home/apt,52.509345353898205,13.396213371370298,4.79,107,4.553876891600541,1,1,0
153.0,2,1.0,1.0,Entire home/apt,52.5302259,13.3840856,0.0,0,5.030437921392435,1,1,0
112.0,2,0.0,1.0,Entire home/apt,52.5302259,13.3840856,5.0,1,4.718498871295094,1,1,0
109.0,2,0.0,1.0,Entire home/apt,52.5302259,13.3840856,0.0,0,4.6913478822291435,1,1,0
106.0,2,1.0,1.0,Entire home/apt,52.482681,13.2897177,0.0,0,4.663439094112067,1,1,0
109.0,2,1.0,1.0,Entire home/apt,52.5472396,13.4176115,0.0,0,4.6913478822291435,1,1,0
99.0,2,1.0,1.0,Entire home/apt,52.5362,13.39642,5.0,3,4.59511985013459,1,1,0
81.0,2,0.0,1.0,Entire home/apt,52.4882443,13.3763733,0.0,0,4.394449154672439,1,1,0
169.0,3,1.0,1.0,Private room,52.51136399593388,13.414904129657083,4.47,103,5.1298987149230735,1,1,0
94.0,4,1.0,1.0,Entire home/apt,52.4212688,13.1903516,5.0,18,4.543294782270004,1,1,0
96.0,2,1.0,1.0,Entire home/apt,52.535273,13.4417223,4.9,20,4.564348191467836,1,1,0
64.0,1,1.0,1.0,Private room,52.52431934741739,13.389444026629286,0.0,0,4.1588830833596715,1,1,1
181.0,2,0.0,1.0,Entire home/apt,52.50169,13.37277,5.0,8,5.198497031265826,1,1,0
64.0,2,1.0,1.0,Private room,52.5167611,13.4213873,4.61,18,4.1588830833596715,1,1,0
175.0,2,1.0,1.0,Entire home/apt,52.53202,13.37454,5.0,1,5.1647859739235145,1,1,0
41.0,3,1.0,1.0,Private room,52.48762652166268,13.436236319725118,4.8,10,3.713572066704308,1,1,0
121.0,2,1.0,1.0,Entire home/apt,52.51099749999999,13.4583393,0.0,0,4.795790545596741,1,1,0
72.0,2,0.0,1.0,Entire home/apt,52.4728036,13.4459615,0.0,0,4.276666119016055,1,1,0
68.0,2,1.0,1.0,Entire home/apt,52.53120903251311,13.340198607926736,0.0,0,4.219507705176107,1,1,0
283.0,11,4.0,2.0,Entire home/apt,52.50291961745007,13.347056074771572,4.77,47,5.645446897643238,1,1,0
58.0,3,1.0,1.0,Entire home/apt,52.53026,13.34998,4.76,49,4.060443010546419,1,1,1
139.0,4,2.0,1.0,Entire home/apt,52.5073782,13.3018483,0.0,0,4.9344739331306915,1,1,0
98.0,2,1.0,1.0,Entire home/apt,52.49704,13.39674,0.0,0,4.584967478670572,1,1,0
675.0,4,2.0,2.0,Entire home/apt,52.52411337964031,13.409831676721206,0.0,0,6.51471269087253,1,1,1
85.0,2,1.0,1.0,Entire home/apt,52.50639601351029,13.353951274642904,0.0,0,4.442651256490317,1,1,0
60.0,2,1.0,1.0,Private room,52.553685058239736,13.502409492600032,4.56,18,4.0943445622221,1,0,0
220.0,4,2.0,1.0,Entire home/apt,52.5525372,13.5036935,0.0,0,5.393627546352362,1,1,0
77.0,2,1.0,1.0,Entire home/apt,52.4904784,13.3945623,4.89,70,4.343805421853684,1,1,0
90.0,2,1.0,0.5,Private room,52.55249590210726,13.37162203824675,4.86,7,4.499809670330265,1,1,0
55.0,4,2.0,1.0,Entire home/apt,52.49925,13.57761,0.0,0,4.007333185232471,1,1,0
49.0,2,1.0,1.0,Entire home/apt,52.410651216650365,13.545298421687974,0.0,0,3.8918202981106265,1,1,0
50.0,4,2.0,1.0,Entire home/apt,52.41288779164406,13.545779869045434,0.0,0,3.912023005428146,1,1,0
192.0,4,2.0,1.5,Entire home/apt,52.51414,13.47019,4.94,17,5.2574953720277815,1,1,0
43.0,1,1.0,1.5,Private room,52.46341,13.51285,4.43,7,3.7612001156935624,1,1,0
55.0,2,1.0,0.5,Private room,52.42286766237103,13.334364218524296,0.0,0,4.007333185232471,1,1,0
91.0,1,1.0,1.0,Entire home/apt,52.54259870109594,13.413007676554502,0.0,0,4.51085950651685,1,1,0
81.0,4,1.0,1.0,Entire home/apt,52.55055,13.47263,0.0,0,4.394449154672439,0,1,0
185.0,5,2.0,1.0,Entire home/apt,52.52881458350199,13.405901968272348,5.0,58,5.220355825078324,1,1,0
100.0,2,1.0,1.0,Private room,52.53231811774985,13.410995255383668,4.69,26,4.605170185988092,1,0,0
163.0,4,2.0,1.0,Entire home/apt,52.5096359,13.4660593,0.0,0,5.093750200806762,1,1,0
550.0,7,3.0,2.0,Entire home/apt,52.535320591064085,13.421181273921606,4.33,3,6.309918278226516,1,1,0
72.0,3,2.0,1.0,Private room,52.5113023,13.2538966,5.0,14,4.276666119016055,1,1,0
35.0,1,1.0,1.0,Private room,52.46807,13.16103,5.0,9,3.5553480614894135,1,1,0
45.0,2,1.0,2.0,Private room,52.48252,13.36228,0.0,0,3.8066624897703196,1,1,0
135.0,3,1.0,1.0,Entire home/apt,52.496789544207736,13.457268291693724,5.0,1,4.90527477843843,1,1,0
184.0,4,2.0,1.0,Entire home/apt,52.52504924172781,13.394039373016344,0.0,0,5.214935757608986,1,1,0
75.0,2,1.0,1.0,Entire home/apt,52.49201142749107,13.392636710831871,0.0,0,4.31748811353631,1,1,0
120.0,3,1.0,1.0,Entire home/apt,52.52731270604887,13.401840764727208,4.96,47,4.787491742782046,1,1,0
151.0,7,1.0,1.0,Entire home/apt,52.49879972056158,13.326346588805698,4.84,31,5.017279836814924,0,1,0
81.0,2,1.0,1.0,Private room,52.52974171508959,13.424912857147206,4.98,45,4.394449154672439,1,1,0
245.0,10,3.0,1.0,Entire home/apt,52.4760589,13.4249468,3.75,4,5.501258210544727,1,1,0
90.0,5,1.0,1.0,Entire home/apt,52.52189,13.33479,4.62,50,4.499809670330265,1,1,0
84.0,2,1.0,1.0,Entire home/apt,52.526487823656254,13.490062715344244,4.76,127,4.430816798843313,1,0,0
69.0,3,1.0,1.0,Entire home/apt,52.47450562151839,13.316809481993522,0.0,0,4.23410650459726,1,1,0
109.0,2,0.0,1.0,Entire home/apt,52.5454584,13.3709931,4.38,8,4.6913478822291435,1,1,0
117.0,2,0.0,1.0,Entire home/apt,52.5454584,13.3709931,4.72,61,4.762173934797756,1,1,0
60.0,2,1.0,1.0,Entire home/apt,52.52785,13.40531,0.0,0,4.0943445622221,1,1,1
147.0,5,3.0,2.0,Entire home/apt,52.50164,13.29511,4.75,24,4.990432586778736,1,1,0
109.0,2,1.0,1.0,Entire home/apt,52.51614753089664,13.465115343517976,5.0,2,4.6913478822291435,1,1,0
64.0,2,1.0,1.0,Entire home/apt,52.5468437455353,13.137054070830343,4.93,29,4.1588830833596715,1,1,1
71.0,2,1.0,1.0,Entire home/apt,52.5296433,13.4306501,4.57,76,4.2626798770413155,1,1,0
55.0,4,1.0,1.0,Entire home/apt,52.5013,13.49965,4.88,132,4.007333185232471,1,1,0
119.0,4,2.0,2.0,Entire home/apt,52.45280242767415,13.537956965606671,5.0,2,4.77912349311153,1,1,1
90.0,2,1.0,1.0,Entire home/apt,52.5097059258277,13.297606300047384,0.0,0,4.499809670330265,1,1,0
156.0,7,3.0,2.0,Entire home/apt,52.52206208865015,13.452194163076005,4.99,117,5.049856007249537,1,1,0
54.0,2,1.0,1.0,Private room,52.50109,13.4598,0.0,0,3.9889840465642745,1,1,0
176.0,2,1.0,1.0,Entire home/apt,52.54687233674535,13.4165521194366,4.8,5,5.170483995038151,1,1,0
251.0,9,3.0,1.5,Entire home/apt,52.52191660130438,13.40200526398708,4.57,76,5.5254529391317835,1,1,0
166.0,2,1.0,1.0,Entire home/apt,52.50716308954786,13.29623585474994,5.0,9,5.111987788356544,1,1,0
68.0,2,0.0,1.0,Entire home/apt,52.51016,13.46176,4.4,52,4.219507705176107,1,1,0
76.0,2,1.0,1.0,Private room,52.51128,13.41265,5.0,33,4.330733340286331,1,1,0
80.0,2,1.0,1.0,Private room,52.48431,13.46777,5.0,2,4.382026634673881,1,1,0
142.0,4,1.0,1.0,Entire home/apt,52.49794199999999,13.4617401,5.0,6,4.955827057601261,1,1,0
140.0,2,1.0,1.0,Entire home/apt,52.523973646648855,13.356885574758053,4.78,9,4.941642422609304,1,1,0
90.0,2,1.0,1.0,Entire home/apt,52.5126758061823,13.462351297111642,0.0,0,4.499809670330265,1,1,0
150.0,3,1.0,1.0,Entire home/apt,52.47951284845529,13.429252985218971,5.0,4,5.0106352940962555,1,1,0
112.0,2,1.0,1.0,Entire home/apt,52.48895707605758,13.374551708639956,4.74,31,4.718498871295094,1,1,0
226.0,2,1.0,2.5,Entire home/apt,52.50129,13.30789,0.0,0,5.420534999272286,1,1,1
100.0,2,1.0,1.0,Entire home/apt,52.51058309094316,13.40785329974674,0.0,0,4.605170185988092,1,1,0
79.0,4,1.0,1.0,Entire home/apt,52.5292583,13.4183207,0.0,0,4.3694478524670215,1,1,0
74.0,2,1.0,1.0,Entire home/apt,52.49143756951848,13.325547534620974,0.0,0,4.30406509320417,1,1,0
107.0,2,1.0,1.0,Private room,52.54803398137872,13.402622499267848,4.85,26,4.672828834461906,1,1,0
60.0,2,1.0,1.5,Entire home/apt,52.47840242349123,13.34903214673362,0.0,0,4.0943445622221,1,1,0
51.0,1,1.0,1.0,Entire home/apt,52.54349,13.41394,4.95,66,3.9318256327243257,1,1,0
51.0,1,1.0,1.0,Entire home/apt,52.55376,13.41661,0.0,0,3.9318256327243257,1,1,0
61.0,3,1.0,1.0,Private room,52.50938132057062,13.39183711719664,4.97,76,4.110873864173311,1,0,0
204.0,4,0.0,1.0,Entire home/apt,52.51442193564358,13.31299995678455,5.0,22,5.318119993844216,1,1,1
104.0,2,2.0,1.0,Entire home/apt,52.5068514,13.3984374,0.0,0,4.6443908991413725,1,1,0
230.0,4,2.0,1.0,Entire home/apt,52.50075,13.30746,0.0,0,5.438079308923196,1,1,0
148.0,2,1.0,1.0,Entire home/apt,52.4913675,13.3840125,0.0,0,4.997212273764115,1,1,0
75.0,3,1.0,2.0,Entire home/apt,52.50170216719804,13.388115996967947,5.0,1,4.31748811353631,1,1,0
143.0,4,2.0,1.0,Entire home/apt,52.45837,13.31219,0.0,0,4.962844630259907,1,1,0
94.0,2,0.0,1.0,Entire home/apt,52.51099749999999,13.4583393,0.0,0,4.543294782270004,1,1,0
200.0,6,3.0,1.5,Entire home/apt,52.4300513,13.2575375,0.0,0,5.298317366548036,1,1,0
197.0,4,2.0,1.5,Entire home/apt,52.52011,13.29073,5.0,3,5.2832037287379885,1,1,0
85.0,1,1.0,1.0,Private room,52.41262313509281,13.268179197462617,0.0,0,4.442651256490317,1,0,1
155.0,2,1.0,1.0,Entire home/apt,52.50645,13.35421,0.0,0,5.043425116919247,1,1,0
77.0,2,1.0,1.0,Private room,52.50649560753592,13.376825451850891,4.78,23,4.343805421853684,1,1,0
100.0,4,2.0,2.0,Entire home/apt,52.50199057698454,13.492397611780286,0.0,0,4.605170185988092,1,1,0
100.0,5,1.0,1.0,Entire home/apt,52.54846,13.19989,0.0,0,4.605170185988092,1,1,0
104.0,2,1.0,1.0,Entire home/apt,52.52874562860255,13.445934379739697,0.0,0,4.6443908991413725,1,1,0
60.0,1,1.0,1.0,Private room,52.51324933480939,13.449458050837752,4.85,26,4.0943445622221,1,0,0
78.0,2,1.0,1.0,Private room,52.51317813900445,13.44964009823347,4.87,23,4.356708826689592,1,0,0
78.0,2,1.0,1.0,Private room,52.51181651130876,13.45085757582379,4.75,72,4.356708826689592,1,0,0
42.0,2,1.0,1.0,Entire home/apt,52.50964401609934,13.422296433343512,0.0,0,3.7376696182833684,1,1,0
99.0,3,1.0,1.0,Private room,52.5138549811285,13.4500960752866,4.74,110,4.59511985013459,1,0,0
78.0,2,1.0,1.0,Private room,52.51203,13.45138,4.59,29,4.356708826689592,1,0,0
99.0,3,1.0,1.0,Private room,52.51355,13.45147,4.67,89,4.59511985013459,1,0,0
90.0,4,1.0,1.0,Entire home/apt,52.56509353348636,13.395682978132651,4.78,41,4.499809670330265,1,1,0
57.0,2,1.0,1.0,Private room,52.48641071366487,13.389741154243582,4.92,38,4.04305126783455,1,1,0
79.0,4,1.0,1.0,Private room,52.51315720205239,13.451423318893085,4.45,33,4.3694478524670215,1,0,0
95.0,2,1.0,1.0,Private room,52.51144917602485,13.45011789856464,4.76,105,4.553876891600541,1,0,0
108.0,5,1.0,1.0,Private room,52.51400708439153,13.44961766489198,4.84,25,4.68213122712422,1,0,0
95.0,1,1.0,1.0,Entire home/apt,52.4609687,13.519843,0.0,0,4.553876891600541,1,1,0
100.0,5,2.0,1.0,Entire home/apt,52.49946026813878,13.400262098218642,0.0,0,4.605170185988092,1,1,0
69.0,1,1.0,1.0,Entire home/apt,52.4609687,13.519843,0.0,0,4.23410650459726,1,1,0
124.0,2,1.0,1.0,Entire home/apt,52.50669326858415,13.298122775020776,4.91,22,4.820281565605037,1,1,0
144.0,2,1.0,1.0,Entire home/apt,52.50667,13.29617,4.76,17,4.969813299576001,1,1,0
202.0,2,1.0,1.0,Entire home/apt,52.50752830368213,13.29622239361647,4.78,9,5.308267697401205,1,1,0
293.0,4,2.0,2.0,Entire home/apt,52.50872392724102,13.29745547158936,5.0,12,5.680172609017068,1,1,0
223.0,2,1.0,1.0,Entire home/apt,52.50812,13.29821,4.8,5,5.407171771460119,1,1,0
359.0,4,2.0,2.0,Entire home/apt,52.50701422931162,13.29616871482075,4.98,49,5.883322388488279,1,1,0
80.0,3,1.0,1.0,Entire home/apt,52.49275869999999,13.457880888360604,4.66,29,4.382026634673881,1,1,0
234.0,2,1.0,1.0,Entire home/apt,52.52912158554131,13.3998718732948,4.75,4,5.455321115357702,1,1,0
80.0,2,1.0,1.0,Private room,52.54656,13.42592,5.0,20,4.382026634673881,1,1,0
32.0,1,1.0,1.5,Private room,52.46481,13.51299,3.33,3,3.4657359027997265,1,1,0
75.0,2,1.0,1.0,Private room,52.54053667098634,13.412333853452113,4.46,57,4.31748811353631,1,0,0
75.0,2,1.0,1.0,Private room,52.540706256648384,13.41082590853932,4.46,63,4.31748811353631,1,0,0
220.0,4,3.0,2.0,Entire home/apt,52.50791121529033,13.245955090026866,0.0,0,5.393627546352362,1,1,0
135.0,4,1.0,1.0,Entire home/apt,52.45895376453196,13.385012559592724,0.0,0,4.90527477843843,1,1,0
103.0,3,3.0,2.0,Private room,52.53431345871861,13.378687443557428,0.0,0,4.634728988229636,1,1,0
42.0,2,1.0,1.0,Private room,52.50287008640534,13.508783175431306,4.91,80,3.7376696182833684,1,0,0
144.0,2,1.0,1.5,Entire home/apt,52.49031249999999,13.4099913,5.0,10,4.969813299576001,1,1,0
315.0,8,4.0,2.0,Entire home/apt,52.50269615716413,13.366936290036916,5.0,1,5.752572638825633,1,1,0
43.0,2,1.0,1.0,Entire home/apt,52.509552597841335,13.422360806359867,0.0,0,3.7612001156935624,1,1,0
65.0,1,1.0,1.0,Private room,52.5227848,13.4453027,4.86,7,4.174387269895637,1,1,1
685.0,3,1.0,1.0,Entire home/apt,52.5480414,13.352338,0.0,0,6.529418838262226,0,1,0
250.0,4,1.0,1.0,Entire home/apt,52.5262796,13.3870049,0.0,0,5.521460917862246,1,1,1
81.0,4,1.0,1.0,Private room,52.490974229349376,13.42851204541262,0.0,0,4.394449154672439,1,1,0
88.0,2,1.0,2.0,Entire home/apt,52.45707,13.27441,0.0,0,4.477336814478207,1,1,0
99.0,2,1.0,1.0,Entire home/apt,52.52893429999999,13.407158400000018,5.0,1,4.59511985013459,1,1,0
88.0,4,1.0,1.0,Entire home/apt,52.47535,13.1247,0.0,0,4.477336814478207,1,1,0
135.0,4,2.0,1.0,Entire home/apt,52.53076848946131,13.40498998761177,4.84,70,4.90527477843843,1,1,0
94.0,2,1.0,1.0,Entire home/apt,52.53271704854356,13.341633242131334,4.7,57,4.543294782270004,1,1,0
59.0,2,1.0,1.0,Private room,52.41050954491853,13.506636656820774,5.0,50,4.07753744390572,1,0,0
90.0,2,1.0,1.0,Entire home/apt,52.53073094741553,13.386209977215271,0.0,0,4.499809670330265,1,0,0
55.0,2,1.0,1.0,Entire home/apt,52.5266507,13.3902704,0.0,0,4.007333185232471,1,1,0
153.0,6,1.0,1.0,Entire home/apt,52.4856978,13.428699,4.17,6,5.030437921392435,1,1,0
189.0,11,4.0,2.0,Entire home/apt,52.4869372,13.3504319,4.87,38,5.241747015059643,1,1,0
57.0,2,1.0,1.0,Entire home/apt,52.50068723259,13.477808000266617,0.0,0,4.04305126783455,1,1,0
79.0,2,1.0,1.0,Entire home/apt,52.5143609,13.4507191,0.0,0,4.3694478524670215,1,1,0
77.0,2,1.0,1.0,Entire home/apt,52.49045812684205,13.377669890332456,0.0,0,4.343805421853684,1,1,0
100.0,2,1.0,1.0,Entire home/apt,52.54676,13.25916,4.27,11,4.605170185988092,0,1,0
108.0,4,2.0,1.0,Entire home/apt,52.48887,13.45645,5.0,1,4.68213122712422,1,1,0
160.0,6,3.0,1.5,Entire home/apt,52.45583776692517,13.628199195791824,5.0,2,5.075173815233827,1,1,0
65.0,3,1.0,1.0,Private room,52.4981995,13.4287689,4.3,23,4.174387269895637,1,0,0
98.0,2,1.0,1.0,Entire home/apt,52.533892343493406,13.42461905861619,4.54,13,4.584967478670572,1,1,0
227.0,10,4.0,1.0,Entire home/apt,52.46206,13.3677,4.8,10,5.424950017481403,1,1,0
31.0,2,1.0,0.5,Private room,52.4901114,13.2943493,4.24,17,3.4339872044851463,1,1,0
69.0,2,1.0,1.0,Entire home/apt,52.47047610219845,13.320128877447022,0.0,0,4.23410650459726,1,0,0
144.0,4,1.0,1.0,Entire home/apt,52.5466669,13.4263085,3.86,7,4.969813299576001,1,1,0
117.0,2,1.0,1.0,Entire home/apt,52.54928,13.40757,4.86,7,4.762173934797756,1,1,0
100.0,3,2.0,1.5,Entire home/apt,52.50591931163997,13.312465793009665,5.0,3,4.605170185988092,1,1,0
40.0,4,1.0,1.5,Private room,52.50051351726456,13.491441298135875,4.89,104,3.6888794541139363,1,0,0
126.0,2,1.0,1.0,Entire home/apt,52.50904778378713,13.462703784898244,4.92,39,4.836281906951478,1,0,0
71.0,2,1.0,1.0,Private room,52.54450522076761,13.3577921100357,0.0,0,4.2626798770413155,1,1,0
182.0,2,1.0,1.0,Private room,52.49901,13.33418,0.0,0,5.204006687076795,1,0,1
216.0,2,1.0,1.0,Entire home/apt,52.5245939,13.3902592,0.0,0,5.375278407684165,1,1,1
58.0,2,1.0,1.0,Private room,52.51508893662689,13.4233273903168,4.88,123,4.060443010546419,1,1,1
166.0,1,1.0,0.5,Private room,52.55121358916022,13.4526929740337,0.0,0,5.111987788356544,1,1,0
110.0,2,1.0,1.0,Entire home/apt,52.510379,13.4561773,0.0,0,4.700480365792417,1,1,0
110.0,2,1.0,1.0,Entire home/apt,52.50779329999999,13.3037121,5.0,1,4.700480365792417,1,1,0
129.0,9,3.0,1.0,Entire home/apt,52.54878,13.36943,0.0,0,4.859812404361672,1,1,0
100.0,6,2.0,1.0,Entire home/apt,52.5497111586212,13.369153684906347,0.0,0,4.605170185988092,1,1,0
151.0,3,2.0,1.0,Entire home/apt,52.5556653,13.4080031,0.0,0,5.017279836814924,1,1,0
153.0,6,1.0,1.0,Entire home/apt,52.4856978,13.428699,5.0,3,5.030437921392435,1,1,0
149.0,3,1.0,1.0,Entire home/apt,52.5486113908902,13.368991389870644,0.0,0,5.003946305945459,1,1,0
102.0,6,2.0,1.0,Entire home/apt,52.54967,13.36741,0.0,0,4.624972813284271,1,1,0
100.0,6,2.0,1.0,Entire home/apt,52.54955723337084,13.369424413680376,0.0,0,4.605170185988092,1,1,0
90.0,4,2.0,2.0,Entire home/apt,52.54474693114287,13.4397416934371,5.0,2,4.499809670330265,1,1,0
129.0,9,3.0,1.0,Entire home/apt,52.55021921227857,13.367991756250786,0.0,0,4.859812404361672,1,1,0
80.0,4,1.0,1.0,Entire home/apt,52.54863262061881,13.367445575383408,0.0,0,4.382026634673881,1,1,0
32.0,2,1.0,1.0,Private room,52.53526,13.18249,0.0,0,3.4657359027997265,0,1,0
99.0,5,2.0,1.5,Entire home/apt,52.47480938122945,13.342631325254803,4.67,6,4.59511985013459,1,1,0
165.0,2,1.0,1.0,Entire home/apt,52.5415672,13.421547,5.0,13,5.10594547390058,1,1,0
245.0,5,3.0,1.0,Entire home/apt,52.48273,13.46674,5.0,10,5.501258210544727,1,1,0
176.0,4,1.0,1.0,Entire home/apt,52.47469779999999,13.4280962,5.0,2,5.170483995038151,1,1,0
116.0,3,1.0,1.0,Entire home/apt,52.49013566173218,13.326877692590337,4.89,73,4.7535901911063645,1,1,0
43.0,2,1.0,1.0,Private room,52.38457,13.38812,4.91,35,3.7612001156935624,1,1,0
110.0,2,1.0,1.0,Entire home/apt,52.5049499478647,13.345855748332246,0.0,0,4.700480365792417,1,1,0
90.0,3,1.0,1.0,Entire home/apt,52.49161,13.38455,0.0,0,4.499809670330265,1,1,0
64.0,2,1.0,1.0,Private room,52.48946979138903,13.36120673078634,4.87,142,4.1588830833596715,1,0,0
113.0,2,1.0,1.0,Entire home/apt,52.46292955556657,13.3442148193717,4.89,18,4.727387818712341,1,1,1
58.0,2,1.0,3.0,Private room,52.5007,13.4178,4.72,65,4.060443010546419,1,1,0
100.0,2,1.0,1.0,Private room,52.5314115,13.4106797,4.83,23,4.605170185988092,1,0,0
28.0,1,1.0,0.0,Shared room,52.5334622,13.4107485,4.82,11,3.332204510175204,1,1,0
277.0,8,2.0,1.0,Entire home/apt,52.52905682234177,13.41953664051229,4.6,40,5.6240175061873385,1,1,0
118.0,2,1.0,1.5,Entire home/apt,52.4888522,13.3290707,0.0,0,4.770684624465665,1,1,0
107.0,3,2.0,1.0,Entire home/apt,52.4826229,13.2896038,0.0,0,4.672828834461906,1,1,0
91.0,2,0.0,1.0,Entire home/apt,52.4888522,13.3290707,0.0,0,4.51085950651685,1,1,0
59.0,2,1.0,1.0,Private room,52.53713628359766,13.437037020921707,4.99,81,4.07753744390572,1,1,0
58.0,2,1.0,3.0,Private room,52.5007,13.4178,4.59,34,4.060443010546419,1,1,0
58.0,2,1.0,3.0,Private room,52.5007,13.4178,4.77,86,4.060443010546419,1,1,0
58.0,2,1.0,3.0,Private room,52.5007,13.4178,4.62,77,4.060443010546419,1,1,0
59.0,1,1.0,1.0,Private room,52.48947,13.36167,4.86,123,4.07753744390572,1,0,0
96.0,3,1.0,1.0,Entire home/apt,52.50636247524777,13.52202448460624,4.57,7,4.564348191467836,1,1,1
141.0,4,1.0,1.0,Entire home/apt,52.5127829,13.4617342,4.56,25,4.948759890378168,1,1,0
222.0,7,2.0,1.0,Entire home/apt,52.51139,13.41673,4.45,33,5.402677381872279,1,1,0
109.0,5,2.0,1.0,Entire home/apt,52.481817357169646,13.42474151457825,4.39,18,4.6913478822291435,1,1,0
69.0,2,1.0,1.0,Private room,52.51814512955876,13.427668973016376,4.97,102,4.23410650459726,1,1,0
50.0,2,1.0,1.0,Entire home/apt,52.5088458239938,13.45565499307282,0.0,0,3.912023005428146,1,1,0
86.0,2,1.0,1.0,Entire home/apt,52.50419793217613,13.439423083605844,0.0,0,4.454347296253507,1,1,0
43.0,2,1.0,1.0,Entire home/apt,52.50952321336085,13.42219987316414,4.0,1,3.7612001156935624,1,1,0
461.0,9,2.0,1.0,Entire home/apt,52.5026071,13.420009,4.94,17,6.133398042996649,1,1,0
100.0,4,2.0,1.0,Entire home/apt,52.42976,13.20229,0.0,0,4.605170185988092,1,1,0
10.0,3,1.0,1.0,Entire home/apt,52.48059,13.14434,0.0,0,2.302585092994046,1,1,0
59.0,2,1.0,1.0,Private room,52.43094315538234,13.583170350635434,0.0,0,4.07753744390572,1,0,0
81.0,2,1.0,1.0,Entire home/apt,52.54007679999999,13.3551892,4.93,14,4.394449154672439,0,1,0
87.0,2,1.0,1.0,Entire home/apt,52.4851449095593,13.327369178608338,0.0,0,4.465908118654584,1,1,0
90.0,3,1.0,2.0,Entire home/apt,52.49379565889669,13.309830933940924,0.0,0,4.499809670330265,1,1,0
58.0,2,1.0,3.0,Private room,52.5007,13.4178,4.75,52,4.060443010546419,1,1,0
270.0,5,2.0,2.0,Entire home/apt,52.5339026,13.4037954,4.96,26,5.598421958998375,1,1,0
95.0,2,1.0,1.0,Private room,52.52433,13.38357,4.92,52,4.553876891600541,1,1,0
78.0,4,2.0,1.0,Entire home/apt,52.49224075489551,13.18116444252284,4.74,23,4.356708826689592,1,1,0
100.0,4,1.0,0.5,Entire home/apt,52.51584124280812,13.434884117400705,5.0,3,4.605170185988092,1,1,0
100.0,2,1.0,1.0,Entire home/apt,52.46413,13.37707,4.92,25,4.605170185988092,1,1,0
114.0,5,2.0,2.0,Entire home/apt,52.5524614,13.4158825,4.74,43,4.736198448394496,1,1,0
48.0,2,1.0,1.0,Entire home/apt,52.48643999999999,13.43605,0.0,0,3.871201010907891,1,1,0
81.0,3,1.0,1.0,Entire home/apt,52.5003495,13.4600709,4.84,19,4.394449154672439,1,1,0
57.0,2,1.0,1.0,Entire home/apt,52.4979078,13.3492068,0.0,0,4.04305126783455,1,1,0
63.0,2,1.0,1.0,Entire home/apt,52.4979078,13.3492068,0.0,0,4.143134726391533,1,1,0
64.0,2,1.0,1.0,Entire home/apt,52.4979078,13.3492068,0.0,0,4.1588830833596715,1,1,0
180.0,5,2.0,2.0,Entire home/apt,52.48524639999999,13.4295789,5.0,1,5.19295685089021,1,1,0
59.0,2,1.0,1.0,Entire home/apt,52.390477635173006,13.563227172879378,0.0,0,4.07753744390572,1,1,0
226.0,6,2.0,1.0,Entire home/apt,52.5131471769801,13.416918932661728,4.74,50,5.420534999272286,1,1,0
306.0,6,4.0,2.0,Entire home/apt,52.53501733151816,13.400430551088904,0.0,0,5.723585101952381,1,1,0
117.0,5,1.0,1.0,Entire home/apt,52.552172287999895,13.398528745995776,4.84,19,4.762173934797756,1,1,0
564.0,9,3.0,2.0,Entire home/apt,52.49082,13.40227,4.67,6,6.335054251498059,1,1,0
131.0,2,1.0,1.0,Entire home/apt,52.47329149150925,13.423013279001626,4.9,10,4.875197323201151,1,1,0
95.0,1,1.0,1.0,Entire home/apt,52.505851,13.439932,5.0,1,4.553876891600541,1,1,0
80.0,2,1.0,1.0,Entire home/apt,52.44555138049241,13.291219511190466,4.96,70,4.382026634673881,1,0,0
425.0,8,3.0,2.0,Entire home/apt,52.4788885,13.424367,5.0,10,6.052089168924417,1,1,0
71.0,2,1.0,1.0,Entire home/apt,52.50690317400189,13.317502044868055,0.0,0,4.2626798770413155,1,1,0
53.0,1,1.0,1.0,Private room,52.50318637949472,13.33325427471215,4.46,67,3.970291913552122,1,0,0
108.0,6,2.0,2.0,Entire home/apt,52.49205634461998,13.39706508384856,4.61,61,4.68213122712422,1,1,0
108.0,6,2.0,1.0,Entire home/apt,52.48112709999999,13.4261597,4.8,50,4.68213122712422,1,1,0
180.0,6,3.0,2.0,Entire home/apt,52.4473536,13.618211,0.0,0,5.19295685089021,1,1,0
96.0,2,1.0,1.0,Entire home/apt,52.519576,13.4632803,0.0,0,4.564348191467836,1,1,0
89.0,2,1.0,1.0,Entire home/apt,52.4854958,13.3746238,0.0,0,4.48863636973214,1,1,0
68.0,2,1.0,1.0,Entire home/apt,52.48989016367533,13.393025105240532,4.89,88,4.219507705176107,1,0,0
108.0,1,1.0,1.5,Entire home/apt,52.53069385920259,13.411012348219533,3.0,1,4.68213122712422,1,1,1
100.0,2,1.0,1.0,Entire home/apt,52.47945693386429,13.531230852120762,5.0,6,4.605170185988092,1,1,0
199.0,3,2.0,1.0,Entire home/apt,52.50152,13.32342,0.0,0,5.293304824724492,1,1,0
134.0,2,1.0,1.0,Entire home/apt,52.49364,13.41109,5.0,8,4.897839799950911,1,1,0
165.0,4,1.0,1.0,Entire home/apt,52.52302869950818,13.398366527734732,4.81,59,5.10594547390058,1,1,0
235.0,6,2.0,1.0,Entire home/apt,52.51332,13.4179,4.88,56,5.459585514144159,1,1,0
52.0,1,1.0,1.0,Entire home/apt,52.50871,13.28649,4.0,4,3.9512437185814275,1,1,0
51.0,2,1.0,1.0,Entire home/apt,52.50852,13.46617,0.0,0,3.9318256327243257,1,1,0
200.0,3,2.0,2.0,Entire home/apt,52.537389536285,13.399169304657327,0.0,0,5.298317366548036,1,1,0
160.0,2,1.0,1.0,Entire home/apt,52.5383542,13.4062367,0.0,0,5.075173815233827,1,1,1
509.0,4,2.0,2.0,Entire home/apt,52.50728007674692,13.298826282498636,0.0,0,6.2324480165505225,1,1,1
538.0,4,0.0,0.0,Entire home/apt,52.50858,13.29683,0.0,0,6.2878585601617845,1,1,1
50.0,2,1.0,0.5,Private room,52.43235,13.38289,5.0,4,3.912023005428146,1,1,0
456.0,6,3.0,2.0,Entire home/apt,52.48881,13.4085,4.92,12,6.1224928095143865,1,1,0
86.0,2,1.0,1.0,Entire home/apt,52.49073,13.40401,5.0,9,4.454347296253507,1,1,0
118.0,3,1.0,1.0,Entire home/apt,52.48181719999999,13.421524,4.91,11,4.770684624465665,1,1,0
47.0,1,1.0,1.0,Private room,52.4846267,13.4409226,4.63,30,3.8501476017100584,1,0,1
130.0,6,2.0,2.0,Entire home/apt,52.5054027,13.3001267,5.0,1,4.867534450455582,1,1,0
130.0,3,0.0,1.0,Entire home/apt,52.52403,13.30039,5.0,6,4.867534450455582,1,1,1
76.0,2,1.0,1.0,Entire home/apt,52.5358753,13.2722109,0.0,0,4.330733340286331,1,1,0
236.0,7,4.0,3.0,Entire home/apt,52.45249,13.31887,0.0,0,5.4638318050256105,1,1,0
64.0,1,1.0,0.5,Private room,52.5050807,13.4077485,4.97,35,4.1588830833596715,1,1,0
106.0,4,1.0,1.0,Entire home/apt,52.53923287100661,13.436898088809189,4.83,12,4.663439094112067,1,1,0
144.0,6,3.0,1.5,Entire home/apt,52.40910742724175,13.50225579629515,4.5,2,4.969813299576001,1,1,0
89.0,2,1.0,1.0,Entire home/apt,52.45821930082462,13.377142360058915,5.0,1,4.48863636973214,1,1,0
497.0,4,2.0,2.5,Entire home/apt,52.53537019334717,13.3796627394349,0.0,0,6.208590026096629,1,1,1
113.0,2,1.0,1.0,Entire home/apt,52.47749045754384,13.345066806447134,5.0,6,4.727387818712341,1,1,0
332.0,6,3.0,2.0,Entire home/apt,52.5330428,13.3903533,4.94,16,5.805134968916488,1,1,0
93.0,4,1.0,1.0,Entire home/apt,52.5123105,13.307142,4.63,84,4.532599493153256,1,1,0
108.0,2,1.0,1.0,Entire home/apt,52.50375622541175,13.343604268713715,4.67,12,4.68213122712422,1,1,0
119.0,8,2.0,1.0,Entire home/apt,52.48509,13.35767,4.39,59,4.77912349311153,1,1,0
135.0,3,3.0,2.0,Entire home/apt,52.53901855892813,13.413464714666013,0.0,0,4.90527477843843,1,1,0
153.0,3,1.0,1.0,Entire home/apt,52.45476,13.36546,4.83,6,5.030437921392435,1,1,0
205.0,6,2.0,1.0,Entire home/apt,52.4140349,13.3930978,4.97,39,5.3230099791384085,1,1,1
114.0,1,0.0,1.0,Entire home/apt,52.5454584,13.3709931,4.73,15,4.736198448394496,1,1,0
85.0,4,2.0,1.0,Entire home/apt,52.4976443,13.4644559,0.0,0,4.442651256490317,1,1,0
78.0,2,1.0,1.0,Entire home/apt,52.5454584,13.3709931,5.0,3,4.356708826689592,1,1,0
152.0,4,1.0,1.0,Entire home/apt,52.5158717,13.4594608,0.0,0,5.0238805208462765,1,1,1
143.0,4,1.0,1.0,Entire home/apt,52.51118679008967,13.5028283078217,4.64,33,4.962844630259907,1,1,0
104.0,4,1.0,1.0,Entire home/apt,52.4988263,13.4020033,4.71,41,4.6443908991413725,1,1,0
65.0,2,1.0,1.0,Private room,52.50987,13.2379,4.88,24,4.174387269895637,1,1,0
82.0,4,1.0,1.0,Entire home/apt,52.46673891443144,13.42515382646248,4.67,6,4.406719247264253,1,1,0
132.0,4,2.0,1.0,Entire home/apt,52.47124,13.45059,4.93,15,4.882801922586371,1,1,0
127.0,4,2.0,1.0,Entire home/apt,52.5151,13.47346,0.0,0,4.844187086458591,1,1,0
30.0,2,1.0,2.0,Private room,52.54086389444575,13.410653098890911,0.0,0,3.4011973816621555,1,1,0
285.0,12,2.0,1.0,Entire home/apt,52.4856978,13.428699,4.67,3,5.652489180268651,1,1,0
209.0,4,2.0,1.0,Entire home/apt,52.48933,13.29338,3.25,4,5.342334251964811,1,1,0
55.0,2,1.0,1.0,Entire home/apt,52.48816,13.33077,4.0,3,4.007333185232471,1,1,0
42.0,2,1.0,1.0,Private room,52.457813004978185,13.271031601816912,4.86,71,3.7376696182833684,1,1,0
49.0,3,1.0,1.0,Entire home/apt,52.53465,13.3498,4.25,4,3.8918202981106265,1,1,0
118.0,2,1.0,1.0,Entire home/apt,52.4874,13.33254,4.4,15,4.770684624465665,1,1,0
48.0,2,1.0,1.0,Private room,52.528514242535536,13.138377765121382,4.8,15,3.871201010907891,1,0,0
90.0,6,2.0,1.5,Entire home/apt,52.41725,13.28542,4.8,30,4.499809670330265,1,1,0
51.0,2,1.0,1.0,Entire home/apt,52.50938282057195,13.42255392540894,5.0,1,3.9318256327243257,1,1,0
135.0,4,2.0,2.0,Entire home/apt,52.51312,13.43336,0.0,0,4.90527477843843,1,1,0
60.0,2,1.0,1.0,Entire home/apt,52.55867220343136,13.379652335259715,4.0,5,4.0943445622221,1,1,0
137.0,3,1.0,1.0,Entire home/apt,52.50073,13.33929,0.0,0,4.919980925828125,1,1,0
126.0,3,1.0,1.0,Entire home/apt,52.469213012771775,13.437356539070606,4.94,16,4.836281906951478,1,1,0
53.0,1,0.0,1.0,Private room,52.51732,13.47895,0.0,0,3.970291913552122,1,1,0
100.0,4,1.0,1.0,Entire home/apt,52.51274717764255,13.308105013437746,4.78,67,4.605170185988092,1,1,0
48.0,2,1.0,1.0,Private room,52.53731920103649,13.396377079188824,5.0,1,3.871201010907891,1,1,0
123.0,6,2.0,2.0,Entire home/apt,52.53484,13.34835,4.38,26,4.812184355372417,1,1,0
55.0,1,1.0,1.0,Private room,52.49791522547808,13.447866061171265,0.0,0,4.007333185232471,1,1,0
90.0,2,1.0,1.0,Entire home/apt,52.512569839591926,13.503982774104507,4.25,16,4.499809670330265,1,1,0
301.0,4,1.0,1.0,Entire home/apt,52.506648600000005,13.319968902516184,5.0,21,5.707110264748875,1,1,0
146.0,3,2.0,2.0,Entire home/apt,52.5171,13.30034,4.94,16,4.983606621708336,1,1,0
85.0,3,2.0,1.0,Entire home/apt,52.47897,13.53244,4.62,29,4.442651256490317,1,1,0
87.0,2,0.0,1.0,Entire home/apt,52.4671824,13.4366736,5.0,1,4.465908118654584,1,1,0
142.0,2,1.0,1.0,Entire home/apt,52.5219289,13.452605,0.0,0,4.955827057601261,1,1,0
81.0,2,0.0,1.0,Entire home/apt,52.4439971,13.3167006,0.0,0,4.394449154672439,1,1,0
60.0,3,0.0,1.0,Entire home/apt,52.5524614,13.4158825,4.77,13,4.0943445622221,1,0,0
102.0,4,1.0,1.0,Entire home/apt,52.4912669,13.3462603,4.75,16,4.624972813284271,1,1,0
205.0,2,1.0,1.0,Entire home/apt,52.4816128721662,13.431016407219513,5.0,6,5.3230099791384085,1,1,0
427.0,4,2.0,1.5,Entire home/apt,52.4939318,13.4374785,4.82,11,6.056784013228625,1,1,0
41.0,2,1.0,1.0,Private room,52.47817565281676,13.439463980950933,4.92,53,3.713572066704308,1,0,0
91.0,3,1.0,1.0,Entire home/apt,52.519576,13.4632803,5.0,27,4.51085950651685,1,1,0
98.0,2,1.0,1.0,Entire home/apt,52.4825901034195,13.438543824227668,4.67,3,4.584967478670572,1,1,0
85.0,2,1.0,1.0,Private room,52.50184,13.43218,0.0,0,4.442651256490317,1,1,0
140.0,6,2.0,1.0,Entire home/apt,52.5441045,13.3733864,5.0,4,4.941642422609304,1,1,0
275.0,6,3.0,1.5,Entire home/apt,52.52215,13.38357,4.82,49,5.616771097666572,1,1,0
203.0,5,3.0,2.0,Entire home/apt,52.4876558063702,13.419137199930754,5.0,6,5.313205979041787,1,1,0
171.0,4,2.0,1.0,Entire home/apt,52.5499628,13.4502797,4.95,21,5.14166355650266,1,1,0
115.0,4,1.0,1.0,Entire home/apt,52.55036949121404,13.417175434032172,4.93,55,4.74493212836325,1,1,0
180.0,5,2.0,1.0,Entire home/apt,52.55005798473019,13.415710182800018,4.92,74,5.19295685089021,1,1,0
74.0,2,1.0,1.0,Entire home/apt,52.43417,13.21932,0.0,0,4.30406509320417,1,1,0
60.0,2,1.0,1.0,Entire home/apt,52.4451,13.37754,0.0,0,4.0943445622221,1,1,0
90.0,2,1.0,1.0,Private room,52.49378817342632,13.394552950040556,5.0,14,4.499809670330265,1,1,0
90.0,3,1.0,1.0,Entire home/apt,52.50865540450025,13.470359162860388,0.0,0,4.499809670330265,1,1,0
59.0,1,1.0,1.0,Private room,52.47301416444383,13.469236108709042,5.0,11,4.07753744390572,1,1,0
68.0,2,1.0,1.0,Entire home/apt,52.44727,13.34752,5.0,1,4.219507705176107,1,1,0
30.0,1,1.0,1.0,Private room,52.500071021601954,13.459021774547685,0.0,0,3.4011973816621555,1,1,0
58.0,2,1.0,1.0,Private room,52.51370434162506,13.46503855181606,4.94,85,4.060443010546419,1,0,0
91.0,4,0.0,2.0,Entire home/apt,52.50395,13.38706,4.06,48,4.51085950651685,1,1,0
119.0,3,1.0,1.0,Entire home/apt,52.53346622646154,13.37909371333116,4.76,37,4.77912349311153,1,1,0
191.0,5,2.0,1.0,Entire home/apt,52.53389,13.3796,4.87,62,5.25227342804663,1,1,0
114.0,3,1.0,1.0,Entire home/apt,52.53213,13.37987,4.73,52,4.736198448394496,1,1,0
62.0,2,1.0,1.0,Private room,52.51556972641772,13.422388127607883,4.77,30,4.127134385045092,1,1,0
126.0,2,1.0,1.0,Entire home/apt,52.5306407,13.4149894,4.82,17,4.836281906951478,1,1,0
64.0,2,0.0,1.0,Private room,52.50236222966304,13.35706336711005,4.5,6,4.1588830833596715,1,1,0
59.0,4,1.0,1.0,Entire home/apt,52.49759442691773,13.5775567768291,0.0,0,4.07753744390572,1,1,0
299.0,8,3.0,1.0,Entire home/apt,52.49915801437034,13.466300435810563,4.8,59,5.700443573390687,1,1,0
54.0,2,1.0,1.0,Entire home/apt,52.49850969298774,13.411275060176484,0.0,0,3.9889840465642745,1,1,0
73.0,2,1.0,1.0,Entire home/apt,52.48249999999999,13.3102,0.0,0,4.290459441148391,1,1,0
51.0,4,1.0,1.0,Entire home/apt,52.54029472884683,13.505139772698506,0.0,0,3.9318256327243257,1,1,0
100.0,4,1.0,1.0,Entire home/apt,52.52406655965967,13.199502085900166,4.5,4,4.605170185988092,1,1,0
240.0,2,1.0,1.0,Entire home/apt,52.52732073972113,13.397931557080296,0.0,0,5.480638923341991,1,1,0
125.0,2,1.0,1.0,Entire home/apt,52.47209213120827,13.446060408808368,5.0,1,4.8283137373023015,1,1,1
293.0,8,4.0,2.0,Entire home/apt,52.5229451224488,13.38356807136935,4.89,56,5.680172609017068,1,1,0
116.0,6,3.0,1.0,Entire home/apt,52.49852011800638,13.38732281897593,4.83,69,4.7535901911063645,1,1,0
175.0,6,1.0,1.0,Entire home/apt,52.48610172094479,13.429670843531138,4.33,12,5.1647859739235145,1,1,0
103.0,4,1.0,1.5,Entire home/apt,52.5539243,13.4405976,4.86,21,4.634728988229636,1,1,0
50.0,2,1.0,1.0,Entire home/apt,52.52951255519085,13.448022064262412,5.0,1,3.912023005428146,1,1,0
338.0,10,4.0,2.0,Entire home/apt,52.46818030000001,13.3902455,4.93,28,5.823045895483019,1,1,0
212.0,8,3.0,1.0,Entire home/apt,52.46818030000001,13.3902455,4.92,12,5.356586274672012,1,1,0
99.0,2,1.0,1.0,Private room,52.52760158499497,13.38864738745949,4.0,8,4.59511985013459,1,0,0
60.0,1,1.0,1.0,Private room,52.49727,13.42984,5.0,29,4.0943445622221,1,1,0
100.0,4,2.0,1.0,Entire home/apt,52.49146597166002,13.292980948694105,0.0,0,4.605170185988092,1,1,0
450.0,6,2.0,2.0,Entire home/apt,52.5196,13.26816,5.0,20,6.1092475827643655,1,1,1
83.0,7,3.0,1.5,Entire home/apt,52.48524075860534,13.36232806232976,4.56,50,4.418840607796598,1,1,0
86.0,10,3.0,2.0,Entire home/apt,52.48562,13.4654,4.7,47,4.454347296253507,1,1,0
54.0,2,0.0,1.0,Private room,52.5033188,13.2863558,5.0,35,3.9889840465642745,1,0,0
72.0,1,0.0,1.0,Entire home/apt,52.5002559612488,13.331444302276475,4.38,40,4.276666119016055,1,1,0
75.0,2,1.0,1.5,Entire home/apt,52.5392279,13.4072825,5.0,1,4.31748811353631,1,1,0
54.0,1,0.0,1.0,Entire home/apt,52.501927931504696,13.329473012345252,4.0,4,3.9889840465642745,1,1,0
389.0,6,3.0,2.0,Entire home/apt,52.52226,13.38499,4.78,46,5.963579343618446,1,1,0
116.0,3,1.0,1.0,Entire home/apt,52.46906,13.42875,0.0,0,4.7535901911063645,1,1,0
86.0,2,0.0,1.0,Entire home/apt,52.4939273,13.3841199,0.0,0,4.454347296253507,1,1,0
75.0,2,0.0,1.0,Entire home/apt,52.4974137,13.3248514,0.0,0,4.31748811353631,1,1,0
50.0,2,1.0,1.5,Private room,52.4173397,13.3221028,5.0,44,3.912023005428146,1,1,0
72.0,5,2.0,1.5,Entire home/apt,52.6233567317271,13.248017189164925,0.0,0,4.276666119016055,0,1,0
120.0,2,1.0,1.0,Entire home/apt,52.5096359,13.4660593,0.0,0,4.787491742782046,1,1,0
98.0,2,0.0,1.0,Entire home/apt,52.5227595,13.451267,0.0,0,4.584967478670572,1,1,0
158.0,9,2.0,1.0,Entire home/apt,52.45441896277984,13.521370068151692,4.64,14,5.062595033026967,1,1,0
99.0,2,1.0,1.0,Entire home/apt,52.54453,13.41395,0.0,0,4.59511985013459,1,1,0
103.0,2,1.0,1.0,Entire home/apt,52.52785129999999,13.4034497,4.88,25,4.634728988229636,1,1,0
86.0,2,1.0,1.0,Private room,52.51304,13.45266,0.0,0,4.454347296253507,1,1,0
70.0,2,1.0,1.0,Entire home/apt,52.4898185,13.404901,0.0,0,4.248495242049359,1,1,0
33.0,1,1.0,1.0,Private room,52.4373,13.32138,5.0,1,3.4965075614664802,1,1,0
51.0,4,1.0,1.0,Entire home/apt,52.53323,13.20444,0.0,0,3.9318256327243257,1,1,0
90.0,2,1.0,1.0,Entire home/apt,52.46397,13.38139,4.88,17,4.499809670330265,1,1,0
40.0,2,1.0,1.0,Entire home/apt,52.51148,13.31118,0.0,0,3.6888794541139363,1,1,0
333.0,9,2.0,1.0,Private room,52.495,13.33006,5.0,3,5.808142489980444,1,1,0
82.0,5,1.0,1.0,Entire home/apt,52.54682,13.41203,4.24,55,4.406719247264253,1,1,0
271.0,8,3.0,1.5,Entire home/apt,52.44549509494604,13.622816875576971,5.0,4,5.602118820879701,1,1,1
60.0,2,2.0,1.0,Entire home/apt,52.50970000000002,13.42256749206542,0.0,0,4.0943445622221,1,1,0
238.0,8,4.0,1.0,Entire home/apt,52.54917827819181,13.413353639603717,0.0,0,5.472270673671475,1,1,0
160.0,6,2.0,2.0,Entire home/apt,52.43432633529289,13.687714239874108,0.0,0,5.075173815233827,1,1,0
48.0,2,1.0,1.0,Entire home/apt,52.4978674,13.464585,0.0,0,3.871201010907891,1,1,0
110.0,2,1.0,1.0,Entire home/apt,52.508814283595925,13.402147452510349,4.62,13,4.700480365792417,1,1,0
120.0,2,1.0,1.0,Entire home/apt,52.50458,13.4157,5.0,5,4.787491742782046,1,1,0
68.0,2,1.0,1.0,Entire home/apt,52.52941,13.39921,0.0,0,4.219507705176107,1,1,0
86.0,2,1.0,1.0,Private room,52.508537598509214,13.4478600859877,4.94,33,4.454347296253507,1,1,0
79.0,4,1.0,1.0,Private room,52.42964,13.47722,4.0,8,4.3694478524670215,1,0,0
77.0,3,1.0,1.0,Private room,52.42899840505352,13.476915730227685,3.75,4,4.343805421853684,1,0,0
78.0,3,1.0,1.0,Private room,52.430615786895125,13.478932489389434,4.33,3,4.356708826689592,1,0,0
75.0,2,1.0,1.0,Private room,52.42904,13.47769,3.0,1,4.31748811353631,1,0,0
73.0,2,1.0,1.0,Private room,52.42932,13.47727,3.67,3,4.290459441148391,1,0,0
53.0,2,1.0,1.0,Private room,52.43701,13.337055,4.69,13,3.970291913552122,1,1,0
25.0,1,1.0,1.0,Private room,52.57561986096943,13.362356147487931,0.0,0,3.2188758248682006,1,1,0
80.0,3,0.0,0.0,Entire home/apt,52.53600994753819,13.597586933030128,0.0,0,4.382026634673881,0,1,0
53.0,2,1.0,1.0,Entire home/apt,52.4863017,13.2713184,4.63,16,3.970291913552122,1,1,0
221.0,10,3.0,2.0,Entire home/apt,52.5101391572774,13.287460517039166,4.86,22,5.3981627015177525,1,1,0
77.0,2,1.0,1.5,Private room,52.50942889908154,13.471927309342744,4.86,7,4.343805421853684,1,0,0
44.0,2,1.0,1.0,Entire home/apt,52.49288821649475,13.38494121154799,0.0,0,3.784189633918261,1,1,0
201.0,10,2.0,2.0,Entire home/apt,52.5368139,13.3967393,4.91,79,5.303304908059076,1,1,0
52.0,2,1.0,1.0,Entire home/apt,52.48084690587381,13.360620068313096,0.0,0,3.9512437185814275,1,1,0
159.0,6,3.0,2.0,Entire home/apt,52.530622707459,13.43606620164192,0.0,0,5.0689042022202315,1,1,0
42.0,2,1.0,1.0,Private room,52.50392594355798,13.50990791100462,4.8,15,3.7376696182833684,1,1,0
107.0,8,4.0,2.0,Entire home/apt,52.49893852810081,13.307482937662694,4.52,29,4.672828834461906,1,1,0
55.0,2,1.0,1.0,Entire home/apt,52.51199926873087,13.45754892180356,0.0,0,4.007333185232471,1,1,0
62.0,3,1.0,1.0,Private room,52.49872,13.32421,4.96,71,4.127134385045092,1,1,0
63.0,3,1.0,1.0,Private room,52.49811677788092,13.3239825387242,4.98,52,4.143134726391533,1,1,1
75.0,2,1.0,1.0,Entire home/apt,52.5454584,13.3709931,4.5,4,4.31748811353631,1,1,0
80.0,3,1.0,1.0,Entire home/apt,52.5063427,13.467404,0.0,0,4.382026634673881,1,1,0
84.0,2,1.0,1.0,Private room,52.50787,13.45683,5.0,18,4.430816798843313,1,1,0
150.0,7,3.0,1.0,Entire home/apt,52.4917,13.33592,4.88,8,5.0106352940962555,1,1,0
64.0,4,1.0,1.0,Entire home/apt,52.52445793124454,13.397167996186566,0.0,0,4.1588830833596715,1,1,0
79.0,4,2.0,2.0,Entire home/apt,52.53812,13.40729,0.0,0,4.3694478524670215,1,1,0
231.0,4,2.0,1.0,Entire home/apt,52.5264476313305,13.388714326983662,4.88,16,5.442417710521793,1,1,0
75.0,4,1.0,1.0,Entire home/apt,52.447443,13.627098,4.83,18,4.31748811353631,1,1,0
164.0,3,2.0,1.0,Entire home/apt,52.4779038994464,13.437525839783149,5.0,12,5.099866427824199,1,1,0
63.0,4,1.0,1.0,Entire home/apt,52.497627090005466,13.307509635700224,4.69,36,4.143134726391533,1,1,0
60.0,2,1.0,1.0,Private room,52.572,13.43291,0.0,0,4.0943445622221,0,1,0
90.0,2,1.0,1.0,Private room,52.49920625992733,13.429302600051686,5.0,9,4.499809670330265,1,1,0
64.0,2,1.0,1.0,Private room,52.51463627954895,13.465040704277117,5.0,31,4.1588830833596715,1,1,0
336.0,14,4.0,2.0,Entire home/apt,52.5031141,13.3269197,5.0,12,5.817111159963204,1,1,1
46.0,1,1.0,1.5,Private room,52.52471778570234,13.460553299502813,5.0,15,3.828641396489095,1,1,0
62.0,2,1.0,1.0,Private room,52.490920212061205,13.290466554990507,5.0,39,4.127134385045092,1,1,0
138.0,2,1.0,1.0,Entire home/apt,52.4921745,13.3422051,5.0,4,4.927253685157205,1,1,0
78.0,4,1.0,1.0,Entire home/apt,52.54145762999611,13.358960030478164,4.61,38,4.356708826689592,1,1,0
62.0,4,2.0,1.0,Entire home/apt,52.51903,13.30678,0.0,0,4.127134385045092,1,1,0
22.0,1,1.0,1.0,Private room,52.56213609720679,13.382979851311202,3.0,1,3.091042453358316,1,1,0
45.0,2,1.0,1.0,Private room,52.48215288776907,13.454342562786971,0.0,0,3.8066624897703196,1,1,1
40.0,2,1.0,1.0,Private room,52.48398,13.35386,4.95,81,3.6888794541139363,1,1,0
70.0,3,2.0,1.0,Entire home/apt,52.56254574875645,13.390692113777586,5.0,1,4.248495242049359,1,1,0
115.0,5,1.0,1.0,Entire home/apt,52.49325,13.39125,4.25,4,4.74493212836325,0,1,0
295.0,5,3.0,2.0,Entire home/apt,52.51369,13.45001,5.0,4,5.68697535633982,1,1,0
63.0,2,1.0,1.0,Private room,52.5051125,13.3859484,4.59,22,4.143134726391533,1,1,0
32.0,1,1.0,1.5,Private room,52.46516481960754,13.512912778650977,5.0,2,3.4657359027997265,1,1,0
94.0,2,1.0,1.0,Entire home/apt,52.46049726312237,13.11860576318693,4.77,13,4.543294782270004,1,1,0
226.0,6,2.0,1.0,Entire home/apt,52.51106697354371,13.416286441433186,4.39,41,5.420534999272286,1,1,0
34.0,1,1.0,1.0,Private room,52.57098,13.43158,3.0,3,3.5263605246161616,0,1,0
130.0,2,1.0,1.0,Entire home/apt,52.49258725213926,13.417185011639416,4.95,62,4.867534450455582,1,1,0
385.0,8,4.0,2.0,Entire home/apt,52.53046834422597,13.404844207310274,5.0,18,5.953243334287785,1,1,0
55.0,6,4.0,1.0,Private room,52.57845,13.31085,0.0,0,4.007333185232471,1,1,1
106.0,2,0.0,1.0,Entire home/apt,52.5454584,13.3709931,4.38,8,4.663439094112067,1,1,0
50.0,1,1.0,1.0,Private room,52.50189031053099,13.459892277041044,0.0,0,3.912023005428146,1,1,0
116.0,4,2.0,1.0,Entire home/apt,52.47640209999999,13.3105342,0.0,0,4.7535901911063645,1,1,0
50.0,2,2.0,1.0,Entire home/apt,52.61387593391551,13.308751669201577,0.0,0,3.912023005428146,1,1,0
225.0,2,1.0,1.0,Entire home/apt,52.48765707503919,13.434427735454529,0.0,0,5.41610040220442,1,1,0
95.0,4,1.0,1.5,Entire home/apt,52.447505546410056,13.292612125871756,0.0,0,4.553876891600541,1,0,0
219.0,8,3.0,1.0,Entire home/apt,52.5218602,13.4348503,4.72,69,5.389071729816501,1,1,0
45.0,1,1.0,1.0,Private room,52.57201304119852,13.433274780426006,4.67,6,3.8066624897703196,0,1,0
141.0,4,1.0,1.0,Entire home/apt,52.52667,13.38882,4.96,25,4.948759890378168,1,1,0
85.0,2,1.0,1.5,Private room,52.50363,13.29428,4.95,39,4.442651256490317,1,1,0
116.0,4,2.0,1.0,Entire home/apt,52.4764475,13.3106839,0.0,0,4.7535901911063645,1,1,0
98.0,1,1.0,1.0,Private room,52.43789650000001,13.5484264,4.0,1,4.584967478670572,1,1,0
43.0,1,1.0,1.0,Private room,52.49908,13.30555,0.0,0,3.7612001156935624,1,1,0
60.0,1,1.0,1.0,Entire home/apt,52.547670821847206,13.41269089577553,0.0,0,4.0943445622221,1,1,0
48.0,4,1.0,1.0,Private room,52.5292622,13.3959781,4.78,51,3.871201010907891,1,1,0
201.0,6,3.0,2.0,Entire home/apt,52.5626452854946,13.424715050455315,5.0,8,5.303304908059076,1,1,0
60.0,2,1.0,1.0,Private room,52.47678221806848,13.449904035070576,0.0,0,4.0943445622221,1,1,0
148.0,2,1.0,1.0,Entire home/apt,52.43789650000001,13.5484264,0.0,0,4.997212273764115,1,1,0
152.0,4,2.0,2.0,Entire home/apt,52.43789650000001,13.5484264,4.7,37,5.0238805208462765,1,1,0
105.0,2,1.0,1.0,Entire home/apt,52.51255804093937,13.427337484130874,4.76,167,4.653960350157523,1,1,0
98.0,1,1.0,1.0,Private room,52.43789650000001,13.5484264,0.0,0,4.584967478670572,1,0,0
55.0,1,1.0,1.0,Entire home/apt,52.46596312886257,13.325360301232529,0.0,0,4.007333185232471,1,1,0
93.0,6,2.0,2.0,Entire home/apt,52.51110743518375,13.51979185341732,0.0,0,4.532599493153256,1,1,0
95.0,7,2.0,2.0,Entire home/apt,52.55827,13.19689,5.0,5,4.553876891600541,1,1,0
49.0,2,1.0,1.0,Private room,52.53914630000001,13.4553373,4.87,75,3.8918202981106265,1,0,0
116.0,3,1.0,1.0,Entire home/apt,52.5477626,13.4027098,0.0,0,4.7535901911063645,1,1,1
202.0,2,0.0,1.0,Entire home/apt,52.5148123,13.3807511,0.0,0,5.308267697401205,1,1,0
289.0,3,2.0,1.0,Entire home/apt,52.5148123,13.3807511,4.4,5,5.666426688112432,1,1,0
353.0,8,4.0,2.0,Entire home/apt,52.5309278,13.4057346,5.0,4,5.8664680569332965,1,1,0
80.0,4,1.0,1.0,Entire home/apt,52.5517392,13.1991117,0.0,0,4.382026634673881,1,1,0
75.0,2,1.0,1.0,Entire home/apt,52.503442070681366,13.341742660193962,4.93,44,4.31748811353631,1,1,0
46.0,2,1.0,1.0,Private room,52.49861246666867,13.438875639786266,4.78,36,3.828641396489095,1,1,0
79.0,2,1.0,1.0,Entire home/apt,52.54699,13.36948,4.71,68,4.3694478524670215,1,1,0
98.0,2,0.0,1.0,Entire home/apt,52.53355790000001,13.3800164,5.0,12,4.584967478670572,1,1,0
65.0,1,1.0,1.0,Entire home/apt,52.5471458,13.4100408,0.0,0,4.174387269895637,1,1,0
145.0,3,0.0,0.5,Entire home/apt,52.4977,13.47743,5.0,6,4.976733742420574,0,1,0
123.0,3,1.0,1.0,Entire home/apt,52.5099797,13.4030124,5.0,5,4.812184355372417,1,1,0
75.0,2,1.0,1.0,Private room,52.42888402075153,13.477350806405472,4.83,6,4.31748811353631,1,0,0
82.0,3,1.0,1.0,Private room,52.42895,13.47749,4.25,4,4.406719247264253,1,0,0
124.0,5,3.0,2.0,Private room,52.46199,13.48018,4.0,1,4.820281565605037,1,1,0
32.0,2,1.0,1.0,Private room,52.5403513771488,13.600900662175892,0.0,0,3.4657359027997265,1,1,0
93.0,2,1.0,1.0,Entire home/apt,52.54292299822914,13.371774419573974,0.0,0,4.532599493153256,1,1,0
60.0,5,2.0,1.0,Entire home/apt,52.51935,13.308614,0.0,0,4.0943445622221,1,1,0
108.0,3,2.0,1.0,Entire home/apt,52.48005931492353,13.434747492065444,5.0,5,4.68213122712422,1,1,0
274.0,2,1.0,1.0,Entire home/apt,52.5294031,13.4013102,0.0,0,5.6131281063880705,1,1,0
274.0,2,1.0,1.0,Entire home/apt,52.5294031,13.4013102,0.0,0,5.6131281063880705,1,1,0
337.0,4,2.0,1.0,Entire home/apt,52.531628184575965,13.40687989059818,0.0,0,5.820082930352362,1,1,0
337.0,4,2.0,1.0,Entire home/apt,52.53165,13.4066,0.0,0,5.820082930352362,1,1,1
23.0,1,1.0,1.0,Private room,52.56228,13.38371,5.0,1,3.1354942159291497,1,1,0
110.0,3,1.0,1.0,Entire home/apt,52.52314950977401,13.405507671154112,4.71,17,4.700480365792417,1,1,0
198.0,4,2.0,1.5,Entire home/apt,52.50625,13.32633,4.96,27,5.288267030694535,1,1,0
59.0,2,0.0,1.0,Private room,52.52458,13.35188,5.0,2,4.07753744390572,1,1,0
143.0,4,1.0,1.0,Entire home/apt,52.52365,13.25308,5.0,4,4.962844630259907,1,1,0
72.0,3,1.0,1.0,Entire home/apt,52.504245938125294,13.415432872156329,5.0,2,4.276666119016055,1,1,0
67.0,4,1.0,1.0,Entire home/apt,52.54325951992197,13.591437717999275,0.0,0,4.204692619390966,1,1,0
60.0,3,0.0,1.0,Entire home/apt,52.5307097624938,13.39851908929462,4.86,86,4.0943445622221,1,1,0
38.0,2,1.0,1.0,Entire home/apt,52.53055519999999,13.4002425,0.0,0,3.6375861597263857,1,1,0
80.0,4,1.0,1.0,Entire home/apt,52.53237,13.42144,4.8,5,4.382026634673881,1,1,0
121.0,2,0.0,1.0,Entire home/apt,52.5454584,13.3709931,4.59,41,4.795790545596741,1,1,0
96.0,2,1.0,1.0,Entire home/apt,52.52236054943688,13.335869315584972,4.71,41,4.564348191467836,1,1,0
131.0,5,1.0,1.0,Entire home/apt,52.5488362,13.3511302,4.73,37,4.875197323201151,1,1,0
48.0,2,1.0,1.0,Private room,52.554112633504445,13.416869308379027,4.93,14,3.871201010907891,1,1,0
128.0,4,2.0,1.0,Entire home/apt,52.52065,13.33678,4.72,47,4.852030263919617,1,1,0
45.0,2,1.0,1.0,Entire home/apt,52.49821857719987,13.460473630849233,0.0,0,3.8066624897703196,1,1,0
48.0,4,1.0,1.0,Entire home/apt,52.57753210000001,13.3217406,0.0,0,3.871201010907891,1,1,0
96.0,11,4.0,2.0,Entire home/apt,52.4914715,13.3777906,4.5,42,4.564348191467836,1,1,0
155.0,5,2.0,1.5,Entire home/apt,52.48589,13.54134,4.75,4,5.043425116919247,1,1,0
67.0,3,1.0,1.0,Entire home/apt,52.53178,13.33519,4.04,28,4.204692619390966,1,1,0
67.0,3,1.0,1.0,Entire home/apt,52.53184,13.33519,4.05,21,4.204692619390966,1,1,0
40.0,2,1.0,1.0,Entire home/apt,52.53055519999999,13.4002425,0.0,0,3.6888794541139363,1,1,0
40.0,2,1.0,1.0,Entire home/apt,52.53055519999999,13.4002425,0.0,0,3.6888794541139363,1,1,0
182.0,6,3.0,2.0,Entire home/apt,52.5510913,13.3810908,4.9,42,5.204006687076795,1,1,0
36.0,2,1.0,0.5,Private room,52.49082,13.44978,4.91,11,3.58351893845611,1,1,0
405.0,2,1.0,1.0,Entire home/apt,52.54859,13.361,0.0,0,6.003887067106539,1,1,0
42.0,2,1.0,1.0,Entire home/apt,52.5095179730347,13.45752183007524,0.0,0,3.7376696182833684,1,1,0
78.0,2,3.0,1.0,Private room,52.51877561920831,13.418733454267455,4.97,70,4.356708826689592,1,1,0
54.0,2,1.0,1.0,Entire home/apt,52.51438,13.47072,0.0,0,3.9889840465642745,1,1,0
32.0,16,1.0,0.5,Private room,52.50815,13.47223,0.0,0,3.4657359027997265,1,1,0
45.0,2,1.0,1.0,Entire home/apt,52.51153052317348,13.456819152335594,0.0,0,3.8066624897703196,1,1,0
799.0,9,3.0,3.0,Hotel room,52.52453,13.4187,5.0,1,6.683360945766275,1,0,1
999.0,3,1.0,1.0,Hotel room,52.52453,13.4187,4.38,8,6.906754778648554,1,0,1
86.0,2,1.0,1.0,Entire home/apt,52.51348,13.30758,4.75,55,4.454347296253507,1,1,0
133.0,4,1.0,1.0,Entire home/apt,52.4699,13.3354,3.67,3,4.890349128221754,1,1,0
115.0,4,1.0,1.0,Entire home/apt,52.46928,13.33387,0.0,0,4.74493212836325,1,0,0
139.0,2,1.0,1.0,Private room,52.5076761,13.3278325,0.0,0,4.9344739331306915,1,1,1
139.0,2,1.0,1.0,Private room,52.5076761,13.3278325,0.0,0,4.9344739331306915,1,1,1
139.0,2,1.0,1.0,Entire home/apt,52.5076761,13.3278325,5.0,1,4.9344739331306915,1,1,1
139.0,2,1.0,1.0,Private room,52.5076761,13.3278325,5.0,3,4.9344739331306915,1,1,1
103.0,3,1.0,1.0,Entire home/apt,52.5328933,13.4350783,4.79,63,4.634728988229636,1,1,0
188.0,4,1.0,1.0,Entire home/apt,52.473597138638326,13.439764492213728,4.67,21,5.236441962829949,1,1,0
85.0,4,2.0,1.0,Entire home/apt,52.49359376835074,13.34918305908096,0.0,0,4.442651256490317,0,1,0
65.0,2,1.0,1.5,Private room,52.50561,13.39865,4.88,17,4.174387269895637,1,1,0
45.0,4,1.0,1.0,Entire home/apt,52.54056,13.49435,0.0,0,3.8066624897703196,1,1,0
86.0,3,2.0,1.0,Entire home/apt,52.480322165115695,13.532235671419194,4.74,35,4.454347296253507,1,1,0
114.0,1,1.0,1.0,Private room,52.5109675567202,13.4495419362152,5.0,26,4.736198448394496,1,1,0
79.0,2,1.0,1.0,Entire home/apt,52.48741,13.32804,5.0,1,4.3694478524670215,1,1,0
197.0,5,1.0,1.0,Entire home/apt,52.49619738604358,13.328996885180668,4.6,5,5.2832037287379885,1,1,0
74.0,2,1.0,1.5,Private room,52.4972507,13.4209217,4.94,36,4.30406509320417,1,1,0
111.0,1,1.0,1.0,Entire home/apt,52.501002978277626,13.325102187924768,0.0,0,4.709530201312334,1,1,0
230.0,8,2.0,2.0,Entire home/apt,52.52421532235539,13.396519157676664,4.66,29,5.438079308923196,1,1,0
68.0,2,1.0,1.0,Private room,52.5458033,13.4255719,4.88,17,4.219507705176107,1,1,0
109.0,7,1.0,1.0,Entire home/apt,52.54515,13.37087,4.5,20,4.6913478822291435,1,1,0
40.0,2,1.0,1.0,Entire home/apt,52.50067,13.48876,0.0,0,3.6888794541139363,1,1,0
84.0,3,3.0,1.0,Entire home/apt,52.51177999999999,13.3137724,0.0,0,4.430816798843313,1,1,0
64.0,2,1.0,1.0,Private room,52.516772187437965,13.4529097029354,0.0,0,4.1588830833596715,1,1,0
97.0,2,1.0,1.0,Entire home/apt,52.53017970000001,13.4549889,5.0,3,4.574710978503383,1,1,0
97.0,2,1.0,1.0,Entire home/apt,52.53017970000001,13.4549889,4.25,4,4.574710978503383,1,1,0
97.0,2,1.0,1.0,Entire home/apt,52.53017970000001,13.4549889,4.78,9,4.574710978503383,1,1,0
40.0,2,1.0,1.0,Entire home/apt,52.50076139999999,13.4885455,0.0,0,3.6888794541139363,1,1,0
25.0,1,1.0,1.0,Private room,52.4546927,13.5172182,5.0,7,3.2188758248682006,1,1,0
91.0,2,1.0,1.0,Private room,52.48079569999999,13.5255529,4.75,4,4.51085950651685,1,1,0
91.0,2,1.0,1.0,Private room,52.48079569999999,13.5255529,3.0,1,4.51085950651685,1,1,0
91.0,2,1.0,1.0,Private room,52.48079569999999,13.5255529,5.0,3,4.51085950651685,1,1,0
74.0,2,1.0,1.0,Private room,52.48079569999999,13.5255529,4.83,6,4.30406509320417,1,1,0
74.0,2,1.0,1.0,Private room,52.48079569999999,13.5255529,4.54,24,4.30406509320417,1,1,0
74.0,2,1.0,1.0,Private room,52.48079569999999,13.5255529,3.5,2,4.30406509320417,1,1,0
92.0,2,1.0,1.0,Private room,52.48079569999999,13.5255529,0.0,0,4.5217885770490405,1,1,0
92.0,2,1.0,1.0,Private room,52.48079569999999,13.5255529,4.0,1,4.5217885770490405,1,1,0
92.0,2,1.0,1.0,Private room,52.48079569999999,13.5255529,5.0,2,4.5217885770490405,1,1,0
152.0,4,1.0,1.0,Entire home/apt,52.52435,13.39856,4.86,44,5.0238805208462765,1,1,0
111.0,2,1.0,1.0,Entire home/apt,52.4300513,13.2575375,0.0,0,4.709530201312334,1,1,0
88.0,2,1.0,1.0,Entire home/apt,52.5123208,13.2971189,5.0,1,4.477336814478207,1,1,0
88.0,2,1.0,1.0,Entire home/apt,52.5123208,13.2971189,0.0,0,4.477336814478207,1,1,0
138.0,4,2.0,1.0,Entire home/apt,52.46055639999999,13.4268384,0.0,0,4.927253685157205,1,1,0
101.0,2,0.0,1.0,Entire home/apt,52.50567299999999,13.3904664,0.0,0,4.61512051684126,1,1,0
96.0,2,1.0,1.0,Entire home/apt,52.5148239,13.4735944,0.0,0,4.564348191467836,1,1,0
23.0,2,1.0,1.0,Private room,52.505644456062726,13.478189502181731,0.0,0,3.1354942159291497,1,1,0
49.0,1,1.0,1.0,Private room,52.53201216320218,13.423809580950923,4.67,42,3.8918202981106265,1,1,1
799.0,6,3.0,3.0,Hotel room,52.52453,13.4187,0.0,0,6.683360945766275,1,0,1
799.0,6,3.0,3.0,Hotel room,52.52453,13.4187,0.0,0,6.683360945766275,1,0,1
999.0,6,3.0,3.0,Hotel room,52.52453,13.4187,0.0,0,6.906754778648554,1,0,1
799.0,4,2.0,2.0,Hotel room,52.52453,13.4187,0.0,0,6.683360945766275,1,0,1
799.0,6,2.0,2.0,Hotel room,52.52453,13.4187,0.0,0,6.683360945766275,1,0,1
999.0,2,1.0,1.0,Hotel room,52.52453,13.4187,5.0,2,6.906754778648554,1,0,1
999.0,2,1.0,1.0,Hotel room,52.52453,13.4187,0.0,0,6.906754778648554,1,0,1
799.0,4,2.0,2.0,Hotel room,52.52453,13.4187,0.0,0,6.683360945766275,1,0,1
111.0,8,4.0,1.0,Entire home/apt,52.4921,13.37858,4.38,45,4.709530201312334,1,1,0
86.0,5,2.0,1.0,Entire home/apt,52.51497073359242,13.46973396837848,4.95,81,4.454347296253507,1,1,0
99.0,2,1.0,1.0,Entire home/apt,52.53096918661826,13.332679644227028,4.45,11,4.59511985013459,1,1,0
129.0,4,1.0,1.0,Entire home/apt,52.48153929999999,13.3476019,4.83,18,4.859812404361672,1,1,1
200.0,4,1.0,1.5,Private room,52.50562,13.40032,5.0,1,5.298317366548036,1,1,0
83.0,2,1.0,1.0,Entire home/apt,52.49393,13.42619,4.85,46,4.418840607796598,1,1,0
202.0,8,2.0,1.5,Entire home/apt,52.51223719999999,13.4703318,4.76,46,5.308267697401205,1,1,0
50.0,1,1.0,1.0,Private room,52.52910713354237,13.38998795965026,5.0,40,3.912023005428146,1,1,0
96.0,9,1.0,1.0,Entire home/apt,52.54512,13.37081,4.78,23,4.564348191467836,1,1,0
90.0,2,1.0,1.0,Entire home/apt,52.548005386633086,13.409618037605773,0.0,0,4.499809670330265,1,1,0
224.0,5,1.0,1.0,Entire home/apt,52.4754302,13.4229721,4.6,5,5.4116460518550396,1,1,0
35.0,3,1.0,1.0,Entire home/apt,52.50691150000001,13.5198932,5.0,1,3.5553480614894135,1,1,0
87.0,4,2.0,1.0,Entire home/apt,52.45199,13.34587,5.0,1,4.465908118654584,1,1,0
77.0,3,1.0,1.0,Private room,52.42112621397649,13.322153530688468,4.83,6,4.343805421853684,1,1,0
151.0,4,1.0,1.0,Entire home/apt,52.49289142410589,13.392726592719557,4.95,39,5.017279836814924,1,1,0
293.0,4,2.0,2.0,Entire home/apt,52.49722695213048,13.475435032930486,0.0,0,5.680172609017068,1,1,0
161.0,8,4.0,1.5,Entire home/apt,52.54174,13.42107,4.88,24,5.081404364984463,1,1,0
102.0,2,1.0,1.0,Entire home/apt,52.528427237551455,13.379333453967275,4.5,16,4.624972813284271,1,1,0
63.0,2,1.0,1.0,Entire home/apt,52.55558,13.33691,0.0,0,4.143134726391533,1,1,0
77.0,2,1.0,1.0,Entire home/apt,52.53806193734388,13.404496436051856,4.67,3,4.343805421853684,1,1,0
181.0,5,1.0,1.0,Entire home/apt,52.52318818483612,13.400374110141202,4.82,34,5.198497031265826,1,1,0
38.0,2,1.0,1.0,Entire home/apt,52.4997094,13.3015408,0.0,0,3.6375861597263857,1,1,0
68.0,3,1.0,1.0,Entire home/apt,52.539300244109405,13.375230221025154,4.88,17,4.219507705176107,1,1,0
184.0,4,1.0,1.0,Entire home/apt,52.5521669,13.3587789,4.75,8,5.214935757608986,1,1,0
168.0,4,1.0,1.0,Entire home/apt,52.52267445785499,13.399801867181534,4.75,36,5.123963979403259,1,1,0
59.0,2,1.0,1.0,Private room,52.4102645,13.506452,5.0,24,4.07753744390572,1,0,0
70.0,4,1.0,1.0,Entire home/apt,52.50579,13.49099,5.0,35,4.248495242049359,1,1,0
147.0,4,0.0,1.0,Entire home/apt,52.52439,13.39851,4.73,45,4.990432586778736,1,1,0
221.0,5,2.0,1.0,Entire home/apt,52.52278,13.39997,4.71,45,5.3981627015177525,1,1,0
102.0,2,1.0,1.0,Entire home/apt,52.5088101,13.3912905,4.5,10,4.624972813284271,1,1,0
24.0,4,1.0,1.0,Private room,52.4477564215178,13.356697140801472,0.0,0,3.1780538303479458,1,1,0
138.0,6,2.0,1.0,Entire home/apt,52.5366173,13.3977257,4.92,49,4.927253685157205,1,1,0
151.0,4,1.0,1.0,Entire home/apt,52.5232586607637,13.400234346359335,4.71,35,5.017279836814924,1,1,0
72.0,2,2.0,1.0,Entire home/apt,52.49871,13.43607,0.0,0,4.276666119016055,1,1,0
48.0,2,1.0,1.0,Entire home/apt,52.566898,13.3976019,5.0,1,3.871201010907891,1,1,0
87.0,2,1.0,1.0,Entire home/apt,52.5182537,13.2820084,4.33,6,4.465908118654584,1,1,0
94.0,2,0.0,1.0,Entire home/apt,52.53380123576088,13.4305099831722,4.86,57,4.543294782270004,1,1,0
251.0,9,6.0,3.0,Entire home/apt,52.55008536326065,13.411610823008736,4.73,56,5.5254529391317835,1,1,0
171.0,4,1.0,1.0,Entire home/apt,52.52275,13.39846,4.83,40,5.14166355650266,1,1,0
153.0,4,1.0,1.0,Entire home/apt,52.52456238562732,13.398584202102011,4.83,35,5.030437921392435,1,1,0
193.0,5,1.0,1.0,Entire home/apt,52.52446,13.39829,4.7,40,5.262690188904886,1,1,0
193.0,5,1.0,1.0,Entire home/apt,52.52436,13.40052,4.86,57,5.262690188904886,1,1,0
101.0,2,1.0,1.0,Entire home/apt,52.54465,13.44114,0.0,0,4.61512051684126,1,1,0
23.0,1,1.0,0.5,Private room,52.487389578604976,13.365458808563211,0.0,0,3.1354942159291497,1,1,0
156.0,4,1.0,1.0,Entire home/apt,52.52481,13.40012,4.64,33,5.049856007249537,1,1,0
179.0,5,1.0,1.0,Entire home/apt,52.52464,13.40053,4.63,27,5.187385805840755,1,1,0
36.0,2,1.0,1.0,Entire home/apt,52.50105998913984,13.301414309265075,0.0,0,3.58351893845611,1,1,0
169.0,4,1.0,1.0,Entire home/apt,52.52421,13.40034,4.84,51,5.1298987149230735,1,1,0
234.0,6,3.0,1.0,Entire home/apt,52.52287,13.39873,4.56,55,5.455321115357702,1,1,0
103.0,6,1.0,1.0,Entire home/apt,52.44814635834867,13.307038670881113,4.63,41,4.634728988229636,1,1,0
108.0,2,1.0,1.0,Entire home/apt,52.5142243,13.4595437,4.97,33,4.68213122712422,1,1,0
151.0,5,3.0,1.0,Entire home/apt,52.507118885507246,13.460822331457177,5.0,12,5.017279836814924,1,1,0
86.0,3,1.0,1.0,Entire home/apt,52.49439,13.39949,4.86,7,4.454347296253507,1,1,0
91.0,2,0.0,1.0,Entire home/apt,52.47901,13.44624,1.0,1,4.51085950651685,1,1,0
63.0,4,1.0,1.0,Entire home/apt,52.48113787916105,13.361707553277004,4.59,37,4.143134726391533,1,1,0
77.0,2,1.0,1.0,Private room,52.49795,13.36074,0.0,0,4.343805421853684,1,0,0
72.0,2,1.0,1.0,Private room,52.4973249,13.2868863,4.0,14,4.276666119016055,1,0,0
89.0,3,1.0,1.0,Private room,52.4973249,13.2868863,2.67,3,4.48863636973214,1,0,0
89.0,4,2.0,1.0,Entire home/apt,52.4962451,13.444104,4.33,12,4.48863636973214,1,1,0
35.0,1,1.0,1.0,Private room,52.54758847452683,13.3444596502501,0.0,0,3.5553480614894135,1,1,0
87.0,2,1.0,1.0,Entire home/apt,52.51306,13.30792,4.75,65,4.465908118654584,1,1,0
193.0,5,1.0,1.0,Entire home/apt,52.52454364824412,13.400423019339252,4.85,27,5.262690188904886,1,1,0
179.0,5,1.0,1.0,Entire home/apt,52.52338,13.39855,4.71,51,5.187385805840755,1,1,0
67.0,2,1.0,1.0,Entire home/apt,52.49047846650056,13.394562229514122,4.87,39,4.204692619390966,1,1,0
76.0,3,1.0,2.0,Entire home/apt,52.52376,13.4093,0.0,0,4.330733340286331,1,1,0
54.0,2,1.0,1.0,Entire home/apt,52.60023,13.3277,5.0,29,3.9889840465642745,1,1,1
148.0,2,2.0,1.0,Entire home/apt,52.49228900000001,13.351641,5.0,1,4.997212273764115,1,1,0
282.0,8,3.0,1.0,Entire home/apt,52.51362883625925,13.401794186517751,4.63,35,5.641907070938114,1,1,0
79.0,2,1.0,1.0,Entire home/apt,52.454383249508766,13.52174703403058,5.0,15,4.3694478524670215,1,1,0
117.0,9,4.0,2.0,Entire home/apt,52.49308406292644,13.39917314603626,4.66,41,4.762173934797756,1,1,0
66.0,2,1.0,0.5,Private room,52.44379933000396,13.372350416286707,4.81,27,4.189654742026425,1,1,0
140.0,10,2.0,2.0,Entire home/apt,52.53749,13.3956,4.83,53,4.941642422609304,1,1,0
111.0,4,1.0,1.0,Entire home/apt,52.52881495238492,13.401387927357606,5.0,1,4.709530201312334,1,1,0
89.0,4,2.0,1.0,Entire home/apt,52.50887939001356,13.445621282971327,5.0,5,4.48863636973214,1,1,0
62.0,4,1.0,1.0,Entire home/apt,52.47596,13.44369,4.56,25,4.127134385045092,1,1,0
500.0,8,3.0,2.0,Entire home/apt,52.5233639,13.4081912,5.0,5,6.214608098422191,1,1,1
87.0,3,1.0,1.0,Entire home/apt,52.52311410000001,13.4361314,4.82,38,4.465908118654584,1,1,0
139.0,5,1.0,1.0,Entire home/apt,52.52311410000001,13.4361314,4.61,49,4.9344739331306915,1,1,0
65.0,2,1.0,1.0,Private room,52.48809749630122,13.385341556225717,4.92,13,4.174387269895637,1,1,0
64.0,4,1.0,1.0,Entire home/apt,52.54464,13.45832,0.0,0,4.1588830833596715,1,1,0
36.0,6,1.0,1.0,Entire home/apt,52.52352,13.38768,4.87,46,3.58351893845611,1,1,0
72.0,4,1.0,1.0,Entire home/apt,52.46856070424001,13.432809827830567,4.95,19,4.276666119016055,1,1,0
157.0,4,1.0,1.0,Entire home/apt,52.52466416466685,13.398585646280178,4.59,27,5.056245805348308,1,1,0
48.0,2,1.0,1.0,Private room,52.49473,13.28301,4.67,3,3.871201010907891,1,1,0
171.0,5,1.0,1.0,Entire home/apt,52.52305030974384,13.398285861673251,4.75,44,5.14166355650266,1,1,0
61.0,3,1.0,1.0,Entire home/apt,52.4602331,13.325561,4.88,34,4.110873864173311,1,1,0
94.0,4,1.0,1.0,Entire home/apt,52.42126875149377,13.190351575613022,4.83,6,4.543294782270004,1,1,0
94.0,4,1.0,1.0,Entire home/apt,52.42126875149377,13.190351575613022,0.0,0,4.543294782270004,1,1,0
94.0,4,1.0,1.0,Entire home/apt,52.42126875149377,13.190351575613022,0.0,0,4.543294782270004,1,1,0
154.0,8,2.0,1.0,Entire home/apt,52.48401693680581,13.468663419049076,4.7,60,5.0369526024136295,1,1,0
79.0,5,1.0,1.0,Entire home/apt,52.4839516,13.4684703,4.54,67,4.3694478524670215,1,1,0
79.0,4,1.0,1.0,Entire home/apt,52.4839516,13.4684703,4.78,65,4.3694478524670215,1,1,0
122.0,3,1.0,1.0,Entire home/apt,52.55209773564175,13.41182492645875,4.92,12,4.804021044733257,1,1,0
81.0,7,2.0,1.0,Entire home/apt,52.4839506,13.4683253,4.78,51,4.394449154672439,1,1,0
90.0,5,2.0,1.0,Entire home/apt,52.63194,13.29843,4.5,10,4.499809670330265,1,1,0
106.0,6,1.0,1.0,Entire home/apt,52.4839506,13.4683253,4.72,67,4.663439094112067,1,1,0
50.0,3,0.0,1.0,Private room,52.48127,13.34642,4.89,9,3.912023005428146,1,1,0
106.0,2,1.0,1.0,Private room,52.49934,13.30045,4.6,5,4.663439094112067,1,1,0
117.0,4,2.0,2.0,Entire home/apt,52.48916181040213,13.362800334393324,5.0,7,4.762173934797756,1,1,0
94.0,2,0.0,1.0,Entire home/apt,52.5517616,13.4152986,0.0,0,4.543294782270004,1,1,0
106.0,2,1.0,1.0,Entire home/apt,52.4828068,13.2905687,0.0,0,4.663439094112067,1,1,0
88.0,2,1.0,1.0,Entire home/apt,52.514426612601135,13.459470571411789,4.0,5,4.477336814478207,1,1,1
63.0,1,2.0,1.0,Private room,52.50930407953516,13.310420809034785,4.92,52,4.143134726391533,1,1,0
63.0,4,1.0,1.0,Entire home/apt,52.49063647866073,13.482992283198174,4.57,14,4.143134726391533,0,1,0
159.0,2,0.0,1.0,Entire home/apt,52.49061,13.4897,4.78,18,5.0689042022202315,1,1,0
158.0,3,1.0,1.0,Entire home/apt,52.50634885550247,13.344556473953212,4.91,11,5.062595033026967,1,1,0
29.0,2,1.0,1.0,Entire home/apt,52.51776582781034,13.5872335105441,0.0,0,3.367295829986474,1,1,0
122.0,4,2.0,1.0,Entire home/apt,52.6088,13.31205,0.0,0,4.804021044733257,1,1,0
270.0,4,2.0,2.5,Entire home/apt,52.52392,13.39831,4.64,14,5.598421958998375,1,1,0
62.0,2,1.0,1.0,Entire home/apt,52.5226627,13.4098361,0.0,0,4.127134385045092,1,1,0
216.0,6,3.0,1.0,Entire home/apt,52.51246,13.40172,4.96,27,5.375278407684165,1,1,0
208.0,6,2.0,1.0,Entire home/apt,52.52462976054829,13.398605457404264,4.82,49,5.337538079701318,1,1,0
277.0,8,2.0,1.0,Entire home/apt,52.52502,13.39968,4.75,28,5.6240175061873385,1,1,0
180.0,2,1.0,2.0,Entire home/apt,52.5182537141314,13.419368915869152,4.75,4,5.19295685089021,1,1,0
85.0,2,1.0,1.0,Private room,52.53216947389876,13.39427188038826,0.0,0,4.442651256490317,1,1,0
60.0,2,1.0,1.0,Private room,52.41755265958882,13.546085428723892,4.75,4,4.0943445622221,0,0,0
51.0,2,1.0,1.0,Private room,52.55454,13.44677,4.97,67,3.9318256327243257,1,0,0
130.0,2,1.0,1.0,Entire home/apt,52.48104197426218,13.433625121109694,5.0,3,4.867534450455582,1,1,0
140.0,6,2.0,1.0,Entire home/apt,52.51147,13.41691,4.08,12,4.941642422609304,1,1,0
45.0,2,1.0,1.0,Private room,52.60924059560011,13.23280000177205,4.95,22,3.8066624897703196,1,1,0
116.0,9,2.0,1.0,Entire home/apt,52.52189,13.38612,4.92,49,4.7535901911063645,1,1,0
205.0,4,2.0,2.5,Entire home/apt,52.5268599,13.3320216,0.0,0,5.3230099791384085,1,1,0
104.0,2,1.0,1.5,Private room,52.53042,13.34758,5.0,4,4.6443908991413725,1,1,0
62.0,2,1.0,1.0,Private room,52.51598,13.33343,5.0,18,4.127134385045092,1,1,0
80.0,4,2.0,2.0,Entire home/apt,52.47221147477424,13.335795393500224,0.0,0,4.382026634673881,1,1,0
105.0,2,1.0,1.0,Entire home/apt,52.46648189217731,13.32460143928681,4.93,27,4.653960350157523,1,1,0
108.0,2,1.0,1.5,Private room,52.5844,13.42957,0.0,0,4.68213122712422,1,1,1
72.0,2,0.0,1.0,Private room,52.49452,13.35156,5.0,3,4.276666119016055,1,0,0
55.0,2,1.0,1.0,Entire home/apt,52.51043,13.41572,5.0,1,4.007333185232471,1,1,1
209.0,10,3.0,2.0,Entire home/apt,52.511219824838726,13.287792573218963,4.83,36,5.342334251964811,1,1,0
145.0,4,2.0,1.0,Entire home/apt,52.51083030764564,13.504363107715706,4.38,16,4.976733742420574,1,1,0
145.0,4,2.0,1.0,Entire home/apt,52.51061086136503,13.504420499222354,4.28,18,4.976733742420574,1,1,0
105.0,6,3.0,1.0,Entire home/apt,52.51237097876563,13.45424906482808,0.0,0,4.653960350157523,1,1,0
80.0,2,1.0,1.0,Private room,52.495050594568006,13.43055895706001,4.67,3,4.382026634673881,1,0,0
100.0,10,3.0,2.0,Entire home/apt,52.4473536,13.618211,0.0,0,4.605170185988092,1,1,0
162.0,2,1.0,1.0,Entire home/apt,52.48717969661576,13.354099650262436,5.0,11,5.087596335232384,1,1,0
58.0,2,0.0,1.0,Entire home/apt,52.5285,13.40076,4.95,63,4.060443010546419,1,1,0
45.0,5,1.0,1.5,Private room,52.55350787273697,13.522199263933365,4.7,10,3.8066624897703196,1,1,0
217.0,4,1.0,1.0,Entire home/apt,52.5645672,13.2328542,5.0,2,5.37989735354046,1,1,0
261.0,4,2.0,1.5,Entire home/apt,52.53322491171805,13.380144014954569,4.63,19,5.564520407322694,1,1,0
80.0,2,1.0,1.0,Private room,52.50964693778743,13.448727553967284,5.0,25,4.382026634673881,1,1,0
77.0,4,1.0,1.0,Entire home/apt,52.444461004555805,13.318594050926208,5.0,33,4.343805421853684,1,1,0
96.0,2,1.0,1.0,Entire home/apt,52.4805757,13.4302446,0.0,0,4.564348191467836,1,1,0
126.0,2,1.0,1.0,Entire home/apt,52.51067959999999,13.4581918,0.0,0,4.836281906951478,1,1,0
113.0,2,1.0,1.0,Entire home/apt,52.5136897,13.4563407,5.0,1,4.727387818712341,1,1,0
90.0,2,1.0,1.0,Entire home/apt,52.43774694254892,13.263295379199436,4.78,50,4.499809670330265,1,1,0
38.0,1,1.0,1.0,Private room,52.57201304119852,13.43314603439329,3.5,2,3.6375861597263857,0,1,0
74.0,2,1.0,1.0,Private room,52.50587,13.30161,4.04,26,4.30406509320417,1,0,0
48.0,5,1.0,1.0,Entire home/apt,52.45913534616719,13.3245087270141,4.82,50,3.871201010907891,1,1,0
83.0,4,0.0,1.0,Entire home/apt,52.53256,13.34511,4.8,59,4.418840607796598,1,1,0
48.0,6,1.0,1.0,Entire home/apt,52.48064602273905,13.34936727468579,4.73,44,3.871201010907891,1,1,0
36.0,2,1.0,1.0,Private room,52.47517029999999,13.5302836,4.67,51,3.58351893845611,1,0,0
189.0,3,1.0,1.0,Entire home/apt,52.51344253250325,13.467452738677808,4.88,8,5.241747015059643,1,1,0
100.0,1,1.0,1.0,Entire home/apt,52.5453757,13.4137611,5.0,2,4.605170185988092,1,1,0
57.0,2,0.0,1.0,Entire home/apt,52.51375,13.33855,4.83,63,4.04305126783455,1,1,0
60.0,2,1.0,1.0,Private room,52.4808436,13.5291331,5.0,23,4.0943445622221,1,1,0
50.0,2,1.0,1.0,Entire home/apt,52.54706410097588,13.356487173227542,4.67,3,3.912023005428146,1,1,0
419.0,16,3.0,2.0,Entire home/apt,52.54813,13.4659,5.0,5,6.037870919922137,1,1,0
102.0,5,2.0,1.0,Entire home/apt,52.49403187157678,13.365107231450216,4.9,10,4.624972813284271,1,1,1
279.0,8,2.0,1.0,Entire home/apt,52.52309704126222,13.398668362880814,4.81,26,5.631211781821365,1,1,0
277.0,8,2.0,1.0,Entire home/apt,52.52520318839266,13.399496506298007,4.67,18,5.6240175061873385,1,1,0
279.0,8,2.0,1.0,Entire home/apt,52.52337297793435,13.399821640837672,4.77,22,5.631211781821365,1,1,0
107.0,3,2.0,1.0,Entire home/apt,52.52995,13.3974,4.33,12,4.672828834461906,1,1,0
47.0,2,0.0,1.0,Entire home/apt,52.49718442715119,13.295130903646958,4.88,43,3.8501476017100584,1,1,0
279.0,8,2.0,1.0,Entire home/apt,52.52336504816873,13.400464454676989,4.82,22,5.631211781821365,1,1,0
52.0,1,1.0,1.0,Private room,52.4985969,13.3783562,0.0,0,3.9512437185814275,1,1,0
72.0,2,1.0,1.0,Private room,52.52495292525618,13.528018509159812,0.0,0,4.276666119016055,1,1,0
60.0,3,1.0,1.0,Private room,52.50177504508078,13.438554061840156,4.97,33,4.0943445622221,1,1,0
60.0,2,1.0,0.5,Private room,52.5404,13.42062,4.99,69,4.0943445622221,1,1,0
287.0,8,2.0,1.0,Entire home/apt,52.52532703699443,13.398988985172846,4.71,14,5.659482215759621,1,1,0
298.0,9,2.0,1.0,Entire home/apt,52.52469,13.39853,4.8,20,5.697093486505405,1,1,0
154.0,4,1.0,1.0,Entire home/apt,52.52496,13.40046,4.57,21,5.0369526024136295,1,1,0
99.0,2,1.0,1.0,Private room,52.48685390000001,13.4305958,5.0,18,4.59511985013459,1,1,0
62.0,2,1.0,0.5,Private room,52.5306503,13.3360129,4.95,21,4.127134385045092,1,1,0
35.0,2,1.0,1.0,Private room,52.5055782672218,13.469087858821078,0.0,0,3.5553480614894135,1,1,0
257.0,6,3.0,1.0,Entire home/apt,52.51296077740571,13.402765765786173,4.62,26,5.54907608489522,1,1,0
53.0,2,1.0,1.0,Entire home/apt,52.53260602331208,13.351573904040846,0.0,0,3.970291913552122,1,1,0
20.0,1,1.0,1.0,Private room,52.52329658434523,13.357238955795763,5.0,2,2.995732273553991,1,1,0
77.0,4,1.0,1.0,Private room,52.48266,13.37344,4.45,20,4.343805421853684,1,0,0
256.0,8,3.0,1.0,Entire home/apt,52.5127529300917,13.402089951127785,4.67,18,5.545177444479562,1,1,0
32.0,2,1.0,1.0,Entire home/apt,52.57252,13.51779,4.0,1,3.4657359027997265,1,0,0
273.0,8,2.0,1.0,Entire home/apt,52.52522,13.39994,4.74,34,5.60947179518496,1,1,0
67.0,5,1.0,1.0,Entire home/apt,52.50148,13.48261,4.54,13,4.204692619390966,1,1,0
99.0,6,1.0,1.0,Entire home/apt,52.50307432523916,13.48268912326884,4.69,16,4.59511985013459,1,1,0
101.0,2,0.0,1.0,Entire home/apt,52.5317948,13.4248182,0.0,0,4.61512051684126,1,1,0
127.0,2,1.0,1.0,Entire home/apt,52.50601,13.39027,0.0,0,4.844187086458591,1,1,0
89.0,2,0.0,1.0,Entire home/apt,52.4828928,13.2905235,0.0,0,4.48863636973214,1,1,0
55.0,2,1.0,1.0,Entire home/apt,52.52086851014333,13.342016934821544,0.0,0,4.007333185232471,1,1,0
95.0,2,1.0,1.0,Entire home/apt,52.52284269292692,13.38118638843298,5.0,1,4.553876891600541,1,1,0
75.0,2,1.0,1.0,Private room,52.4969373,13.3072214,0.0,0,4.31748811353631,1,0,1
66.0,2,1.0,1.0,Private room,52.4969373,13.3072214,4.33,15,4.189654742026425,1,0,1
118.0,2,1.0,1.0,Entire home/apt,52.47736,13.4272,5.0,5,4.770684624465665,1,1,0
69.0,2,1.0,1.0,Entire home/apt,52.5076875709273,13.426484388995345,5.0,11,4.23410650459726,1,1,0
75.0,2,1.0,1.0,Private room,52.4969373,13.3072214,4.0,1,4.31748811353631,1,0,1
168.0,4,2.0,1.0,Entire home/apt,52.4847759,13.3542221,4.95,75,5.123963979403259,1,1,0
146.0,2,2.0,1.0,Entire home/apt,52.489761300185066,13.391385488212109,5.0,7,4.983606621708336,1,1,0
115.0,3,1.0,1.5,Entire home/apt,52.52358836679809,13.384801615344257,4.72,39,4.74493212836325,0,1,0
114.0,4,1.0,1.0,Entire home/apt,52.53058282855572,13.3259336003652,4.95,61,4.736198448394496,1,1,0
160.0,4,2.0,1.0,Entire home/apt,52.41694612657664,13.370352221477363,0.0,0,5.075173815233827,1,1,0
86.0,2,1.0,1.0,Entire home/apt,52.5365324,13.4038687,4.82,11,4.454347296253507,1,1,0
103.0,2,0.0,1.0,Entire home/apt,52.5027,13.32538,5.0,4,4.634728988229636,1,1,0
89.0,2,1.0,1.5,Entire home/apt,52.55640744964901,13.22989233339643,0.0,0,4.48863636973214,1,1,0
193.0,4,2.0,1.0,Entire home/apt,52.52262,13.44979,0.0,0,5.262690188904886,1,1,0
108.0,2,1.0,1.0,Entire home/apt,52.4837212,13.2916297,0.0,0,4.68213122712422,1,1,0
120.0,2,1.0,1.0,Entire home/apt,52.4888522,13.3290707,0.0,0,4.787491742782046,1,1,0
118.0,2,1.0,1.5,Entire home/apt,52.4888522,13.3290707,0.0,0,4.770684624465665,1,1,0
78.0,2,0.0,1.0,Private room,52.50437,13.48958,5.0,2,4.356708826689592,1,1,0
118.0,2,1.0,1.0,Entire home/apt,52.48971,13.33834,4.0,22,4.770684624465665,0,1,0
90.0,1,1.0,1.0,Private room,52.471669060144734,13.444480705466836,5.0,1,4.499809670330265,1,1,0
117.0,4,2.0,1.0,Entire home/apt,52.38438,13.40215,4.75,12,4.762173934797756,1,1,0
90.0,2,2.0,1.0,Private room,52.50185371698758,13.31675040952621,5.0,8,4.499809670330265,1,1,0
94.0,2,1.0,1.0,Private room,52.49299,13.43329,4.89,46,4.543294782270004,1,1,0
229.0,6,3.0,1.5,Entire home/apt,52.52550217258497,13.398855207676608,4.62,34,5.43372200355424,1,1,0
281.0,8,2.0,1.0,Entire home/apt,52.5254089126939,13.398775073992123,4.81,16,5.638354669333745,1,1,0
234.0,6,3.0,1.5,Entire home/apt,52.52361857379508,13.398492913094255,4.68,41,5.455321115357702,1,1,0
277.0,8,2.0,1.0,Entire home/apt,52.52397939537204,13.40041038915306,4.82,22,5.6240175061873385,1,1,0
69.0,9,1.0,2.0,Entire home/apt,52.4888994,13.4231812,4.39,18,4.23410650459726,1,1,0
50.0,4,2.0,1.0,Entire home/apt,52.495064049173,13.402370105128313,4.56,9,3.912023005428146,1,1,0
89.0,4,2.0,1.0,Entire home/apt,52.59576149999999,13.347228,4.29,7,4.48863636973214,1,1,1
461.0,6,3.0,2.0,Entire home/apt,52.529817819037305,13.4067837039736,5.0,1,6.133398042996649,1,1,0
108.0,4,2.0,1.0,Entire home/apt,52.49274765765804,13.42021660957683,4.54,50,4.68213122712422,1,1,0
77.0,2,0.0,1.0,Entire home/apt,52.553287106477725,13.44880538095094,4.88,49,4.343805421853684,1,1,0
504.0,6,3.0,2.0,Entire home/apt,52.531817021104,13.4059461754786,5.0,2,6.222576268071369,1,1,0
279.0,8,2.0,1.0,Entire home/apt,52.52384273719799,13.398221989165773,4.9,31,5.631211781821365,1,1,0
230.0,6,2.0,1.0,Entire home/apt,52.52476638628634,13.398307447722466,4.83,12,5.438079308923196,1,1,0
93.0,2,1.0,1.0,Entire home/apt,52.48973443484611,13.331717918792664,0.0,0,4.532599493153256,1,1,0
118.0,6,3.0,1.0,Entire home/apt,52.40743,13.66954,0.0,0,4.770684624465665,1,1,0
146.0,4,1.0,1.0,Entire home/apt,52.46303,13.33744,4.87,47,4.983606621708336,1,1,0
121.0,6,2.0,1.0,Entire home/apt,52.5115059,13.4169484,4.5,24,4.795790545596741,1,1,0
178.0,10,3.0,2.0,Entire home/apt,52.5115059,13.4169484,4.43,7,5.181783550292085,1,1,0
121.0,6,2.0,1.0,Entire home/apt,52.5115059,13.4169484,3.57,7,4.795790545596741,1,1,0
181.0,10,3.0,2.0,Entire home/apt,52.5115059,13.4169484,3.92,12,5.198497031265826,1,1,0
156.0,3,1.0,1.0,Entire home/apt,52.49361930020122,13.39214633180604,4.91,45,5.049856007249537,1,1,0
193.0,4,2.0,1.0,Entire home/apt,52.4955261,13.4868397,4.6,5,5.262690188904886,0,1,0
82.0,6,2.0,1.0,Entire home/apt,52.4137041,13.5049537,4.71,31,4.406719247264253,1,1,0
195.0,5,3.0,2.0,Entire home/apt,52.53590983345115,13.430054456864752,0.0,0,5.272999558563747,1,1,0
72.0,2,2.0,1.0,Private room,52.49705,13.47042,4.8,5,4.276666119016055,1,1,0
207.0,7,3.0,3.0,Entire home/apt,52.53196244102588,13.393373529663988,5.0,3,5.332718793265369,1,1,0
45.0,2,1.0,1.0,Private room,52.493871690666026,13.355489957672114,4.98,42,3.8066624897703196,1,1,0
153.0,2,1.0,1.0,Entire home/apt,52.538028,13.4160996,5.0,5,5.030437921392435,1,1,0
295.0,6,2.0,1.0,Entire home/apt,52.49023150000001,13.3260965,0.0,0,5.68697535633982,1,0,0
56.0,2,1.0,1.0,Private room,52.55825832648294,13.343323284655767,4.98,44,4.02535169073515,1,0,0
113.0,2,1.0,1.0,Private room,52.49864415742651,13.313833764640693,0.0,0,4.727387818712341,1,0,0
178.0,4,1.0,1.0,Private room,52.49667787443306,13.31447025618274,5.0,1,5.181783550292085,1,1,0
223.0,4,2.0,2.0,Entire home/apt,52.544786525405605,13.367345859833147,4.94,35,5.407171771460119,1,1,0
62.0,1,1.0,1.0,Private room,52.49544923281695,13.424031984655777,4.85,34,4.127134385045092,1,1,0
51.0,1,1.0,1.0,Private room,52.49529246507498,13.424096357672134,4.35,23,3.9318256327243257,1,1,0
55.0,1,1.0,1.0,Private room,52.495606,13.4240749,4.7,40,4.007333185232471,1,1,0
107.0,4,1.0,1.0,Entire home/apt,52.506810455661466,13.318066969513891,4.71,17,4.672828834461906,1,1,0
99.0,4,2.0,1.0,Entire home/apt,52.4731904,13.4404607,0.0,0,4.59511985013459,1,1,0
68.0,2,1.0,1.0,Private room,52.49910372291249,13.425320207651662,4.76,17,4.219507705176107,1,1,0
100.0,10,3.0,2.0,Entire home/apt,52.51156539999999,13.4701854,4.87,45,4.605170185988092,1,1,0
59.0,2,1.0,1.0,Entire home/apt,52.480067559864935,13.32411811177674,0.0,0,4.07753744390572,1,1,0
98.0,3,1.0,1.0,Entire home/apt,52.55233,13.41398,5.0,14,4.584967478670572,1,1,0
188.0,8,2.0,1.0,Entire home/apt,52.56098910111746,13.472866331431842,4.88,24,5.236441962829949,1,1,0
310.0,9,4.0,2.0,Entire home/apt,52.51234,13.40383,4.8,54,5.736572297479192,1,1,0
129.0,7,2.0,1.0,Entire home/apt,52.4856,13.46403,4.81,36,4.859812404361672,1,1,0
71.0,2,1.0,1.0,Entire home/apt,52.54823,13.20869,0.0,0,4.2626798770413155,1,1,0
93.0,4,1.0,1.0,Entire home/apt,52.5487295980123,13.20717942810329,0.0,0,4.532599493153256,1,1,0
116.0,4,1.0,1.0,Entire home/apt,52.493210943831855,13.344699799999995,5.0,2,4.7535901911063645,1,1,0
90.0,4,1.0,1.0,Entire home/apt,52.52139,13.32827,4.41,29,4.499809670330265,1,1,0
83.0,2,1.0,1.0,Private room,52.4968697,13.3216371,4.69,137,4.418840607796598,1,0,0
146.0,2,1.0,1.0,Private room,52.4968697,13.3216371,0.0,0,4.983606621708336,1,0,0
173.0,2,1.0,1.0,Private room,52.4968697,13.3216371,0.0,0,5.153291594497779,1,0,0
113.0,2,1.0,1.0,Private room,52.4968697,13.3216371,0.0,0,4.727387818712341,1,0,0
146.0,2,1.0,1.0,Private room,52.4968697,13.3216371,0.0,0,4.983606621708336,1,0,0
73.0,2,1.0,1.0,Entire home/apt,52.55235,13.38481,4.4,5,4.290459441148391,0,1,0
53.0,2,1.0,1.0,Private room,52.415206,13.5179019,5.0,28,3.970291913552122,1,1,0
54.0,3,1.0,1.0,Entire home/apt,52.52431878714972,13.417501913227136,4.55,20,3.9889840465642745,1,1,1
93.0,2,1.0,1.0,Entire home/apt,52.47341,13.44101,0.0,0,4.532599493153256,1,1,0
82.0,2,1.0,1.0,Entire home/apt,52.52111610165113,13.325791991311313,4.78,55,4.406719247264253,1,1,0
169.0,3,1.0,1.0,Entire home/apt,52.5024253,13.4410753,4.63,8,5.1298987149230735,1,1,0
231.0,4,1.0,1.0,Entire home/apt,52.5036999,13.4344552,4.93,14,5.442417710521793,1,1,0
90.0,4,1.0,1.0,Entire home/apt,52.46691,13.429,0.0,0,4.499809670330265,1,1,0
28.0,1,4.0,1.0,Private room,52.4857,13.2962,4.0,1,3.332204510175204,1,1,0
74.0,2,1.0,2.0,Private room,52.49595739999999,13.415387,4.98,53,4.30406509320417,1,0,1
72.0,4,1.0,1.0,Entire home/apt,52.51144,13.46031,0.0,0,4.276666119016055,1,1,0
42.0,2,1.0,1.0,Private room,52.49197132314616,13.317820146843752,0.0,0,3.7376696182833684,1,1,0
110.0,4,1.0,2.0,Entire home/apt,52.5077820961585,13.316116527848706,0.0,0,4.700480365792417,1,1,0
139.0,8,2.0,1.0,Entire home/apt,52.5850324,13.3691207,5.0,3,4.9344739331306915,1,1,0
90.0,2,1.0,1.0,Entire home/apt,52.4617509,13.4232549,4.0,1,4.499809670330265,1,1,0
137.0,4,3.0,1.0,Entire home/apt,52.50585,13.38018,0.0,0,4.919980925828125,1,1,0
139.0,4,3.0,1.0,Entire home/apt,52.50585,13.38018,0.0,0,4.9344739331306915,1,1,0
190.0,4,2.0,1.0,Entire home/apt,52.50585,13.38018,0.0,0,5.247024072160486,1,1,0
265.0,3,1.0,2.0,Entire home/apt,52.50442,13.4747,5.0,13,5.579729825986222,1,1,0
77.0,3,1.0,1.0,Entire home/apt,52.52681127459185,13.351268250563969,4.35,37,4.343805421853684,1,1,0
84.0,5,1.0,1.0,Entire home/apt,52.50311276970152,13.480724254000592,4.53,19,4.430816798843313,1,1,0
161.0,5,1.0,1.0,Entire home/apt,52.51054237075891,13.298407173541271,0.0,0,5.081404364984463,1,1,0
67.0,1,1.0,1.0,Private room,52.5139,13.45028,4.74,31,4.204692619390966,1,0,0
150.0,3,1.0,1.0,Entire home/apt,52.5389107,13.4074772,5.0,6,5.0106352940962555,1,1,0
114.0,2,1.0,0.5,Private room,52.5609,13.35,0.0,0,4.736198448394496,1,1,0
75.0,2,1.0,1.0,Entire home/apt,52.51752178903764,13.420683303704845,5.0,3,4.31748811353631,1,1,0
120.0,4,2.0,1.0,Entire home/apt,52.50427,13.30946,0.0,0,4.787491742782046,1,1,0
140.0,4,2.0,1.0,Entire home/apt,52.55513286078546,13.495982614362555,4.84,19,4.941642422609304,1,1,0
205.0,4,2.0,1.5,Entire home/apt,52.52785,13.39758,4.71,14,5.3230099791384085,1,1,0
108.0,2,1.0,1.0,Entire home/apt,52.50586301322702,13.466310313878864,5.0,6,4.68213122712422,1,1,0
68.0,2,1.0,1.0,Entire home/apt,52.44471608253747,13.458988554775717,0.0,0,4.219507705176107,1,1,0
72.0,2,1.0,1.0,Entire home/apt,52.539254934745394,13.411618899554014,4.85,33,4.276666119016055,1,1,0
510.0,6,2.0,1.0,Entire home/apt,52.48987,13.26119,4.0,2,6.234410725718371,1,1,1
163.0,2,1.0,1.0,Entire home/apt,52.5070278770084,13.266615201622166,5.0,4,5.093750200806762,1,1,0
90.0,2,1.0,1.0,Entire home/apt,52.49675379471787,13.483710550262469,4.87,31,4.499809670330265,1,1,1
146.0,2,1.0,1.0,Entire home/apt,52.50227229999999,13.3130205,0.0,0,4.983606621708336,1,1,0
54.0,4,1.0,1.0,Entire home/apt,52.5637921,13.3630624,4.85,13,3.9889840465642745,1,1,0
90.0,4,1.0,1.0,Entire home/apt,52.54036041311281,13.411813359707594,4.85,34,4.499809670330265,1,1,0
90.0,5,1.0,1.0,Entire home/apt,52.539459741832765,13.41092286631465,4.83,47,4.499809670330265,1,1,0
90.0,4,1.0,1.0,Entire home/apt,52.54063,13.41047,4.54,59,4.499809670330265,1,1,0
117.0,3,1.0,1.0,Entire home/apt,52.54564,13.42683,4.87,23,4.762173934797756,1,1,0
65.0,4,1.0,1.0,Entire home/apt,52.53331282162199,13.195643573999403,0.0,0,4.174387269895637,1,1,0
165.0,8,2.0,1.0,Entire home/apt,52.44963012039005,13.437856151501515,4.92,13,5.10594547390058,1,1,0
399.0,4,3.0,2.0,Entire home/apt,52.50086257449824,13.30421173402474,0.0,0,5.988961416889864,1,1,0
9.0,2,1.0,1.0,Private room,52.56454552073711,13.406080528508417,4.92,12,2.1972245773362196,1,1,1
60.0,5,1.0,1.0,Entire home/apt,52.55342071063442,13.43656950628786,4.55,22,4.0943445622221,1,1,0
81.0,8,2.0,1.0,Entire home/apt,52.55381082970519,13.348497591171537,4.59,29,4.394449154672439,1,1,0
158.0,6,2.0,2.0,Entire home/apt,52.5518888345088,13.41791295602522,0.0,0,5.062595033026967,1,1,1
68.0,2,1.0,1.0,Private room,52.52475,13.32749,4.88,16,4.219507705176107,1,1,0
206.0,6,2.0,1.0,Entire home/apt,52.50197602643615,13.492261728279084,3.5,6,5.327876168789581,1,1,0
180.0,3,1.0,1.0,Entire home/apt,52.54077,13.41952,5.0,1,5.19295685089021,1,1,0
133.0,2,1.0,1.0,Entire home/apt,52.49426,13.42948,4.91,22,4.890349128221754,1,1,0
186.0,3,1.0,1.0,Entire home/apt,52.48067739685853,13.427820695531794,4.75,4,5.225746673713202,1,1,0
79.0,2,1.0,1.0,Entire home/apt,52.48532,13.32597,5.0,2,4.3694478524670215,1,1,0
111.0,3,1.0,1.0,Entire home/apt,52.51045,13.29752,4.38,8,4.709530201312334,1,1,0
78.0,4,1.0,1.0,Entire home/apt,52.49722333579185,13.38523370559039,4.61,33,4.356708826689592,1,1,0
175.0,7,3.0,2.0,Entire home/apt,52.50190913223731,13.321422671429737,0.0,0,5.1647859739235145,1,1,1
129.0,3,1.0,1.0,Entire home/apt,52.48527,13.32685,5.0,1,4.859812404361672,1,1,0
129.0,3,1.0,1.0,Entire home/apt,52.48735176893652,13.325914441192683,5.0,2,4.859812404361672,1,1,0
67.0,1,1.0,1.0,Entire home/apt,52.54497,13.4181,5.0,4,4.204692619390966,1,1,0
70.0,2,1.0,1.0,Entire home/apt,52.50176279999999,13.3164893,4.33,24,4.248495242049359,1,1,0
66.0,2,1.0,1.0,Entire home/apt,52.50176,13.31649,4.21,19,4.189654742026425,1,1,0
84.0,2,0.0,1.0,Entire home/apt,52.47285,13.44884,5.0,21,4.430816798843313,1,1,0
85.0,1,1.0,1.0,Private room,52.4639837,13.4443385,5.0,10,4.442651256490317,1,0,1
108.0,2,1.0,1.0,Private room,52.4639837,13.4443385,4.81,47,4.68213122712422,1,1,1
101.0,2,1.0,1.0,Private room,52.4639837,13.4443385,4.5,4,4.61512051684126,1,0,1
158.0,4,0.0,1.0,Entire home/apt,52.49109,13.3817,0.0,0,5.062595033026967,1,0,0
105.0,2,1.0,1.0,Entire home/apt,52.5289228633731,13.414361384173503,5.0,9,4.653960350157523,1,1,1
172.0,2,1.0,1.0,Entire home/apt,52.51253645401454,13.457735655976068,5.0,4,5.147494476813453,1,1,0
33.0,2,1.0,1.0,Private room,52.49847738983654,13.388447446711824,4.86,56,3.4965075614664802,1,1,0
129.0,2,1.0,1.0,Entire home/apt,52.46910375143968,13.316310803774591,5.0,2,4.859812404361672,1,1,0
206.0,7,2.0,1.0,Entire home/apt,52.48213951252431,13.426747164041336,5.0,26,5.327876168789581,1,1,0
161.0,5,3.0,1.0,Entire home/apt,52.436048,13.2614242,4.88,34,5.081404364984463,1,1,0
123.0,3,1.0,1.0,Private room,52.49414,13.42933,4.76,17,4.812184355372417,1,1,0
248.0,4,2.0,1.0,Entire home/apt,52.5085293,13.4535958,5.0,7,5.5134287461649825,1,1,0
176.0,4,1.0,1.0,Entire home/apt,52.49893700454002,13.315871157942825,5.0,11,5.170483995038151,1,1,0
28.0,1,1.0,1.0,Private room,52.52234180230992,13.356239901103343,0.0,0,3.332204510175204,1,1,0
180.0,2,1.0,1.0,Entire home/apt,52.50283190603043,13.431056588360615,5.0,4,5.19295685089021,1,1,0
64.0,2,1.0,1.0,Entire home/apt,52.60197215032364,13.322494060004638,5.0,3,4.1588830833596715,1,1,0
71.0,4,1.0,1.0,Entire home/apt,52.54031940456444,13.353898357663445,5.0,9,4.2626798770413155,1,1,0
52.0,1,1.0,1.0,Private room,52.49976,13.433,4.96,47,3.9512437185814275,1,1,0
43.0,1,1.0,1.0,Private room,52.5492415,13.34872,4.83,18,3.7612001156935624,1,1,0
70.0,1,0.0,1.0,Entire home/apt,52.5001715,13.3151285,0.0,0,4.248495242049359,1,0,0
206.0,7,2.0,1.0,Entire home/apt,52.480286007330285,13.426025976701837,4.81,32,5.327876168789581,1,1,0
40.0,1,1.0,3.0,Private room,52.50535,13.29668,4.58,12,3.6888794541139363,1,1,0
128.0,3,1.0,1.0,Private room,52.52731,13.38741,4.0,4,4.852030263919617,1,0,0
138.0,2,1.0,1.0,Entire home/apt,52.5401221,13.4227376,0.0,0,4.927253685157205,1,1,0
133.0,4,1.0,1.0,Entire home/apt,52.529824437684766,13.38122181713516,4.95,19,4.890349128221754,1,1,0
49.0,2,1.0,1.0,Private room,52.530610641838926,13.4032385908426,0.0,0,3.8918202981106265,1,1,0
183.0,3,2.0,1.0,Entire home/apt,52.458703347934566,13.37833520717157,0.0,0,5.209486152841421,1,1,0
166.0,5,2.0,1.0,Entire home/apt,52.52421840158169,13.397579751409324,4.61,33,5.111987788356544,1,1,0
50.0,2,1.0,1.0,Entire home/apt,52.4894395346905,13.291944480079032,0.0,0,3.912023005428146,1,1,0
451.0,6,3.0,1.0,Entire home/apt,52.50472,13.32033,4.48,25,6.111467339502679,1,1,0
212.0,6,2.0,1.0,Entire home/apt,52.51375199069668,13.403741719290077,4.86,35,5.356586274672012,1,1,0
256.0,16,1.0,1.0,Entire home/apt,52.5260697,13.3172276,0.0,0,5.545177444479562,1,1,1
72.0,3,1.0,1.0,Entire home/apt,52.53410358202929,13.187849019481932,4.75,8,4.276666119016055,1,1,0
110.0,4,1.0,1.0,Private room,52.4881924,13.2842193,5.0,16,4.700480365792417,1,1,0
77.0,3,1.0,1.0,Private room,52.55455,13.41411,0.0,0,4.343805421853684,1,1,0
270.0,5,2.0,1.0,Entire home/apt,52.5602902,13.211109,4.0,5,5.598421958998375,0,1,0
71.0,2,1.0,1.0,Entire home/apt,52.52323,13.32429,4.64,45,4.2626798770413155,1,1,0
44.0,3,2.0,1.0,Entire home/apt,52.49669089092109,13.445271335489483,0.0,0,3.784189633918261,1,1,0
70.0,2,1.0,1.0,Entire home/apt,52.49267,13.43012,0.0,0,4.248495242049359,1,1,0
153.0,4,2.0,2.0,Entire home/apt,52.50890435445167,13.46843120986827,5.0,5,5.030437921392435,1,1,0
107.0,2,1.0,1.0,Entire home/apt,52.46066646247829,13.5784637605132,0.0,0,4.672828834461906,0,0,0
145.0,4,1.0,1.0,Entire home/apt,52.5106256729445,13.504242843622672,4.69,13,4.976733742420574,1,1,0
71.0,4,1.0,1.0,Entire home/apt,52.5002727,13.4602556,4.58,24,4.2626798770413155,1,1,0
113.0,2,1.0,1.0,Private room,52.52411613959622,13.40975383747072,4.89,9,4.727387818712341,1,1,0
76.0,3,1.0,1.0,Entire home/apt,52.52031,13.34278,4.8,5,4.330733340286331,1,1,0
428.0,5,1.0,2.0,Entire home/apt,52.51996,13.44536,5.0,2,6.059123195581797,1,1,0
117.0,4,1.0,1.0,Entire home/apt,52.44565,13.37503,4.86,14,4.762173934797756,1,1,0
270.0,8,4.0,2.5,Entire home/apt,52.50346419359457,13.328521637329608,0.0,0,5.598421958998375,1,1,1
77.0,2,1.0,1.0,Entire home/apt,52.4989,13.46478,5.0,3,4.343805421853684,1,1,0
124.0,8,1.0,1.0,Entire home/apt,52.490037486418046,13.408220264770035,4.86,14,4.820281565605037,1,1,0
135.0,4,2.0,1.0,Entire home/apt,52.46196923894554,13.592086136341097,5.0,21,4.90527477843843,1,1,0
99.0,1,1.0,1.0,Entire home/apt,52.4609687,13.519843,5.0,1,4.59511985013459,0,0,0
96.0,3,1.0,1.0,Entire home/apt,52.52535240599138,13.452810756862164,4.5,2,4.564348191467836,0,1,0
134.0,1,1.0,1.0,Entire home/apt,52.4609687,13.519843,0.0,0,4.897839799950911,1,1,0
92.0,2,1.0,1.0,Entire home/apt,52.4609687,13.519843,5.0,1,4.5217885770490405,1,1,0
142.0,1,1.0,1.0,Entire home/apt,52.4609687,13.519843,0.0,0,4.955827057601261,0,0,0
95.0,1,1.0,1.0,Entire home/apt,52.4609687,13.519843,0.0,0,4.553876891600541,0,0,0
87.0,1,1.0,1.0,Entire home/apt,52.4609687,13.519843,0.0,0,4.465908118654584,0,0,0
151.0,3,2.0,1.0,Entire home/apt,52.4828068,13.2905687,0.0,0,5.017279836814924,1,1,0
106.0,2,1.0,1.0,Entire home/apt,52.4834109,13.2914019,0.0,0,4.663439094112067,1,1,0
111.0,2,1.0,1.0,Entire home/apt,52.4685028,13.431694,3.0,1,4.709530201312334,1,1,0
339.0,8,2.0,2.0,Entire home/apt,52.53787227026538,13.3752504335314,0.0,0,5.82600010738045,1,1,0
51.0,2,1.0,1.0,Entire home/apt,52.50954931953915,13.422535523803704,0.0,0,3.9318256327243257,1,1,0
72.0,4,1.0,1.0,Entire home/apt,52.48488,13.4288,0.0,0,4.276666119016055,0,1,0
29.0,1,1.0,1.0,Private room,52.57009,13.31843,0.0,0,3.367295829986474,1,1,0
125.0,4,2.0,2.0,Entire home/apt,52.51794,13.38425,4.0,1,4.8283137373023015,1,1,0
132.0,2,1.0,1.0,Private room,52.5038752,13.3743635,5.0,2,4.882801922586371,1,1,0
155.0,2,1.0,1.0,Entire home/apt,52.54822796071439,13.41140869239814,4.83,12,5.043425116919247,1,1,0
10.0,1,1.0,1.0,Entire home/apt,52.48837911195095,13.449733470157346,0.0,0,2.302585092994046,1,1,0
127.0,3,1.0,1.0,Entire home/apt,52.509672540446914,13.372783843172442,4.73,15,4.844187086458591,1,1,0
84.0,3,1.0,1.0,Entire home/apt,52.47891320986739,13.429963300433096,0.0,0,4.430816798843313,1,1,0
104.0,5,2.0,1.0,Entire home/apt,52.42103698919507,13.532415404383553,5.0,18,4.6443908991413725,1,1,0
117.0,4,1.0,1.0,Entire home/apt,52.52453,13.41682,4.86,29,4.762173934797756,1,1,0
58.0,2,1.0,1.0,Private room,52.49644,13.44199,4.93,14,4.060443010546419,1,1,0
92.0,2,1.0,1.0,Entire home/apt,52.46825,13.42444,0.0,0,4.5217885770490405,1,1,0
69.0,2,1.0,1.0,Private room,52.46321,13.43714,4.93,15,4.23410650459726,1,0,1
59.0,4,1.0,1.0,Private room,52.46961,13.43311,4.75,24,4.07753744390572,1,1,0
198.0,3,1.0,1.0,Entire home/apt,52.51845980880686,13.332756944836108,5.0,19,5.288267030694535,1,1,0
72.0,2,1.0,1.0,Private room,52.55639568569202,13.393817347389971,4.56,9,4.276666119016055,1,1,0
126.0,4,2.0,1.0,Entire home/apt,52.47805012756732,13.530983372447569,4.41,22,4.836281906951478,1,1,0
210.0,4,2.0,1.0,Entire home/apt,52.5008415,13.359691,5.0,1,5.3471075307174685,1,1,0
72.0,2,1.0,1.0,Private room,52.55453049297236,13.34405649660789,4.89,9,4.276666119016055,1,1,0
160.0,2,1.0,1.0,Entire home/apt,52.5339155,13.4122988,0.0,0,5.075173815233827,1,1,0
81.0,2,1.0,1.0,Entire home/apt,52.56468273733033,13.322015999446062,5.0,36,4.394449154672439,1,1,0
172.0,3,1.0,1.0,Entire home/apt,52.49098626628005,13.488457504754631,4.0,4,5.147494476813453,1,1,1
129.0,2,1.0,1.0,Entire home/apt,52.5363090963828,13.394020546032731,5.0,2,4.859812404361672,1,1,0
50.0,2,1.0,1.0,Private room,52.51838,13.46423,4.8,10,3.912023005428146,1,1,0
22.0,1,1.0,1.0,Private room,52.41716191985558,13.44466323488319,0.0,0,3.091042453358316,1,1,0
86.0,2,1.0,1.0,Entire home/apt,52.4989229,13.3255613,0.0,0,4.454347296253507,1,1,0
90.0,2,1.0,1.0,Entire home/apt,52.50940894019455,13.422468094720465,0.0,0,4.499809670330265,1,1,0
95.0,2,1.0,1.0,Entire home/apt,52.515673,13.29348,0.0,0,4.553876891600541,1,1,0
43.0,1,1.0,1.5,Private room,52.50163,13.39072,5.0,11,3.7612001156935624,1,1,0
60.0,2,1.0,1.0,Entire home/apt,52.52222,13.30576,0.0,0,4.0943445622221,1,1,0
125.0,2,1.0,1.5,Entire home/apt,52.50198,13.4315,4.94,18,4.8283137373023015,1,1,0
79.0,2,1.0,1.0,Private room,52.52202,13.40386,4.7,155,4.3694478524670215,1,0,1
140.0,6,2.0,1.0,Entire home/apt,52.46626,13.38489,4.95,22,4.941642422609304,1,1,0
62.0,2,1.0,1.0,Entire home/apt,52.5316383,13.3813953,0.0,0,4.127134385045092,1,1,0
80.0,2,2.0,1.0,Private room,52.44635912350341,13.303863721849163,0.0,0,4.382026634673881,1,1,0
165.0,2,1.0,1.0,Entire home/apt,52.51021,13.45044,4.87,23,5.10594547390058,1,1,0
62.0,2,1.0,1.0,Entire home/apt,52.56896538417264,13.34735079151906,0.0,0,4.127134385045092,1,1,0
127.0,2,1.0,1.0,Entire home/apt,52.49451,13.42153,4.88,16,4.844187086458591,1,1,0
114.0,2,1.0,1.0,Private room,52.53082,13.40561,4.91,11,4.736198448394496,1,1,0
191.0,3,2.0,1.0,Entire home/apt,52.53137,13.40516,0.0,0,5.25227342804663,0,1,0
136.0,4,1.0,1.0,Private room,52.525615735794325,13.386839400873784,4.08,12,4.912654885736052,1,0,0
62.0,3,1.0,1.0,Entire home/apt,52.54149,13.2022,5.0,1,4.127134385045092,1,1,0
62.0,2,1.0,1.0,Private room,52.53099265449492,13.434036560251169,4.95,20,4.127134385045092,1,1,0
85.0,3,1.0,1.0,Entire home/apt,52.52526243989364,13.325426280498505,4.86,22,4.442651256490317,1,1,0
125.0,3,2.0,1.0,Entire home/apt,52.488069203359935,13.429403431991846,4.94,17,4.8283137373023015,1,1,0
116.0,2,1.0,1.0,Entire home/apt,52.54688415635478,13.344668503704842,0.0,0,4.7535901911063645,1,1,0
47.0,4,1.0,1.0,Entire home/apt,52.48768,13.42005,4.76,50,3.8501476017100584,1,1,0
133.0,5,3.0,2.0,Entire home/apt,52.41554,13.57445,5.0,1,4.890349128221754,1,1,0
213.0,4,2.0,1.0,Entire home/apt,52.49944982845338,13.436657823622228,4.86,7,5.3612921657094255,1,1,0
112.0,8,3.0,2.0,Entire home/apt,52.49435,13.56474,5.0,7,4.718498871295094,1,1,0
72.0,2,1.0,1.0,Entire home/apt,52.50084,13.32696,0.0,0,4.276666119016055,1,1,0
70.0,1,1.0,1.0,Entire home/apt,52.4609687,13.519843,0.0,0,4.248495242049359,1,1,0
100.0,2,1.0,1.0,Entire home/apt,52.4284697577227,13.690547682344912,4.82,11,4.605170185988092,1,1,0
35.0,2,1.0,1.0,Private room,52.571181046190524,13.332662924872944,0.0,0,3.5553480614894135,1,1,0
93.0,2,1.0,1.0,Entire home/apt,52.4896754,13.3910197,0.0,0,4.532599493153256,1,1,0
420.0,6,3.0,1.5,Entire home/apt,52.54936167302456,13.45211440719938,4.5,2,6.040254711277414,1,1,0
120.0,2,1.0,1.0,Entire home/apt,52.5070584,13.4148384,4.88,32,4.787491742782046,1,1,0
123.0,2,1.0,1.0,Entire home/apt,52.48801898508369,13.432798687148964,4.78,18,4.812184355372417,1,1,0
146.0,5,4.0,3.0,Entire home/apt,52.54284746716165,13.132510761231703,4.71,17,4.983606621708336,1,1,0
112.0,3,1.0,1.0,Private room,52.52578,13.38699,5.0,2,4.718498871295094,1,0,0
120.0,3,2.0,1.0,Entire home/apt,52.5328,13.41654,0.0,0,4.787491742782046,1,1,0
200.0,6,3.0,2.0,Entire home/apt,52.602238371208365,13.457709488360612,4.33,3,5.298317366548036,1,1,1
90.0,2,1.0,1.0,Entire home/apt,52.55026789999999,13.2618219,4.72,32,4.499809670330265,1,1,0
83.0,2,1.0,1.0,Entire home/apt,52.50922828684189,13.31724873534604,4.8,25,4.418840607796598,1,1,0
160.0,6,3.0,1.5,Entire home/apt,52.51952,13.62265,4.83,6,5.075173815233827,1,1,0
48.0,2,1.0,1.0,Private room,52.46705,13.43061,4.83,23,3.871201010907891,1,1,0
180.0,4,2.0,2.0,Entire home/apt,52.5436706,13.4253059,4.93,14,5.19295685089021,1,1,0
146.0,4,2.0,1.0,Entire home/apt,52.47734,13.44727,5.0,9,4.983606621708336,1,1,0
233.0,6,2.0,2.0,Entire home/apt,52.4909589,13.3926881,4.88,25,5.4510384535657,1,1,0
158.0,3,1.0,1.0,Entire home/apt,52.5016296,13.3373022,0.0,0,5.062595033026967,1,1,0
60.0,4,1.0,1.0,Entire home/apt,52.49974405242971,13.463525507409656,0.0,0,4.0943445622221,1,1,0
64.0,3,1.0,1.0,Entire home/apt,52.60852386861659,13.432429980776202,3.86,7,4.1588830833596715,1,1,0
80.0,2,1.0,1.0,Entire home/apt,52.45457941394088,13.635276407003404,4.97,32,4.382026634673881,1,1,0
184.0,7,2.0,2.0,Entire home/apt,52.514507737018526,13.300129169888312,4.77,31,5.214935757608986,1,1,1
150.0,4,2.0,1.0,Entire home/apt,52.56053884925538,13.240754641592504,5.0,5,5.0106352940962555,1,1,0
99.0,2,1.0,1.0,Entire home/apt,52.55224,13.40297,4.96,23,4.59511985013459,1,1,0
160.0,4,1.0,1.0,Entire home/apt,52.552022126334606,13.403333090923208,5.0,10,5.075173815233827,1,1,0
144.0,4,2.0,1.0,Entire home/apt,52.49174,13.41755,5.0,5,4.969813299576001,1,1,1
221.0,6,3.0,1.0,Entire home/apt,52.52907,13.39071,0.0,0,5.3981627015177525,1,1,0
133.0,7,2.0,1.5,Entire home/apt,52.49104,13.4341,4.79,48,4.890349128221754,1,1,0
59.0,2,1.0,1.0,Private room,52.5268868,13.417837,0.0,0,4.07753744390572,1,1,0
65.0,1,1.0,15.0,Private room,52.55763,13.34262,0.0,0,4.174387269895637,1,1,0
89.0,2,1.0,1.0,Entire home/apt,52.5868914,13.3898677,5.0,6,4.48863636973214,1,1,0
328.0,5,2.0,1.0,Entire home/apt,52.481505753865065,13.429802376299852,5.0,15,5.793013608384144,1,1,0
48.0,2,1.0,1.0,Private room,52.44194120576035,13.22304249022861,4.75,12,3.871201010907891,1,1,0
129.0,4,2.0,1.0,Entire home/apt,52.50485108121419,13.415913345899256,0.0,0,4.859812404361672,1,1,0
120.0,2,1.0,1.0,Entire home/apt,52.53034,13.40463,5.0,11,4.787491742782046,1,1,0
65.0,1,2.0,1.0,Private room,52.5514026,13.356817,4.61,31,4.174387269895637,1,1,0
131.0,3,1.0,1.0,Entire home/apt,52.51470685496078,13.435083923172972,5.0,33,4.875197323201151,1,1,0
124.0,4,1.0,1.0,Entire home/apt,52.49023980528716,13.299617540973946,4.85,13,4.820281565605037,1,1,0
91.0,2,1.0,1.0,Private room,52.5220159,13.4038642,4.73,82,4.51085950651685,1,0,1
126.0,4,1.0,1.0,Private room,52.5220159,13.4038642,4.72,39,4.836281906951478,1,0,1
542.0,14,6.0,1.0,Private room,52.5220159,13.4038642,0.0,0,6.295266001439646,1,0,1
67.0,2,1.0,1.0,Entire home/apt,52.537267135781946,13.40646158867833,0.0,0,4.204692619390966,1,1,0
75.0,2,1.0,1.0,Entire home/apt,52.5414505,13.4095488,0.0,0,4.31748811353631,1,1,0
77.0,3,1.0,1.5,Entire home/apt,52.45784353868609,13.328185909370742,5.0,2,4.343805421853684,1,1,0
80.0,4,2.0,1.0,Entire home/apt,52.491,13.43417,4.57,44,4.382026634673881,1,1,0
67.0,5,1.0,1.0,Entire home/apt,52.50133123304453,13.480576880836088,4.46,13,4.204692619390966,1,1,0
279.0,4,1.0,1.0,Entire home/apt,52.49851279863122,13.465082531978878,0.0,0,5.631211781821365,1,1,0
166.0,2,1.0,1.0,Entire home/apt,52.49701113638276,13.463248389828903,0.0,0,5.111987788356544,1,1,0
166.0,2,1.0,1.0,Entire home/apt,52.49879,13.46382,0.0,0,5.111987788356544,1,1,0
166.0,2,1.0,1.0,Entire home/apt,52.49879055579963,13.463456081108491,5.0,1,5.111987788356544,1,1,0
166.0,2,1.0,1.0,Entire home/apt,52.49858,13.46298,5.0,1,5.111987788356544,1,1,0
157.0,2,1.0,1.0,Entire home/apt,52.49747637049268,13.46526383521513,0.0,0,5.056245805348308,1,1,0
157.0,2,1.0,1.0,Entire home/apt,52.4966685027632,13.463585186783588,5.0,2,5.056245805348308,1,1,0
157.0,2,1.0,1.0,Entire home/apt,52.49872,13.46439,0.0,0,5.056245805348308,1,1,0
332.0,7,3.0,2.0,Entire home/apt,52.49678786645957,13.465085593599865,0.0,0,5.805134968916488,1,1,0
312.0,6,3.0,2.0,Entire home/apt,52.49683338122385,13.464813377052922,4.5,2,5.7430031878094825,1,1,0
332.0,7,3.0,2.0,Entire home/apt,52.49676,13.46388,5.0,1,5.805134968916488,1,1,0
306.0,4,2.0,2.0,Entire home/apt,52.49873420544317,13.464722813636865,5.0,2,5.723585101952381,1,1,0
233.0,4,1.0,1.5,Entire home/apt,52.49843,13.46491,0.0,0,5.4510384535657,1,1,0
203.0,4,1.0,1.0,Entire home/apt,52.49679,13.46513,0.0,0,5.313205979041787,1,1,1
243.0,4,2.0,1.0,Entire home/apt,52.49691,13.46496,5.0,2,5.493061443340548,1,1,0
175.0,2,1.0,1.0,Entire home/apt,52.497071116789215,13.463383589919674,5.0,1,5.1647859739235145,1,1,1
225.0,4,2.0,1.0,Entire home/apt,52.48784371409166,13.430318565499412,5.0,1,5.41610040220442,1,1,0
102.0,5,1.0,1.0,Entire home/apt,52.4891,13.43446,4.77,35,4.624972813284271,1,1,0
76.0,2,1.0,1.0,Entire home/apt,52.55336538699802,13.448741007934585,4.83,40,4.330733340286331,1,1,0
50.0,2,1.0,1.0,Private room,52.55540775543284,13.16623294950296,5.0,1,3.912023005428146,1,1,0
779.0,12,2.0,1.0,Entire home/apt,52.3800490988197,13.647661171853542,5.0,3,6.658011045870748,1,1,0
72.0,2,1.0,1.0,Entire home/apt,52.50433560438224,13.479157745882867,0.0,0,4.276666119016055,1,1,0
68.0,2,1.0,1.0,Entire home/apt,52.48275830406144,13.362282121066016,4.68,37,4.219507705176107,1,1,0
125.0,3,1.0,1.0,Entire home/apt,52.54013,13.40679,4.82,11,4.8283137373023015,1,1,0
132.0,4,1.0,1.0,Entire home/apt,52.51265,13.50212,4.14,14,4.882801922586371,1,1,0
44.0,2,1.0,0.5,Private room,52.53970890000001,13.1770383,4.82,33,3.784189633918261,1,0,0
197.0,4,2.0,1.5,Entire home/apt,52.49256587702704,13.482000075039606,0.0,0,5.2832037287379885,1,1,0
160.0,8,4.0,2.0,Entire home/apt,52.5256596,13.4568447,0.0,0,5.075173815233827,1,1,0
103.0,4,2.0,1.0,Entire home/apt,52.5305951750384,13.43644115948764,0.0,0,4.634728988229636,1,1,0
104.0,4,1.0,1.0,Entire home/apt,52.51803547039465,13.459631444644373,4.75,4,4.6443908991413725,1,1,0
132.0,2,1.0,1.0,Entire home/apt,52.5327893,13.3708787,0.0,0,4.882801922586371,1,1,0
50.0,2,1.0,1.0,Private room,52.48359,13.43382,4.91,35,3.912023005428146,1,1,0
162.0,7,3.0,1.0,Entire home/apt,52.5255562,13.3914843,4.33,39,5.087596335232384,1,1,0
59.0,2,1.0,1.0,Entire home/apt,52.50022065480191,13.336000604797247,0.0,0,4.07753744390572,1,1,0
53.0,2,1.0,1.0,Private room,52.469507394059,13.43565210741179,4.92,12,3.970291913552122,1,1,0
55.0,2,1.0,1.0,Entire home/apt,52.51979733374132,13.359872870071536,4.5,2,4.007333185232471,1,1,0
119.0,1,1.0,0.5,Private room,52.5629493760684,13.348552094278483,0.0,0,4.77912349311153,1,1,0
65.0,2,1.0,1.0,Entire home/apt,52.492866541666096,13.436542888301156,1.0,1,4.174387269895637,1,1,0
72.0,2,1.0,1.0,Entire home/apt,52.50920402159747,13.270527720230469,0.0,0,4.276666119016055,1,1,0
97.0,2,1.0,1.0,Entire home/apt,52.49132,13.43705,0.0,0,4.574710978503383,1,1,0
70.0,4,2.0,1.0,Private room,52.50959245361855,13.278982003704847,4.97,34,4.248495242049359,1,0,0
78.0,2,1.0,1.0,Entire home/apt,52.53644942899641,13.408524029543443,4.75,4,4.356708826689592,1,1,0
225.0,4,2.0,1.5,Entire home/apt,52.34692,13.6405,5.0,1,5.41610040220442,1,1,0
428.0,8,3.0,2.0,Entire home/apt,52.56083855238333,13.402088294201832,4.88,8,6.059123195581797,1,1,1
78.0,2,1.0,1.0,Entire home/apt,52.49566,13.34181,4.97,39,4.356708826689592,1,1,0
162.0,3,1.0,1.0,Entire home/apt,52.50423,13.30457,0.0,0,5.087596335232384,1,1,0
101.0,2,1.0,1.0,Entire home/apt,52.46881,13.43433,0.0,0,4.61512051684126,1,1,0
126.0,4,2.0,1.0,Entire home/apt,52.49745,13.39589,0.0,0,4.836281906951478,1,1,0
177.0,4,2.0,2.0,Entire home/apt,52.4775751,13.297416,0.0,0,5.176149732573829,1,1,0
99.0,2,1.0,1.0,Entire home/apt,52.50534,13.41944,4.93,30,4.59511985013459,1,1,0
138.0,2,1.0,1.0,Entire home/apt,52.50643136010331,13.463712738817376,4.88,8,4.927253685157205,1,1,0
80.0,2,1.0,1.0,Private room,52.549716222765305,13.412115581831149,5.0,3,4.382026634673881,1,0,0
150.0,4,1.0,1.0,Entire home/apt,52.53723259387916,13.418888476721207,4.5,20,5.0106352940962555,1,1,0
48.0,2,0.0,1.0,Private room,52.50227229999999,13.3130205,4.55,11,3.871201010907891,1,0,0
175.0,4,2.0,1.0,Entire home/apt,52.48818,13.41067,5.0,7,5.1647859739235145,1,1,0
72.0,1,1.0,1.0,Private room,52.52237,13.34991,5.0,4,4.276666119016055,1,1,0
82.0,2,1.0,1.0,Entire home/apt,52.49456950306291,13.400668969238628,4.83,12,4.406719247264253,1,1,0
68.0,2,1.0,1.0,Entire home/apt,52.53076073900897,13.405511341989042,0.0,0,4.219507705176107,1,1,0
130.0,3,2.0,2.0,Entire home/apt,52.47558421341432,13.4243206679821,5.0,11,4.867534450455582,1,1,1
64.0,2,0.0,1.0,Private room,52.50172038922896,13.311261215400842,4.33,3,4.1588830833596715,1,1,0
96.0,4,2.0,2.0,Entire home/apt,52.51003311086478,13.264817880781974,0.0,0,4.564348191467836,1,1,0
53.0,2,1.0,1.0,Private room,52.47534127510142,13.426644002773283,0.0,0,3.970291913552122,1,1,0
298.0,4,2.0,1.0,Entire home/apt,52.49752924877748,13.424619865606696,5.0,7,5.697093486505405,1,1,0
143.0,2,1.0,1.0,Entire home/apt,52.4939801848945,13.342665363389154,5.0,7,4.962844630259907,1,1,0
40.0,1,1.0,1.0,Entire home/apt,52.51794750602872,13.468188866972923,3.0,1,3.6888794541139363,1,1,0
149.0,4,1.0,1.0,Entire home/apt,52.51085,13.46671,5.0,6,5.003946305945459,1,1,0
79.0,4,2.0,1.0,Private room,52.50282,13.31776,5.0,2,4.3694478524670215,1,1,0
75.0,2,1.0,1.0,Private room,52.50273,13.32003,4.93,15,4.31748811353631,1,1,0
180.0,5,2.0,1.0,Entire home/apt,52.50128,13.4594,4.67,6,5.19295685089021,1,1,1
76.0,2,1.0,1.0,Entire home/apt,52.4637,13.50658,0.0,0,4.330733340286331,1,1,0
61.0,3,1.0,1.0,Private room,52.41388534185921,13.477849907146693,4.93,40,4.110873864173311,1,1,0
81.0,2,1.0,1.0,Private room,52.4848023,13.4455278,0.0,0,4.394449154672439,1,1,0
104.0,4,2.0,1.0,Entire home/apt,52.47312,13.42361,5.0,1,4.6443908991413725,1,1,0
495.0,12,5.0,2.0,Entire home/apt,52.48488,13.43471,5.0,13,6.20455776256869,1,1,0
186.0,4,3.0,1.0,Entire home/apt,52.49699,13.42457,4.94,50,5.225746673713202,1,1,0
72.0,1,1.0,1.0,Private room,52.487749,13.4322367,4.81,21,4.276666119016055,1,1,0
72.0,2,0.0,1.0,Private room,52.48603,13.42597,5.0,3,4.276666119016055,1,1,0
69.0,2,1.0,1.0,Private room,52.48893,13.44024,5.0,4,4.23410650459726,1,1,0
82.0,2,1.0,1.0,Entire home/apt,52.50366289999999,13.3386821,4.64,42,4.406719247264253,1,0,1
137.0,2,1.0,1.0,Entire home/apt,52.5162143435523,13.446659495142375,4.88,24,4.919980925828125,1,1,0
44.0,1,1.0,1.0,Private room,52.49623112029955,13.42366775245246,4.81,43,3.784189633918261,1,1,0
88.0,2,1.0,1.0,Entire home/apt,52.50366,13.33868,4.7,67,4.477336814478207,1,0,1
89.0,2,1.0,1.0,Entire home/apt,52.50366289999999,13.3386821,4.5,26,4.48863636973214,1,0,1
91.0,2,1.0,1.0,Entire home/apt,52.50366,13.33868,4.8,5,4.51085950651685,1,0,1
83.0,2,1.0,1.0,Entire home/apt,52.47944534681736,13.445454049978592,5.0,6,4.418840607796598,1,1,0
94.0,2,1.0,1.0,Entire home/apt,52.50366289999999,13.3386821,4.68,37,4.543294782270004,1,0,1
98.0,2,1.0,1.0,Entire home/apt,52.50366289999999,13.3386821,4.33,6,4.584967478670572,1,1,1
155.0,4,2.0,1.0,Entire home/apt,52.49328,13.43166,0.0,0,5.043425116919247,1,1,0
168.0,5,3.0,1.0,Entire home/apt,52.49328,13.43166,0.0,0,5.123963979403259,1,1,0
134.0,2,1.0,1.0,Entire home/apt,52.49328,13.43166,5.0,1,4.897839799950911,1,1,0
132.0,2,1.0,1.0,Entire home/apt,52.49328,13.43166,0.0,0,4.882801922586371,1,1,0
150.0,3,2.0,0.0,Entire home/apt,52.49328,13.43166,0.0,0,5.0106352940962555,1,1,0
95.0,2,1.0,1.0,Entire home/apt,52.49328,13.43166,0.0,0,4.553876891600541,1,1,0
124.0,4,2.0,1.0,Entire home/apt,52.49328,13.43166,0.0,0,4.820281565605037,1,1,0
125.0,4,2.0,1.0,Entire home/apt,52.5349397,13.4364139,0.0,0,4.8283137373023015,1,1,0
100.0,2,1.0,1.0,Entire home/apt,52.54034,13.37208,0.0,0,4.605170185988092,1,1,0
140.0,4,2.0,1.0,Private room,52.43796260000001,13.2175701,5.0,10,4.941642422609304,1,0,0
120.0,6,2.0,1.0,Entire home/apt,52.50153,13.41422,4.82,11,4.787491742782046,1,1,0
121.0,2,1.0,1.0,Entire home/apt,52.49578634838597,13.39928394599139,4.97,39,4.795790545596741,1,1,0
135.0,2,1.0,1.0,Entire home/apt,52.513086836306826,13.41483202688121,4.91,23,4.90527477843843,1,1,0
175.0,3,1.0,1.0,Entire home/apt,52.513246604877146,13.45532341983051,5.0,3,5.1647859739235145,1,1,0
383.0,16,3.0,2.0,Entire home/apt,52.4922875,13.4344054,4.94,31,5.948034989180646,1,1,0
75.0,3,1.0,1.0,Entire home/apt,52.5500108,13.4155571,4.56,9,4.31748811353631,1,1,0
76.0,2,0.0,1.0,Entire home/apt,52.5223412,13.4048994,4.0,7,4.330733340286331,1,1,0
464.0,4,2.0,2.0,Entire home/apt,52.5042005,13.3345217,4.67,6,6.139884552226255,1,1,1
120.0,9,3.0,2.0,Entire home/apt,52.49970665615497,13.414382374311064,0.0,0,4.787491742782046,1,1,0
176.0,8,2.0,1.0,Entire home/apt,52.5476688305015,13.403553612176008,4.57,23,5.170483995038151,1,1,0
292.0,8,2.0,1.0,Entire home/apt,52.50554409999999,13.4659231,0.0,0,5.676753802268282,1,1,0
81.0,2,1.0,1.0,Entire home/apt,52.49085443762959,13.317439108974702,4.94,17,4.394449154672439,1,1,0
150.0,2,1.0,1.0,Entire home/apt,52.52812,13.32725,4.83,6,5.0106352940962555,1,1,0
86.0,2,1.0,1.0,Private room,52.54534794401769,13.41307774591222,5.0,11,4.454347296253507,1,1,0
102.0,2,1.0,1.0,Entire home/apt,52.5447395,13.3763003,0.0,0,4.624972813284271,1,1,0
45.0,1,1.0,1.0,Private room,52.48701,13.42904,5.0,1,3.8066624897703196,0,1,0
44.0,2,1.0,0.5,Private room,52.5152615018982,13.309200161238891,4.96,23,3.784189633918261,1,1,0
45.0,1,1.0,1.0,Entire home/apt,52.5124,13.30694,0.0,0,3.8066624897703196,1,1,0
63.0,2,1.0,1.5,Private room,52.5306,13.32643,4.92,12,4.143134726391533,1,1,0
125.0,2,1.0,1.0,Entire home/apt,52.49915238882934,13.4602915818259,0.0,0,4.8283137373023015,1,1,0
147.0,3,1.0,1.0,Entire home/apt,52.49242110888755,13.43303382627824,5.0,4,4.990432586778736,1,1,0
109.0,2,1.0,1.0,Private room,52.51709,13.38669,4.82,28,4.6913478822291435,1,1,0
43.0,2,1.0,1.0,Entire home/apt,52.51068257940879,13.26733835041523,0.0,0,3.7612001156935624,1,1,0
144.0,5,2.0,1.5,Entire home/apt,52.49856759999999,13.401823,4.88,8,4.969813299576001,1,1,0
484.0,5,2.0,1.0,Entire home/apt,52.52314929873769,13.60341578722,4.93,15,6.182084906716632,1,1,0
120.0,3,1.0,1.0,Entire home/apt,52.53172777557559,13.431170728836904,0.0,0,4.787491742782046,1,1,0
131.0,4,2.0,1.0,Entire home/apt,52.48725719999999,13.3506006,4.67,3,4.875197323201151,1,1,0
72.0,2,1.0,1.0,Entire home/apt,52.54411,13.41615,4.32,19,4.276666119016055,1,1,0
80.0,5,1.0,1.0,Entire home/apt,52.4919767,13.3277112,4.83,18,4.382026634673881,1,1,0
193.0,3,1.0,1.0,Entire home/apt,52.47515740637159,13.427304290235044,4.92,13,5.262690188904886,1,1,0
256.0,8,2.0,1.0,Entire home/apt,52.51168199288606,13.416617210293827,4.75,28,5.545177444479562,1,1,0
150.0,5,2.0,2.5,Entire home/apt,52.535729,13.4055134,5.0,15,5.0106352940962555,1,1,0
51.0,4,2.0,1.0,Entire home/apt,52.49642,13.4005,4.0,2,3.9318256327243257,1,1,0
70.0,3,2.0,1.0,Entire home/apt,52.4968,13.4819,4.97,30,4.248495242049359,1,1,0
42.0,3,1.0,1.0,Entire home/apt,52.34019,13.64544,0.0,0,3.7376696182833684,1,1,0
118.0,4,2.0,2.0,Entire home/apt,52.49001,13.41516,5.0,2,4.770684624465665,1,1,0
589.0,9,3.0,3.0,Entire home/apt,52.49612294472497,13.469671034015226,5.0,3,6.3784261836515865,1,1,0
198.0,8,3.0,2.0,Entire home/apt,52.52983,13.40023,4.0,9,5.288267030694535,1,1,0
28.0,2,1.0,1.0,Private room,52.55611,13.34396,0.0,0,3.332204510175204,1,1,0
50.0,2,1.0,1.0,Entire home/apt,52.53959663422255,13.415872040263476,0.0,0,3.912023005428146,1,1,0
39.0,7,1.0,1.0,Entire home/apt,52.48960346725029,13.422179368845542,4.09,11,3.6635616461296463,1,1,0
36.0,1,1.0,1.0,Private room,52.49945,13.44418,0.0,0,3.58351893845611,1,1,0
103.0,2,1.0,1.0,Entire home/apt,52.5071398946045,13.504140639852944,5.0,9,4.634728988229636,1,1,0
105.0,2,1.0,1.0,Entire home/apt,52.53953,13.42386,0.0,0,4.653960350157523,1,1,0
195.0,5,2.0,1.0,Entire home/apt,52.50999,13.29913,5.0,1,5.272999558563747,1,1,0
158.0,4,1.0,1.5,Entire home/apt,52.50940868144264,13.446596711639415,4.82,22,5.062595033026967,1,1,0
190.0,4,2.0,2.0,Entire home/apt,52.51520724746888,13.290932022808525,5.0,8,5.247024072160486,1,1,0
55.0,2,1.0,1.0,Entire home/apt,52.48344,13.28128,3.83,6,4.007333185232471,1,1,0
96.0,2,1.0,1.0,Entire home/apt,52.548784,13.3809409,4.73,11,4.564348191467836,1,1,0
40.0,2,1.0,0.5,Private room,52.44049,13.56829,4.93,76,3.6888794541139363,1,1,0
176.0,4,2.0,1.0,Entire home/apt,52.5652576,13.4049244,4.95,21,5.170483995038151,1,1,0
102.0,8,2.0,1.0,Entire home/apt,52.431586581908135,13.68558785072958,4.33,12,4.624972813284271,1,1,0
168.0,4,1.0,1.0,Entire home/apt,52.5095748,13.4728752,5.0,1,5.123963979403259,1,1,0
123.0,2,0.0,1.0,Entire home/apt,52.5092096,13.4578777,4.86,22,4.812184355372417,1,1,0
64.0,2,1.0,1.0,Private room,52.49623689288909,13.474790453910828,4.94,16,4.1588830833596715,1,0,0
66.0,4,2.0,1.0,Entire home/apt,52.55414622153634,13.432049035847694,5.0,9,4.189654742026425,1,1,0
70.0,2,1.0,1.0,Entire home/apt,52.48412576496204,13.383185773703849,5.0,4,4.248495242049359,1,1,0
101.0,4,2.0,1.0,Entire home/apt,52.52189344952995,13.399431585377148,4.72,18,4.61512051684126,1,1,0
115.0,4,1.0,1.0,Entire home/apt,52.53438031554134,13.40347196843121,5.0,3,4.74493212836325,1,1,1
111.0,4,1.0,1.0,Entire home/apt,52.53262,13.40183,4.67,3,4.709530201312334,1,1,1
156.0,6,2.0,1.5,Entire home/apt,52.52479806,13.35734203,4.97,38,5.049856007249537,1,1,0
86.0,2,1.0,1.0,Entire home/apt,52.52869022267197,13.332327091669567,5.0,1,4.454347296253507,1,1,0
100.0,2,1.0,1.0,Private room,52.51662051656966,13.458115907574276,5.0,7,4.605170185988092,1,1,0
144.0,3,1.0,1.0,Entire home/apt,52.53736,13.42242,5.0,4,4.969813299576001,1,1,1
79.0,2,1.0,1.0,Private room,52.4134114,13.6607073,5.0,6,4.3694478524670215,1,0,0
52.0,2,1.0,2.0,Private room,52.54938493180252,13.210754741736322,4.79,19,3.9512437185814275,1,1,0
85.0,2,1.0,1.0,Private room,52.43693593523463,13.287376294524288,5.0,3,4.442651256490317,1,0,0
68.0,2,1.0,1.0,Private room,52.52944221532903,13.333186219115229,4.0,3,4.219507705176107,1,1,0
91.0,5,2.0,1.0,Entire home/apt,52.61393597127684,13.427939035581966,0.0,0,4.51085950651685,1,1,0
218.0,8,3.0,1.0,Entire home/apt,52.503328352730136,13.320692304015918,4.43,7,5.384495062789089,1,1,0
66.0,2,3.0,1.0,Private room,52.49621,13.2969,0.0,0,4.189654742026425,1,1,0
117.0,2,1.0,1.0,Private room,52.4640169,13.4443527,4.67,3,4.762173934797756,1,0,1
129.0,2,1.0,1.0,Private room,52.4640169,13.4443527,0.0,0,4.859812404361672,1,1,1
109.0,2,1.0,1.0,Private room,52.4640169,13.4443527,0.0,0,4.6913478822291435,1,0,1
63.0,2,2.0,1.0,Entire home/apt,52.49952,13.36598,0.0,0,4.143134726391533,1,1,0
73.0,3,1.0,1.0,Entire home/apt,52.4954242,13.4292876,0.0,0,4.290459441148391,1,1,0
68.0,2,1.0,1.0,Private room,52.46462819247186,13.384077362565623,4.96,26,4.219507705176107,1,1,0
54.0,2,1.0,1.0,Private room,52.5839966,13.4080479,5.0,11,3.9889840465642745,1,1,0
53.0,2,1.0,1.0,Private room,52.50750010927772,13.46064824657189,5.0,8,3.970291913552122,1,1,0
245.0,8,1.0,1.5,Entire home/apt,52.4922875,13.4344054,5.0,12,5.501258210544727,1,1,0
41.0,1,1.0,1.0,Private room,52.495795530398816,13.42001867354126,4.62,29,3.713572066704308,1,0,1
88.0,3,1.0,1.0,Entire home/apt,52.50965,13.31297,0.0,0,4.477336814478207,1,1,0
90.0,5,1.0,1.0,Entire home/apt,52.4110479,13.5716369,4.95,21,4.499809670330265,1,1,0
63.0,3,0.0,1.0,Private room,52.50227,13.31302,4.8,5,4.143134726391533,1,0,0
204.0,8,4.0,1.5,Entire home/apt,52.49116359071481,13.434126093666636,4.77,43,5.318119993844216,1,1,0
47.0,3,1.0,1.0,Private room,52.61308400850542,13.42689186540652,0.0,0,3.8501476017100584,1,1,0
183.0,2,1.0,1.0,Entire home/apt,52.51302360101339,13.2991429410685,4.94,16,5.209486152841421,1,1,0
100.0,2,1.0,1.0,Entire home/apt,52.50629,13.46387,0.0,0,4.605170185988092,1,1,0
200.0,6,2.0,1.0,Entire home/apt,52.472544096968754,13.431133719869536,4.94,33,5.298317366548036,1,1,0
60.0,1,1.0,1.0,Private room,52.52066,13.45216,5.0,6,4.0943445622221,1,1,0
90.0,4,1.0,1.0,Private room,52.46493,13.38028,4.94,31,4.499809670330265,1,1,0
151.0,4,2.0,1.0,Entire home/apt,52.6146459,13.3268386,0.0,0,5.017279836814924,1,1,0
103.0,2,1.0,1.0,Entire home/apt,52.4923355,13.4183634,0.0,0,4.634728988229636,1,1,0
141.0,4,1.0,1.0,Entire home/apt,52.522451995841706,13.302171774948048,4.33,3,4.948759890378168,1,1,0
55.0,2,1.0,1.0,Private room,52.4894,13.44298,5.0,18,4.007333185232471,1,1,0
52.0,1,1.0,2.0,Private room,52.54415,13.41762,0.0,0,3.9512437185814275,1,1,0
114.0,2,1.0,1.0,Private room,52.51072750242472,13.454050840071828,5.0,1,4.736198448394496,1,1,0
105.0,6,3.0,1.0,Entire home/apt,52.518398147141504,13.470771209617858,0.0,0,4.653960350157523,1,1,0
450.0,7,3.0,1.5,Entire home/apt,52.57991556460643,13.274331866350456,1.0,1,6.1092475827643655,1,1,0
450.0,8,4.0,2.0,Entire home/apt,52.57855,13.27409,5.0,1,6.1092475827643655,1,1,1
118.0,3,2.0,1.0,Entire home/apt,52.54689,13.3811,0.0,0,4.770684624465665,1,1,0
53.0,2,1.0,1.0,Private room,52.4965,13.43661,4.75,16,3.970291913552122,1,1,0
78.0,3,1.0,1.0,Entire home/apt,52.460000178350406,13.119602282803324,0.0,0,4.356708826689592,1,0,0
205.0,6,3.0,2.5,Entire home/apt,52.550773,13.445724,4.96,27,5.3230099791384085,1,1,1
115.0,4,1.0,1.0,Entire home/apt,52.495656754763445,13.292603810256423,4.82,33,4.74493212836325,1,1,0
42.0,3,1.0,1.0,Private room,52.448201502217934,13.59756112974588,4.97,32,3.7376696182833684,1,1,0
213.0,10,4.0,2.0,Entire home/apt,52.452479637611496,13.381706066429617,4.86,14,5.3612921657094255,1,1,0
50.0,1,1.0,1.0,Private room,52.47981883634892,13.442951185391657,4.5,10,3.912023005428146,1,1,0
58.0,2,1.0,0.5,Private room,52.53301073588333,13.42531907798644,5.0,19,4.060443010546419,1,0,0
114.0,2,1.0,1.0,Entire home/apt,52.51971,13.40805,4.9,48,4.736198448394496,1,1,1
94.0,7,2.0,1.0,Entire home/apt,52.43384,13.68607,4.41,17,4.543294782270004,1,1,0
108.0,5,3.0,1.0,Entire home/apt,52.43199,13.68566,4.75,4,4.68213122712422,1,1,0
96.0,2,1.0,1.0,Entire home/apt,52.54154022818959,13.421132907325358,5.0,6,4.564348191467836,1,1,0
53.0,1,1.0,1.0,Private room,52.51168,13.3116,3.5,2,3.970291913552122,0,1,0
181.0,4,1.0,1.0,Entire home/apt,52.52321,13.40208,4.93,29,5.198497031265826,1,1,0
450.0,6,3.0,3.5,Entire home/apt,52.5319715,13.4058648,5.0,31,6.1092475827643655,1,1,0
147.0,6,2.0,2.0,Entire home/apt,52.49548,13.34471,4.84,25,4.990432586778736,1,1,0
78.0,5,1.0,1.0,Entire home/apt,52.43373,13.68685,4.38,8,4.356708826689592,1,1,0
67.0,3,1.0,1.0,Entire home/apt,52.53108389576014,13.33436165026244,4.44,9,4.204692619390966,1,1,0
64.0,5,2.0,1.0,Entire home/apt,52.43151,13.68586,4.08,13,4.1588830833596715,1,1,0
78.0,3,1.0,1.0,Private room,52.50793128097012,13.289718445668916,4.85,13,4.356708826689592,1,1,0
57.0,2,1.0,1.0,Private room,52.4946,13.4021,5.0,1,4.04305126783455,1,1,0
76.0,4,1.0,1.0,Entire home/apt,52.48328,13.5244,4.94,18,4.330733340286331,1,1,0
53.0,2,1.0,1.0,Private room,52.52989869054908,13.352008017732226,4.76,33,3.970291913552122,1,1,0
67.0,3,1.0,1.0,Entire home/apt,52.47445091509236,13.454507244387338,4.2,30,4.204692619390966,1,1,0
47.0,1,1.0,2.0,Private room,52.44943229999899,13.32378175668518,5.0,1,3.8501476017100584,1,1,0
41.0,1,1.0,1.0,Private room,52.4098258,13.3320283,4.84,43,3.713572066704308,1,0,0
80.0,2,1.0,1.0,Entire home/apt,52.44275,13.38463,4.56,18,4.382026634673881,1,1,0
146.0,2,1.0,1.0,Entire home/apt,52.49384736913949,13.347139005898711,4.83,12,4.983606621708336,1,1,0
154.0,2,1.0,1.0,Entire home/apt,52.48921,13.41529,5.0,6,5.0369526024136295,1,1,0
41.0,2,1.0,1.5,Private room,52.46085368047739,13.528006999999995,4.88,43,3.713572066704308,1,1,0
118.0,2,1.0,1.0,Entire home/apt,52.54823,13.37926,0.0,0,4.770684624465665,0,1,0
74.0,4,1.0,1.0,Entire home/apt,52.53924744384101,13.400151335902986,4.59,32,4.30406509320417,1,1,0
71.0,2,1.0,1.0,Entire home/apt,52.49699556134908,13.365927112890011,0.0,0,4.2626798770413155,1,1,0
60.0,4,1.0,1.0,Entire home/apt,52.55564,13.46475,3.0,4,4.0943445622221,1,1,0
66.0,2,1.0,1.0,Private room,52.49315,13.42294,4.95,20,4.189654742026425,1,1,0
283.0,6,2.0,1.0,Entire home/apt,52.52202,13.43532,5.0,1,5.645446897643238,1,1,0
76.0,2,1.0,1.0,Entire home/apt,52.497806281602536,13.353082632019962,4.5,4,4.330733340286331,1,1,0
41.0,2,1.0,1.0,Private room,52.46839790438948,13.488884345586222,5.0,15,3.713572066704308,1,1,0
71.0,2,1.0,1.0,Entire home/apt,52.49506,13.35025,5.0,2,4.2626798770413155,1,1,0
35.0,2,1.0,1.0,Private room,52.43399699120629,13.579403442130824,5.0,2,3.5553480614894135,1,1,0
92.0,4,2.0,1.0,Private room,52.47411196559701,13.423159455745356,5.0,1,4.5217885770490405,1,1,0
63.0,2,1.0,1.0,Entire home/apt,52.482043493376864,13.43139668514246,5.0,2,4.143134726391533,1,1,0
65.0,2,1.0,1.0,Private room,52.51784081459761,13.47053710777482,4.88,8,4.174387269895637,1,1,0
86.0,1,1.0,1.0,Private room,52.5111877,13.3162492,0.0,0,4.454347296253507,1,1,0
81.0,2,1.0,1.0,Entire home/apt,52.53661282928286,13.404656991837362,0.0,0,4.394449154672439,1,0,0
84.0,2,1.0,1.0,Entire home/apt,52.5057254,13.380306,0.0,0,4.430816798843313,1,1,1
43.0,2,1.0,0.5,Private room,52.56100594744814,13.558797974695455,4.8,10,3.7612001156935624,1,1,0
85.0,4,2.0,1.0,Entire home/apt,52.549453670436485,13.34949343303985,0.0,0,4.442651256490317,1,1,0
91.0,2,1.0,1.0,Entire home/apt,52.55641,13.41039,0.0,0,4.51085950651685,0,1,0
87.0,2,1.0,1.0,Entire home/apt,52.51802,13.3029,5.0,3,4.465908118654584,1,1,0
47.0,2,1.0,1.0,Entire home/apt,52.55346898242984,13.38510433443762,4.43,30,3.8501476017100584,1,1,0
58.0,2,1.0,1.5,Private room,52.50266135450219,13.38983046978239,4.75,8,4.060443010546419,1,1,0
76.0,2,1.0,1.0,Private room,52.5235657,13.4049384,4.74,66,4.330733340286331,1,0,0
136.0,5,2.0,2.0,Entire home/apt,52.44715,13.38151,4.8,30,4.912654885736052,1,1,0
184.0,2,1.0,1.0,Private room,52.5835729,13.2874066,4.0,2,5.214935757608986,1,0,1
200.0,2,1.0,1.0,Private room,52.5835729,13.2874066,0.0,0,5.298317366548036,1,1,1
312.0,4,1.0,1.0,Entire home/apt,52.49969140751121,13.448361238900764,0.0,0,5.7430031878094825,0,1,0
77.0,4,1.0,1.0,Entire home/apt,52.47769,13.44875,4.97,30,4.343805421853684,1,1,0
313.0,2,1.0,1.0,Entire home/apt,52.499736,13.4363343,5.0,17,5.746203190540153,1,1,0
108.0,2,0.0,1.0,Entire home/apt,52.50509,13.46526,0.0,0,4.68213122712422,1,1,0
103.0,4,2.0,1.0,Entire home/apt,52.50811810424984,13.3006897067797,4.79,29,4.634728988229636,1,1,0
154.0,2,1.0,1.0,Entire home/apt,52.50560984726494,13.438370512966932,4.76,17,5.0369526024136295,1,1,1
50.0,2,1.0,1.0,Private room,52.48749455680603,13.359316647457952,5.0,2,3.912023005428146,1,1,0
225.0,6,0.0,0.0,Entire home/apt,52.50231,13.40906,0.0,0,5.41610040220442,1,1,0
80.0,2,1.0,0.5,Private room,52.48741093234135,13.431716886129482,5.0,4,4.382026634673881,1,1,0
77.0,4,2.0,1.0,Entire home/apt,52.55199,13.38496,4.7,27,4.343805421853684,1,1,0
252.0,5,2.0,1.0,Entire home/apt,52.47954,13.44151,5.0,1,5.529429087511423,1,1,0
75.0,3,1.0,1.5,Entire home/apt,52.49848091193996,13.316545616637375,0.0,0,4.31748811353631,1,1,0
146.0,9,4.0,1.0,Entire home/apt,52.50737,13.28829,0.0,0,4.983606621708336,1,1,0
135.0,3,1.0,1.0,Entire home/apt,52.5105474,13.2441058,4.86,7,4.90527477843843,1,1,0
103.0,2,1.0,1.0,Private room,52.50295126172821,13.4310301994751,4.67,3,4.634728988229636,1,1,0
128.0,7,2.0,1.0,Entire home/apt,52.44847,13.50682,5.0,3,4.852030263919617,1,1,0
80.0,3,1.0,1.0,Entire home/apt,52.52262,13.42411,0.0,0,4.382026634673881,1,1,0
35.0,2,1.0,1.0,Private room,52.53039,13.33019,4.52,21,3.5553480614894135,1,1,1
84.0,2,2.0,1.0,Entire home/apt,52.5279125,13.3884988,4.91,44,4.430816798843313,1,1,0
143.0,2,1.0,1.0,Entire home/apt,52.48380346560165,13.466793157238124,5.0,16,4.962844630259907,1,1,0
111.0,2,1.0,1.0,Entire home/apt,52.53506,13.4025,4.77,26,4.709530201312334,1,1,0
160.0,6,1.0,1.5,Entire home/apt,52.53885965524872,13.397629082936632,4.71,24,5.075173815233827,1,1,0
99.0,2,1.0,1.0,Entire home/apt,52.51881,13.41594,0.0,0,4.59511985013459,1,1,0
55.0,1,1.0,1.0,Private room,52.50272,13.36268,4.93,14,4.007333185232471,1,1,0
148.0,7,3.0,2.0,Entire home/apt,52.4975442,13.3112764,4.74,47,4.997212273764115,1,1,0
132.0,6,3.0,1.0,Entire home/apt,52.4975442,13.3112764,4.96,45,4.882801922586371,1,1,0
100.0,2,1.0,1.0,Entire home/apt,52.4753419,13.4214065,0.0,0,4.605170185988092,1,1,0
92.0,1,1.0,1.0,Entire home/apt,52.51743914823888,13.46193000107485,0.0,0,4.5217885770490405,1,1,0
72.0,2,1.0,1.0,Entire home/apt,52.51968060612848,13.426706241278085,5.0,15,4.276666119016055,1,1,0
133.0,6,3.0,1.5,Entire home/apt,52.47466,13.42607,4.82,38,4.890349128221754,1,1,0
131.0,2,1.0,1.0,Entire home/apt,52.53983,13.48609,0.0,0,4.875197323201151,1,1,0
101.0,2,1.0,1.0,Private room,52.50295126172821,13.430922911114504,5.0,1,4.61512051684126,1,1,0
191.0,6,3.0,1.5,Entire home/apt,52.51444859999999,13.4629066,4.93,28,5.25227342804663,1,1,0
141.0,2,1.0,1.0,Entire home/apt,52.5238976,13.3997418,4.5,28,4.948759890378168,1,1,0
323.0,6,3.0,1.0,Entire home/apt,52.50284676779396,13.430858538098146,4.67,18,5.777652323222656,1,1,0
40.0,4,1.0,1.0,Private room,52.5949,13.3307,0.0,0,3.6888794541139363,1,1,0
1500.0,6,1.0,1.0,Entire home/apt,52.51436250593059,13.45864723095817,0.0,0,7.313220387090301,0,1,0
127.0,2,1.0,1.0,Private room,52.5028728913008,13.431116030163576,4.0,1,4.844187086458591,1,1,0
243.0,6,0.0,0.0,Entire home/apt,52.54743333153501,13.400733196236702,0.0,0,5.493061443340548,1,1,0
87.0,3,1.0,1.5,Entire home/apt,52.51768,13.46037,4.78,18,4.465908118654584,1,1,0
81.0,2,1.0,1.0,Private room,52.47480593485771,13.424096703529358,4.45,11,4.394449154672439,1,1,0
146.0,8,2.0,2.0,Entire home/apt,52.5298843673376,13.31822809565208,4.87,15,4.983606621708336,1,1,1
209.0,2,1.0,1.0,Entire home/apt,52.4708643,13.2790659,4.5,4,5.342334251964811,1,1,0
302.0,11,2.0,2.0,Entire home/apt,52.53839,13.39622,4.58,24,5.71042701737487,1,1,0
62.0,5,1.0,1.0,Entire home/apt,52.50094949262299,13.345760988006049,4.53,30,4.127134385045092,1,1,0
126.0,2,1.0,1.0,Entire home/apt,52.48757,13.36984,5.0,8,4.836281906951478,1,1,0
88.0,2,1.0,1.0,Entire home/apt,52.48512,13.32521,5.0,20,4.477336814478207,1,1,0
131.0,4,2.0,1.0,Entire home/apt,52.47498849999999,13.4239202,0.0,0,4.875197323201151,1,1,0
103.0,4,2.0,1.0,Entire home/apt,52.52388084140025,13.401224349928029,5.0,4,4.634728988229636,1,1,0
159.0,6,3.0,1.0,Entire home/apt,52.53755779999999,13.3963168,4.37,30,5.0689042022202315,1,1,0
155.0,1,1.0,1.0,Entire home/apt,52.53189,13.43305,0.0,0,5.043425116919247,1,1,0
141.0,2,1.0,1.0,Entire home/apt,52.52118559935119,13.644107441066105,0.0,0,4.948759890378168,1,1,0
77.0,2,1.0,1.0,Entire home/apt,52.47323,13.45076,0.0,0,4.343805421853684,1,1,0
102.0,2,1.0,1.0,Entire home/apt,52.51157346458851,13.467362115869143,4.47,19,4.624972813284271,1,1,0
31.0,1,1.0,1.0,Private room,52.4997772,13.4657586,4.8,20,3.4339872044851463,1,0,0
240.0,2,1.0,1.0,Entire home/apt,52.52908060509631,13.325946446583409,0.0,0,5.480638923341991,1,1,0
271.0,7,3.0,2.0,Entire home/apt,52.5347569,13.4082903,4.85,20,5.602118820879701,1,1,0
28.0,2,1.0,1.0,Private room,52.55735263799713,13.388666579906149,0.0,0,3.332204510175204,1,1,0
91.0,5,2.0,1.0,Entire home/apt,52.52331662441167,13.338301955551348,4.81,26,4.51085950651685,1,1,0
172.0,4,2.0,1.0,Entire home/apt,52.48873834843642,13.444362466132953,5.0,5,5.147494476813453,1,1,0
36.0,1,1.0,1.0,Private room,52.50016749499272,13.357903956009237,4.89,36,3.58351893845611,1,0,0
80.0,4,2.0,1.0,Private room,52.48805182895619,13.438317529344165,0.0,0,4.382026634673881,1,1,0
152.0,6,2.0,1.5,Entire home/apt,52.525252584598746,13.356301081747302,4.93,27,5.0238805208462765,1,1,0
81.0,2,1.0,1.0,Private room,52.49217829279381,13.429177549950976,5.0,3,4.394449154672439,1,1,0
136.0,4,2.0,1.0,Entire home/apt,52.5378523032066,13.4039493912234,4.91,35,4.912654885736052,1,1,0
70.0,2,1.0,1.0,Entire home/apt,52.536096300823495,13.402110147636929,4.91,34,4.248495242049359,1,1,0
92.0,3,2.0,1.0,Entire home/apt,52.50067,13.29579,0.0,0,4.5217885770490405,1,1,0
83.0,2,1.0,1.0,Entire home/apt,52.5403558,13.4150934,4.88,32,4.418840607796598,1,0,0
143.0,5,3.0,1.0,Entire home/apt,52.472673426829935,13.33780400454998,5.0,1,4.962844630259907,1,1,0
240.0,7,3.0,1.0,Entire home/apt,52.51287809999999,13.4028694,4.82,34,5.480638923341991,1,1,0
69.0,2,1.0,1.0,Entire home/apt,52.469323437392845,13.33533135004954,4.6,15,4.23410650459726,1,1,0
60.0,2,1.0,1.0,Entire home/apt,52.47115210705014,13.335328369078296,4.5,6,4.0943445622221,1,1,0
66.0,2,1.0,1.0,Entire home/apt,52.46966,13.33531,4.0,2,4.189654742026425,1,1,0
71.0,3,1.0,1.0,Entire home/apt,52.53837699955518,13.42493681901125,4.13,8,4.2626798770413155,1,1,0
85.0,2,1.0,1.0,Entire home/apt,52.50228599196971,13.29638633877039,0.0,0,4.442651256490317,0,1,0
65.0,3,1.0,1.0,Entire home/apt,52.5610238102422,13.222283535856596,4.0,4,4.174387269895637,1,1,0
148.0,4,2.0,1.0,Entire home/apt,52.5403558,13.4150934,4.91,43,4.997212273764115,1,1,0
138.0,4,1.0,1.0,Entire home/apt,52.5403558,13.4150934,4.87,30,4.927253685157205,1,1,0
158.0,5,1.0,0.5,Entire home/apt,52.51078,13.39478,5.0,20,5.062595033026967,1,1,0
143.0,2,1.0,1.0,Entire home/apt,52.5291612,13.3924158,5.0,38,4.962844630259907,1,1,0
60.0,2,1.0,1.0,Private room,52.51823443145455,13.306141840911668,0.0,0,4.0943445622221,1,1,0
108.0,2,1.0,1.0,Entire home/apt,52.503192769907656,13.295167570950644,5.0,5,4.68213122712422,1,1,0
67.0,2,1.0,1.0,Private room,52.48752702241556,13.34983140299948,5.0,15,4.204692619390966,1,1,0
105.0,2,0.0,1.0,Entire home/apt,52.5001715,13.3151285,4.0,1,4.653960350157523,1,1,0
90.0,2,0.0,1.0,Entire home/apt,52.5001715,13.3151285,0.0,0,4.499809670330265,1,1,0
82.0,4,1.0,1.0,Entire home/apt,52.54609,13.4162,4.88,8,4.406719247264253,1,1,0
82.0,2,1.0,2.0,Private room,52.603297360174565,13.456981780284265,4.75,4,4.406719247264253,1,1,1
228.0,4,2.0,1.0,Entire home/apt,52.49783,13.3236,0.0,0,5.429345628954441,1,1,0
225.0,2,1.0,1.0,Entire home/apt,52.49544845837169,13.351136974099392,5.0,5,5.41610040220442,1,1,0
93.0,5,1.0,1.0,Entire home/apt,52.49728,13.38159,4.3,23,4.532599493153256,1,1,0
80.0,4,2.0,1.0,Entire home/apt,52.47908,13.44852,0.0,0,4.382026634673881,1,1,0
482.0,8,4.0,4.0,Entire home/apt,52.49425682546205,13.435889735596607,4.88,16,6.1779441140506,1,1,0
124.0,4,2.0,1.0,Entire home/apt,52.4978,13.30451,4.56,18,4.820281565605037,1,1,0
64.0,4,1.0,1.0,Entire home/apt,52.48094,13.43413,4.76,38,4.1588830833596715,1,1,0
198.0,5,3.0,1.5,Entire home/apt,52.54871,13.221,4.5,2,5.288267030694535,1,1,0
83.0,5,2.0,1.0,Entire home/apt,52.55418895274866,13.38662168578572,4.56,27,4.418840607796598,1,1,0
80.0,2,1.0,1.0,Private room,52.53670589999999,13.3968473,4.83,6,4.382026634673881,1,1,0
100.0,2,1.0,1.0,Private room,52.53670589999999,13.3968473,5.0,3,4.605170185988092,1,1,0
100.0,4,2.0,1.0,Private room,52.53670589999999,13.3968473,4.8,15,4.605170185988092,1,1,0
60.0,2,1.0,1.0,Private room,52.51974526276346,13.451697938098146,4.79,24,4.0943445622221,1,1,0
65.0,2,1.0,0.5,Private room,52.5601829511199,13.55735900434198,5.0,2,4.174387269895637,1,1,0
180.0,5,2.0,1.0,Entire home/apt,52.52172579703036,13.300829323721937,5.0,9,5.19295685089021,1,1,0
71.0,3,1.0,1.0,Entire home/apt,52.479923,13.3480355,5.0,3,4.2626798770413155,1,1,0
89.0,2,1.0,1.0,Entire home/apt,52.454984288296814,13.321817857504692,4.9,20,4.48863636973214,1,1,0
56.0,2,1.0,1.0,Entire home/apt,52.512829,13.4270644,0.0,0,4.02535169073515,1,1,0
105.0,2,2.0,1.0,Entire home/apt,52.48941,13.34987,0.0,0,4.653960350157523,1,1,0
121.0,2,0.0,1.0,Entire home/apt,52.46374307041642,13.487099271931458,5.0,8,4.795790545596741,1,1,0
238.0,7,2.0,1.0,Entire home/apt,52.50194704763061,13.492446753711784,2.33,3,5.472270673671475,1,1,0
37.0,1,1.0,1.5,Private room,52.43660164488016,13.322661864014538,0.0,0,3.6109179126442243,1,1,0
44.0,2,1.0,1.0,Entire home/apt,52.509448119599305,13.422489552392584,0.0,0,3.784189633918261,1,1,0
95.0,3,1.0,1.0,Entire home/apt,52.54033227603519,13.419932558704676,4.88,8,4.553876891600541,1,1,0
124.0,4,2.0,1.0,Entire home/apt,52.412988037806834,13.251313237815792,0.0,0,4.820281565605037,1,1,0
79.0,4,1.0,1.0,Entire home/apt,52.50636203165067,13.322143890461405,0.0,0,4.3694478524670215,1,1,0
106.0,6,2.0,1.0,Entire home/apt,52.47054360730874,13.453683638881158,4.77,26,4.663439094112067,1,1,1
56.0,1,1.0,1.0,Private room,52.5166,13.44989,5.0,1,4.02535169073515,1,1,0
126.0,4,2.0,1.0,Entire home/apt,52.48495900605367,13.579560220241548,5.0,7,4.836281906951478,1,1,0
265.0,3,1.0,1.0,Entire home/apt,52.5325515,13.388407,0.0,0,5.579729825986222,1,1,0
180.0,2,1.0,1.0,Entire home/apt,52.4984,13.43846,5.0,3,5.19295685089021,1,1,0
225.0,7,2.0,1.0,Entire home/apt,52.50181,13.4919,1.0,1,5.41610040220442,1,1,0
135.0,2,1.0,1.0,Entire home/apt,52.52958126909533,13.443232110436057,5.0,4,4.90527477843843,1,1,0
70.0,2,1.0,2.0,Entire home/apt,52.45121,13.32602,4.86,14,4.248495242049359,1,1,0
86.0,2,1.0,1.0,Entire home/apt,52.50590219999999,13.3119574,4.67,3,4.454347296253507,1,1,1
279.0,11,4.0,2.0,Entire home/apt,52.50407449999999,13.3465833,4.79,14,5.631211781821365,1,1,0
60.0,1,1.0,1.0,Private room,52.42871239999999,13.3277044,4.0,7,4.0943445622221,1,1,0
170.0,3,1.0,1.0,Entire home/apt,52.50049509999999,13.4527781,5.0,1,5.135798437050262,1,1,0
47.0,2,1.0,4.0,Private room,52.49815,13.3457,4.69,32,3.8501476017100584,1,1,0
47.0,2,1.0,4.0,Private room,52.49815,13.3457,4.54,24,3.8501476017100584,1,1,0
47.0,2,1.0,4.0,Private room,52.49815,13.3457,4.68,22,3.8501476017100584,1,1,0
47.0,2,1.0,4.0,Private room,52.49815,13.3457,4.81,31,3.8501476017100584,1,1,0
47.0,2,1.0,4.0,Private room,52.49815,13.3457,4.72,25,3.8501476017100584,1,1,0
47.0,2,1.0,4.0,Private room,52.4981483,13.3456969,4.5,2,3.8501476017100584,1,1,0
47.0,2,1.0,4.0,Private room,52.49815,13.3457,4.39,23,3.8501476017100584,1,1,0
47.0,2,1.0,4.0,Private room,52.49815,13.3457,4.81,21,3.8501476017100584,1,1,0
47.0,2,1.0,4.0,Private room,52.49815,13.3457,4.48,27,3.8501476017100584,1,1,0
47.0,2,1.0,4.0,Private room,52.49815,13.3457,4.67,15,3.8501476017100584,1,1,0
47.0,2,1.0,4.0,Private room,52.49815,13.3457,4.79,24,3.8501476017100584,1,1,0
77.0,2,1.0,1.0,Private room,52.49265579999999,13.4155938,4.95,19,4.343805421853684,1,0,0
113.0,3,2.0,1.0,Entire home/apt,52.51935622256419,13.466511464127464,0.0,0,4.727387818712341,1,1,0
82.0,2,1.0,1.0,Private room,52.49253,13.42676,5.0,13,4.406719247264253,1,1,0
630.0,6,2.0,1.0,Entire home/apt,52.37885,13.64647,0.0,0,6.4457198193855785,1,1,0
114.0,4,2.0,1.0,Entire home/apt,52.49647,13.30331,4.24,17,4.736198448394496,1,1,0
77.0,2,1.0,1.0,Entire home/apt,52.470520640578286,13.452730041309431,0.0,0,4.343805421853684,1,1,0
92.0,2,1.0,1.0,Entire home/apt,52.52316,13.32414,4.86,28,4.5217885770490405,1,1,0
56.0,2,1.0,1.0,Entire home/apt,52.4637136,13.517782,0.0,0,4.02535169073515,1,1,0
92.0,4,2.0,2.0,Entire home/apt,52.5031522,13.3217152,0.0,0,4.5217885770490405,1,1,0
240.0,5,3.0,2.0,Entire home/apt,52.50905741257442,13.320345767067542,0.0,0,5.480638923341991,1,1,0
129.0,1,1.0,1.0,Private room,52.44670439999999,13.6235383,0.0,0,4.859812404361672,1,1,0
126.0,6,2.0,1.0,Entire home/apt,52.49747,13.4478,5.0,4,4.836281906951478,1,1,0
59.0,2,1.0,1.0,Private room,52.504670157933326,13.313035737312934,5.0,4,4.07753744390572,1,1,0
118.0,4,1.0,1.0,Entire home/apt,52.45576,13.44308,5.0,9,4.770684624465665,1,1,0
66.0,2,1.0,1.0,Private room,52.49835,13.30245,4.86,21,4.189654742026425,1,0,0
2280.0,16,1.0,1.0,Entire home/apt,52.37897176832429,13.646602519087882,0.0,0,7.731930721948486,1,1,0
67.0,2,1.0,1.0,Entire home/apt,52.52252852079512,13.354940773925552,0.0,0,4.204692619390966,1,1,0
296.0,11,5.0,2.0,Entire home/apt,52.50289,13.34713,4.68,19,5.69035945432406,1,1,0
95.0,2,1.0,1.0,Entire home/apt,52.505165,13.4698321,4.91,22,4.553876891600541,1,1,0
88.0,6,2.0,1.0,Entire home/apt,52.46784,13.34063,0.0,0,4.477336814478207,0,1,0
73.0,2,1.0,1.0,Private room,52.54803,13.40271,5.0,13,4.290459441148391,1,1,0
450.0,7,3.0,1.5,Entire home/apt,52.57998013460949,13.27583914942127,0.0,0,6.1092475827643655,1,1,1
207.0,6,3.0,2.0,Entire home/apt,52.40661,13.26077,5.0,1,5.332718793265369,1,1,0
131.0,4,1.0,1.0,Entire home/apt,52.50113,13.35655,4.5,10,4.875197323201151,1,1,0
86.0,2,1.0,1.0,Private room,52.540386264842994,13.360792652430332,5.0,8,4.454347296253507,1,1,0
70.0,3,1.0,1.0,Entire home/apt,52.58851057547295,13.405189773395756,4.67,9,4.248495242049359,1,1,0
62.0,2,1.0,1.0,Entire home/apt,52.56183,13.33501,0.0,0,4.127134385045092,1,1,0
115.0,2,2.0,1.0,Entire home/apt,52.5328394,13.3802598,0.0,0,4.74493212836325,1,1,0
95.0,1,1.0,1.0,Entire home/apt,52.5538107,13.4301798,5.0,1,4.553876891600541,0,1,0
40.0,2,1.0,0.5,Private room,52.51883062836584,13.624397471464937,5.0,1,3.6888794541139363,1,1,0
164.0,8,3.0,4.0,Entire home/apt,52.48974,13.31697,4.65,20,5.099866427824199,1,1,0
34.0,1,1.0,1.0,Private room,52.43516868247836,13.32208971979856,0.0,0,3.5263605246161616,1,1,0
37.0,1,1.0,1.0,Private room,52.436516500788336,13.323109024117294,0.0,0,3.6109179126442243,1,1,0
270.0,7,2.0,1.0,Entire home/apt,52.52793787559021,13.452597708265772,4.33,3,5.598421958998375,1,1,0
135.0,6,3.0,2.0,Entire home/apt,52.49983516649596,13.412466524438182,4.36,11,4.90527477843843,1,1,0
101.0,4,2.0,1.0,Entire home/apt,52.52498,13.42748,4.67,9,4.61512051684126,1,1,0
180.0,4,1.0,1.0,Entire home/apt,52.5416705,13.4210762,5.0,8,5.19295685089021,1,1,0
135.0,3,1.0,1.0,Entire home/apt,52.52903,13.39479,5.0,1,4.90527477843843,1,1,0
81.0,4,1.0,1.0,Entire home/apt,52.53813,13.39587,4.53,17,4.394449154672439,1,1,0
209.0,2,1.0,1.0,Entire home/apt,52.4708643,13.2790659,5.0,2,5.342334251964811,1,1,0
246.0,4,2.0,0.0,Entire home/apt,52.4708643,13.2790659,0.0,0,5.5053315359323625,1,1,0
293.0,4,2.0,1.0,Entire home/apt,52.4708643,13.2790659,4.8,5,5.680172609017068,1,1,0
246.0,2,1.0,1.0,Entire home/apt,52.4708643,13.2790659,0.0,0,5.5053315359323625,1,1,0
334.0,4,2.0,2.0,Entire home/apt,52.4708643,13.2790659,4.0,2,5.811140992976701,1,1,0
120.0,4,2.0,1.0,Entire home/apt,52.552211460083,13.406251728543811,0.0,0,4.787491742782046,1,1,0
78.0,2,1.0,1.0,Entire home/apt,52.44487,13.29316,4.65,23,4.356708826689592,1,1,0
124.0,5,2.0,1.0,Entire home/apt,52.5109972,13.4570468,5.0,8,4.820281565605037,1,1,0
116.0,6,3.0,2.0,Entire home/apt,52.50156217260004,13.412927904593689,4.25,16,4.7535901911063645,1,1,0
57.0,2,1.0,1.0,Entire home/apt,52.5237938,13.4091964,0.0,0,4.04305126783455,1,1,0
45.0,2,1.0,1.0,Entire home/apt,52.50957871736301,13.42259684075318,0.0,0,3.8066624897703196,1,1,0
44.0,2,1.0,1.0,Entire home/apt,52.50947541997991,13.422575382495127,0.0,0,3.784189633918261,1,1,0
65.0,3,2.0,1.0,Entire home/apt,52.49705602417444,13.34633136499502,0.0,0,4.174387269895637,0,0,0
58.0,2,1.0,1.0,Private room,52.50599,13.46863,5.0,6,4.060443010546419,1,1,0
120.0,4,1.0,1.0,Entire home/apt,52.53297,13.38038,5.0,5,4.787491742782046,1,1,0
77.0,3,2.0,1.0,Private room,52.49295828047208,13.356363182606792,5.0,10,4.343805421853684,1,1,0
173.0,2,1.0,1.0,Entire home/apt,52.51026309048135,13.457632822404015,5.0,6,5.153291594497779,1,1,0
59.0,2,1.0,1.0,Private room,52.553340812326255,13.400402035933473,0.0,0,4.07753744390572,1,1,0
70.0,2,1.0,1.0,Entire home/apt,52.55411,13.41675,4.46,13,4.248495242049359,1,1,0
340.0,4,2.0,2.0,Entire home/apt,52.5036013,13.3932586,0.0,0,5.8289456176102075,1,1,0
85.0,2,1.0,1.0,Entire home/apt,52.49291,13.42476,4.67,3,4.442651256490317,0,0,0
94.0,2,1.0,1.0,Entire home/apt,52.51230184392232,13.41757769466527,4.5,8,4.543294782270004,1,1,0
180.0,6,3.0,1.0,Entire home/apt,52.50182,13.41273,4.92,12,5.19295685089021,1,1,0
81.0,2,1.0,1.0,Entire home/apt,52.5172,13.44594,4.71,7,4.394449154672439,1,1,0
67.0,3,1.0,1.0,Entire home/apt,52.53105792443429,13.3335662876188,4.3,10,4.204692619390966,1,1,0
105.0,1,1.0,1.0,Entire home/apt,52.51263,13.42701,4.5,2,4.653960350157523,1,1,0
102.0,2,1.0,1.0,Entire home/apt,52.53335,13.40683,0.0,0,4.624972813284271,1,1,0
100.0,2,1.0,1.0,Entire home/apt,52.56413611596788,13.418963198405804,5.0,2,4.605170185988092,1,1,0
121.0,6,3.0,2.0,Entire home/apt,52.50146740151795,13.412894903143783,4.6,10,4.795790545596741,1,1,0
45.0,1,1.0,1.0,Entire home/apt,52.536322045607534,13.279051637161036,4.63,8,3.8066624897703196,1,1,0
120.0,2,1.0,1.0,Private room,52.53023,13.40876,5.0,3,4.787491742782046,1,1,0
48.0,1,0.0,1.0,Private room,52.55252,13.34704,5.0,8,3.871201010907891,1,1,0
78.0,2,1.0,1.0,Private room,52.5048115,13.4153243,4.98,43,4.356708826689592,1,0,0
519.0,4,1.0,2.0,Entire home/apt,52.46502,13.43552,0.0,0,6.251903883165888,1,1,0
136.0,4,2.0,1.0,Entire home/apt,52.4953903,13.4329631,0.0,0,4.912654885736052,1,1,0
98.0,2,0.0,1.0,Entire home/apt,52.5096359,13.4660593,0.0,0,4.584967478670572,1,1,0
86.0,2,0.0,1.0,Entire home/apt,52.4939273,13.3841199,0.0,0,4.454347296253507,1,1,0
86.0,2,0.0,1.0,Entire home/apt,52.4939273,13.3841199,0.0,0,4.454347296253507,1,1,0
83.0,2,1.0,1.0,Entire home/apt,52.49019999999999,13.4342211,0.0,0,4.418840607796598,1,1,0
138.0,3,2.0,1.0,Entire home/apt,52.4865223,13.4309749,0.0,0,4.927253685157205,1,1,0
131.0,2,1.0,1.0,Entire home/apt,52.5062595,13.3903512,0.0,0,4.875197323201151,1,1,0
75.0,2,0.0,1.0,Entire home/apt,52.49765360000001,13.30033,0.0,0,4.31748811353631,1,1,0
98.0,4,1.0,1.0,Entire home/apt,52.46995750000001,13.4447925,3.86,79,4.584967478670572,1,1,0
122.0,5,1.0,1.0,Entire home/apt,52.46995750000001,13.4447925,2.0,4,4.804021044733257,1,1,0
126.0,6,2.0,1.0,Entire home/apt,52.54247,13.20465,0.0,0,4.836281906951478,1,1,0
119.0,6,2.0,1.0,Entire home/apt,52.5059596,13.4207633,4.5,2,4.77912349311153,1,1,1
56.0,2,1.0,1.0,Entire home/apt,52.5487069,13.4090506,0.0,0,4.02535169073515,1,1,0
77.0,2,1.0,1.0,Private room,52.47045,13.42404,0.0,0,4.343805421853684,1,1,0
131.0,2,1.0,1.0,Entire home/apt,52.52798075349033,13.389674958783734,0.0,0,4.875197323201151,1,1,0
84.0,2,1.0,1.0,Entire home/apt,52.4713461,13.3212335,0.0,0,4.430816798843313,1,1,0
117.0,3,3.0,2.0,Entire home/apt,52.4995207,13.3659762,0.0,0,4.762173934797756,1,1,0
78.0,2,1.0,1.5,Private room,52.52429281291359,13.328913904240624,0.0,0,4.356708826689592,1,1,0
200.0,4,2.0,2.0,Private room,52.53223908391063,13.411014569975274,5.0,1,5.298317366548036,1,0,0
122.0,1,1.0,0.0,Private room,52.50340869999999,13.4455127,0.0,0,4.804021044733257,1,0,0
132.0,2,1.0,0.0,Private room,52.50340869999999,13.4455127,5.0,3,4.882801922586371,1,0,0
181.0,2,1.0,1.0,Entire home/apt,52.50072,13.43966,4.93,14,5.198497031265826,1,1,0
136.0,4,1.0,1.0,Entire home/apt,52.46713,13.32535,5.0,1,4.912654885736052,1,1,0
81.0,1,1.0,1.0,Private room,52.52860137625228,13.424852861315903,4.74,50,4.394449154672439,1,0,0
108.0,4,2.0,1.0,Entire home/apt,52.49243125967036,13.433217051191164,5.0,4,4.68213122712422,1,1,0
93.0,3,1.0,1.0,Entire home/apt,52.5559494,13.3723036,5.0,3,4.532599493153256,1,1,0
64.0,3,1.0,1.0,Private room,52.48244,13.43729,0.0,0,4.1588830833596715,1,1,0
116.0,2,1.0,1.0,Entire home/apt,52.5302923,13.4153464,4.91,11,4.7535901911063645,1,1,0
180.0,4,1.0,1.5,Entire home/apt,52.51175,13.45683,4.93,15,5.19295685089021,1,1,0
123.0,4,2.0,1.0,Entire home/apt,52.50021583841532,13.444187454879284,4.92,36,4.812184355372417,1,1,0
106.0,2,1.0,1.0,Entire home/apt,52.5285889,13.4091011,4.87,60,4.663439094112067,1,0,1
109.0,2,1.0,1.0,Entire home/apt,52.5285889,13.4091011,4.64,36,4.6913478822291435,1,0,1
110.0,2,1.0,1.0,Entire home/apt,52.5285889,13.4091011,4.5,2,4.700480365792417,1,0,1
113.0,2,1.0,1.0,Entire home/apt,52.5285889,13.4091011,3.33,3,4.727387818712341,1,0,1
118.0,3,1.0,1.0,Entire home/apt,52.5285889,13.4091011,5.0,2,4.770684624465665,1,0,1
122.0,2,1.0,1.0,Entire home/apt,52.5285889,13.4091011,4.67,6,4.804021044733257,1,1,1
127.0,3,1.0,1.0,Entire home/apt,52.5285889,13.4091011,4.66,29,4.844187086458591,1,1,1
134.0,4,1.0,1.0,Entire home/apt,52.5285889,13.4091011,4.5,6,4.897839799950911,1,1,1
118.0,2,1.0,1.0,Entire home/apt,52.51202727497989,13.473197892308235,4.93,14,4.770684624465665,1,1,0
503.0,6,3.0,2.0,Entire home/apt,52.50758961519939,13.38625106960535,0.0,0,6.220590170099739,1,1,0
96.0,3,2.0,1.0,Entire home/apt,52.48131414705134,13.35058532797891,4.5,8,4.564348191467836,1,1,0
83.0,3,1.0,1.0,Entire home/apt,52.48131257623105,13.425089791224574,0.0,0,4.418840607796598,0,1,0
47.0,1,1.0,0.5,Private room,52.46445017789677,13.321747347188538,4.94,17,3.8501476017100584,1,0,0
85.0,4,2.0,2.0,Entire home/apt,52.50734762117804,13.40528517420142,0.0,0,4.442651256490317,1,1,0
44.0,1,1.0,1.0,Entire home/apt,52.49825009513972,13.28902708095093,0.0,0,3.784189633918261,1,1,0
97.0,2,1.0,1.0,Private room,52.52752052680199,13.423967560030627,4.72,32,4.574710978503383,1,0,0
125.0,3,1.0,1.0,Private room,52.52919633833788,13.42551784525792,4.97,34,4.8283137373023015,1,0,0
151.0,4,2.0,1.0,Entire home/apt,52.49423,13.45747,4.93,14,5.017279836814924,1,1,0
73.0,2,1.0,1.0,Entire home/apt,52.55499252985335,13.383381504848437,4.0,1,4.290459441148391,1,1,0
67.0,2,1.0,1.0,Entire home/apt,52.488701133677154,13.298425823450089,0.0,0,4.204692619390966,0,1,0
61.0,4,1.0,1.0,Entire home/apt,52.53632,13.43435,0.0,0,4.110873864173311,1,1,0
139.0,9,4.0,2.0,Entire home/apt,52.52936949999999,13.4094619,4.9,20,4.9344739331306915,1,1,0
150.0,4,2.0,1.0,Entire home/apt,52.53231442921378,13.425999519971088,0.0,0,5.0106352940962555,1,1,0
128.0,4,1.0,1.0,Entire home/apt,52.51925,13.34192,4.5,4,4.852030263919617,1,1,0
75.0,2,0.0,1.0,Entire home/apt,52.49328,13.43166,0.0,0,4.31748811353631,1,1,0
114.0,2,1.0,1.0,Entire home/apt,52.4975838,13.4379759,0.0,0,4.736198448394496,1,1,0
130.0,2,1.0,1.0,Entire home/apt,52.52445890000001,13.3908876,0.0,0,4.867534450455582,1,1,0
214.0,4,1.0,1.0,Entire home/apt,52.45281110986154,13.527981330688478,5.0,2,5.365976015021851,1,1,1
59.0,2,1.0,1.0,Private room,52.49669715453383,13.39813168235916,4.91,11,4.07753744390572,1,1,0
92.0,2,1.0,4.0,Private room,52.512387456505664,13.383481330688491,4.0,3,4.5217885770490405,1,1,0
80.0,2,1.0,1.0,Entire home/apt,52.54204,13.3964,0.0,0,4.382026634673881,1,1,0
30.0,2,1.0,1.0,Entire home/apt,52.38,13.64566,4.0,1,3.4011973816621555,1,1,0
54.0,2,1.0,1.0,Entire home/apt,52.56048582124183,13.43264199055214,4.71,14,3.9889840465642745,1,1,0
200.0,4,2.0,1.0,Entire home/apt,52.53206969675362,13.431943473456192,4.75,20,5.298317366548036,1,1,0
122.0,2,1.0,1.0,Entire home/apt,52.46279,13.4229,4.86,7,4.804021044733257,1,1,0
101.0,4,1.0,1.0,Entire home/apt,52.506056,13.4158774,4.0,11,4.61512051684126,1,1,0
67.0,2,1.0,1.0,Entire home/apt,52.53745,13.45864,4.92,12,4.204692619390966,1,1,0
90.0,2,0.0,1.0,Entire home/apt,52.41864547909462,13.587526599444573,0.0,0,4.499809670330265,1,0,0
126.0,6,1.0,3.0,Private room,52.51333,13.38288,4.0,7,4.836281906951478,1,1,1
112.0,6,3.0,1.0,Entire home/apt,52.46905805681287,13.335729175626888,4.71,28,4.718498871295094,1,1,0
59.0,4,1.0,2.0,Entire home/apt,52.42503,13.67145,4.75,4,4.07753744390572,1,1,0
215.0,4,2.0,1.5,Private room,52.51229671274008,13.383560342327884,0.0,0,5.3706380281276624,1,1,0
144.0,6,2.0,1.5,Entire home/apt,52.52719860101806,13.394720842843643,4.8,20,4.969813299576001,1,1,0
104.0,2,1.0,1.0,Entire home/apt,52.4917109,13.4017261,4.88,8,4.6443908991413725,1,1,0
135.0,3,1.0,1.0,Entire home/apt,52.50716553323584,13.455868032797312,0.0,0,4.90527477843843,1,1,0
799.0,3,1.0,1.0,Entire home/apt,52.43928385474923,13.265531117413689,0.0,0,6.683360945766275,1,1,0
171.0,5,2.0,2.0,Entire home/apt,52.54888,13.4036,5.0,6,5.14166355650266,1,1,0
111.0,5,1.0,1.0,Entire home/apt,52.506056,13.4158774,4.28,43,4.709530201312334,1,1,0
106.0,6,1.0,1.0,Entire home/apt,52.506056,13.4158774,4.42,12,4.663439094112067,0,0,0
121.0,7,1.0,1.0,Entire home/apt,52.506056,13.4158774,3.75,8,4.795790545596741,1,1,0
80.0,2,1.0,1.0,Private room,52.48577772255994,13.37609964760598,0.0,0,4.382026634673881,1,1,0
67.0,2,1.0,1.0,Entire home/apt,52.55633,13.38528,0.0,0,4.204692619390966,1,1,0
62.0,2,1.0,1.0,Entire home/apt,52.556641297922674,13.385466376071092,0.0,0,4.127134385045092,1,1,0
192.0,9,5.0,1.0,Entire home/apt,52.54482052922873,13.41355941728471,4.77,26,5.2574953720277815,1,1,0
54.0,2,1.0,1.0,Private room,52.53496,13.32774,4.0,4,3.9889840465642745,1,1,0
178.0,9,5.0,1.0,Entire home/apt,52.54611,13.41398,4.6,25,5.181783550292085,1,1,0
80.0,4,1.0,1.0,Entire home/apt,52.53755518277924,13.428429270080072,0.0,0,4.382026634673881,1,1,0
55.0,2,1.0,1.0,Private room,52.4152046,13.5178791,5.0,11,4.007333185232471,1,1,0
50.0,2,1.0,1.0,Entire home/apt,52.5350298,13.4004729,0.0,0,3.912023005428146,1,1,0
56.0,2,1.0,1.0,Entire home/apt,52.54355840869764,13.242945601462344,0.0,0,4.02535169073515,1,1,0
85.0,4,2.0,1.0,Entire home/apt,52.53175666516341,13.378219865262508,5.0,1,4.442651256490317,1,1,1
131.0,4,1.0,1.0,Entire home/apt,52.49032806193763,13.431234515344244,4.5,2,4.875197323201151,1,1,0
86.0,3,1.0,1.0,Entire home/apt,52.52967830982958,13.33946194499731,5.0,14,4.454347296253507,1,1,0
170.0,2,1.0,1.0,Entire home/apt,52.52445890000001,13.3908876,0.0,0,5.135798437050262,1,1,0
95.0,5,2.0,1.0,Entire home/apt,52.58468917084118,13.36711667192127,0.0,0,4.553876891600541,1,1,0
136.0,4,2.0,1.0,Entire home/apt,52.56044630747526,13.43011010515463,4.83,12,4.912654885736052,1,1,0
51.0,1,1.0,1.0,Entire home/apt,52.49074,13.33429,5.0,1,3.9318256327243257,1,1,0
108.0,4,3.0,1.0,Entire home/apt,52.45466,13.5799,0.0,0,4.68213122712422,1,1,0
108.0,2,1.0,1.0,Entire home/apt,52.47411,13.45137,0.0,0,4.68213122712422,1,1,0
157.0,6,2.0,1.0,Entire home/apt,52.53485,13.40136,4.74,23,5.056245805348308,1,1,0
64.0,2,1.0,1.0,Entire home/apt,52.464041706538026,13.327847506347684,4.33,9,4.1588830833596715,1,1,0
52.0,3,1.0,1.0,Entire home/apt,52.5263191395925,13.391348203526396,0.0,0,3.9512437185814275,1,1,0
108.0,2,1.0,1.0,Entire home/apt,52.51024659065206,13.42574708465576,4.96,26,4.68213122712422,1,1,0
72.0,2,1.0,1.0,Entire home/apt,52.50295529683624,13.478519325773082,4.83,18,4.276666119016055,1,0,0
204.0,6,1.0,1.0,Entire home/apt,52.47147,13.46267,4.38,8,5.318119993844216,1,1,0
83.0,2,1.0,1.0,Entire home/apt,52.54594956629008,13.414340838379504,4.46,13,4.418840607796598,1,1,0
134.0,6,3.0,1.0,Private room,52.4965465,13.3803224,4.0,2,4.897839799950911,1,0,0
85.0,4,1.0,1.0,Entire home/apt,52.49698,13.44873,0.0,0,4.442651256490317,1,1,0
89.0,2,1.0,1.0,Entire home/apt,52.459427,13.3252765,0.0,0,4.48863636973214,1,1,0
120.0,2,1.0,1.0,Entire home/apt,52.49836,13.4654,4.93,14,4.787491742782046,1,1,0
150.0,6,3.0,1.5,Entire home/apt,52.49415,13.28656,0.0,0,5.0106352940962555,1,1,0
60.0,1,1.0,1.0,Private room,52.50336009999999,13.4151109,0.0,0,4.0943445622221,1,1,0
40.0,2,1.0,1.0,Entire home/apt,52.53617149999999,13.2688637,0.0,0,3.6888794541139363,1,1,0
401.0,6,2.0,2.5,Entire home/apt,52.53264698007177,13.40492209404342,0.0,0,5.993961427306569,1,1,0
240.0,4,2.0,2.0,Entire home/apt,52.49641295947952,13.310963248586388,0.0,0,5.480638923341991,1,1,0
62.0,4,1.0,1.0,Entire home/apt,52.51527859999999,13.3095562,0.0,0,4.127134385045092,1,1,0
133.0,6,3.0,1.0,Entire home/apt,52.4965465,13.3803224,4.09,11,4.890349128221754,1,1,0
45.0,2,1.0,1.0,Entire home/apt,52.49856759999999,13.401823,0.0,0,3.8066624897703196,1,1,0
113.0,2,2.0,1.0,Entire home/apt,52.55741,13.43196,0.0,0,4.727387818712341,1,1,0
96.0,2,0.0,1.0,Private room,52.49220124922083,13.438635687764409,5.0,4,4.564348191467836,1,1,0
88.0,3,1.0,1.0,Entire home/apt,52.51061499999999,13.4060182,4.79,33,4.477336814478207,1,1,0
66.0,2,1.0,1.0,Private room,52.55394,13.41692,5.0,2,4.189654742026425,1,1,0
73.0,2,1.0,1.0,Private room,52.49932,13.47659,5.0,17,4.290459441148391,1,1,0
45.0,2,1.0,1.0,Entire home/apt,52.4996275179246,13.40116920018897,0.0,0,3.8066624897703196,1,1,0
120.0,4,2.0,1.0,Entire home/apt,52.5340042,13.428148,0.0,0,4.787491742782046,1,1,0
65.0,2,1.0,1.0,Entire home/apt,52.5334,13.42695,0.0,0,4.174387269895637,1,1,0
60.0,2,1.0,1.5,Entire home/apt,52.53473007922547,13.42894561717105,0.0,0,4.0943445622221,1,1,0
239.0,3,1.0,1.0,Entire home/apt,52.5325515,13.388407,0.0,0,5.476463551931511,1,1,0
212.0,3,1.0,1.0,Entire home/apt,52.5325515,13.388407,0.0,0,5.356586274672012,1,1,0
186.0,3,1.0,1.0,Entire home/apt,52.5325515,13.388407,0.0,0,5.225746673713202,1,1,0
136.0,3,1.0,1.0,Entire home/apt,52.5325515,13.388407,0.0,0,4.912654885736052,1,1,0
261.0,3,1.0,1.0,Entire home/apt,52.5325515,13.388407,0.0,0,5.564520407322694,1,1,0
235.0,3,1.0,1.0,Entire home/apt,52.5325515,13.388407,0.0,0,5.459585514144159,1,1,0
209.0,3,1.0,1.0,Entire home/apt,52.5325515,13.388407,0.0,0,5.342334251964811,1,1,0
183.0,3,1.0,1.0,Entire home/apt,52.5325515,13.388407,0.0,0,5.209486152841421,1,1,0
133.0,3,1.0,1.0,Entire home/apt,52.5325515,13.388407,0.0,0,4.890349128221754,1,1,0
286.0,3,1.0,1.0,Entire home/apt,52.532118033656445,13.388542142327887,5.0,1,5.655991810819852,1,1,0
257.0,3,1.0,1.0,Entire home/apt,52.5324052,13.3885636,0.0,0,5.54907608489522,1,1,0
228.0,3,1.0,1.0,Entire home/apt,52.5324052,13.3885636,0.0,0,5.429345628954441,1,1,0
200.0,3,1.0,1.0,Entire home/apt,52.5324052,13.3885636,0.0,0,5.298317366548036,1,1,0
148.0,3,1.0,1.0,Entire home/apt,52.5324052,13.3885636,0.0,0,4.997212273764115,1,1,0
230.0,3,1.0,1.0,Entire home/apt,52.5324052,13.3885636,5.0,1,5.438079308923196,1,1,0
207.0,3,1.0,1.0,Entire home/apt,52.5324052,13.3885636,5.0,1,5.332718793265369,1,1,0
184.0,3,1.0,1.0,Entire home/apt,52.5324052,13.3885636,0.0,0,5.214935757608986,1,1,0
161.0,3,1.0,1.0,Entire home/apt,52.5324052,13.3885636,0.0,0,5.081404364984463,1,1,0
114.0,3,1.0,1.0,Entire home/apt,52.5324052,13.3885636,0.0,0,4.736198448394496,1,1,0
238.0,2,1.0,1.0,Entire home/apt,52.5324052,13.3885636,0.0,0,5.472270673671475,1,1,0
215.0,2,0.0,1.0,Entire home/apt,52.5324052,13.3885636,0.0,0,5.3706380281276624,1,1,0
191.0,2,0.0,1.0,Entire home/apt,52.5324052,13.3885636,0.0,0,5.25227342804663,1,1,0
167.0,2,0.0,1.0,Entire home/apt,52.5324052,13.3885636,0.0,0,5.117993812416755,1,1,0
120.0,2,0.0,1.0,Entire home/apt,52.5324052,13.3885636,0.0,0,4.787491742782046,1,1,0
175.0,2,0.0,1.0,Entire home/apt,52.5324052,13.3885636,0.0,0,5.1647859739235145,1,1,0
197.0,2,0.0,1.0,Entire home/apt,52.5324052,13.3885636,0.0,0,5.2832037287379885,1,1,0
218.0,2,0.0,1.0,Entire home/apt,52.5324052,13.3885636,0.0,0,5.384495062789089,1,1,0
153.0,2,0.0,1.0,Entire home/apt,52.5324052,13.3885636,0.0,0,5.030437921392435,1,1,0
108.0,2,0.0,1.0,Entire home/apt,52.5324052,13.3885636,0.0,0,4.68213122712422,1,1,0
125.0,3,1.0,1.0,Entire home/apt,52.48153929999999,13.3476019,4.91,22,4.8283137373023015,1,1,1
56.0,2,1.0,1.0,Private room,52.5031079,13.4970742,5.0,5,4.02535169073515,1,0,0
51.0,2,1.0,1.0,Entire home/apt,52.54963014136817,13.367317541487838,0.0,0,3.9318256327243257,1,1,0
87.0,3,1.0,1.0,Entire home/apt,52.52445890000001,13.3908876,0.0,0,4.465908118654584,1,1,1
79.0,2,0.0,1.0,Entire home/apt,52.5136564,13.4562265,5.0,1,4.3694478524670215,1,1,0
235.0,7,3.0,2.0,Entire home/apt,52.4480374,13.3553146,5.0,1,5.459585514144159,1,1,0
107.0,3,2.0,1.0,Entire home/apt,52.4911013245533,13.334125952881868,0.0,0,4.672828834461906,1,1,0
71.0,2,1.0,1.5,Private room,52.525015409273486,13.460237206414073,5.0,4,4.2626798770413155,1,1,0
79.0,4,2.0,1.0,Entire home/apt,52.50160016843362,13.412256576525746,4.9,10,4.3694478524670215,1,1,0
43.0,3,1.0,1.0,Private room,52.52456,13.32893,4.8,10,3.7612001156935624,1,1,1
95.0,3,0.0,1.0,Entire home/apt,52.4948,13.29121,0.0,0,4.553876891600541,1,1,0
79.0,2,0.0,1.0,Entire home/apt,52.45870912369403,13.379167459525387,0.0,0,4.3694478524670215,1,1,0
65.0,1,1.0,1.0,Entire home/apt,52.522487089937925,13.450851629475322,0.0,0,4.174387269895637,1,1,0
110.0,4,1.0,1.0,Entire home/apt,52.46914336539125,13.338553461376938,4.89,9,4.700480365792417,1,1,0
72.0,2,1.0,1.0,Entire home/apt,52.51305374391989,13.306443489755337,4.74,27,4.276666119016055,1,1,0
63.0,2,1.0,1.0,Entire home/apt,52.485525600902,13.32647829511152,0.0,0,4.143134726391533,1,1,0
45.0,2,1.0,1.0,Entire home/apt,52.51202618588175,13.314208265667723,0.0,0,3.8066624897703196,1,1,0
79.0,2,1.0,1.0,Entire home/apt,52.4644439,13.4349377,4.6,5,4.3694478524670215,1,1,0
99.0,3,1.0,0.0,Entire home/apt,52.46984680000001,13.4440094,4.22,69,4.59511985013459,1,1,0
104.0,5,1.0,0.0,Entire home/apt,52.46984680000001,13.4440094,4.15,46,4.6443908991413725,1,1,0
139.0,2,1.0,1.0,Entire home/apt,52.44370100294033,13.571467827674724,0.0,0,4.9344739331306915,0,1,0
114.0,4,1.0,1.0,Entire home/apt,52.50737549999999,13.4710931,4.93,14,4.736198448394496,1,1,0
80.0,3,1.0,1.0,Private room,52.48687,13.48168,5.0,2,4.382026634673881,1,1,0
391.0,8,4.0,3.5,Entire home/apt,52.5232067,13.3845044,4.91,23,5.968707559985366,1,1,1
93.0,4,1.0,1.0,Entire home/apt,52.53959683529814,13.418346206142958,0.0,0,4.532599493153256,1,1,1
110.0,6,2.0,1.0,Entire home/apt,52.49997682510122,13.414439861098527,4.86,22,4.700480365792417,1,1,0
124.0,2,0.0,1.0,Entire home/apt,52.5143609,13.4507191,4.84,19,4.820281565605037,1,1,0
101.0,2,1.0,1.0,Entire home/apt,52.49653,13.40304,4.54,13,4.61512051684126,1,1,0
78.0,2,1.0,1.0,Entire home/apt,52.51714,13.47034,0.0,0,4.356708826689592,1,1,0
198.0,4,2.0,1.0,Entire home/apt,52.47197,13.44417,5.0,8,5.288267030694535,1,1,0
89.0,6,2.0,1.0,Entire home/apt,52.44465231561061,13.318553790450096,4.81,16,4.48863636973214,1,1,0
146.0,4,1.0,1.0,Entire home/apt,52.49457,13.39593,0.0,0,4.983606621708336,1,1,0
39.0,1,1.0,1.0,Private room,52.51604057286821,13.456902436232514,4.94,16,3.6635616461296463,1,1,0
48.0,2,1.0,1.0,Private room,52.38863,13.38798,5.0,6,3.871201010907891,1,1,0
315.0,8,2.0,1.5,Entire home/apt,52.509036627356814,13.462181988761758,5.0,2,5.752572638825633,1,1,0
54.0,2,1.0,1.0,Private room,52.5132241,13.4337508,0.0,0,3.9889840465642745,1,0,0
187.0,4,1.0,1.0,Entire home/apt,52.47645,13.42195,4.5,8,5.231108616854587,1,1,0
68.0,2,1.0,1.0,Private room,52.40028266972873,13.556088289605125,0.0,0,4.219507705176107,1,0,0
65.0,2,1.0,1.5,Private room,52.54855,13.41582,5.0,2,4.174387269895637,1,1,0
43.0,1,1.0,0.5,Private room,52.54832299159908,13.347937840164064,5.0,3,3.7612001156935624,1,1,0
132.0,2,1.0,1.0,Entire home/apt,52.51630489999999,13.4643199,5.0,3,4.882801922586371,1,1,0
63.0,1,0.0,1.0,Private room,52.47103,13.44547,5.0,1,4.143134726391533,1,1,0
76.0,5,2.0,1.0,Entire home/apt,52.52954,13.33511,4.33,6,4.330733340286331,1,1,0
111.0,9,4.0,2.0,Entire home/apt,52.4983,13.42131,4.81,16,4.709530201312334,1,1,0
125.0,1,1.0,1.0,Private room,52.49066,13.37841,5.0,11,4.8283137373023015,1,1,0
63.0,2,1.0,1.0,Private room,52.54788629999999,13.3748509,4.5,2,4.143134726391533,1,1,0
225.0,4,2.0,1.0,Entire home/apt,52.51933,13.45902,0.0,0,5.41610040220442,1,1,0
104.0,2,1.0,1.0,Entire home/apt,52.5260103,13.3110794,0.0,0,4.6443908991413725,1,1,0
84.0,2,1.0,1.0,Entire home/apt,52.5080006,13.3203965,0.0,0,4.430816798843313,1,1,0
173.0,4,1.0,1.0,Entire home/apt,52.499716021382525,13.475583054492194,5.0,8,5.153291594497779,1,1,0
120.0,2,1.0,1.0,Entire home/apt,52.4911626,13.4166228,0.0,0,4.787491742782046,1,1,0
99.0,2,0.0,1.0,Entire home/apt,52.52452,13.44677,5.0,9,4.59511985013459,1,1,0
252.0,4,2.0,2.0,Entire home/apt,52.54304,13.36729,4.75,4,5.529429087511423,1,1,0
60.0,4,2.0,1.0,Entire home/apt,52.49972381210411,13.439559269696309,0.0,0,4.0943445622221,0,0,0
110.0,4,2.0,1.0,Entire home/apt,52.55386895615835,13.410183598037229,5.0,5,4.700480365792417,1,1,0
67.0,1,1.0,1.0,Private room,52.50884380179711,13.28798370786704,4.41,34,4.204692619390966,1,0,0
119.0,4,2.0,1.0,Entire home/apt,52.47403182505218,13.133516273594925,0.0,0,4.77912349311153,1,1,1
59.0,2,2.0,1.0,Entire home/apt,52.49018,13.42719,0.0,0,4.07753744390572,1,1,0
167.0,3,1.0,1.0,Entire home/apt,52.5257379,13.4066971,4.33,3,5.117993812416755,1,1,0
176.0,2,1.0,1.0,Entire home/apt,52.47874723630387,13.424428034427953,5.0,1,5.170483995038151,1,1,0
77.0,5,1.0,1.0,Entire home/apt,52.5469,13.41152,5.0,2,4.343805421853684,1,1,0
180.0,5,1.0,1.0,Entire home/apt,52.5356373,13.4119408,4.89,9,5.19295685089021,1,1,0
81.0,3,1.0,1.0,Private room,52.4965465,13.3803224,4.18,11,4.394449154672439,1,1,0
104.0,2,1.0,1.0,Private room,52.47574721149677,13.42904229929698,5.0,4,4.6443908991413725,1,1,0
225.0,4,1.0,1.0,Entire home/apt,52.46079,13.38529,0.0,0,5.41610040220442,1,1,0
80.0,3,0.0,1.0,Entire home/apt,52.5368,13.15775,5.0,1,4.382026634673881,1,1,0
114.0,2,1.0,1.0,Entire home/apt,52.51522359069489,13.467958718256334,0.0,0,4.736198448394496,1,1,0
65.0,2,1.0,1.0,Entire home/apt,52.49286332791058,13.39594937970508,4.96,23,4.174387269895637,1,1,0
86.0,4,1.0,1.0,Entire home/apt,52.54857,13.36798,4.78,23,4.454347296253507,1,1,1
63.0,1,1.0,1.0,Private room,52.5336012,13.4248628,5.0,23,4.143134726391533,1,0,0
80.0,2,1.0,1.0,Private room,52.477240492350674,13.308359713543965,4.8,5,4.382026634673881,1,1,0
180.0,2,1.0,1.5,Entire home/apt,52.49484,13.34783,5.0,3,5.19295685089021,1,1,1
77.0,2,1.0,1.0,Entire home/apt,52.5115278,13.4149719,0.0,0,4.343805421853684,1,1,0
288.0,5,1.0,1.0,Entire home/apt,52.522133139262216,13.388939043844111,5.0,1,5.662960480135946,1,1,0
539.0,6,2.0,2.0,Entire home/apt,52.54998125884858,13.453974264036292,0.0,0,6.289715570908998,1,1,1
80.0,2,1.0,1.0,Entire home/apt,52.5101083,13.3745013,0.0,0,4.382026634673881,1,1,1
116.0,2,1.0,1.0,Entire home/apt,52.47299692110479,13.42442820801362,5.0,1,4.7535901911063645,1,1,0
122.0,2,1.0,1.0,Private room,52.51597,13.33324,5.0,1,4.804021044733257,1,1,1
122.0,2,1.0,1.0,Private room,52.51621,13.33287,5.0,1,4.804021044733257,1,1,1
122.0,2,1.0,1.0,Private room,52.5162,13.33161,5.0,1,4.804021044733257,1,1,1
122.0,2,1.0,1.0,Private room,52.51475,13.33286,5.0,1,4.804021044733257,1,1,1
104.0,2,1.0,1.0,Entire home/apt,52.532189,13.4259495,0.0,0,4.6443908991413725,1,1,0
96.0,2,1.0,1.0,Entire home/apt,52.5050903,13.4652572,0.0,0,4.564348191467836,1,1,0
93.0,2,1.0,1.0,Entire home/apt,52.48707150000001,13.3925628,0.0,0,4.532599493153256,1,1,0
77.0,4,1.0,1.0,Entire home/apt,52.568597487044805,13.310309635945822,4.78,9,4.343805421853684,1,1,0
120.0,4,2.0,1.0,Entire home/apt,52.4879796,13.4435793,0.0,0,4.787491742782046,1,1,0
59.0,2,1.0,1.0,Entire home/apt,52.53165999999999,13.42835,4.5,2,4.07753744390572,1,1,0
65.0,3,1.0,1.0,Entire home/apt,52.53166,13.42835,3.67,3,4.174387269895637,1,1,0
87.0,4,1.0,1.0,Entire home/apt,52.53165999999999,13.42835,4.5,2,4.465908118654584,1,1,0
99.0,6,1.0,1.0,Entire home/apt,52.53165999999999,13.42835,4.0,9,4.59511985013459,1,1,0
103.0,8,1.0,1.0,Entire home/apt,52.53165999999999,13.42835,2.0,1,4.634728988229636,1,1,0
107.0,9,1.0,1.0,Entire home/apt,52.53165999999999,13.42835,2.0,1,4.672828834461906,1,1,0
130.0,3,1.0,1.0,Entire home/apt,52.48849256364794,13.4097850423279,5.0,1,4.867534450455582,1,1,0
94.0,2,1.0,1.0,Entire home/apt,52.5013168,13.3496453,4.11,19,4.543294782270004,1,1,0
165.0,6,3.0,2.0,Entire home/apt,52.432825466647714,13.687728884738595,0.0,0,5.10594547390058,1,1,0
77.0,2,1.0,1.0,Entire home/apt,52.4856306,13.4498811,5.0,6,4.343805421853684,1,1,0
115.0,2,1.0,1.5,Entire home/apt,52.53496951333401,13.43502212698365,5.0,3,4.74493212836325,1,1,0
9999.0,5,4.0,1.0,Entire home/apt,52.4267692,13.2803671,0.0,0,9.21024036697585,1,1,0
88.0,3,2.0,1.0,Entire home/apt,52.408217734308,13.66304397583,0.0,0,4.477336814478207,1,1,0
10006.0,3,1.0,1.0,Entire home/apt,52.49404,13.32817,5.0,2,9.21094019204815,1,1,0
149.0,4,1.0,1.0,Entire home/apt,52.5874792,13.4239459,5.0,1,5.003946305945459,1,1,0
9999.0,4,1.0,1.0,Entire home/apt,52.41686,13.48523,4.33,3,9.21024036697585,1,1,0
9999.0,4,1.0,1.0,Entire home/apt,52.518288841668,13.315116852609,0.0,0,9.21024036697585,1,1,0
9999.0,2,1.0,1.0,Entire home/apt,52.52082,13.55403,0.0,0,9.21024036697585,1,1,1
40.0,1,1.0,1.0,Private room,52.48415,13.45476,5.0,1,3.6888794541139363,1,1,0
137.0,4,1.0,1.0,Entire home/apt,52.49357,13.40002,4.61,18,4.919980925828125,1,1,0
103.0,4,1.0,1.0,Entire home/apt,52.46535,13.32971,5.0,19,4.634728988229636,1,1,0
59.0,2,1.0,1.0,Private room,52.53,13.41855,5.0,5,4.07753744390572,1,1,0
67.0,2,1.0,1.0,Entire home/apt,52.54642290028907,13.415492107578576,4.74,19,4.204692619390966,1,1,0
90.0,2,1.0,1.0,Entire home/apt,52.5219532615502,13.42843383550644,5.0,8,4.499809670330265,1,1,0
258.0,13,4.0,2.0,Entire home/apt,52.482796193214185,13.3486730949124,4.19,16,5.552959584921617,1,1,0
117.0,2,1.0,1.0,Entire home/apt,52.54741,13.40173,4.93,45,4.762173934797756,1,1,0
81.0,2,1.0,1.0,Entire home/apt,52.5099706,13.4719283,5.0,2,4.394449154672439,1,1,0
70.0,2,1.0,1.0,Entire home/apt,52.522126,13.3245691,0.0,0,4.248495242049359,1,1,0
65.0,2,1.0,1.0,Entire home/apt,52.50344504288292,13.367072487748564,0.0,0,4.174387269895637,1,1,0
42.0,1,1.0,1.0,Entire home/apt,52.52834548812695,13.405071288100611,0.0,0,3.7376696182833684,1,1,0
53.0,2,1.0,1.0,Private room,52.55721927091,13.430171345643224,5.0,11,3.970291913552122,1,1,0
165.0,8,2.0,1.5,Entire home/apt,52.52858,13.39635,4.54,26,5.10594547390058,1,1,0
64.0,2,1.0,1.0,Entire home/apt,52.5193374,13.265037,4.56,27,4.1588830833596715,1,1,0
77.0,4,1.0,1.0,Private room,52.47905739999999,13.4459943,5.0,8,4.343805421853684,1,1,0
55.0,1,1.0,1.0,Entire home/apt,52.50340911145082,13.480729623906836,0.0,0,4.007333185232471,1,1,0
139.0,5,1.0,1.0,Entire home/apt,52.5304988,13.4009116,4.09,11,4.9344739331306915,1,1,0
40.0,2,1.0,1.0,Entire home/apt,52.47816,13.3356,4.75,16,3.6888794541139363,1,1,0
54.0,2,1.0,1.0,Entire home/apt,52.546777474708406,13.411168456077576,5.0,5,3.9889840465642745,1,1,0
48.0,2,1.0,1.0,Entire home/apt,52.5286,13.33196,0.0,0,3.871201010907891,1,1,0
36.0,1,1.0,1.0,Entire home/apt,52.508289202106816,13.507830796850593,4.15,13,3.58351893845611,1,1,0
42.0,2,1.0,1.0,Private room,52.539119062414485,13.42313714325428,4.28,18,3.7376696182833684,1,1,0
240.0,2,1.0,1.0,Entire home/apt,52.51059,13.422,5.0,1,5.480638923341991,1,1,0
121.0,2,1.0,1.0,Entire home/apt,52.54598679999999,13.4241427,5.0,23,4.795790545596741,1,1,0
202.0,4,2.0,2.0,Entire home/apt,52.52576990273791,13.395931045941964,4.88,25,5.308267697401205,1,1,0
90.0,2,1.0,1.0,Entire home/apt,52.49985,13.43031,0.0,0,4.499809670330265,1,1,0
110.0,3,1.0,1.0,Entire home/apt,52.526701212123534,13.490406179180097,4.5,2,4.700480365792417,1,0,0
115.0,2,1.0,1.0,Entire home/apt,52.49885804674388,13.434758216034666,0.0,0,4.74493212836325,1,1,0
72.0,2,0.0,1.0,Entire home/apt,52.4719424682219,13.441840842064137,4.68,19,4.276666119016055,1,1,0
48.0,2,0.0,1.0,Entire home/apt,52.58851,13.40151,4.72,36,3.871201010907891,1,1,0
34.0,2,2.0,1.0,Private room,52.54182,13.49139,5.0,7,3.5263605246161616,1,1,0
136.0,4,2.0,1.0,Entire home/apt,52.51036,13.4169,4.85,20,4.912654885736052,1,1,0
69.0,2,1.0,1.0,Private room,52.50327,13.3142,4.67,3,4.23410650459726,1,1,0
104.0,4,2.0,2.0,Private room,52.47682714072735,13.29712494612142,0.0,0,4.6443908991413725,1,1,0
60.0,3,2.0,1.0,Entire home/apt,52.46908937499847,13.43174975840114,4.83,6,4.0943445622221,1,1,0
154.0,7,3.0,1.0,Entire home/apt,52.5141625,13.4604046,4.5,8,5.0369526024136295,1,1,0
200.0,5,2.0,2.0,Entire home/apt,52.5567022,13.4321685,4.0,1,5.298317366548036,1,1,0
147.0,4,1.0,1.0,Entire home/apt,52.5067533,13.399004,4.93,15,4.990432586778736,1,1,0
147.0,4,1.0,1.0,Entire home/apt,52.50682186807835,13.39880551653292,5.0,5,4.990432586778736,1,1,0
146.0,4,1.0,1.0,Entire home/apt,52.50673370910083,13.398896711639424,5.0,5,4.983606621708336,1,1,0
147.0,4,1.0,1.0,Entire home/apt,52.50669779242968,13.398961084655785,4.95,22,4.990432586778736,1,1,0
146.0,4,1.0,1.0,Entire home/apt,52.50671085304076,13.398902076057457,4.8,5,4.983606621708336,1,1,0
146.0,4,1.0,1.0,Entire home/apt,52.5068327,13.3986661,5.0,3,4.983606621708336,1,1,0
146.0,4,1.0,1.0,Entire home/apt,52.5068327,13.3986661,4.96,26,4.983606621708336,1,1,0
147.0,4,1.0,1.0,Entire home/apt,52.5068327,13.3986661,4.86,7,4.990432586778736,1,1,0
55.0,2,1.0,1.0,Entire home/apt,52.51935164777935,13.468943060039026,0.0,0,4.007333185232471,1,1,0
56.0,2,1.0,0.5,Private room,52.48994015233184,13.425849112859725,4.94,17,4.02535169073515,1,1,0
118.0,2,2.0,1.0,Entire home/apt,52.47748282995537,13.483500302952107,0.0,0,4.770684624465665,1,1,0
59.0,3,1.0,1.0,Entire home/apt,52.43282,13.71783,5.0,10,4.07753744390572,1,1,1
66.0,4,1.0,1.0,Entire home/apt,52.56747,13.45951,5.0,6,4.189654742026425,1,1,0
30.0,2,1.0,1.0,Private room,52.51502809999999,13.458659,0.0,0,3.4011973816621555,1,1,0
41.0,4,0.0,3.0,Private room,52.5152744,13.4565813,4.5,6,3.713572066704308,1,1,0
224.0,9,3.0,2.0,Entire home/apt,52.511044277981846,13.288887780426014,3.67,3,5.4116460518550396,1,1,0
211.0,6,1.0,1.0,Entire home/apt,52.5086018,13.4033065,4.8,5,5.351858133476067,1,1,0
71.0,2,1.0,1.0,Entire home/apt,52.51835042557183,13.446271211975752,4.57,14,4.2626798770413155,1,1,0
101.0,2,1.0,1.0,Entire home/apt,52.525946,13.4074468,0.0,0,4.61512051684126,1,1,0
42.0,1,1.0,1.0,Private room,52.4864587785482,13.348633931801434,5.0,2,3.7376696182833684,1,1,0
53.0,2,1.0,1.0,Entire home/apt,52.45171,13.34124,0.0,0,3.970291913552122,1,1,1
155.0,8,2.0,1.0,Entire home/apt,52.54693,13.4562,0.0,0,5.043425116919247,1,1,0
111.0,4,1.0,1.0,Entire home/apt,52.549987621279726,13.350559431682424,0.0,0,4.709530201312334,1,1,0
179.0,10,4.0,2.0,Entire home/apt,52.413715,13.504938,5.0,1,5.187385805840755,1,1,0
36.0,2,1.0,1.0,Private room,52.49734359873165,13.438461465006052,5.0,2,3.58351893845611,1,1,0
158.0,6,2.0,2.0,Entire home/apt,52.5322286,13.3930825,4.83,12,5.062595033026967,1,1,0
99.0,4,1.0,1.0,Entire home/apt,52.60124,13.29298,4.0,4,4.59511985013459,1,1,0
55.0,1,1.0,1.0,Private room,52.480693067556906,13.444540116398526,0.0,0,4.007333185232471,1,1,0
63.0,2,1.0,1.0,Entire home/apt,52.54577719905649,13.348488538814594,5.0,8,4.143134726391533,1,1,0
258.0,4,1.0,1.0,Entire home/apt,52.54978969970367,13.40305939464763,5.0,2,5.552959584921617,1,1,1
136.0,6,2.0,1.0,Entire home/apt,52.51676926955039,13.41915101534425,4.86,37,4.912654885736052,1,1,0
93.0,1,1.0,1.0,Entire home/apt,52.5459032,13.4941432,5.0,1,4.532599493153256,0,0,0
97.0,2,1.0,1.0,Entire home/apt,52.5459032,13.4941432,3.67,3,4.574710978503383,1,0,0
102.0,2,1.0,1.0,Entire home/apt,52.5459032,13.4941432,0.0,0,4.624972813284271,1,0,0
102.0,3,1.0,1.0,Entire home/apt,52.5459032,13.4941432,4.2,5,4.624972813284271,1,0,0
116.0,4,1.0,1.0,Entire home/apt,52.5459032,13.4941432,0.0,0,4.7535901911063645,1,0,0
123.0,2,1.0,1.0,Entire home/apt,52.52316818678255,13.3812484794302,0.0,0,4.812184355372417,1,1,0
70.0,3,2.0,1.0,Entire home/apt,52.5062811,13.2336738,4.71,7,4.248495242049359,1,0,0
43.0,4,2.0,1.0,Private room,52.52934713435784,13.271727304077425,0.0,0,3.7612001156935624,1,1,0
75.0,2,1.0,1.0,Entire home/apt,52.48942,13.45356,4.77,13,4.31748811353631,1,1,0
120.0,6,2.0,1.0,Entire home/apt,52.52761,13.272,0.0,0,4.787491742782046,0,1,0
117.0,4,1.0,1.0,Entire home/apt,52.53543,13.45978,4.95,19,4.762173934797756,1,1,0
135.0,4,2.0,1.0,Entire home/apt,52.49740737881412,13.433583120617952,5.0,2,4.90527477843843,1,1,0
48.0,2,1.0,1.0,Private room,52.56552,13.39159,4.5,24,3.871201010907891,1,1,1
96.0,2,1.0,1.0,Entire home/apt,52.48707150000001,13.3925628,0.0,0,4.564348191467836,1,1,0
97.0,2,1.0,1.0,Entire home/apt,52.48707150000001,13.3925628,0.0,0,4.574710978503383,1,1,0
94.0,2,0.0,1.0,Entire home/apt,52.5096942,13.4622975,0.0,0,4.543294782270004,1,1,0
167.0,2,1.0,1.0,Entire home/apt,52.51076750000001,13.4622796,0.0,0,5.117993812416755,1,1,0
119.0,3,1.0,1.0,Entire home/apt,52.5115278,13.4149719,5.0,14,4.77912349311153,1,1,0
70.0,2,1.0,1.0,Private room,52.43494272059804,13.477332517504692,5.0,1,4.248495242049359,1,1,0
110.0,3,1.0,1.0,Private room,52.43494272059804,13.477332517504692,4.33,3,4.700480365792417,1,1,0
86.0,3,1.0,1.0,Entire home/apt,52.51529423126676,13.43752252972294,0.0,0,4.454347296253507,0,1,0
75.0,2,1.0,1.0,Entire home/apt,52.42502,13.45226,5.0,7,4.31748811353631,1,1,0
72.0,2,1.0,1.0,Private room,52.499989133424215,13.451648961574762,5.0,6,4.276666119016055,1,1,0
60.0,4,1.0,0.5,Private room,52.47472,13.42408,4.91,33,4.0943445622221,1,1,0
72.0,2,1.0,1.0,Entire home/apt,52.5057254,13.380306,0.0,0,4.276666119016055,1,1,1
77.0,2,1.0,1.0,Private room,52.47664044232849,13.382223143910965,5.0,6,4.343805421853684,1,1,0
79.0,2,1.0,1.0,Private room,52.4847177,13.3543262,4.0,1,4.3694478524670215,1,0,1
105.0,2,1.0,1.0,Entire home/apt,52.531229,13.4219803,5.0,8,4.653960350157523,1,1,0
331.0,4,1.0,2.0,Entire home/apt,52.5032322383776,13.336519893226743,5.0,2,5.802118375377063,1,1,0
66.0,3,1.0,1.0,Entire home/apt,52.54413238218051,13.436584062874315,0.0,0,4.189654742026425,1,1,0
125.0,4,2.0,2.0,Entire home/apt,52.54283,13.41635,0.0,0,4.8283137373023015,1,1,0
64.0,1,1.0,1.0,Entire home/apt,52.55796646444558,13.341715795727108,0.0,0,4.1588830833596715,1,1,0
51.0,1,1.0,1.0,Entire home/apt,52.52752,13.38816,0.0,0,3.9318256327243257,1,1,0
41.0,1,1.0,0.5,Private room,52.506858,13.4063238,4.0,1,3.713572066704308,1,1,0
68.0,2,1.0,1.0,Entire home/apt,52.4929546765669,13.395338746032728,4.87,38,4.219507705176107,0,1,0
64.0,2,1.0,1.0,Private room,52.51923166128843,13.443710030304992,5.0,9,4.1588830833596715,1,1,0
41.0,3,1.0,1.0,Private room,52.457597251727215,13.370604384570791,5.0,8,3.713572066704308,1,1,0
117.0,2,1.0,1.0,Entire home/apt,52.4716504216818,13.44496663659811,0.0,0,4.762173934797756,1,1,0
180.0,3,2.0,1.0,Entire home/apt,52.52110480630952,13.2530190423131,5.0,1,5.19295685089021,1,1,0
95.0,2,1.0,1.0,Entire home/apt,52.4908078421801,13.41779024803059,0.0,0,4.553876891600541,1,1,0
356.0,2,1.0,1.0,Private room,52.4890445,13.3166557,0.0,0,5.87493073085203,1,0,1
116.0,2,1.0,1.0,Entire home/apt,52.48681460974975,13.42910328836059,0.0,0,4.7535901911063645,1,1,0
179.0,4,2.0,2.0,Entire home/apt,52.48118,13.43527,5.0,1,5.187385805840755,1,1,1
160.0,3,1.0,1.0,Entire home/apt,52.54981645557328,13.40702601519406,5.0,1,5.075173815233827,1,1,0
139.0,2,2.0,1.0,Entire home/apt,52.53329937665028,13.408148227213925,4.8,10,4.9344739331306915,1,1,0
74.0,3,1.0,1.0,Entire home/apt,52.55750511511523,13.46702605620336,1.75,4,4.30406509320417,0,1,0
72.0,3,1.0,1.0,Entire home/apt,52.55063441662831,13.420978970825672,0.0,0,4.276666119016055,1,1,0
70.0,3,2.0,1.0,Entire home/apt,52.40082,13.52305,4.8,5,4.248495242049359,1,1,1
219.0,4,3.0,1.5,Entire home/apt,52.41587,13.13784,0.0,0,5.389071729816501,1,1,0
55.0,2,1.0,1.0,Private room,52.4998,13.43194,4.41,22,4.007333185232471,1,1,0
55.0,2,1.0,1.0,Private room,52.50185605292039,13.432638481922806,4.54,13,4.007333185232471,1,1,0
55.0,2,1.0,1.0,Private room,52.5018,13.43268,4.37,19,4.007333185232471,1,1,0
50.0,2,1.0,1.0,Entire home/apt,52.43441862044661,13.718912816217529,4.9,10,3.912023005428146,1,0,0
81.0,1,1.0,1.0,Entire home/apt,52.5126292,13.4270103,4.56,27,4.394449154672439,1,1,0
52.0,1,1.0,1.0,Private room,52.48853642190181,13.45594592756344,0.0,0,3.9512437185814275,1,1,0
75.0,3,1.0,1.0,Entire home/apt,52.50288,13.29809,0.0,0,4.31748811353631,1,1,0
184.0,4,2.0,1.0,Entire home/apt,52.5259041,13.3867775,4.83,12,5.214935757608986,1,1,0
64.0,1,1.0,1.0,Private room,52.52885,13.33049,0.0,0,4.1588830833596715,1,1,0
62.0,2,2.0,1.0,Entire home/apt,52.48979,13.4471,4.5,10,4.127134385045092,0,1,0
200.0,4,2.0,2.0,Entire home/apt,52.5052557,13.4162075,0.0,0,5.298317366548036,1,1,0
90.0,2,1.0,1.0,Private room,52.5235492,13.3847587,5.0,4,4.499809670330265,1,1,0
26.0,2,1.0,0.5,Private room,52.3779387,13.614422,4.93,15,3.258096538021482,1,1,0
65.0,3,1.0,1.0,Entire home/apt,52.53612318886329,13.397904504229752,0.0,0,4.174387269895637,1,1,0
90.0,2,0.0,1.0,Entire home/apt,52.5345467,13.1879998,4.75,4,4.499809670330265,1,1,1
84.0,3,2.0,1.0,Entire home/apt,52.43553342844376,13.454326614126074,0.0,0,4.430816798843313,1,1,0
135.0,2,1.0,1.0,Entire home/apt,52.50643030744306,13.465032195648982,0.0,0,4.90527477843843,1,1,1
145.0,2,1.0,1.0,Entire home/apt,52.43195,13.30213,0.0,0,4.976733742420574,1,1,0
124.0,4,2.0,1.0,Entire home/apt,52.50483,13.31645,4.14,7,4.820281565605037,1,1,0
153.0,7,3.0,1.5,Entire home/apt,52.5235492,13.3847587,4.83,18,5.030437921392435,1,1,1
148.0,4,2.0,1.0,Entire home/apt,52.53819,13.42755,3.4,5,4.997212273764115,1,1,0
89.0,2,1.0,1.0,Entire home/apt,52.53729786862111,13.426968714087277,4.33,3,4.48863636973214,1,1,0
81.0,2,1.0,1.0,Private room,52.47286733975209,13.293380808436217,5.0,1,4.394449154672439,1,1,0
48.0,2,1.0,1.0,Entire home/apt,52.51267561381391,13.531107141756708,0.0,0,3.871201010907891,1,1,0
60.0,1,1.0,1.0,Private room,52.50266768028958,13.365976633198818,5.0,5,4.0943445622221,1,0,0
217.0,3,2.0,1.5,Entire home/apt,52.52669,13.3952,0.0,0,5.37989735354046,1,1,0
157.0,7,3.0,1.0,Entire home/apt,52.5575787615247,13.464509140395778,3.0,4,5.056245805348308,1,1,0
97.0,2,1.0,1.0,Entire home/apt,52.5140683,13.4691889,3.2,6,4.574710978503383,1,0,0
106.0,3,1.0,1.0,Entire home/apt,52.5140683,13.4691889,5.0,1,4.663439094112067,1,0,0
116.0,4,1.0,1.0,Entire home/apt,52.5140683,13.4691889,4.33,3,4.7535901911063645,1,0,0
126.0,4,1.0,1.0,Entire home/apt,52.5140683,13.4691889,3.4,5,4.836281906951478,1,0,0
95.0,2,2.0,1.0,Entire home/apt,52.52518,13.33306,0.0,0,4.553876891600541,1,1,0
230.0,6,3.0,3.0,Entire home/apt,52.55359529550271,13.445240892469885,0.0,0,5.438079308923196,1,1,0
81.0,4,1.0,1.0,Entire home/apt,52.5081,13.3957,4.86,21,4.394449154672439,1,1,0
285.0,8,2.0,1.0,Entire home/apt,52.45736,13.38566,4.89,18,5.652489180268651,1,1,1
98.0,2,1.0,1.0,Entire home/apt,52.550573,13.3710406,4.86,14,4.584967478670572,1,1,0
95.0,2,1.0,1.5,Entire home/apt,52.51908611709997,13.270296611639411,5.0,1,4.553876891600541,1,1,0
89.0,2,1.0,1.0,Entire home/apt,52.51620599520654,13.286988710254873,4.89,9,4.48863636973214,1,1,0
162.0,4,3.0,3.0,Entire home/apt,52.5801130723107,13.384639698457772,0.0,0,5.087596335232384,1,1,0
37.0,2,0.0,1.0,Entire home/apt,52.48529100395541,13.43636012090147,0.0,0,3.6109179126442243,1,1,0
100.0,2,1.0,1.0,Entire home/apt,52.48836,13.44448,0.0,0,4.605170185988092,1,1,0
50.0,1,1.0,1.0,Private room,52.46975,13.491,5.0,12,3.912023005428146,1,1,0
76.0,2,1.0,0.5,Private room,52.48815,13.43894,5.0,9,4.330733340286331,1,1,0
264.0,10,4.0,3.0,Entire home/apt,52.52506009351737,13.411841600000018,5.0,15,5.575949103146316,1,1,0
187.0,6,2.0,1.0,Entire home/apt,52.4972537,13.4465248,4.9,31,5.231108616854587,1,1,0
102.0,2,1.0,1.0,Entire home/apt,52.488799393802594,13.374682636472814,4.88,8,4.624972813284271,1,1,0
84.0,2,1.0,1.0,Entire home/apt,52.47334107516607,13.44740205877538,5.0,1,4.430816798843313,1,1,0
31.0,2,1.0,1.0,Entire home/apt,52.53573929604404,13.406854153967291,0.0,0,3.4339872044851463,1,1,0
246.0,9,4.0,2.0,Entire home/apt,52.542513525392216,13.438744164670137,5.0,8,5.5053315359323625,1,1,0
38.0,1,1.0,1.5,Private room,52.50263,13.38941,5.0,1,3.6375861597263857,1,1,0
40.0,1,1.0,1.0,Private room,52.4981312,13.2887146,0.0,0,3.6888794541139363,1,1,0
59.0,4,2.0,1.0,Entire home/apt,52.5285034,13.3911238,0.0,0,4.07753744390572,1,1,0
49.0,1,1.0,0.5,Private room,52.49256,13.39686,5.0,3,3.8918202981106265,1,1,0
100.0,4,1.0,1.0,Entire home/apt,52.51812012872202,13.43019233403587,0.0,0,4.605170185988092,1,1,0
111.0,4,1.0,1.0,Entire home/apt,52.5330767157441,13.40361305125176,4.0,3,4.709530201312334,1,1,1
85.0,2,1.0,1.0,Entire home/apt,52.51121,13.46801,0.0,0,4.442651256490317,1,1,0
50.0,1,1.0,1.0,Private room,52.48126,13.34928,5.0,1,3.912023005428146,1,1,0
94.0,4,1.0,1.0,Entire home/apt,52.553565,13.4314335,4.71,7,4.543294782270004,1,1,0
280.0,4,2.0,2.0,Entire home/apt,52.52549,13.40683,0.0,0,5.634789603169249,1,1,0
90.0,3,2.0,1.0,Entire home/apt,52.5057254,13.380306,0.0,0,4.499809670330265,1,1,1
193.0,8,4.0,2.0,Entire home/apt,52.48121094234089,13.348150590343591,1.0,1,5.262690188904886,1,1,0
81.0,2,1.0,1.0,Entire home/apt,52.52006,13.44698,4.8,5,4.394449154672439,1,1,0
64.0,2,1.0,1.0,Entire home/apt,52.47301,13.45383,5.0,2,4.1588830833596715,1,1,0
201.0,4,1.0,1.0,Private room,52.49188458680729,13.52431521614354,0.0,0,5.303304908059076,1,1,0
122.0,2,1.0,1.0,Entire home/apt,52.5426778,13.4212083,0.0,0,4.804021044733257,1,1,0
204.0,4,2.0,2.0,Entire home/apt,52.501029,13.3589616,0.0,0,5.318119993844216,1,1,0
172.0,6,3.0,2.0,Entire home/apt,52.4845155,13.3555209,0.0,0,5.147494476813453,1,1,0
99.0,3,1.0,1.0,Entire home/apt,52.4904837,13.3763314,0.0,0,4.59511985013459,1,1,0
83.0,2,1.0,1.0,Entire home/apt,52.50829411147975,13.392634113889928,3.75,4,4.418840607796598,1,1,0
232.0,6,3.0,2.0,Entire home/apt,52.4743122722124,13.38183564213306,0.0,0,5.44673737166631,1,1,0
128.0,5,2.0,1.0,Entire home/apt,52.46601,13.3326,5.0,1,4.852030263919617,1,1,0
65.0,4,1.0,1.0,Entire home/apt,52.5004798332451,13.337459380109651,5.0,2,4.174387269895637,1,1,0
1440.0,16,1.0,1.0,Entire home/apt,52.51016709111656,13.455859401912496,0.0,0,7.272398392570047,1,1,0
102.0,2,1.0,1.0,Entire home/apt,52.5057254,13.380306,4.72,36,4.624972813284271,1,0,0
103.0,2,1.0,1.0,Entire home/apt,52.5057254,13.380306,4.75,4,4.634728988229636,1,0,0
109.0,2,1.0,1.0,Entire home/apt,52.5057254,13.380306,4.5,2,4.6913478822291435,1,0,0
111.0,2,1.0,1.0,Entire home/apt,52.50624,13.37916,5.0,2,4.709530201312334,1,0,0
116.0,2,1.0,1.0,Entire home/apt,52.50462,13.37944,0.0,0,4.7535901911063645,1,0,1
119.0,2,1.0,1.0,Entire home/apt,52.5057254,13.380306,5.0,1,4.77912349311153,1,1,0
121.0,4,1.0,1.0,Entire home/apt,52.5057254,13.380306,0.0,0,4.795790545596741,1,0,0
131.0,4,2.0,1.0,Entire home/apt,52.5057254,13.380306,4.56,16,4.875197323201151,0,1,0
138.0,4,1.0,1.0,Entire home/apt,52.5057254,13.380306,4.0,1,4.927253685157205,1,1,0
280.0,5,3.0,2.0,Entire home/apt,52.53331302114299,13.433702364563942,5.0,3,5.634789603169249,1,1,0
63.0,3,1.0,1.0,Entire home/apt,52.64000685309672,13.273778793038046,0.0,0,4.143134726391533,1,1,0
200.0,7,3.0,1.5,Entire home/apt,52.50556,13.35691,4.76,17,5.298317366548036,1,1,0
52.0,3,1.0,1.0,Entire home/apt,52.5110498420675,13.456902701106705,5.0,10,3.9512437185814275,1,1,0
113.0,4,1.0,1.0,Entire home/apt,52.53211624691394,13.342130722876538,0.0,0,4.727387818712341,1,1,0
115.0,3,1.0,1.0,Entire home/apt,52.4956772,13.4674914,5.0,2,4.74493212836325,1,1,0
83.0,3,1.0,1.0,Private room,52.494,13.30974,4.5,10,4.418840607796598,1,1,0
112.0,4,2.0,1.0,Private room,52.49488,13.30997,4.89,18,4.718498871295094,1,1,0
116.0,6,2.0,1.0,Private room,52.494,13.30974,4.94,17,4.7535901911063645,1,1,0
127.0,6,1.0,1.0,Entire home/apt,52.494,13.30974,4.61,18,4.844187086458591,1,1,0
113.0,2,1.0,1.0,Entire home/apt,52.49333416901916,13.438631029546354,0.0,0,4.727387818712341,1,1,0
68.0,2,1.0,1.0,Entire home/apt,52.538518160307945,13.48309590503499,4.92,12,4.219507705176107,1,1,0
180.0,5,2.0,1.0,Entire home/apt,52.491649034547365,13.397995792329311,5.0,1,5.19295685089021,1,1,0
135.0,2,1.0,1.0,Entire home/apt,52.5338984,13.4131515,0.0,0,4.90527477843843,1,1,0
35.0,2,1.0,1.0,Private room,52.49072,13.38949,0.0,0,3.5553480614894135,1,1,0
45.0,2,1.0,1.0,Entire home/apt,52.5097,13.42231,0.0,0,3.8066624897703196,1,1,0
110.0,3,1.0,1.0,Entire home/apt,52.50182,13.2927,0.0,0,4.700480365792417,1,1,0
95.0,5,2.0,1.0,Entire home/apt,52.5699337398172,13.362557105697505,5.0,1,4.553876891600541,1,1,0
225.0,2,1.0,1.5,Entire home/apt,52.51978114327688,13.393621315344223,0.0,0,5.41610040220442,1,1,1
88.0,3,2.0,1.0,Entire home/apt,52.51708909527423,13.41987973296725,4.6,10,4.477336814478207,1,1,0
92.0,2,1.0,1.0,Entire home/apt,52.50378857892988,13.434706175459718,5.0,2,4.5217885770490405,1,1,0
295.0,13,9.0,3.0,Entire home/apt,52.49149,13.39444,3.92,13,5.68697535633982,1,1,0
187.0,8,3.0,2.0,Entire home/apt,52.49945,13.30332,5.0,1,5.231108616854587,1,1,0
70.0,2,1.0,1.0,Entire home/apt,52.49429,13.31344,0.0,0,4.248495242049359,1,1,0
117.0,3,1.0,1.0,Entire home/apt,52.50157,13.42059,0.0,0,4.762173934797756,1,1,0
164.0,2,1.0,1.0,Entire home/apt,52.49265,13.39539,0.0,0,5.099866427824199,1,1,0
81.0,2,1.0,1.0,Private room,52.50086,13.45272,5.0,6,4.394449154672439,1,1,0
95.0,2,1.0,1.0,Entire home/apt,52.45025,13.24741,5.0,6,4.553876891600541,1,1,0
34.0,2,1.0,1.0,Private room,52.482048,13.4385488,0.0,0,3.5263605246161616,1,1,0
34.0,2,1.0,1.0,Private room,52.482048,13.4385488,0.0,0,3.5263605246161616,1,1,0
41.0,2,1.0,1.0,Private room,52.53763264204747,13.281223219846863,0.0,0,3.713572066704308,1,1,0
135.0,4,1.0,1.0,Entire home/apt,52.53356938773695,13.370768688619137,4.71,7,4.90527477843843,1,1,0
70.0,3,1.0,1.0,Entire home/apt,52.51251,13.45997,4.5,4,4.248495242049359,1,1,0
173.0,5,2.0,1.0,Entire home/apt,52.5298264,13.4002299,4.0,6,5.153291594497779,1,1,0
140.0,2,1.0,1.0,Entire home/apt,52.47936307191003,13.346167802810667,0.0,0,4.941642422609304,1,1,0
206.0,6,2.0,1.0,Entire home/apt,52.54489856373398,13.377587713940112,5.0,2,5.327876168789581,1,1,0
90.0,2,1.0,1.0,Entire home/apt,52.49121,13.42302,4.0,2,4.499809670330265,1,1,0
83.0,4,2.0,2.0,Entire home/apt,52.49179,13.27142,0.0,0,4.418840607796598,0,1,0
95.0,2,1.0,1.0,Entire home/apt,52.51327,13.46928,5.0,4,4.553876891600541,1,1,0
75.0,2,1.0,1.0,Private room,52.4546577,13.6341847,5.0,2,4.31748811353631,1,1,0
125.0,4,2.0,1.0,Entire home/apt,52.53763,13.37426,0.0,0,4.8283137373023015,1,1,0
46.0,2,1.0,1.0,Entire home/apt,52.5530374,13.3860606,0.0,0,3.828641396489095,0,1,0
140.0,8,4.0,1.0,Entire home/apt,52.51063256645352,13.458672092014144,0.0,0,4.941642422609304,1,1,0
44.0,2,0.0,1.0,Entire home/apt,52.4594775,13.3260596,0.0,0,3.784189633918261,1,1,0
77.0,2,1.0,1.0,Entire home/apt,52.475616694937145,13.448815339637475,4.0,1,4.343805421853684,1,1,0
98.0,2,1.0,1.0,Entire home/apt,52.5110219,13.4583673,5.0,1,4.584967478670572,1,1,0
53.0,3,1.0,1.0,Entire home/apt,52.4852293,13.3539758,0.0,0,3.970291913552122,1,1,0
71.0,4,2.0,1.0,Entire home/apt,52.4832621,13.2911831,0.0,0,4.2626798770413155,1,1,0
50.0,2,0.0,1.0,Entire home/apt,52.4828447,13.2899457,0.0,0,3.912023005428146,1,1,0
47.0,2,1.0,1.0,Entire home/apt,52.5258075065984,13.306871673485189,5.0,5,3.8501476017100584,1,1,0
69.0,2,1.0,1.0,Entire home/apt,52.49498,13.34817,5.0,7,4.23410650459726,1,1,0
155.0,6,1.0,1.0,Entire home/apt,52.45788940000001,13.3240244,4.83,6,5.043425116919247,1,1,1
99.0,2,1.0,1.0,Entire home/apt,52.51294,13.47345,5.0,8,4.59511985013459,1,1,1
136.0,8,3.0,1.0,Entire home/apt,52.5347622,13.4075782,4.27,15,4.912654885736052,1,1,1
32.0,2,1.0,1.0,Private room,52.505433978815134,13.510384213683915,0.0,0,3.4657359027997265,1,1,0
60.0,2,1.0,1.0,Private room,52.47835,13.4362,0.0,0,4.0943445622221,1,1,0
200.0,4,1.0,1.5,Entire home/apt,52.53113492751249,13.390599715963,0.0,0,5.298317366548036,1,1,0
124.0,2,1.0,1.0,Entire home/apt,52.52857012271938,13.411404376210756,5.0,12,4.820281565605037,1,1,0
146.0,10,2.0,1.0,Entire home/apt,52.54535929999999,13.413516,4.6,5,4.983606621708336,1,1,0
161.0,11,3.0,2.0,Entire home/apt,52.5338621,13.4437448,4.72,18,5.081404364984463,1,1,1
66.0,2,1.0,1.0,Entire home/apt,52.5101565,13.4617607,3.38,8,4.189654742026425,1,1,0
110.0,4,1.0,1.0,Entire home/apt,52.5364043752341,13.413749411702156,5.0,10,4.700480365792417,1,1,0
47.0,2,1.0,1.0,Private room,52.4790341,13.4226523,4.83,6,3.8501476017100584,1,1,0
48.0,2,1.0,3.0,Entire home/apt,52.54597,13.40198,0.0,0,3.871201010907891,1,1,0
62.0,2,1.0,1.0,Entire home/apt,52.48127,13.34497,0.0,0,4.127134385045092,1,1,1
180.0,4,2.0,1.0,Entire home/apt,52.54009019999999,13.414734,4.92,12,5.19295685089021,1,1,0
62.0,3,2.0,1.0,Entire home/apt,52.49039,13.52655,0.0,0,4.127134385045092,1,0,0
105.0,2,1.0,1.0,Entire home/apt,52.5052259,13.4401188,5.0,3,4.653960350157523,1,1,1
101.0,4,1.0,1.0,Entire home/apt,52.5052259,13.4401188,4.38,8,4.61512051684126,1,1,1
38.0,1,3.0,1.0,Private room,52.5364859,13.4230778,0.0,0,3.6375861597263857,1,1,0
92.0,2,1.0,1.0,Entire home/apt,52.44053,13.38703,5.0,3,4.5217885770490405,1,1,0
42.0,1,1.0,1.0,Private room,52.4349304,13.5443298,4.71,7,3.7376696182833684,1,1,1
104.0,6,3.0,1.0,Entire home/apt,52.46426,13.33858,0.0,0,4.6443908991413725,1,1,0
32.0,1,1.0,2.0,Private room,52.5364859,13.4230778,0.0,0,3.4657359027997265,1,1,0
88.0,4,2.0,1.0,Entire home/apt,52.47859,13.53039,4.64,11,4.477336814478207,1,1,0
50.0,2,1.0,1.0,Private room,52.57336022385405,13.31761635604976,0.0,0,3.912023005428146,1,1,0
31.0,1,1.0,1.0,Private room,52.51866,13.31373,0.0,0,3.4339872044851463,0,0,0
100.0,3,1.0,1.0,Private room,52.43612,13.47839,0.0,0,4.605170185988092,1,1,0
65.0,2,1.0,1.0,Private room,52.43494279999999,13.4773326,0.0,0,4.174387269895637,1,1,0
47.0,1,1.0,1.0,Private room,52.41579884508694,13.575552222226507,5.0,2,3.8501476017100584,1,0,0
44.0,2,1.0,1.0,Entire home/apt,52.5196394,13.4543406,0.0,0,3.784189633918261,1,1,0
35.0,1,1.0,1.0,Private room,52.43494279999999,13.4773326,4.67,3,3.5553480614894135,1,1,0
49.0,1,1.0,1.0,Private room,52.55135696102717,13.404379552713744,0.0,0,3.8918202981106265,1,1,0
74.0,2,1.0,1.0,Entire home/apt,52.58885,13.39197,0.0,0,4.30406509320417,1,1,0
58.0,2,1.0,1.0,Entire home/apt,52.47908,13.4488,0.0,0,4.060443010546419,1,1,0
114.0,4,1.0,1.0,Entire home/apt,52.52178565988186,13.452616819843897,0.0,0,4.736198448394496,1,1,0
86.0,2,1.0,1.0,Private room,52.51063,13.46028,0.0,0,4.454347296253507,1,1,0
35.0,2,1.0,1.0,Private room,52.50920818342407,13.46008663483734,0.0,0,3.5553480614894135,1,1,0
86.0,2,1.0,1.0,Private room,52.509050097220495,13.4602778713348,0.0,0,4.454347296253507,1,1,0
157.0,2,1.0,1.0,Entire home/apt,52.5232067,13.3845044,3.0,1,5.056245805348308,1,1,0
306.0,6,2.0,1.0,Entire home/apt,52.50193449120172,13.441064837506833,5.0,8,5.723585101952381,1,1,0
86.0,2,1.0,1.0,Private room,52.50934,13.46046,0.0,0,4.454347296253507,1,1,0
120.0,4,2.0,1.0,Entire home/apt,52.5402762,13.3720249,0.0,0,4.787491742782046,1,1,0
57.0,2,1.0,1.0,Private room,52.49743301765242,13.440580823904863,0.0,0,4.04305126783455,1,1,0
99.0,2,1.0,1.0,Entire home/apt,52.52964043209449,13.387141761304823,0.0,0,4.59511985013459,0,1,0
64.0,3,1.0,1.0,Entire home/apt,52.41791006415893,13.286800512790064,0.0,0,4.1588830833596715,1,1,0
130.0,2,1.0,1.0,Entire home/apt,52.53445893007402,13.42805241852416,5.0,1,4.867534450455582,1,1,0
166.0,6,2.0,1.0,Entire home/apt,52.522879859128544,13.452972137664856,0.0,0,5.111987788356544,1,1,0
92.0,2,1.0,1.0,Entire home/apt,52.44005314445945,13.387090842830672,5.0,3,4.5217885770490405,1,1,0
97.0,2,1.0,1.0,Entire home/apt,52.44012,13.38729,4.86,7,4.574710978503383,1,1,1
126.0,6,1.0,1.0,Entire home/apt,52.50445936959929,13.48037366812187,4.92,13,4.836281906951478,1,1,0
97.0,2,1.0,1.0,Entire home/apt,52.44076945689384,13.38890221207543,5.0,2,4.574710978503383,1,1,1
209.0,10,4.0,1.0,Entire home/apt,52.50523498413128,13.3201399012803,4.67,6,5.342334251964811,1,1,0
293.0,2,1.0,1.0,Private room,52.5070766,13.2974934,0.0,0,5.680172609017068,1,1,0
67.0,3,1.0,1.0,Entire home/apt,52.5545336,13.3919026,4.13,8,4.204692619390966,1,1,0
137.0,6,2.0,1.0,Entire home/apt,52.52294709963452,13.454685092509909,4.0,1,4.919980925828125,1,1,0
84.0,2,0.0,1.0,Entire home/apt,52.5096235,13.4661866,0.0,0,4.430816798843313,1,1,0
98.0,2,0.0,1.0,Entire home/apt,52.5096235,13.4661866,0.0,0,4.584967478670572,1,1,0
60.0,1,1.0,1.0,Private room,52.52139,13.40516,0.0,0,4.0943445622221,1,0,0
80.0,2,1.0,1.0,Entire home/apt,52.5390366,13.4091437,0.0,0,4.382026634673881,1,1,0
45.0,1,1.0,1.0,Private room,52.523329011659285,13.449023373726629,0.0,0,3.8066624897703196,1,1,0
68.0,1,1.0,8.0,Private room,52.49711675047205,13.446566679450369,0.0,0,4.219507705176107,1,1,0
240.0,16,0.0,2.0,Entire home/apt,52.510291448624656,13.457802533424404,0.0,0,5.480638923341991,1,1,0
86.0,4,1.0,1.0,Entire home/apt,52.529122775723074,13.400031442207798,0.0,0,4.454347296253507,1,1,1
43.0,2,1.0,1.0,Private room,52.4962976,13.3632759,0.0,0,3.7612001156935624,1,1,0
55.0,2,1.0,1.0,Entire home/apt,52.4634029774938,13.33104437020772,0.0,0,4.007333185232471,1,1,0
215.0,6,3.0,2.0,Entire home/apt,52.52596866950758,13.312008487417875,0.0,0,5.3706380281276624,1,1,0
123.0,4,2.0,1.0,Entire home/apt,52.52811,13.39812,5.0,4,4.812184355372417,1,1,0
82.0,2,1.0,1.0,Entire home/apt,52.4869309,13.4292267,0.0,0,4.406719247264253,1,1,0
98.0,2,1.0,1.0,Entire home/apt,52.4722146,13.3217136,0.0,0,4.584967478670572,1,0,0
45.0,2,1.0,1.0,Private room,52.50058,13.3865,4.5,2,3.8066624897703196,1,1,0
35.0,1,1.0,2.0,Private room,52.53754021118117,13.423757524136404,0.0,0,3.5553480614894135,1,1,0
55.0,4,1.0,1.0,Entire home/apt,52.5136564,13.4562265,0.0,0,4.007333185232471,1,1,0
70.0,2,1.0,1.0,Entire home/apt,52.5108216,13.4583748,0.0,0,4.248495242049359,1,1,0
77.0,2,1.0,1.0,Entire home/apt,52.48311,13.2908961,0.0,0,4.343805421853684,1,1,0
84.0,4,1.0,1.0,Entire home/apt,52.5226228,13.449786,0.0,0,4.430816798843313,1,1,0
60.0,2,0.0,1.0,Entire home/apt,52.4790289,13.4463329,0.0,0,4.0943445622221,1,1,0
74.0,4,2.0,1.0,Entire home/apt,52.5572516,13.3824221,0.0,0,4.30406509320417,1,1,0
138.0,4,1.0,1.0,Entire home/apt,52.53548927586069,13.41822754122383,5.0,1,4.927253685157205,1,1,0
146.0,3,3.0,1.5,Entire home/apt,52.494812444906486,13.402575649299656,4.83,6,4.983606621708336,1,1,0
153.0,6,2.0,1.5,Entire home/apt,52.530853341995794,13.367972150444984,4.96,50,5.030437921392435,1,1,0
90.0,3,2.0,1.0,Entire home/apt,52.55095,13.36959,0.0,0,4.499809670330265,1,1,0
67.0,3,1.0,1.0,Entire home/apt,52.53061719141232,13.333137555167296,5.0,1,4.204692619390966,1,1,0
54.0,3,1.0,1.0,Private room,52.564703837306446,13.387976625619022,5.0,16,3.9889840465642745,1,1,0
105.0,3,1.0,1.0,Entire home/apt,52.5057254,13.380306,0.0,0,4.653960350157523,1,1,1
82.0,3,1.0,1.0,Entire home/apt,52.49306,13.42322,5.0,1,4.406719247264253,1,1,0
128.0,6,1.0,1.0,Entire home/apt,52.52492,13.44931,0.0,0,4.852030263919617,1,1,0
220.0,2,1.0,1.0,Entire home/apt,52.49356316352323,13.412444109070949,0.0,0,5.393627546352362,1,1,0
100.0,3,1.0,1.0,Entire home/apt,52.52331,13.4487,0.0,0,4.605170185988092,1,1,0
128.0,6,1.0,1.0,Entire home/apt,52.523442923448215,13.448717217773854,0.0,0,4.852030263919617,1,1,0
328.0,4,2.0,1.0,Entire home/apt,52.51398,13.39527,5.0,2,5.793013608384144,1,1,1
60.0,2,1.0,1.0,Entire home/apt,52.46674652459567,13.392973549436636,0.0,0,4.0943445622221,1,1,0
51.0,1,1.0,1.0,Private room,52.492027899567184,13.393627184216893,4.88,8,3.9318256327243257,1,1,0
109.0,2,4.0,2.0,Private room,52.43245,13.27424,0.0,0,4.6913478822291435,1,1,0
269.0,4,2.0,2.0,Entire home/apt,52.49175677106651,13.477281694439451,0.0,0,5.594711379601839,1,1,0
39.0,2,1.0,1.0,Private room,52.41492,13.31082,5.0,16,3.6635616461296463,1,0,0
135.0,4,1.0,1.0,Entire home/apt,52.52483,13.44955,0.0,0,4.90527477843843,1,1,0
165.0,9,3.0,1.0,Entire home/apt,52.52268531140154,13.44898866566954,4.33,3,5.10594547390058,1,1,0
187.0,8,2.0,1.0,Entire home/apt,52.52333312436251,13.448818675535035,0.0,0,5.231108616854587,1,1,0
59.0,2,0.0,1.0,Entire home/apt,52.518327909551125,13.170024723931236,4.4,5,4.07753744390572,1,1,0
105.0,3,1.0,1.0,Entire home/apt,52.48804,13.3190362,0.0,0,4.653960350157523,1,1,0
178.0,9,3.0,1.0,Entire home/apt,52.53162,13.32789,5.0,1,5.181783550292085,1,1,0
40.0,2,1.0,1.0,Entire home/apt,52.50106614168392,13.438682197609118,0.0,0,3.6888794541139363,1,1,0
218.0,12,4.0,1.5,Entire home/apt,52.54582272479015,13.40129166980511,4.9,20,5.384495062789089,1,1,0
111.0,4,1.0,1.0,Entire home/apt,52.56008139999999,13.4724768,4.91,11,4.709530201312334,1,1,0
55.0,2,1.0,1.0,Private room,52.54919824780342,13.416669968343871,0.0,0,4.007333185232471,1,0,0
89.0,3,2.0,1.0,Entire home/apt,52.49207,13.33422,0.0,0,4.48863636973214,1,1,0
73.0,3,1.0,1.0,Entire home/apt,52.47446,13.31696,0.0,0,4.290459441148391,1,1,0
138.0,4,2.0,1.0,Entire home/apt,52.5316459,13.4212044,0.0,0,4.927253685157205,1,1,0
95.0,7,1.0,1.0,Entire home/apt,52.54409,13.37106,4.2,5,4.553876891600541,1,1,0
84.0,4,2.0,1.0,Entire home/apt,52.461959131468106,13.382017747205644,4.45,11,4.430816798843313,1,1,0
94.0,2,1.0,1.0,Entire home/apt,52.520149421653386,13.434821972311418,0.0,0,4.543294782270004,1,1,0
138.0,4,1.0,1.0,Entire home/apt,52.4680209,13.4255386,5.0,2,4.927253685157205,1,1,0
49.0,2,1.0,1.0,Entire home/apt,52.5465406,13.3677286,0.0,0,3.8918202981106265,1,1,0
80.0,2,1.0,1.0,Shared room,52.49885215005333,13.445851392753235,0.0,0,4.382026634673881,1,1,0
80.0,2,1.0,2.0,Shared room,52.4980954,13.4468262,0.0,0,4.382026634673881,1,1,0
52.0,2,1.0,1.0,Private room,52.47098,13.4229,4.9,10,3.9512437185814275,1,1,0
99.0,3,1.0,1.0,Entire home/apt,52.52057637587829,13.434016174256834,0.0,0,4.59511985013459,1,1,0
79.0,2,0.0,1.0,Entire home/apt,52.52909952054217,13.407022850214108,5.0,1,4.3694478524670215,1,1,0
42.0,4,1.0,2.0,Shared room,52.4980954,13.4468262,0.0,0,3.7376696182833684,1,1,0
35.0,3,0.0,3.0,Private room,52.5152744,13.4565813,4.58,12,3.5553480614894135,1,1,0
31.0,6,1.0,2.0,Shared room,52.4980954,13.4468262,0.0,0,3.4339872044851463,1,1,0
31.0,6,1.0,2.0,Shared room,52.4980954,13.4468262,0.0,0,3.4339872044851463,1,1,0
36.0,8,1.0,2.0,Shared room,52.4980954,13.4468262,0.0,0,3.58351893845611,1,1,0
88.0,2,1.0,2.0,Shared room,52.4980954,13.4468262,0.0,0,4.477336814478207,1,1,0
88.0,2,1.0,2.0,Shared room,52.4980954,13.4468262,0.0,0,4.477336814478207,1,1,0
196.0,2,1.0,1.0,Private room,52.50438308509563,13.36771337325786,4.0,3,5.278114659230517,1,1,1
65.0,3,2.0,1.5,Entire home/apt,52.496864464846645,13.325288915344252,0.0,0,4.174387269895637,1,1,0
95.0,3,1.0,1.5,Entire home/apt,52.51356,13.48679,0.0,0,4.553876891600541,1,1,0
89.0,2,1.0,0.0,Entire home/apt,52.52667058952093,13.490384580426031,4.74,70,4.48863636973214,1,0,0
130.0,5,1.0,1.0,Entire home/apt,52.49498565101322,13.432471384655775,4.82,11,4.867534450455582,1,1,0
55.0,1,1.0,1.0,Private room,52.44366,13.56614,5.0,3,4.007333185232471,1,1,0
25.0,2,1.0,1.0,Entire home/apt,52.48873,13.4837,4.0,1,3.2188758248682006,0,1,0
215.0,8,2.0,2.0,Entire home/apt,52.52559,13.39634,4.4,5,5.3706380281276624,1,1,0
43.0,2,1.0,1.0,Entire home/apt,52.5097,13.42231,0.0,0,3.7612001156935624,1,1,0
40.0,2,1.0,1.0,Private room,52.4629686088316,13.50785049643207,5.0,1,3.6888794541139363,1,1,0
144.0,2,1.0,1.0,Entire home/apt,52.57667619999999,13.393221,0.0,0,4.969813299576001,1,1,0
74.0,2,1.0,1.0,Entire home/apt,52.5455,13.41644,3.5,2,4.30406509320417,1,1,0
179.0,3,1.0,1.0,Entire home/apt,52.44687797132792,13.568302095275396,0.0,0,5.187385805840755,1,1,0
89.0,2,1.0,1.0,Entire home/apt,52.4667793914421,13.44029748669525,5.0,5,4.48863636973214,1,1,0
82.0,4,1.0,1.0,Entire home/apt,52.50509,13.51944,0.0,0,4.406719247264253,1,1,0
86.0,3,1.0,1.0,Entire home/apt,52.54568281196877,13.452814265081798,4.86,7,4.454347296253507,1,1,0
85.0,2,1.0,1.0,Entire home/apt,52.54199824823703,13.390971330688473,0.0,0,4.442651256490317,0,1,0
140.0,4,1.0,1.0,Entire home/apt,52.514876065620925,13.47267621060637,5.0,3,4.941642422609304,1,1,0
82.0,4,1.0,1.0,Entire home/apt,52.5065,13.51978,0.0,0,4.406719247264253,1,1,0
103.0,6,3.0,2.0,Entire home/apt,52.58571,13.4034333,0.0,0,4.634728988229636,1,1,0
109.0,5,2.0,1.0,Entire home/apt,52.5052,13.52131,0.0,0,4.6913478822291435,1,1,0
81.0,2,1.0,1.0,Entire home/apt,52.45857388437425,13.537974995928778,0.0,0,4.394449154672439,0,1,0
265.0,6,3.0,2.0,Entire home/apt,52.5057254,13.380306,0.0,0,5.579729825986222,1,1,1
134.0,4,2.0,1.0,Entire home/apt,52.49345544007236,13.421884773279954,5.0,3,4.897839799950911,1,1,0
182.0,12,3.0,1.0,Entire home/apt,52.51982,13.35606,4.75,12,5.204006687076795,1,1,0
216.0,4,1.0,1.0,Entire home/apt,52.5324537,13.4187202,5.0,2,5.375278407684165,1,1,0
128.0,2,1.0,1.0,Entire home/apt,52.50675349999999,13.4202906,0.0,0,4.852030263919617,1,1,0
119.0,2,1.0,1.0,Entire home/apt,52.5517119,13.4152727,0.0,0,4.77912349311153,1,1,0
129.0,2,1.0,1.0,Entire home/apt,52.49583,13.42161,0.0,0,4.859812404361672,1,1,0
113.0,4,1.0,1.0,Entire home/apt,52.51371,13.60477,0.0,0,4.727387818712341,1,1,0
45.0,2,1.0,1.0,Entire home/apt,52.48752,13.32678,0.0,0,3.8066624897703196,1,1,0
77.0,2,1.0,1.0,Entire home/apt,52.54146267743141,13.359406407083242,0.0,0,4.343805421853684,1,1,0
64.0,4,1.0,1.0,Entire home/apt,52.45622,13.32861,0.0,0,4.1588830833596715,1,1,0
66.0,4,1.0,1.0,Entire home/apt,52.5132906,13.4632552,0.0,0,4.189654742026425,1,1,0
98.0,2,1.0,1.0,Entire home/apt,52.53713,13.39586,4.83,6,4.584967478670572,1,1,0
250.0,4,1.0,1.0,Entire home/apt,52.54234275057287,13.221014205804456,5.0,2,5.521460917862246,1,1,1
109.0,6,2.0,1.0,Entire home/apt,52.44618419122276,13.555065941770524,4.91,11,4.6913478822291435,1,1,0
85.0,2,1.0,1.0,Entire home/apt,52.512624758867865,13.42663646931152,5.0,7,4.442651256490317,1,1,0
74.0,1,1.0,1.0,Entire home/apt,52.51283369999999,13.4267223,0.0,0,4.30406509320417,1,1,0
93.0,2,1.0,1.0,Entire home/apt,52.51283369999999,13.4267223,0.0,0,4.532599493153256,1,1,0
71.0,1,1.0,1.0,Entire home/apt,52.51283369999999,13.4267223,4.33,3,4.2626798770413155,1,1,0
89.0,1,1.0,1.0,Entire home/apt,52.51283369999999,13.4267223,0.0,0,4.48863636973214,1,1,0
190.0,4,1.0,2.0,Entire home/apt,52.51487,13.27023,0.0,0,5.247024072160486,1,1,0
75.0,2,1.0,1.0,Private room,52.53992861037731,13.40446747217078,5.0,3,4.31748811353631,1,1,0
17.0,1,1.0,1.5,Shared room,52.49039145069561,13.39147475892837,0.0,0,2.833213344056216,1,1,0
133.0,2,1.0,1.0,Entire home/apt,52.52384970000001,13.3806719,5.0,5,4.890349128221754,1,1,0
135.0,4,1.0,1.0,Entire home/apt,52.493389541242735,13.321808176668188,4.63,8,4.90527477843843,1,1,0
202.0,15,6.0,4.0,Entire home/apt,52.48199108372015,13.349198700000017,5.0,2,5.308267697401205,1,1,0
50.0,4,2.0,1.0,Entire home/apt,52.49383,13.40134,4.33,3,3.912023005428146,1,1,0
44.0,2,1.0,1.0,Private room,52.56376601270952,13.362890738623028,5.0,4,3.784189633918261,1,1,0
77.0,2,0.0,1.0,Entire home/apt,52.45041,13.14624,4.75,8,4.343805421853684,1,1,0
27.0,2,1.0,1.0,Private room,52.377,13.6136,4.67,9,3.295836866004329,1,0,0
261.0,9,3.0,1.0,Entire home/apt,52.51189000593096,13.403652052417232,4.6,5,5.564520407322694,1,1,0
47.0,1,1.0,2.0,Private room,52.51253132613072,13.508874876784969,0.0,0,3.8501476017100584,1,1,0
114.0,6,2.0,1.0,Entire home/apt,52.48199108372015,13.349177242327896,0.0,0,4.736198448394496,1,1,0
94.0,2,1.0,2.0,Private room,52.53736533048225,13.510302761375211,0.0,0,4.543294782270004,1,1,0
91.0,3,1.0,1.0,Private room,52.5435,13.37834,2.0,1,4.51085950651685,1,1,0
108.0,2,1.0,1.0,Entire home/apt,52.4896875,13.4076529,0.0,0,4.68213122712422,1,1,0
149.0,3,1.0,1.0,Private room,52.54477,13.37805,3.5,4,5.003946305945459,1,1,0
295.0,5,2.0,2.5,Entire home/apt,52.52431208925088,13.390120365606672,5.0,1,5.68697535633982,1,1,1
104.0,3,1.0,1.0,Entire home/apt,52.5333991,13.3717674,4.25,4,4.6443908991413725,1,1,0
122.0,6,3.0,2.0,Entire home/apt,52.5755057,13.3984545,4.63,8,4.804021044733257,1,1,0
132.0,2,1.0,1.0,Private room,52.49203564117095,13.389542322165925,4.8,15,4.882801922586371,1,0,0
108.0,6,3.0,2.0,Entire home/apt,52.5755057,13.3984545,4.6,10,4.68213122712422,1,1,0
126.0,12,4.0,2.5,Entire home/apt,52.5755057,13.3984545,4.67,3,4.836281906951478,1,1,0
88.0,2,1.0,1.0,Entire home/apt,52.49746,13.41925,0.0,0,4.477336814478207,1,1,0
67.0,1,1.0,1.0,Private room,52.49031830000001,13.3305536,5.0,1,4.204692619390966,0,0,1
154.0,6,2.0,1.5,Entire home/apt,52.519573944614336,13.448491793819176,5.0,4,5.0369526024136295,1,1,0
149.0,2,1.0,1.0,Private room,52.4903,13.38734,4.0,3,5.003946305945459,1,0,0
142.0,2,1.0,1.0,Private room,52.4903,13.38725,4.5,2,4.955827057601261,1,0,0
142.0,2,1.0,1.0,Private room,52.49145531045983,13.389272970912511,4.6,5,4.955827057601261,1,0,0
72.0,2,0.0,1.0,Entire home/apt,52.53256,13.36287,0.0,0,4.276666119016055,1,1,0
115.0,2,1.0,1.0,Entire home/apt,52.52487541337962,13.324180953976189,4.5,2,4.74493212836325,1,1,1
87.0,3,0.0,1.0,Entire home/apt,52.55034073134394,13.350834109635716,4.94,18,4.465908118654584,0,1,0
65.0,3,1.0,1.0,Entire home/apt,52.48193881187612,13.349155784655776,0.0,0,4.174387269895637,1,1,0
96.0,4,1.0,1.0,Entire home/apt,52.43284950124658,13.457996310703605,0.0,0,4.564348191467836,1,1,0
59.0,2,1.0,1.0,Entire home/apt,52.489622313583645,13.32052309038379,0.0,0,4.07753744390572,0,1,0
140.0,3,1.0,0.0,Private room,52.50340869999999,13.4455127,5.0,1,4.941642422609304,1,0,0
98.0,2,3.0,2.0,Entire home/apt,52.49927703476163,13.342021111171729,0.0,0,4.584967478670572,1,1,0
185.0,4,2.0,1.0,Entire home/apt,52.5135645,13.5007781,5.0,3,5.220355825078324,1,1,0
63.0,2,1.0,1.0,Private room,52.48753,13.44058,5.0,2,4.143134726391533,1,1,0
88.0,2,1.0,1.0,Entire home/apt,52.45262,13.52172,4.0,1,4.477336814478207,1,1,0
75.0,2,1.0,1.0,Private room,52.50057644629887,13.391380205442708,5.0,1,4.31748811353631,1,1,0
236.0,3,1.0,1.0,Entire home/apt,52.61143140000001,13.3364872,0.0,0,5.4638318050256105,1,1,0
68.0,2,1.0,1.0,Private room,52.49031830000001,13.3305536,0.0,0,4.219507705176107,0,0,0
70.0,2,1.0,1.0,Private room,52.49031830000001,13.3305536,0.0,0,4.248495242049359,0,0,0
80.0,4,1.0,1.0,Private room,52.49031830000001,13.3305536,0.0,0,4.382026634673881,0,0,0
101.0,1,1.0,1.0,Entire home/apt,52.5057254,13.380306,0.0,0,4.61512051684126,1,0,0
89.0,4,2.0,1.0,Entire home/apt,52.4975442,13.3112764,4.69,13,4.48863636973214,1,1,0
35.0,2,1.0,1.0,Entire home/apt,52.50888,13.50675,0.0,0,3.5553480614894135,1,1,0
54.0,1,1.0,1.0,Private room,52.47334,13.33876,0.0,0,3.9889840465642745,1,1,0
254.0,9,3.0,1.0,Entire home/apt,52.51269121566422,13.40397564296842,5.0,7,5.537334267018537,1,1,0
80.0,4,2.0,2.0,Entire home/apt,52.52414935784356,13.41269099649066,0.0,0,4.382026634673881,1,1,0
72.0,2,1.0,1.0,Private room,52.49031830000001,13.3305536,5.0,1,4.276666119016055,0,0,1
67.0,2,0.0,1.0,Entire home/apt,52.4865223,13.4309749,0.0,0,4.204692619390966,1,1,0
76.0,2,1.0,1.0,Private room,52.49031830000001,13.3305536,5.0,1,4.330733340286331,0,0,1
119.0,2,1.0,1.0,Entire home/apt,52.48884529999999,13.3290406,0.0,0,4.77912349311153,1,1,0
644.0,15,8.0,3.0,Entire home/apt,52.4949,13.43656,5.0,3,6.467698726104354,1,1,0
90.0,2,1.0,1.0,Private room,52.52391445382267,13.412716268993575,4.91,11,4.499809670330265,1,1,0
67.0,2,1.0,1.0,Private room,52.51194786489426,13.463537464191882,0.0,0,4.204692619390966,1,1,0
144.0,4,1.0,1.0,Entire home/apt,52.5012013,13.3319076,5.0,5,4.969813299576001,1,1,0
137.0,2,1.0,1.0,Entire home/apt,52.51556,13.45862,0.0,0,4.919980925828125,1,1,0
89.0,2,0.0,1.0,Entire home/apt,52.45840173917405,13.377304385975847,0.0,0,4.48863636973214,1,1,0
50.0,2,1.0,1.0,Private room,52.47011495330874,13.432290279361874,5.0,8,3.912023005428146,1,1,0
32.0,2,1.0,1.0,Private room,52.46449,13.43266,4.63,8,3.4657359027997265,1,1,0
53.0,2,1.0,2.0,Private room,52.52215950544748,13.453719070598313,5.0,11,3.970291913552122,1,1,1
103.0,2,1.0,1.0,Entire home/apt,52.53810638158345,13.398302523086349,4.77,13,4.634728988229636,1,1,0
105.0,2,1.0,1.0,Entire home/apt,52.52591,13.3974,4.86,14,4.653960350157523,1,1,0
116.0,6,1.0,1.0,Entire home/apt,52.506056,13.4158774,4.4,20,4.7535901911063645,0,0,0
67.0,2,1.0,1.0,Entire home/apt,52.54478412498892,13.416238485727597,4.29,7,4.204692619390966,1,1,0
33.0,2,1.0,1.0,Private room,52.5057209,13.4692622,0.0,0,3.4965075614664802,1,1,0
109.0,4,2.0,1.0,Entire home/apt,52.55455774457834,13.346078375597347,4.94,16,4.6913478822291435,1,1,0
110.0,3,2.0,2.0,Entire home/apt,52.50587,13.41584,0.0,0,4.700480365792417,1,1,0
73.0,2,1.0,1.0,Entire home/apt,52.48973,13.40884,5.0,8,4.290459441148391,1,1,0
77.0,2,1.0,1.0,Entire home/apt,52.53658892853608,13.398141972720625,5.0,1,4.343805421853684,1,1,0
114.0,2,1.0,1.0,Entire home/apt,52.50250820526097,13.300586426458754,5.0,2,4.736198448394496,1,1,0
40.0,2,1.0,1.0,Private room,52.529592921058295,13.448033408988156,0.0,0,3.6888794541139363,1,1,1
95.0,3,2.0,1.5,Entire home/apt,52.53270096747181,13.37292082607746,0.0,0,4.553876891600541,1,1,0
54.0,2,1.0,1.0,Private room,52.53590432590564,13.183146491646768,5.0,1,3.9889840465642745,1,0,0
96.0,5,2.0,1.0,Entire home/apt,52.60744619766789,13.431916252314627,3.67,3,4.564348191467836,1,1,0
67.0,2,1.0,1.0,Private room,52.497599361002,13.443406047822409,4.83,6,4.204692619390966,1,1,0
86.0,2,1.0,1.0,Entire home/apt,52.54356065677248,13.42050850455272,5.0,2,4.454347296253507,1,1,0
75.0,4,1.0,1.0,Entire home/apt,52.48840696154614,13.378258641330731,4.71,7,4.31748811353631,1,1,0
58.0,3,1.0,1.0,Entire home/apt,52.49076128911122,13.37862136918935,4.5,4,4.060443010546419,1,1,0
90.0,5,2.0,1.0,Entire home/apt,52.5164106,13.2552099,0.0,0,4.499809670330265,1,1,0
79.0,2,1.0,1.0,Entire home/apt,52.51637,13.29777,5.0,2,4.3694478524670215,1,1,0
77.0,2,1.0,1.0,Entire home/apt,52.5022648,13.306079,4.77,26,4.343805421853684,1,1,0
55.0,2,1.0,1.0,Entire home/apt,52.5022648,13.306079,0.0,0,4.007333185232471,1,1,0
72.0,2,1.0,1.0,Entire home/apt,52.54328219619676,13.41676918069934,0.0,0,4.276666119016055,1,1,0
83.0,2,1.0,1.0,Entire home/apt,52.5022648,13.306079,0.0,0,4.418840607796598,1,1,0
80.0,2,1.0,1.0,Entire home/apt,52.5022648,13.306079,0.0,0,4.382026634673881,1,1,0
146.0,6,2.0,1.0,Entire home/apt,52.52612,13.39677,3.75,4,4.983606621708336,1,1,0
84.0,2,0.0,1.0,Entire home/apt,52.5345309,13.4226224,0.0,0,4.430816798843313,1,1,0
124.0,4,2.0,1.0,Entire home/apt,52.53933079999999,13.4054987,0.0,0,4.820281565605037,1,1,0
71.0,4,2.0,1.0,Entire home/apt,52.47997179999999,13.4465728,0.0,0,4.2626798770413155,1,1,0
257.0,8,3.0,2.0,Entire home/apt,52.51208317214509,13.402099031880637,4.75,4,5.54907608489522,1,1,0
90.0,3,1.0,1.0,Private room,52.49855774805185,13.365448578723502,4.81,21,4.499809670330265,1,1,0
107.0,2,1.0,1.0,Entire home/apt,52.54453978212757,13.416141001885848,3.0,1,4.672828834461906,1,1,0
64.0,4,1.0,1.0,Entire home/apt,52.4801182,13.4470207,0.0,0,4.1588830833596715,1,1,0
36.0,2,1.0,1.0,Private room,52.54764281481774,13.20523711673286,5.0,3,3.58351893845611,1,1,0
72.0,2,1.0,1.0,Entire home/apt,52.486752289082254,13.271975386887789,4.5,2,4.276666119016055,1,1,0
89.0,2,1.0,1.0,Entire home/apt,52.5022648,13.306079,0.0,0,4.48863636973214,1,1,0
108.0,6,1.0,1.0,Entire home/apt,52.5222918,13.4495036,4.7,10,4.68213122712422,1,1,1
115.0,6,1.0,1.0,Entire home/apt,52.5222918,13.4495036,4.9,10,4.74493212836325,1,1,1
91.0,2,1.0,1.0,Entire home/apt,52.5022648,13.306079,4.0,1,4.51085950651685,1,1,0
65.0,4,1.0,1.0,Entire home/apt,52.53466,13.43746,0.0,0,4.174387269895637,1,1,0
96.0,1,1.0,1.0,Entire home/apt,52.5022648,13.306079,0.0,0,4.564348191467836,1,1,0
100.0,2,1.0,1.0,Entire home/apt,52.5022648,13.306079,0.0,0,4.605170185988092,1,1,0
107.0,4,1.0,1.0,Entire home/apt,52.5022648,13.306079,5.0,3,4.672828834461906,1,1,0
119.0,4,1.0,1.0,Entire home/apt,52.5022648,13.306079,5.0,4,4.77912349311153,1,1,0
57.0,3,1.0,1.0,Private room,52.4112,13.25119,0.0,0,4.04305126783455,1,1,0
59.0,2,1.0,1.0,Entire home/apt,52.51369,13.45662,2.83,6,4.07753744390572,1,0,1
72.0,3,1.0,1.0,Entire home/apt,52.5135033831338,13.456710022355674,3.0,4,4.276666119016055,1,0,1
123.0,6,2.0,1.0,Entire home/apt,52.51301393739973,13.458859368909836,0.0,0,4.812184355372417,1,0,1
64.0,2,1.0,1.0,Entire home/apt,52.54404907517942,13.41267310847504,4.33,3,4.1588830833596715,1,0,0
65.0,3,1.0,1.0,Private room,52.54625154999404,13.412539645257706,5.0,1,4.174387269895637,1,0,0
81.0,4,1.0,1.0,Entire home/apt,52.54583278800428,13.41097020702263,3.75,4,4.394449154672439,1,1,0
113.0,4,1.0,1.0,Entire home/apt,52.543435,13.358562,5.0,1,4.727387818712341,1,1,0
270.0,5,2.0,3.0,Entire home/apt,52.53093823018359,13.399969033870464,0.0,0,5.598421958998375,1,1,0
238.0,8,3.0,2.0,Entire home/apt,52.42539269057542,13.534319065511228,0.0,0,5.472270673671475,1,1,0
315.0,8,3.0,1.5,Entire home/apt,52.425405775332585,13.534298613667488,4.5,4,5.752572638825633,1,1,0
42.0,2,1.0,1.0,Private room,52.54477613800335,13.361129364372411,0.0,0,3.7376696182833684,1,1,0
90.0,2,1.0,1.0,Entire home/apt,52.49176,13.42757,5.0,2,4.499809670330265,1,1,0
33.0,1,3.0,1.0,Private room,52.5086344,13.4594719,0.0,0,3.4965075614664802,1,1,0
114.0,4,1.0,1.0,Entire home/apt,52.50344,13.43906,0.0,0,4.736198448394496,1,1,1
72.0,2,1.0,2.0,Entire home/apt,52.53379,13.42951,0.0,0,4.276666119016055,1,1,0
239.0,4,2.0,1.5,Entire home/apt,52.49981,13.38809,5.0,15,5.476463551931511,1,1,1
80.0,2,1.0,1.0,Private room,52.50000566484184,13.368182915755307,0.0,0,4.382026634673881,1,1,0
500.0,4,2.0,1.5,Entire home/apt,52.47998417876065,13.429432458734984,0.0,0,6.214608098422191,1,1,0
103.0,4,1.0,1.0,Entire home/apt,52.54331,13.41814,5.0,1,4.634728988229636,1,1,0
66.0,3,1.0,1.0,Entire home/apt,52.52906985342808,13.336138465190276,4.67,3,4.189654742026425,1,1,0
34.0,2,1.0,1.0,Entire home/apt,52.57215434555471,13.519369438290596,0.0,0,3.5263605246161616,1,1,0
189.0,4,2.0,1.0,Entire home/apt,52.48980540731887,13.396828476067894,5.0,4,5.241747015059643,1,1,0
120.0,3,1.0,1.0,Entire home/apt,52.49196,13.43807,5.0,4,4.787491742782046,1,1,0
81.0,3,1.0,1.0,Entire home/apt,52.60828,13.43362,3.0,1,4.394449154672439,1,1,0
60.0,3,1.0,1.0,Entire home/apt,52.60623,13.43341,5.0,1,4.0943445622221,1,1,0
144.0,4,2.0,1.0,Entire home/apt,52.50585,13.4775,5.0,4,4.969813299576001,1,1,0
129.0,6,1.0,1.0,Entire home/apt,52.39854973175063,13.547764791711364,0.0,0,4.859812404361672,1,1,1
149.0,6,2.0,1.0,Entire home/apt,52.50515282570294,13.466158717805468,5.0,4,5.003946305945459,1,1,0
158.0,2,1.0,1.0,Entire home/apt,52.53957,13.41807,0.0,0,5.062595033026967,1,1,0
103.0,1,0.0,1.0,Entire home/apt,52.5454375,13.3710113,5.0,1,4.634728988229636,1,1,0
48.0,3,1.0,1.0,Private room,52.550511292301564,13.416923520192247,5.0,5,3.871201010907891,1,1,0
114.0,4,1.0,1.0,Entire home/apt,52.49770275281373,13.466408099883145,5.0,11,4.736198448394496,1,1,0
102.0,4,2.0,1.0,Entire home/apt,52.43417,13.33394,0.0,0,4.624972813284271,0,0,0
79.0,2,1.0,1.0,Entire home/apt,52.47696892410932,13.44492064897781,5.0,1,4.3694478524670215,1,1,0
56.0,4,1.0,1.0,Entire home/apt,52.50757,13.30279,0.0,0,4.02535169073515,1,1,0
65.0,4,1.0,1.0,Entire home/apt,52.470322,13.4267089,0.0,0,4.174387269895637,1,1,0
68.0,4,1.0,1.0,Entire home/apt,52.5219177584834,13.324366807937622,0.0,0,4.219507705176107,1,1,0
47.0,2,1.0,1.0,Entire home/apt,52.53463444154679,13.351293851321977,0.0,0,3.8501476017100584,1,1,0
113.0,4,2.0,1.0,Entire home/apt,52.5226577,13.4459819,5.0,2,4.727387818712341,1,1,0
108.0,3,1.0,1.0,Entire home/apt,52.49349134719581,13.286472474927896,0.0,0,4.68213122712422,1,1,0
20.0,1,1.0,1.0,Private room,52.44335,13.4543,0.0,0,2.995732273553991,1,1,0
100.0,2,1.0,1.0,Entire home/apt,52.4980556,13.4652901,4.8,10,4.605170185988092,1,1,0
128.0,6,2.0,1.0,Entire home/apt,52.4980556,13.4652901,5.0,4,4.852030263919617,1,1,0
109.0,2,1.0,0.0,Entire home/apt,52.4835121,13.4683833,5.0,3,4.6913478822291435,1,1,0
35.0,1,1.0,1.0,Private room,52.4936457,13.4453383,0.0,0,3.5553480614894135,1,1,0
1425.0,6,1.0,1.5,Entire home/apt,52.4993634,13.3179353,0.0,0,7.261927092702751,1,1,0
47.0,2,1.0,1.0,Entire home/apt,52.53280606401,13.350845693518147,0.0,0,3.8501476017100584,1,1,0
47.0,2,1.0,1.0,Entire home/apt,52.53416716045648,13.35291143362471,0.0,0,3.8501476017100584,1,1,0
47.0,2,1.0,1.0,Entire home/apt,52.53455817085238,13.351009590896128,0.0,0,3.8501476017100584,1,1,0
47.0,2,1.0,1.0,Entire home/apt,52.53249177228492,13.352236320555036,0.0,0,3.8501476017100584,1,1,0
240.0,5,4.0,3.5,Entire home/apt,52.4843696,13.2683761,0.0,0,5.480638923341991,1,1,0
179.0,5,2.0,2.0,Entire home/apt,52.52088,13.30328,5.0,3,5.187385805840755,1,1,0
103.0,3,1.0,1.0,Entire home/apt,52.53214,13.47171,5.0,2,4.634728988229636,1,1,0
135.0,7,3.0,1.0,Entire home/apt,52.55786841696299,13.46572813188031,0.0,0,4.90527477843843,0,1,0
77.0,2,1.0,1.0,Entire home/apt,52.4609687,13.519843,5.0,1,4.343805421853684,1,1,0
117.0,3,1.0,1.0,Entire home/apt,52.53139648814766,13.372948618545651,0.0,0,4.762173934797756,1,1,0
74.0,2,1.0,1.0,Entire home/apt,52.4609687,13.519843,0.0,0,4.30406509320417,1,1,0
274.0,8,2.0,2.0,Entire home/apt,52.53034,13.41595,5.0,1,5.6131281063880705,1,1,0
98.0,2,1.0,1.0,Entire home/apt,52.4401331672439,13.389343536387877,0.0,0,4.584967478670572,1,1,0
123.0,3,1.0,1.0,Entire home/apt,52.54699,13.42627,5.0,12,4.812184355372417,1,1,0
43.0,2,1.0,1.0,Entire home/apt,52.47265,13.43234,0.0,0,3.7612001156935624,1,1,0
84.0,3,1.0,1.0,Entire home/apt,52.553211,13.403175,0.0,0,4.430816798843313,1,1,0
90.0,3,1.0,1.0,Entire home/apt,52.52920899999999,13.3841791,0.0,0,4.499809670330265,1,1,0
73.0,2,1.0,1.0,Entire home/apt,52.531093817856096,13.361170105943367,4.85,13,4.290459441148391,1,1,1
132.0,2,1.0,1.0,Entire home/apt,52.5371373,13.41848,0.0,0,4.882801922586371,1,1,0
73.0,4,1.0,1.0,Entire home/apt,52.54539,13.36604,0.0,0,4.290459441148391,1,1,0
91.0,2,1.0,1.0,Entire home/apt,52.5180024,13.3865633,0.0,0,4.51085950651685,0,1,0
36.0,2,3.0,1.0,Entire home/apt,52.383,13.62379,3.67,3,3.58351893845611,1,1,0
196.0,8,3.0,1.0,Entire home/apt,52.49096058377448,13.321221795770247,4.9,10,5.278114659230517,1,1,1
100.0,4,1.0,1.0,Entire home/apt,52.55265868649199,13.416633828084477,5.0,2,4.605170185988092,1,1,0
136.0,4,1.0,1.0,Entire home/apt,52.55099377565004,13.418779641620814,5.0,2,4.912654885736052,1,1,0
63.0,3,1.0,2.0,Private room,52.45238,13.5994,5.0,1,4.143134726391533,1,1,1
36.0,2,1.0,1.0,Private room,52.47411603950584,13.336571083563893,0.0,0,3.58351893845611,1,1,0
99.0,4,0.0,1.0,Entire home/apt,52.4693906,13.4544234,5.0,3,4.59511985013459,1,1,0
46.0,2,1.0,1.0,Entire home/apt,52.42360704315335,13.576838848130468,5.0,4,3.828641396489095,1,1,0
132.0,2,1.0,1.0,Private room,52.5931017,13.3464794,0.0,0,4.882801922586371,1,1,0
158.0,3,1.0,1.0,Entire home/apt,52.516570553994576,13.461530469311532,0.0,0,5.062595033026967,1,1,0
49.0,1,1.0,1.0,Private room,52.50445697193282,13.470721880556956,0.0,0,3.8918202981106265,1,1,0
59.0,2,0.0,0.5,Private room,52.50213673534711,13.31240204166412,5.0,1,4.07753744390572,1,1,0
117.0,6,2.0,2.0,Entire home/apt,52.50357343789637,13.368533488451815,4.0,10,4.762173934797756,1,1,0
62.0,2,1.0,1.0,Entire home/apt,52.52002,13.28947,0.0,0,4.127134385045092,1,1,0
126.0,3,1.0,1.0,Entire home/apt,52.490588060888285,13.395340139393785,5.0,6,4.836281906951478,1,1,0
34.0,1,1.0,0.5,Private room,52.49119,13.43856,5.0,1,3.5263605246161616,0,0,0
205.0,5,3.0,1.0,Entire home/apt,52.5319484,13.4231844,4.93,15,5.3230099791384085,1,1,0
172.0,5,2.0,1.0,Entire home/apt,52.528919305192815,13.342418299006257,5.0,1,5.147494476813453,1,1,0
125.0,2,1.0,1.0,Entire home/apt,52.553352012349606,13.411766002133644,0.0,0,4.8283137373023015,1,1,0
187.0,5,3.0,1.0,Entire home/apt,52.54087,13.37102,3.78,9,5.231108616854587,1,1,0
68.0,1,1.0,1.0,Entire home/apt,52.51283369999999,13.4267223,5.0,1,4.219507705176107,1,1,0
65.0,1,1.0,1.0,Entire home/apt,52.512794523613394,13.42663646931152,5.0,4,4.174387269895637,1,1,0
67.0,2,1.0,1.0,Entire home/apt,52.553505254635525,13.416973652946355,0.0,0,4.204692619390966,1,1,0
133.0,6,2.0,1.0,Entire home/apt,52.5242654,13.417542,0.0,0,4.890349128221754,1,1,0
159.0,3,1.0,1.0,Entire home/apt,52.52344370865671,13.417269531695135,5.0,1,5.0689042022202315,1,1,0
86.0,4,1.0,1.0,Entire home/apt,52.5242722,13.4177993,5.0,4,4.454347296253507,0,1,0
40.0,2,1.0,1.0,Entire home/apt,52.51473540014111,13.45934083657922,0.0,0,3.6888794541139363,1,1,0
172.0,8,2.0,1.0,Entire home/apt,52.49912511827542,13.40283578916393,5.0,10,5.147494476813453,1,1,0
143.0,4,1.0,1.0,Entire home/apt,52.4867917,13.3751549,5.0,3,4.962844630259907,1,1,0
105.0,4,3.0,1.0,Private room,52.47796786944132,13.322041444547205,0.0,0,4.653960350157523,1,1,0
94.0,7,3.0,1.0,Entire home/apt,52.4973781,13.3248592,0.0,0,4.543294782270004,1,1,0
69.0,2,1.0,1.0,Entire home/apt,52.51088102464482,13.47325586666086,0.0,0,4.23410650459726,0,1,0
39.0,1,0.0,0.0,Private room,52.5657963,13.3907003,5.0,2,3.6635616461296463,1,1,0
64.0,1,1.0,1.0,Private room,52.5344841,13.4028312,0.0,0,4.1588830833596715,1,1,0
17.0,1,1.0,1.0,Shared room,52.53828,13.42419,4.5,2,2.833213344056216,1,1,0
89.0,4,2.0,1.5,Entire home/apt,52.542389197224566,13.417972559487374,0.0,0,4.48863636973214,1,1,0
42.0,3,1.0,1.5,Private room,52.456465739661226,13.379990282381344,4.5,4,3.7376696182833684,1,1,0
119.0,2,1.0,1.0,Entire home/apt,52.52939178207801,13.405266376816172,0.0,0,4.77912349311153,1,1,0
103.0,3,0.0,1.0,Entire home/apt,52.547845934631205,13.451352894285485,4.33,12,4.634728988229636,1,1,0
140.0,5,4.0,2.0,Entire home/apt,52.5537006,13.4018121,0.0,0,4.941642422609304,1,1,0
89.0,1,1.0,1.0,Private room,52.49928,13.31611,4.5,2,4.48863636973214,1,0,0
94.0,3,0.0,1.0,Entire home/apt,52.52662,13.30777,4.33,15,4.543294782270004,1,1,0
45.0,2,1.0,1.0,Private room,52.50214803162722,13.41897658911284,5.0,8,3.8066624897703196,1,1,0
28.0,1,1.0,1.0,Private room,52.50044,13.46493,5.0,3,3.332204510175204,1,0,0
59.0,2,0.0,0.0,Entire home/apt,52.4789465,13.3362634,4.2,5,4.07753744390572,1,1,0
56.0,2,1.0,1.0,Entire home/apt,52.5110219,13.4583673,0.0,0,4.02535169073515,1,1,0
82.0,2,1.0,1.0,Entire home/apt,52.4973781,13.3248592,0.0,0,4.406719247264253,0,1,0
77.0,2,1.0,1.0,Private room,52.50782,13.4566,5.0,2,4.343805421853684,1,1,0
80.0,2,1.0,1.0,Entire home/apt,52.5129207,13.4664468,4.92,12,4.382026634673881,1,0,1
225.0,11,3.0,1.5,Private room,52.58983512828106,13.428521396322688,5.0,3,5.41610040220442,1,1,0
141.0,4,1.0,1.0,Entire home/apt,52.5012013,13.3319076,5.0,5,4.948759890378168,1,1,0
150.0,4,1.0,1.0,Entire home/apt,52.5012013,13.3319076,5.0,5,5.0106352940962555,1,1,0
45.0,1,1.0,1.0,Private room,52.54386921116378,13.358146986634855,0.0,0,3.8066624897703196,1,1,0
158.0,7,2.0,1.5,Entire home/apt,52.4167371,13.423878,5.0,1,5.062595033026967,1,1,0
198.0,4,1.0,1.0,Entire home/apt,52.53269,13.36686,5.0,9,5.288267030694535,1,1,1
40.0,2,1.0,1.0,Entire home/apt,52.5082392,13.5575939,0.0,0,3.6888794541139363,0,1,0
218.0,6,3.0,1.0,Entire home/apt,52.49368,13.31421,5.0,6,5.384495062789089,1,1,1
44.0,2,1.0,1.0,Entire home/apt,52.50783,13.40416,0.0,0,3.784189633918261,1,1,0
79.0,2,1.0,1.0,Entire home/apt,52.5402766973902,13.432275094091892,0.0,0,4.3694478524670215,0,1,0
81.0,2,1.0,1.0,Entire home/apt,52.49072883668212,13.389762267510305,0.0,0,4.394449154672439,1,1,0
145.0,4,2.0,1.0,Entire home/apt,52.54493,13.42197,0.0,0,4.976733742420574,0,1,0
28.0,1,1.0,1.0,Shared room,52.52277,13.33214,4.8,10,3.332204510175204,1,1,0
98.0,5,1.0,1.0,Entire home/apt,52.5425,13.41315,4.4,5,4.584967478670572,1,1,0
647.0,1,1.0,1.0,Entire home/apt,52.4512,13.35307,0.0,0,6.472346294500901,1,1,1
98.0,2,1.0,1.0,Entire home/apt,52.48645,13.42658,0.0,0,4.584967478670572,1,1,0
61.0,2,1.0,1.0,Private room,52.53033,13.3364,5.0,2,4.110873864173311,1,1,0
106.0,2,1.0,1.0,Entire home/apt,52.52688,13.42055,0.0,0,4.663439094112067,1,1,0
280.0,4,2.0,1.0,Entire home/apt,52.48902,13.44324,5.0,1,5.634789603169249,1,1,1
66.0,4,2.0,1.0,Entire home/apt,52.49914,13.57759,0.0,0,4.189654742026425,1,1,0
89.0,2,1.0,1.0,Entire home/apt,52.49994,13.30928,0.0,0,4.48863636973214,1,1,0
79.0,4,2.0,1.5,Entire home/apt,52.48005,13.4344,4.82,11,4.3694478524670215,1,1,0
39.0,2,1.0,1.0,Private room,52.48885,13.32398,4.33,6,3.6635616461296463,1,1,0
46.0,2,1.0,1.0,Entire home/apt,52.4834,13.34266,0.0,0,3.828641396489095,1,1,0
56.0,2,1.0,1.0,Entire home/apt,52.49394,13.38409,0.0,0,4.02535169073515,1,1,0
75.0,1,1.0,1.0,Private room,52.52196,13.25348,4.5,2,4.31748811353631,1,1,0
115.0,2,1.0,1.0,Private room,52.46937,13.42792,5.0,2,4.74493212836325,1,1,0
25.0,2,1.0,1.0,Private room,52.44296,13.45334,0.0,0,3.2188758248682006,1,1,0
85.0,2,1.0,1.0,Entire home/apt,52.47342,13.44816,0.0,0,4.442651256490317,1,1,0
212.0,8,2.0,1.0,Entire home/apt,52.49212,13.41475,5.0,2,5.356586274672012,1,1,0
61.0,2,1.0,1.0,Private room,52.52705,13.3411,4.67,3,4.110873864173311,1,0,0
132.0,6,3.0,1.0,Entire home/apt,52.4831,13.356,0.0,0,4.882801922586371,1,1,0
90.0,2,1.0,1.0,Entire home/apt,52.49571,13.42874,4.5,2,4.499809670330265,1,1,0
143.0,4,2.0,2.0,Entire home/apt,52.52454,13.31434,0.0,0,4.962844630259907,1,1,0
116.0,4,2.0,1.0,Entire home/apt,52.52832,13.39617,5.0,1,4.7535901911063645,1,1,0
91.0,2,0.0,0.0,Entire home/apt,52.50549,13.28787,0.0,0,4.51085950651685,1,1,0
28.0,2,1.0,1.0,Private room,52.51208,13.2952,0.0,0,3.332204510175204,1,1,0
52.0,2,1.0,1.0,Private room,52.53523,13.29658,5.0,1,3.9512437185814275,1,1,1
83.0,3,1.0,1.5,Entire home/apt,52.52135,13.4676,0.0,0,4.418840607796598,1,1,0
81.0,3,1.0,1.0,Entire home/apt,52.51483,13.2722,4.83,6,4.394449154672439,1,1,0
111.0,2,1.0,1.0,Entire home/apt,52.50598,13.41118,0.0,0,4.709530201312334,1,1,0
125.0,4,1.0,1.0,Entire home/apt,52.52256,13.43492,0.0,0,4.8283137373023015,1,1,0
38.0,1,1.0,1.0,Private room,52.57509,13.33863,0.0,0,3.6375861597263857,1,1,0
91.0,2,1.0,1.0,Entire home/apt,52.53353,13.42183,4.67,3,4.51085950651685,1,1,0
36.0,1,1.0,1.0,Private room,52.51607,13.16775,4.5,2,3.58351893845611,1,0,0
175.0,4,2.0,2.0,Entire home/apt,52.48964,13.31966,0.0,0,5.1647859739235145,1,1,1
110.0,4,3.0,1.5,Entire home/apt,52.56329,13.41492,0.0,0,4.700480365792417,1,1,0
60.0,3,1.0,1.0,Entire home/apt,52.60804,13.43332,5.0,1,4.0943445622221,1,1,0
47.0,4,1.0,1.0,Entire home/apt,52.42224,13.5757,5.0,7,3.8501476017100584,1,1,0
77.0,2,1.0,1.0,Entire home/apt,52.50846,13.41684,0.0,0,4.343805421853684,1,1,0
1200.0,2,2.0,1.0,Private room,52.47391,13.29567,0.0,0,7.090076835776092,0,1,0
70.0,2,1.0,1.0,Entire home/apt,52.60649,13.43408,3.5,2,4.248495242049359,1,1,0
80.0,3,1.0,1.0,Entire home/apt,52.60744,13.43416,2.0,1,4.382026634673881,1,1,0
99.0,2,0.0,1.0,Entire home/apt,52.5217,13.40605,5.0,3,4.59511985013459,1,1,0
55.0,2,1.0,1.0,Entire home/apt,52.5362,13.37794,0.0,0,4.007333185232471,1,1,0
44.0,2,1.0,1.0,Entire home/apt,52.45411,13.62886,0.0,0,3.784189633918261,1,1,0
48.0,2,1.0,1.0,Entire home/apt,52.48226,13.43942,4.7,10,3.871201010907891,1,1,0
144.0,4,1.0,1.0,Entire home/apt,52.52046,13.38418,5.0,5,4.969813299576001,1,1,0
43.0,1,1.0,1.0,Private room,52.44578,13.50764,0.0,0,3.7612001156935624,1,1,0
100.0,2,1.0,1.5,Entire home/apt,52.54568,13.42573,0.0,0,4.605170185988092,1,1,0
136.0,4,1.0,1.0,Entire home/apt,52.49447,13.28452,4.5,4,4.912654885736052,1,1,0
47.0,2,1.0,1.0,Private room,52.53167,13.34606,5.0,7,3.8501476017100584,1,0,0
270.0,5,3.0,1.0,Entire home/apt,52.49109,13.42649,5.0,1,5.598421958998375,1,1,0
40.0,2,1.0,1.0,Private room,52.48885066740289,13.434103055129732,5.0,1,3.6888794541139363,1,1,0
84.0,3,2.0,1.0,Entire home/apt,52.53215551279126,13.393420008585494,0.0,0,4.430816798843313,1,1,0
110.0,2,1.0,1.0,Entire home/apt,52.5512953,13.4158138,0.0,0,4.700480365792417,1,1,0
126.0,4,2.0,1.0,Entire home/apt,52.50210281522386,13.304118308313084,0.0,0,4.836281906951478,1,1,0
28.0,2,1.0,1.0,Private room,52.47449,13.48277,0.0,0,3.332204510175204,1,1,0
60.0,2,1.0,2.0,Private room,52.4877030486694,13.351483405699817,5.0,1,4.0943445622221,1,1,0
60.0,2,1.0,2.0,Private room,52.48777722237462,13.34981088470306,0.0,0,4.0943445622221,1,1,0
53.0,2,1.0,1.0,Private room,52.51813,13.45606,5.0,3,3.970291913552122,1,1,0
41.0,2,1.0,1.0,Private room,52.50837230854115,13.463279150323483,5.0,5,3.713572066704308,1,1,0
50.0,2,1.0,1.0,Private room,52.52169002443283,13.236461273223156,5.0,1,3.912023005428146,1,1,0
83.0,3,1.0,1.0,Entire home/apt,52.5126122,13.47047,4.56,9,4.418840607796598,1,1,0
162.0,4,1.0,1.0,Entire home/apt,52.5512870579384,13.490582538098126,0.0,0,5.087596335232384,1,1,1
80.0,3,1.0,1.0,Entire home/apt,52.437231846708805,13.262558240475476,5.0,7,4.382026634673881,1,1,0
70.0,2,1.0,1.0,Private room,52.4424270446048,13.501520261617763,5.0,1,4.248495242049359,1,1,0
47.0,2,0.0,1.0,Entire home/apt,52.51341107213025,13.4971836773035,5.0,5,3.8501476017100584,1,1,0
50.0,2,1.0,2.0,Private room,52.48733,13.34926,4.0,1,3.912023005428146,1,1,0
102.0,3,1.0,1.0,Entire home/apt,52.52080663374534,13.45347973483496,0.0,0,4.624972813284271,1,0,0
114.0,4,1.0,1.0,Entire home/apt,52.51504,13.43736,5.0,5,4.736198448394496,1,0,0
180.0,10,2.0,1.0,Entire home/apt,52.53427740583688,13.435320540945511,4.63,8,5.19295685089021,1,1,0
68.0,2,1.0,1.0,Private room,52.51194520757512,13.292668624351789,5.0,3,4.219507705176107,1,1,0
96.0,3,1.0,1.0,Entire home/apt,52.48137,13.42986,0.0,0,4.564348191467836,1,1,0
51.0,1,1.0,1.0,Entire home/apt,52.49301999999999,13.39521,4.89,9,3.9318256327243257,1,1,0
70.0,4,2.0,1.0,Entire home/apt,52.45671,13.51644,0.0,0,4.248495242049359,1,1,0
88.0,2,1.0,1.0,Private room,52.48879,13.3918,5.0,1,4.477336814478207,0,1,0
276.0,6,3.0,2.0,Entire home/apt,52.53577163509533,13.400056072284096,0.0,0,5.62040086571715,1,1,0
190.0,4,2.0,1.0,Entire home/apt,52.54444,13.43897,0.0,0,5.247024072160486,1,1,0
100.0,2,1.0,1.0,Private room,52.52351987512841,13.349876432221208,0.0,0,4.605170185988092,1,1,0
78.0,2,1.0,1.0,Entire home/apt,52.45672,13.37737,0.0,0,4.356708826689592,1,1,0
121.0,2,1.0,1.0,Entire home/apt,52.554073919950326,13.428732560276242,0.0,0,4.795790545596741,1,1,0
72.0,4,1.0,1.0,Entire home/apt,52.46411,13.51818,0.0,0,4.276666119016055,1,1,0
102.0,3,1.0,1.0,Entire home/apt,52.53119,13.4059,0.0,0,4.624972813284271,1,1,0
137.0,6,2.0,1.0,Private room,52.49382925622245,13.310685679000096,5.0,2,4.919980925828125,1,1,0
46.0,4,1.0,1.0,Shared room,52.5152744,13.4565813,0.0,0,3.828641396489095,1,1,0
25.0,11,2.0,1.0,Shared room,52.49485327419851,13.363642099771468,0.0,0,3.2188758248682006,1,1,0
27.0,11,2.0,1.0,Shared room,52.49309990937776,13.362217125792704,3.0,1,3.295836866004329,1,1,0
86.0,2,1.0,1.0,Entire home/apt,52.46536096138712,13.42564428095093,5.0,2,4.454347296253507,1,1,0
102.0,7,2.0,1.0,Entire home/apt,52.456496058741294,13.510275750235785,3.17,6,4.624972813284271,1,1,0
115.0,4,1.0,2.0,Private room,52.49530051110218,13.310753544106406,4.0,2,4.74493212836325,1,1,0
99.0,2,1.0,0.5,Private room,52.51395120000001,13.4345947,5.0,1,4.59511985013459,1,1,0
80.0,4,1.0,1.0,Entire home/apt,52.40348,13.41993,0.0,0,4.382026634673881,1,1,0
84.0,6,2.0,1.0,Entire home/apt,52.5240588650664,13.38808319914076,0.0,0,4.430816798843313,1,1,0
138.0,4,3.0,1.0,Entire home/apt,52.4591502,13.3197205,0.0,0,4.927253685157205,1,1,0
300.0,5,3.0,1.0,Entire home/apt,52.51859604521243,13.437769567275398,0.0,0,5.703782474656201,1,1,0
37.0,2,1.0,1.0,Private room,52.51804,13.4679,5.0,2,3.6109179126442243,1,1,0
68.0,2,1.0,1.0,Entire home/apt,52.50053941735669,13.487347408975657,0.0,0,4.219507705176107,1,1,0
126.0,2,1.0,1.0,Entire home/apt,52.51366881871059,13.450046118569656,0.0,0,4.836281906951478,1,1,0
100.0,4,1.0,1.0,Entire home/apt,52.43833,13.57046,5.0,1,4.605170185988092,1,1,0
44.0,4,1.0,1.0,Entire home/apt,52.440634274579615,13.500834694270392,4.33,3,3.784189633918261,1,1,0
81.0,1,1.0,0.5,Private room,52.48642,13.41604,0.0,0,4.394449154672439,1,1,0
65.0,2,1.0,1.0,Entire home/apt,52.52161929672076,13.36235779062624,0.0,0,4.174387269895637,1,1,0
68.0,2,1.0,1.0,Private room,52.4318524,13.3105677,0.0,0,4.219507705176107,1,0,0
135.0,4,2.0,1.0,Entire home/apt,52.4872181,13.4305643,5.0,1,4.90527477843843,1,1,0
69.0,2,1.0,1.0,Entire home/apt,52.5311,13.42083,4.6,5,4.23410650459726,1,1,0
50.0,2,1.0,1.0,Entire home/apt,52.5536662,13.3654406,0.0,0,3.912023005428146,1,1,0
130.0,5,2.0,1.0,Entire home/apt,52.4933038918177,13.437906899247634,5.0,4,4.867534450455582,1,1,0
84.0,2,1.0,1.0,Private room,52.4984881,13.435362,0.0,0,4.430816798843313,1,1,0
77.0,2,1.0,1.0,Entire home/apt,52.54571053359212,13.426632984076512,0.0,0,4.343805421853684,1,1,0
100.0,3,0.0,0.0,Entire home/apt,52.49471730906359,13.428183926761568,0.0,0,4.605170185988092,1,1,0
42.0,2,1.0,1.0,Private room,52.51104,13.47332,4.5,2,3.7376696182833684,1,1,0
94.0,2,1.0,1.0,Entire home/apt,52.4883,13.37298,0.0,0,4.543294782270004,0,1,0
125.0,6,0.0,0.0,Entire home/apt,52.48988,13.42477,5.0,1,4.8283137373023015,1,1,0
45.0,2,1.0,1.0,Private room,52.53145350363244,13.349029419069309,0.0,0,3.8066624897703196,1,1,0
112.0,5,2.0,1.0,Entire home/apt,52.5208,13.33934,0.0,0,4.718498871295094,1,1,0
77.0,3,1.0,1.0,Entire home/apt,52.5072,13.3187,5.0,1,4.343805421853684,1,1,0
52.0,4,2.0,1.0,Entire home/apt,52.54564,13.34896,0.0,0,3.9512437185814275,1,1,0
54.0,1,1.0,1.0,Private room,52.47596819974336,13.44083570218537,5.0,1,3.9889840465642745,1,1,0
77.0,3,0.0,1.0,Entire home/apt,52.5078191075516,13.317285867320368,5.0,2,4.343805421853684,1,1,0
81.0,2,1.0,1.0,Entire home/apt,52.41981441143943,13.423338982626197,5.0,1,4.394449154672439,1,1,0
75.0,2,1.0,1.0,Entire home/apt,52.5235581870085,13.45255601917318,4.0,1,4.31748811353631,1,1,0
164.0,6,2.0,1.0,Entire home/apt,52.502743358215874,13.307605013251305,5.0,1,5.099866427824199,1,1,0
185.0,8,3.0,2.0,Entire home/apt,52.50011050000001,13.3042481,5.0,1,5.220355825078324,1,1,0
54.0,1,1.0,1.0,Entire home/apt,52.48127,13.32355,0.0,0,3.9889840465642745,1,1,0
70.0,2,1.0,1.0,Entire home/apt,52.566945492235206,13.437849205405978,0.0,0,4.248495242049359,1,1,0
54.0,2,1.0,1.0,Private room,52.4821137961134,13.42811575408722,5.0,3,3.9889840465642745,1,1,0
98.0,2,1.0,1.0,Entire home/apt,52.4893,13.33071,0.0,0,4.584967478670572,1,1,0
240.0,6,3.0,3.5,Entire home/apt,52.4959273105519,13.45429169848284,0.0,0,5.480638923341991,1,1,0
134.0,4,2.0,1.0,Entire home/apt,52.5395553,13.4149754,4.33,3,4.897839799950911,1,1,0
153.0,6,3.0,2.5,Entire home/apt,52.521961667862136,13.460480161038722,0.0,0,5.030437921392435,1,1,0
293.0,6,2.0,1.0,Entire home/apt,52.51365,13.4924,0.0,0,5.680172609017068,1,1,0
44.0,2,1.0,1.0,Entire home/apt,52.5656745,13.4129143,0.0,0,3.784189633918261,1,1,0
44.0,2,1.0,1.0,Entire home/apt,52.5656745,13.4129143,0.0,0,3.784189633918261,1,1,0
67.0,2,0.0,1.0,Entire home/apt,52.561366766455535,13.382357507944109,0.0,0,4.204692619390966,1,1,0
114.0,4,1.0,1.0,Entire home/apt,52.53889760415845,13.3974568435117,0.0,0,4.736198448394496,1,1,0
77.0,2,1.0,1.0,Entire home/apt,52.4693906,13.4544234,5.0,1,4.343805421853684,1,1,0
68.0,2,1.0,1.0,Private room,52.54222,13.41062,4.25,4,4.219507705176107,1,0,0
245.0,2,1.0,1.0,Entire home/apt,52.48618,13.46342,0.0,0,5.501258210544727,1,1,0
64.0,1,1.0,1.0,Private room,52.50780149873346,13.322302081468711,0.0,0,4.1588830833596715,1,1,0
106.0,4,2.0,2.0,Entire home/apt,52.518693195576574,13.42649593949318,5.0,4,4.663439094112067,1,1,0
68.0,3,1.0,1.0,Entire home/apt,52.50601,13.39027,0.0,0,4.219507705176107,1,1,0
141.0,6,2.0,1.5,Entire home/apt,52.529649707591744,13.32666110317993,4.67,6,4.948759890378168,1,1,0
61.0,3,2.0,1.0,Entire home/apt,52.53629697482147,13.35706612713729,0.0,0,4.110873864173311,1,1,0
147.0,4,2.0,2.0,Entire home/apt,52.48605516843275,13.38123524973754,5.0,3,4.990432586778736,1,1,0
188.0,8,2.0,1.0,Entire home/apt,52.5218821,13.3272825,4.8,5,5.236441962829949,1,1,0
63.0,2,1.0,1.0,Private room,52.50231540729684,13.42797813926144,4.67,3,4.143134726391533,1,0,0
150.0,7,2.0,1.0,Entire home/apt,52.52322886512594,13.416742580312953,5.0,1,5.0106352940962555,1,1,0
59.0,4,1.0,1.0,Entire home/apt,52.5078293,13.3038391,0.0,0,4.07753744390572,1,1,0
39.0,2,1.0,1.0,Entire home/apt,52.5656745,13.4129143,0.0,0,3.6635616461296463,1,1,0
76.0,2,1.0,1.0,Entire home/apt,52.477199876145846,13.479671129580993,0.0,0,4.330733340286331,1,1,0
109.0,4,1.0,1.0,Entire home/apt,52.52397965284776,13.418687783499312,0.0,0,4.6913478822291435,0,1,0
106.0,4,1.0,1.0,Entire home/apt,52.48710276254807,13.430689573287964,0.0,0,4.663439094112067,1,1,0
74.0,2,1.0,1.0,Entire home/apt,52.54648,13.41359,5.0,1,4.30406509320417,1,0,0
81.0,2,1.0,1.0,Entire home/apt,52.54443350546515,13.414206458528044,5.0,3,4.394449154672439,1,1,0
63.0,2,1.0,1.0,Entire home/apt,52.54630948952768,13.415061605313053,5.0,1,4.143134726391533,1,0,0
45.0,2,1.0,1.0,Private room,52.51154469999999,13.4525664,5.0,1,3.8066624897703196,1,1,0
94.0,4,1.0,1.0,Entire home/apt,52.51068,13.46421,5.0,2,4.543294782270004,1,1,0
64.0,2,1.0,1.0,Entire home/apt,52.50916037658756,13.466246197929747,4.67,3,4.1588830833596715,1,1,0
141.0,3,2.0,1.0,Entire home/apt,52.49415,13.43642,5.0,1,4.948759890378168,1,1,1
122.0,4,2.0,1.0,Entire home/apt,52.49808871084231,13.483737139892929,0.0,0,4.804021044733257,1,1,0
122.0,4,2.0,1.0,Entire home/apt,52.4975609535448,13.485260999854503,0.0,0,4.804021044733257,1,1,0
100.0,5,2.0,1.0,Entire home/apt,52.49809242666665,13.483557116495993,0.0,0,4.605170185988092,1,1,0
90.0,10,2.0,1.0,Entire home/apt,52.5368,13.40643,0.0,0,4.499809670330265,1,1,0
140.0,8,2.0,0.5,Entire home/apt,52.5129653,13.4900174,0.0,0,4.941642422609304,0,1,0
65.0,2,1.0,2.0,Private room,52.53282,13.34795,0.0,0,4.174387269895637,1,1,0
50.0,2,1.0,1.0,Private room,52.4719197,13.3840283,5.0,1,3.912023005428146,1,1,0
203.0,6,5.0,2.0,Entire home/apt,52.53235,13.35106,0.0,0,5.313205979041787,1,1,0
206.0,6,5.0,2.0,Entire home/apt,52.53252,13.35209,0.0,0,5.327876168789581,1,1,0
54.0,3,1.0,1.0,Entire home/apt,52.42602,13.25849,0.0,0,3.9889840465642745,1,1,0
86.0,4,3.0,1.5,Entire home/apt,52.433938501132495,13.579539542373269,0.0,0,4.454347296253507,1,1,0
30.0,1,1.0,1.0,Entire home/apt,52.4287087717157,13.49215884719202,0.0,0,3.4011973816621555,1,1,0
58.0,2,1.0,1.5,Private room,52.52478,13.41905,0.0,0,4.060443010546419,1,1,0
86.0,4,2.0,1.0,Entire home/apt,52.4250954878141,13.676038331040804,0.0,0,4.454347296253507,1,1,0
158.0,4,1.0,1.0,Entire home/apt,52.51051423998492,13.397400006651878,0.0,0,5.062595033026967,1,1,1
120.0,2,1.0,1.0,Entire home/apt,52.5327,13.35037,0.0,0,4.787491742782046,1,1,0
285.0,11,3.0,1.0,Entire home/apt,52.49849603103622,13.38390715420246,0.0,0,5.652489180268651,1,1,0
143.0,4,1.0,1.0,Entire home/apt,52.51894,13.46698,0.0,0,4.962844630259907,1,1,0
51.0,2,1.0,1.0,Entire home/apt,52.50426250769026,13.444038205251994,0.0,0,3.9318256327243257,1,0,1
170.0,6,4.0,2.0,Entire home/apt,52.51820134479708,13.300993118042804,0.0,0,5.135798437050262,1,1,0
78.0,4,1.0,1.0,Entire home/apt,52.55102118582304,13.438317889045871,0.0,0,4.356708826689592,1,1,0
63.0,2,1.0,1.0,Private room,52.50190071367344,13.394133361538143,4.71,7,4.143134726391533,1,1,0
86.0,2,1.0,1.0,Entire home/apt,52.49697750391377,13.447494126458754,4.86,7,4.454347296253507,1,1,0
66.0,2,1.0,1.0,Private room,52.50123079999999,13.33315,0.0,0,4.189654742026425,1,1,0
121.0,2,0.0,0.0,Private room,52.50356272019773,13.373273330866152,0.0,0,4.795790545596741,1,1,0
49.0,2,0.0,1.0,Entire home/apt,52.5362889,13.4023755,0.0,0,3.8918202981106265,1,1,0
73.0,2,1.0,1.0,Entire home/apt,52.39543805702182,13.562519854004927,0.0,0,4.290459441148391,1,0,1
60.0,2,1.0,1.0,Entire home/apt,52.51327,13.49802,0.0,0,4.0943445622221,0,1,0
106.0,2,1.0,1.0,Entire home/apt,52.45991,13.43736,0.0,0,4.663439094112067,1,1,0
175.0,10,5.0,1.0,Entire home/apt,52.50382,13.46854,0.0,0,5.1647859739235145,1,1,0
140.0,8,4.0,1.0,Entire home/apt,52.51308574482344,13.454242386952526,0.0,0,4.941642422609304,1,1,0
140.0,8,4.0,1.0,Entire home/apt,52.5094,13.45265,0.0,0,4.941642422609304,1,1,0
72.0,2,1.0,1.0,Entire home/apt,52.5129358101599,13.307924175941814,4.14,7,4.276666119016055,1,1,0
125.0,3,1.0,1.0,Entire home/apt,52.5051105273533,13.436612557908209,5.0,1,4.8283137373023015,1,1,0
85.0,4,1.0,1.0,Entire home/apt,52.4904033,13.325336,0.0,0,4.442651256490317,1,1,0
188.0,4,2.0,1.0,Entire home/apt,52.4956902,13.4130365,5.0,1,5.236441962829949,1,1,0
130.0,4,1.0,1.5,Entire home/apt,52.52327243597924,13.352432971910403,5.0,1,4.867534450455582,1,1,0
64.0,2,1.0,1.0,Private room,52.5159747,13.4200659,5.0,1,4.1588830833596715,1,1,0
53.0,2,1.0,1.0,Private room,52.496406615274175,13.285309039895262,0.0,0,3.970291913552122,1,1,0
59.0,2,1.0,1.0,Private room,52.48094,13.43718,0.0,0,4.07753744390572,1,1,0
108.0,2,1.0,1.0,Entire home/apt,52.5435647,13.5610891,0.0,0,4.68213122712422,1,1,0
55.0,2,1.0,1.0,Private room,52.49298,13.42158,5.0,2,4.007333185232471,1,1,0
398.0,6,3.0,3.0,Entire home/apt,52.5307106,13.4026407,0.0,0,5.986452005284438,1,1,1
56.0,3,1.0,1.0,Entire home/apt,52.53785464871121,13.395564917027478,0.0,0,4.02535169073515,1,1,0
113.0,2,1.0,1.0,Entire home/apt,52.52556879999999,13.4045014,5.0,3,4.727387818712341,1,0,0
116.0,2,1.0,1.0,Entire home/apt,52.52556879999999,13.4045014,4.5,2,4.7535901911063645,1,0,0
117.0,2,1.0,1.0,Entire home/apt,52.52556879999999,13.4045014,0.0,0,4.762173934797756,1,0,0
46.0,3,1.0,1.0,Entire home/apt,52.5435639,13.39573,0.0,0,3.828641396489095,1,1,0
123.0,2,1.0,1.0,Entire home/apt,52.52556879999999,13.4045014,0.0,0,4.812184355372417,1,0,0
100.0,5,2.0,1.0,Entire home/apt,52.49892,13.48587,0.0,0,4.605170185988092,1,1,0
57.0,2,1.0,1.0,Entire home/apt,52.5373125406006,13.276178576015498,0.0,0,4.04305126783455,0,1,0
65.0,3,1.0,1.0,Private room,52.46092865787935,13.4355407490687,0.0,0,4.174387269895637,1,1,0
56.0,1,1.0,1.5,Private room,52.50107,13.31787,0.0,0,4.02535169073515,1,1,0
112.0,2,1.0,1.5,Entire home/apt,52.5010714,13.3178723,0.0,0,4.718498871295094,1,1,0
105.0,3,1.0,1.0,Entire home/apt,52.5057254,13.380306,2.0,1,4.653960350157523,1,1,1
56.0,2,1.0,0.5,Private room,52.50836894974682,13.45621016015711,5.0,2,4.02535169073515,1,1,0
70.0,2,1.0,1.0,Entire home/apt,52.54435841992412,13.413628750511064,4.4,5,4.248495242049359,1,1,0
42.0,3,1.0,1.5,Private room,52.458727535785066,13.377761688892642,5.0,1,3.7376696182833684,1,1,0
111.0,4,2.0,0.5,Entire home/apt,52.51181,13.49041,0.0,0,4.709530201312334,0,1,0
60.0,2,1.0,1.0,Private room,52.4905516092586,13.451331723456049,5.0,1,4.0943445622221,1,1,0
96.0,6,1.0,1.0,Entire home/apt,52.52753,13.44754,5.0,5,4.564348191467836,1,1,0
64.0,5,2.0,1.0,Private room,52.47507,13.43999,0.0,0,4.1588830833596715,1,1,0
63.0,4,1.0,1.0,Entire home/apt,52.4944212,13.4385798,0.0,0,4.143134726391533,1,1,0
62.0,5,2.0,1.0,Entire home/apt,52.46055639999999,13.4268384,0.0,0,4.127134385045092,1,1,0
135.0,3,2.0,1.0,Entire home/apt,52.5435647,13.5610891,0.0,0,4.90527477843843,1,1,0
66.0,2,1.0,0.5,Private room,52.50270964697317,13.438623785245476,0.0,0,4.189654742026425,1,1,0
84.0,2,1.0,1.0,Entire home/apt,52.5129207,13.4664468,5.0,7,4.430816798843313,1,0,1
86.0,2,1.0,1.0,Entire home/apt,52.5129207,13.4664468,5.0,1,4.454347296253507,1,0,1
115.0,4,2.0,1.5,Entire home/apt,52.55428,13.41614,5.0,1,4.74493212836325,1,1,0
95.0,2,1.0,1.0,Entire home/apt,52.5129207,13.4664468,5.0,4,4.553876891600541,1,1,1
98.0,2,1.0,1.0,Entire home/apt,52.5129207,13.4664468,0.0,0,4.584967478670572,1,1,1
82.0,1,1.0,1.0,Private room,52.49112158665206,13.353061126686042,0.0,0,4.406719247264253,1,1,0
113.0,7,1.0,1.0,Entire home/apt,52.4846245,13.4234453,5.0,4,4.727387818712341,1,1,0
55.0,1,1.0,1.0,Entire home/apt,52.45119810000001,13.3712372,0.0,0,4.007333185232471,1,1,0
135.0,4,1.0,1.0,Entire home/apt,52.5135009,13.4900171,0.0,0,4.90527477843843,0,1,0
74.0,2,1.0,1.0,Private room,52.49317,13.32826,0.0,0,4.30406509320417,1,1,0
21.0,1,1.0,2.0,Private room,52.43389881706759,13.296490929678065,0.0,0,3.044522437723423,1,1,0
32.0,2,1.0,1.0,Private room,52.4341389,13.3450697,0.0,0,3.4657359027997265,0,1,0
73.0,4,1.0,1.0,Entire home/apt,52.48188000597735,13.349161149073806,0.0,0,4.290459441148391,1,1,0
148.0,7,4.0,2.0,Entire home/apt,52.53318,13.3506,5.0,1,4.997212273764115,1,1,0
198.0,4,2.0,1.0,Entire home/apt,52.48702043270935,13.414542020145388,5.0,1,5.288267030694535,1,1,0
90.0,8,1.0,1.0,Entire home/apt,52.48749,13.40921,0.0,0,4.499809670330265,1,1,0
224.0,12,3.0,2.0,Entire home/apt,52.496896740686495,13.437778358844753,5.0,1,5.4116460518550396,1,1,0
57.0,6,2.0,1.0,Entire home/apt,52.54493637655441,13.416837966386266,5.0,5,4.04305126783455,1,1,0
44.0,2,1.0,1.0,Private room,52.48828,13.51372,0.0,0,3.784189633918261,1,1,0
32.0,4,1.0,1.0,Entire home/apt,52.54389,13.58886,0.0,0,3.4657359027997265,0,1,0
234.0,4,2.0,1.5,Entire home/apt,52.479199435452266,13.299596724060503,5.0,1,5.455321115357702,1,1,0
43.0,1,0.0,0.0,Entire home/apt,52.52153977939387,13.405656135400807,0.0,0,3.7612001156935624,1,1,0
75.0,6,1.0,1.0,Entire home/apt,52.49722980000001,13.3111391,0.0,0,4.31748811353631,1,1,0
220.0,6,3.0,2.0,Entire home/apt,52.53971259999999,13.418146,5.0,3,5.393627546352362,1,1,0
35.0,2,1.0,1.5,Private room,52.50244,13.49174,5.0,4,3.5553480614894135,1,0,0
84.0,4,1.0,1.0,Entire home/apt,52.5127393,13.4062033,4.5,2,4.430816798843313,1,1,0
64.0,2,1.0,1.0,Private room,52.5031575,13.4384806,5.0,2,4.1588830833596715,1,1,0
68.0,3,1.0,1.0,Entire home/apt,52.44602039999999,13.5687321,0.0,0,4.219507705176107,1,1,0
17.0,1,1.0,1.5,Shared room,52.48863072236389,13.391081138066832,0.0,0,2.833213344056216,1,1,0
130.0,3,1.0,1.0,Entire home/apt,52.52053742409373,13.435610936153166,0.0,0,4.867534450455582,1,1,0
50.0,2,1.0,2.0,Private room,52.4304892088375,13.385330138669117,4.75,4,3.912023005428146,1,1,0
17.0,1,1.0,1.5,Shared room,52.48851005241598,13.39088847492384,0.0,0,2.833213344056216,1,1,0
58.0,4,1.0,1.0,Entire home/apt,52.54456,13.41702,5.0,5,4.060443010546419,1,1,0
50.0,1,1.0,1.0,Private room,52.50270709272484,13.364260086589148,4.67,3,3.912023005428146,1,1,0
164.0,3,1.0,1.5,Entire home/apt,52.54318813604301,13.416742523158044,5.0,3,5.099866427824199,1,1,0
55.0,2,1.0,1.0,Private room,52.4493413,13.4368438,5.0,1,4.007333185232471,1,1,0
49.0,4,1.0,1.0,Entire home/apt,52.54361,13.41653,4.5,2,3.8918202981106265,1,1,0
95.0,3,1.0,1.0,Entire home/apt,52.53039039999999,13.4003488,0.0,0,4.553876891600541,1,1,0
77.0,8,2.0,1.0,Entire home/apt,52.5125438132888,13.461420119996344,5.0,5,4.343805421853684,1,1,0
89.0,9,3.0,1.0,Entire home/apt,52.518182645220485,13.47104859523276,5.0,9,4.48863636973214,1,1,0
136.0,4,1.0,1.0,Entire home/apt,52.5244235720452,13.300480584582584,0.0,0,4.912654885736052,1,1,0
70.0,6,2.0,1.0,Entire home/apt,52.54507786926518,13.415086787462098,5.0,3,4.248495242049359,1,1,0
29.0,1,1.0,1.0,Private room,52.50688,13.54454,0.0,0,3.367295829986474,0,0,0
32.0,2,1.0,1.0,Private room,52.4723246,13.450628,0.0,0,3.4657359027997265,1,1,0
255.0,8,4.0,2.0,Entire home/apt,52.49160047661457,13.379690429915067,5.0,1,5.541263545158426,1,1,0
44.0,2,1.0,1.0,Private room,52.52380913000028,13.449520193197245,5.0,3,3.784189633918261,1,1,0
108.0,2,1.0,1.0,Private room,52.51591101954854,13.380889013176658,5.0,2,4.68213122712422,1,1,0
119.0,4,1.0,1.0,Entire home/apt,52.4773361,13.3143163,0.0,0,4.77912349311153,1,1,0
79.0,2,1.0,1.5,Private room,52.48737,13.41652,0.0,0,4.3694478524670215,1,1,0
132.0,2,0.0,1.0,Private room,52.50388,13.37436,0.0,0,4.882801922586371,1,1,0
54.0,2,1.0,1.0,Entire home/apt,52.5244951,13.4407251,0.0,0,3.9889840465642745,1,1,0
51.0,2,1.0,0.5,Private room,52.53094,13.37986,5.0,3,3.9318256327243257,1,0,0
65.0,3,1.0,1.0,Entire home/apt,52.55591509143153,13.392118153335074,0.0,0,4.174387269895637,1,1,0
162.0,4,1.0,1.0,Private room,52.5038752,13.3743635,4.0,1,5.087596335232384,1,1,0
117.0,6,2.0,1.0,Entire home/apt,52.5563994,13.3904987,0.0,0,4.762173934797756,1,1,0
158.0,8,6.0,2.0,Entire home/apt,52.44130170108875,13.505327738821508,5.0,1,5.062595033026967,1,1,0
265.0,6,3.0,1.0,Entire home/apt,52.504344409536486,13.32010612537673,0.0,0,5.579729825986222,1,1,0
223.0,5,2.0,1.0,Entire home/apt,52.5396527,13.4148699,0.0,0,5.407171771460119,1,1,0
113.0,4,2.0,1.0,Entire home/apt,52.484021357666975,13.355141887442258,0.0,0,4.727387818712341,1,1,0
200.0,4,2.0,2.0,Entire home/apt,52.5067849,13.3143707,0.0,0,5.298317366548036,0,0,0
38.0,2,1.0,0.0,Entire home/apt,52.43177160499759,13.548176877528553,0.0,0,3.6375861597263857,1,1,0
135.0,5,2.0,1.0,Entire home/apt,52.46688020905566,13.44225733794289,0.0,0,4.90527477843843,1,1,0
170.0,8,3.0,2.0,Entire home/apt,52.53199,13.41072,5.0,3,5.135798437050262,1,1,0
79.0,2,1.0,1.0,Private room,52.5074096268803,13.455789712255598,0.0,0,4.3694478524670215,1,1,0
187.0,3,2.0,1.0,Entire home/apt,52.50699009216149,13.455457695672845,0.0,0,5.231108616854587,1,1,0
112.0,10,3.0,1.5,Entire home/apt,52.533348661331885,13.411301686653731,5.0,1,4.718498871295094,1,1,0
43.0,2,1.0,1.0,Private room,52.49293559969994,13.389460433244492,5.0,2,3.7612001156935624,1,1,0
61.0,3,2.0,1.0,Entire home/apt,52.47075,13.44391,5.0,1,4.110873864173311,1,1,0
81.0,2,1.0,1.0,Private room,52.51593916830445,13.382520032282992,0.0,0,4.394449154672439,1,1,0
300.0,6,3.0,2.0,Entire home/apt,52.4401,13.29675,0.0,0,5.703782474656201,1,1,0
142.0,4,2.0,1.0,Entire home/apt,52.5168215,13.4191081,0.0,0,4.955827057601261,1,1,0
115.0,6,1.0,1.0,Entire home/apt,52.53074476552912,13.413314088885482,0.0,0,4.74493212836325,1,1,0
72.0,2,1.0,1.0,Entire home/apt,52.46410559606605,13.309749308145998,0.0,0,4.276666119016055,1,1,0
59.0,3,1.0,1.0,Entire home/apt,52.4923355,13.4183634,0.0,0,4.07753744390572,1,1,0
60.0,2,1.0,1.0,Entire home/apt,52.4470877,13.2896667,0.0,0,4.0943445622221,1,1,1
154.0,2,3.0,1.0,Private room,52.52275190416462,13.542595772987594,0.0,0,5.0369526024136295,1,1,0
150.0,4,2.0,2.0,Entire home/apt,52.50221991692272,13.437286623621263,0.0,0,5.0106352940962555,1,1,0
16.0,1,1.0,1.0,Private room,52.57261262841199,13.369485718680949,0.0,0,2.772588722239781,1,1,0
30.0,2,1.0,1.0,Shared room,52.55085333621235,13.347058821655695,5.0,1,3.4011973816621555,1,0,0
93.0,3,2.0,1.0,Entire home/apt,52.42088728680075,13.284649876878603,0.0,0,4.532599493153256,1,1,0
165.0,9,3.0,1.0,Entire home/apt,52.52304,13.44866,0.0,0,5.10594547390058,1,1,0
38.0,6,1.0,1.5,Private room,52.4873589,13.3263076,5.0,3,3.6375861597263857,0,0,0
53.0,2,1.0,1.0,Entire home/apt,52.481813175609005,13.34228772902925,0.0,0,3.970291913552122,0,0,0
49.0,2,1.0,1.0,Entire home/apt,52.55414445235997,13.38658800569782,5.0,4,3.8918202981106265,1,1,0
50.0,1,1.0,1.0,Private room,52.4817118071383,13.51038636793844,5.0,1,3.912023005428146,1,1,0
46.0,2,1.0,3.0,Private room,52.50153024403672,13.490621800000016,0.0,0,3.828641396489095,1,1,0
19.0,8,1.0,3.0,Shared room,52.50155636832591,13.4904930539673,5.0,1,2.9444389791664403,1,1,0
51.0,2,0.0,1.0,Entire home/apt,52.49864,13.30125,0.0,0,3.9318256327243257,1,1,0
61.0,3,1.0,1.0,Private room,52.57332916133063,13.44235382920115,0.0,0,4.110873864173311,1,1,0
201.0,6,2.0,2.0,Entire home/apt,52.418861056874455,13.580269603539868,5.0,1,5.303304908059076,1,1,0
75.0,2,1.0,1.0,Entire home/apt,52.4995207,13.3659762,0.0,0,4.31748811353631,1,1,0
72.0,3,1.0,1.0,Private room,52.51864347820576,13.33544978357754,0.0,0,4.276666119016055,1,1,0
77.0,2,1.0,0.5,Private room,52.49884339856568,13.407454110386004,0.0,0,4.343805421853684,1,1,0
75.0,2,1.0,2.0,Private room,52.50164696729311,13.332080401600214,0.0,0,4.31748811353631,1,1,0
190.0,2,1.0,1.0,Entire home/apt,52.49520050551559,13.42848416256574,0.0,0,5.247024072160486,1,1,0
86.0,3,1.0,1.0,Entire home/apt,52.52840571348716,13.121395480377751,0.0,0,4.454347296253507,1,1,0
75.0,2,1.0,1.0,Private room,52.43494279999999,13.4773326,0.0,0,4.31748811353631,1,1,0
91.0,2,1.0,1.0,Entire home/apt,52.5428392,13.3660048,5.0,2,4.51085950651685,1,1,0
84.0,2,1.0,1.0,Entire home/apt,52.49286429461981,13.3570629610766,0.0,0,4.430816798843313,1,1,0
89.0,2,1.0,1.0,Entire home/apt,52.5428392,13.3660048,0.0,0,4.48863636973214,1,1,0
23.0,1,1.0,1.0,Private room,52.4760249,13.4329514,0.0,0,3.1354942159291497,1,1,0
52.0,2,1.0,1.0,Entire home/apt,52.57476581076434,13.456902538655791,0.0,0,3.9512437185814275,1,1,0
32.0,2,1.0,1.0,Entire home/apt,52.509487,13.5047421,0.0,0,3.4657359027997265,1,1,0
122.0,2,1.0,1.0,Entire home/apt,52.52288,13.33603,5.0,1,4.804021044733257,1,1,0
71.0,4,2.0,1.0,Entire home/apt,52.4716032,13.4322145,0.0,0,4.2626798770413155,1,1,0
19.0,1,1.0,1.5,Private room,52.46449,13.43761,0.0,0,2.9444389791664403,1,1,1
50.0,1,1.0,1.0,Private room,52.5665856,13.3922779,5.0,1,3.912023005428146,1,0,0
78.0,1,1.0,0.5,Private room,52.5025019350061,13.361088299765528,0.0,0,4.356708826689592,1,1,0
80.0,7,2.0,1.0,Entire home/apt,52.55124055012666,13.36283957101334,0.0,0,4.382026634673881,1,1,0
104.0,2,1.0,1.0,Entire home/apt,52.5015802,13.4569317,0.0,0,4.6443908991413725,1,1,0
90.0,3,1.0,1.0,Entire home/apt,52.5017613,13.3333512,0.0,0,4.499809670330265,1,1,0
50.0,3,1.0,1.0,Entire home/apt,52.5017613,13.3333512,0.0,0,3.912023005428146,1,1,0
148.0,4,2.0,2.5,Entire home/apt,52.49881091146714,13.298941678701189,0.0,0,4.997212273764115,1,1,0
174.0,3,1.0,1.0,Entire home/apt,52.53862,13.40406,0.0,0,5.159055299214529,1,1,1
43.0,2,1.0,1.0,Private room,52.54028508242965,13.424014386153754,0.0,0,3.7612001156935624,1,1,0
146.0,2,1.0,0.5,Private room,52.500393652685865,13.407040055904032,0.0,0,4.983606621708336,1,1,0
122.0,4,2.0,2.0,Entire home/apt,52.5313442968158,13.416683369132842,5.0,1,4.804021044733257,1,1,0
45.0,2,1.0,3.0,Private room,52.50087,13.48968,5.0,1,3.8066624897703196,1,1,0
94.0,3,1.0,1.0,Private room,52.45319,13.27409,5.0,1,4.543294782270004,1,1,0
63.0,2,1.0,0.5,Private room,52.48105754304223,13.42564065251188,0.0,0,4.143134726391533,1,1,0
92.0,3,1.0,1.0,Entire home/apt,52.52906961069943,13.350453243686337,4.0,1,4.5217885770490405,1,1,1
63.0,4,2.0,1.0,Private room,52.43984023807927,13.249237300903593,0.0,0,4.143134726391533,1,1,0
149.0,3,2.0,1.0,Entire home/apt,52.45739,13.27023,0.0,0,5.003946305945459,1,1,0
226.0,7,3.0,1.0,Entire home/apt,52.529872206214186,13.396429094747807,0.0,0,5.420534999272286,1,1,0
51.0,2,1.0,1.0,Entire home/apt,52.56409318169992,13.342577841154592,0.0,0,3.9318256327243257,1,1,0
60.0,3,1.0,1.0,Entire home/apt,52.45435,13.32078,0.0,0,4.0943445622221,1,1,0
102.0,5,1.0,1.0,Entire home/apt,52.55200080775574,13.414928953846314,5.0,3,4.624972813284271,1,1,0
85.0,1,1.0,1.0,Entire home/apt,52.51861648572702,13.463828435108791,0.0,0,4.442651256490317,1,1,0
95.0,4,2.0,1.0,Entire home/apt,52.52426,13.40623,0.0,0,4.553876891600541,1,1,0
69.0,2,1.0,1.0,Entire home/apt,52.5699304,13.3647558,0.0,0,4.23410650459726,1,1,0
65.0,3,1.0,1.0,Entire home/apt,52.5346602,13.4374612,0.0,0,4.174387269895637,1,1,0
38.0,2,1.0,1.0,Entire home/apt,52.5017613,13.3333512,0.0,0,3.6375861597263857,1,1,0
63.0,1,1.0,1.0,Private room,52.45324,13.27386,4.0,2,4.143134726391533,1,1,0
65.0,2,1.0,1.0,Entire home/apt,52.5719217,13.403966,0.0,0,4.174387269895637,1,1,0
32.0,1,1.0,1.0,Entire home/apt,52.45509,13.58699,0.0,0,3.4657359027997265,0,1,0
99.0,2,1.0,1.0,Entire home/apt,52.55159,13.1996,5.0,1,4.59511985013459,1,1,0
98.0,2,1.0,1.0,Private room,52.49013,13.42218,5.0,3,4.584967478670572,1,1,0
97.0,3,1.0,1.0,Entire home/apt,52.49979185814052,13.344645296467776,0.0,0,4.574710978503383,1,1,0
42.0,2,1.0,1.0,Entire home/apt,52.53067309999999,13.3426113,0.0,0,3.7376696182833684,1,1,0
85.0,5,2.0,2.0,Entire home/apt,52.3963083,13.3858681,0.0,0,4.442651256490317,1,1,0
23.0,1,1.0,1.0,Private room,52.476633698724136,13.431913713083263,0.0,0,3.1354942159291497,1,1,0
27.0,1,1.0,1.0,Private room,52.47638,13.43195,0.0,0,3.295836866004329,1,1,0
139.0,2,1.0,1.5,Entire home/apt,52.4921689,13.4157829,0.0,0,4.9344739331306915,1,1,0
75.0,2,0.0,1.0,Entire home/apt,52.49774602428391,13.334611088174848,0.0,0,4.31748811353631,0,1,0
45.0,2,1.0,1.0,Entire home/apt,52.5097,13.42231,0.0,0,3.8066624897703196,1,1,0
85.0,2,3.0,2.0,Entire home/apt,52.546150672533805,13.402597699285597,0.0,0,4.442651256490317,1,1,0
116.0,8,2.0,1.0,Entire home/apt,52.56008139999999,13.4724768,0.0,0,4.7535901911063645,1,1,0
50.0,2,1.0,1.0,Private room,52.46644736107178,13.42478226534722,5.0,1,3.912023005428146,1,1,0
60.0,1,1.0,1.0,Private room,52.53304970428782,13.368793153918809,0.0,0,4.0943445622221,1,1,0
36.0,1,2.0,1.0,Entire home/apt,52.52225,13.4477,0.0,0,3.58351893845611,1,1,0
50.0,2,1.0,1.0,Private room,52.51076625301589,13.455487152064569,0.0,0,3.912023005428146,1,1,0
65.0,2,1.0,1.0,Entire home/apt,52.53604021305364,13.286139378672134,0.0,0,4.174387269895637,1,1,0
57.0,2,1.0,1.0,Entire home/apt,52.41476622417888,13.273084110479545,0.0,0,4.04305126783455,1,1,0
63.0,3,1.0,1.0,Entire home/apt,52.53324,13.36476,0.0,0,4.143134726391533,0,1,0
84.0,4,1.0,1.0,Entire home/apt,52.51094923572844,13.288151695867548,0.0,0,4.430816798843313,1,1,0
37.0,1,1.0,1.0,Private room,52.490580970612704,13.420328900906116,0.0,0,3.6109179126442243,1,1,0
47.0,2,1.0,1.0,Entire home/apt,52.44047223536331,13.568561817504316,0.0,0,3.8501476017100584,1,1,0
40.0,2,1.0,0.5,Private room,52.48205,13.43194,0.0,0,3.6888794541139363,1,1,0
80.0,3,1.0,1.5,Private room,52.54623,13.41087,0.0,0,4.382026634673881,0,0,1
99.0,4,2.0,1.0,Entire home/apt,52.53072810000002,13.406917135443123,0.0,0,4.59511985013459,1,1,0
86.0,2,1.0,1.0,Private room,52.5722694,13.404539,0.0,0,4.454347296253507,1,1,0
77.0,2,1.0,1.0,Private room,52.5722694,13.404539,0.0,0,4.343805421853684,1,1,0
55.0,2,1.0,1.0,Entire home/apt,52.5722694,13.404539,0.0,0,4.007333185232471,1,1,0
60.0,2,1.0,1.0,Entire home/apt,52.5722694,13.404539,0.0,0,4.0943445622221,1,1,0
76.0,2,1.0,1.0,Entire home/apt,52.5719217,13.403966,0.0,0,4.330733340286331,1,1,0
70.0,2,1.0,1.0,Entire home/apt,52.5719217,13.403966,0.0,0,4.248495242049359,1,1,0
115.0,2,1.0,1.0,Entire home/apt,52.51391171797114,13.457982554411563,0.0,0,4.74493212836325,1,1,0
36.0,1,1.0,1.0,Private room,52.51656,13.30228,5.0,1,3.58351893845611,1,1,0
70.0,2,1.0,1.0,Entire home/apt,52.5336,13.33568,0.0,0,4.248495242049359,1,1,0
24.0,1,1.0,1.0,Private room,52.46533,13.43733,0.0,0,3.1780538303479458,1,1,0
500.0,3,1.0,1.0,Entire home/apt,52.5035295,13.42959,0.0,0,6.214608098422191,1,1,0
155.0,2,1.0,1.0,Entire home/apt,52.43293140365851,13.548489657750851,0.0,0,5.043425116919247,1,1,1
117.0,3,1.0,1.0,Entire home/apt,52.5432429,13.5726686,0.0,0,4.762173934797756,1,1,0
77.0,4,2.0,1.0,Entire home/apt,52.52345301220629,13.510716537434403,0.0,0,4.343805421853684,1,1,0
127.0,2,1.0,1.0,Entire home/apt,52.508405525036174,13.388097401106505,0.0,0,4.844187086458591,1,1,0
99.0,4,1.0,1.0,Entire home/apt,52.53323388305554,13.380933641529673,0.0,0,4.59511985013459,1,1,0
170.0,6,3.0,2.0,Entire home/apt,52.5418873,13.3714682,0.0,0,5.135798437050262,1,1,0
76.0,3,1.0,1.0,Entire home/apt,52.48921250451406,13.36276961211209,0.0,0,4.330733340286331,1,1,0
81.0,3,1.0,1.0,Entire home/apt,52.4868781736069,13.36164675864442,0.0,0,4.394449154672439,1,1,0
82.0,3,1.0,1.0,Entire home/apt,52.48872201112731,13.362831237597891,0.0,0,4.406719247264253,1,1,0
63.0,2,1.0,1.5,Entire home/apt,52.501109987620175,13.336838799979123,0.0,0,4.143134726391533,1,1,0
69.0,1,1.0,1.0,Private room,52.5130828,13.4058708,0.0,0,4.23410650459726,1,1,0
133.0,3,2.0,1.5,Entire home/apt,52.48903,13.36267,0.0,0,4.890349128221754,1,1,0
51.0,2,1.0,1.0,Entire home/apt,52.54805,13.43088,0.0,0,3.9318256327243257,1,1,0
79.0,2,1.0,1.0,Entire home/apt,52.51775,13.29572,0.0,0,4.3694478524670215,1,1,0
47.0,2,1.0,1.0,Entire home/apt,52.54655582855727,13.352187577301017,0.0,0,3.8501476017100584,1,1,0
124.0,8,2.0,1.0,Entire home/apt,52.5231256,13.4361785,5.0,1,4.820281565605037,1,1,0
300.0,4,1.0,1.5,Entire home/apt,52.4891,13.36268,0.0,0,5.703782474656201,1,1,0
143.0,4,2.0,2.0,Entire home/apt,52.5433669011735,13.41181455767212,0.0,0,4.962844630259907,1,1,0
110.0,3,1.0,1.0,Entire home/apt,52.53439059999999,13.4249326,0.0,0,4.700480365792417,1,1,0
45.0,2,1.0,1.0,Entire home/apt,52.54809,13.41286,0.0,0,3.8066624897703196,1,1,0
49.0,2,1.0,1.0,Entire home/apt,52.54571,13.41344,0.0,0,3.8918202981106265,1,1,0
70.0,4,1.0,1.0,Entire home/apt,52.508882617840165,13.30336733032793,0.0,0,4.248495242049359,1,1,0
56.0,2,1.0,1.0,Entire home/apt,52.53394,13.36572,0.0,0,4.02535169073515,1,1,0
59.0,3,1.0,1.0,Entire home/apt,52.5555488,13.3418462,0.0,0,4.07753744390572,1,1,0
58.0,3,1.0,1.0,Entire home/apt,52.5554488,13.3417162,0.0,0,4.060443010546419,1,1,0
108.0,4,2.0,1.0,Entire home/apt,52.4825752,13.3807247,0.0,0,4.68213122712422,1,1,0
84.0,3,2.0,1.0,Entire home/apt,52.48734419848183,13.3630934398106,0.0,0,4.430816798843313,1,1,0
71.0,4,2.0,1.0,Entire home/apt,52.5555488,13.3418462,0.0,0,4.2626798770413155,1,1,0
38.0,2,1.0,1.0,Entire home/apt,52.53067309999999,13.3426113,0.0,0,3.6375861597263857,1,1,0
77.0,3,1.0,1.0,Entire home/apt,52.49878,13.30085,0.0,0,4.343805421853684,1,1,0
43.0,2,1.0,1.0,Entire home/apt,52.51064707375176,13.421432916943264,0.0,0,3.7612001156935624,1,1,0
117.0,4,1.0,1.0,Entire home/apt,52.49015321370393,13.412345064462317,0.0,0,4.762173934797756,1,1,1
102.0,2,0.0,1.0,Entire home/apt,52.51691986710022,13.41961763167966,0.0,0,4.624972813284271,1,1,0
56.0,2,1.0,1.0,Entire home/apt,52.5057254,13.380306,0.0,0,4.02535169073515,1,1,1
65.0,2,1.0,1.0,Entire home/apt,52.5057254,13.380306,0.0,0,4.174387269895637,1,1,1
79.0,4,2.0,1.0,Entire home/apt,52.5057254,13.380306,0.0,0,4.3694478524670215,1,1,1
168.0,4,2.0,1.0,Entire home/apt,52.52352887973484,13.391602446827822,0.0,0,5.123963979403259,1,1,1
48.0,2,1.0,1.0,Private room,52.473602865647344,13.338438279229605,0.0,0,3.871201010907891,1,1,0
226.0,11,4.0,2.0,Entire home/apt,52.48618,13.36568,0.0,0,5.420534999272286,1,1,0
155.0,4,3.0,1.5,Entire home/apt,52.49211,13.4915,0.0,0,5.043425116919247,0,0,0
34.0,2,1.0,1.0,Entire home/apt,52.4900388,13.3890427,0.0,0,3.5263605246161616,1,1,0
25.0,1,2.0,0.5,Private room,52.45003,13.31043,0.0,0,3.2188758248682006,1,1,0
88.0,2,1.0,1.0,Entire home/apt,52.52973102372039,13.407782031213369,0.0,0,4.477336814478207,1,1,0
81.0,2,1.0,1.0,Private room,52.50405229090459,13.367151968587535,0.0,0,4.394449154672439,1,1,0
98.0,3,1.0,1.0,Entire home/apt,52.50602,13.46342,0.0,0,4.584967478670572,1,1,0
71.0,2,1.0,1.0,Entire home/apt,52.513031600000005,13.305959304229726,0.0,0,4.2626798770413155,1,1,0
91.0,3,1.0,1.0,Entire home/apt,52.4799055,13.3507375,0.0,0,4.51085950651685,1,1,0
28.0,2,1.0,1.0,Entire home/apt,52.44678726650536,13.6302316782086,0.0,0,3.332204510175204,0,1,0
84.0,3,2.0,1.0,Entire home/apt,52.48886803151235,13.362413555344409,0.0,0,4.430816798843313,1,1,0
73.0,3,1.0,1.0,Private room,52.48889,13.36111,0.0,0,4.290459441148391,1,1,0
73.0,3,1.0,1.0,Private room,52.48873603061661,13.3613561398251,0.0,0,4.290459441148391,1,1,0
93.0,4,2.0,1.0,Entire home/apt,52.431884,13.2584385,0.0,0,4.532599493153256,1,1,0
40.0,4,1.0,1.0,Entire home/apt,52.52551142147036,13.390210528042893,0.0,0,3.6888794541139363,1,1,0
49.0,2,1.0,1.0,Entire home/apt,52.4978674,13.464585,0.0,0,3.8918202981106265,1,1,0
138.0,2,1.0,1.0,Entire home/apt,52.50606,13.41056,0.0,0,4.927253685157205,1,1,0
66.0,2,1.0,1.0,Entire home/apt,52.5339518,13.3476456,0.0,0,4.189654742026425,1,1,0
60.0,1,1.0,1.0,Private room,52.50408718221758,13.414548526627518,0.0,0,4.0943445622221,1,1,0
293.0,9,3.0,1.5,Entire home/apt,52.50257,13.34693,0.0,0,5.680172609017068,1,1,0
25.0,1,1.0,0.5,Private room,52.464748889800944,13.412729114913828,0.0,0,3.2188758248682006,1,1,0
152.0,3,2.0,1.0,Entire home/apt,52.476731,13.4491388,0.0,0,5.0238805208462765,1,1,0
105.0,1,1.0,1.0,Entire home/apt,52.57337807742011,13.35464169669687,0.0,0,4.653960350157523,1,1,0
74.0,4,1.0,1.0,Private room,52.51066,13.46485,0.0,0,4.30406509320417,1,1,0
82.0,2,1.0,1.0,Entire home/apt,52.52920694104794,13.40260568465578,5.0,2,4.406719247264253,1,1,0
70.0,5,1.0,1.0,Entire home/apt,52.5496057,13.3446286,0.0,0,4.248495242049359,1,1,0
138.0,6,2.0,1.0,Entire home/apt,52.5002583,13.4331629,0.0,0,4.927253685157205,1,1,0
203.0,6,3.0,1.0,Entire home/apt,52.564793667886086,13.425882403557614,0.0,0,5.313205979041787,1,1,0
181.0,4,1.0,1.0,Entire home/apt,52.53693,13.40761,0.0,0,5.198497031265826,1,1,0
73.0,2,1.0,1.0,Entire home/apt,52.49151,13.33,0.0,0,4.290459441148391,0,1,0
144.0,2,1.0,1.0,Entire home/apt,52.53560441995656,13.409183056074625,0.0,0,4.969813299576001,0,1,0
45.0,2,1.0,1.0,Private room,52.46467,13.42433,0.0,0,3.8066624897703196,1,1,0
47.0,1,1.0,1.0,Private room,52.528131895560186,13.423968070693178,0.0,0,3.8501476017100584,1,1,0
36.0,3,1.0,1.0,Entire home/apt,52.51838,13.47308,0.0,0,3.58351893845611,1,1,0
221.0,5,2.0,1.5,Entire home/apt,52.58661169884864,13.369521110767996,0.0,0,5.3981627015177525,1,1,0
70.0,2,1.0,1.0,Private room,52.55072836490079,13.385131879586666,0.0,0,4.248495242049359,1,1,0
295.0,6,3.0,2.0,Entire home/apt,52.5235492,13.3847587,0.0,0,5.68697535633982,1,1,0
42.0,2,1.0,1.0,Private room,52.55398258910918,13.52309938867226,0.0,0,3.7376696182833684,1,1,0
280.0,6,2.0,1.0,Entire home/apt,52.52911756790242,13.418185888885498,0.0,0,5.634789603169249,1,1,1
60.0,5,1.0,1.0,Entire home/apt,52.50109375185129,13.474611278517656,0.0,0,4.0943445622221,1,1,0
56.0,2,1.0,1.5,Private room,52.524384307158336,13.397715423416171,0.0,0,4.02535169073515,1,1,0
80.0,3,0.0,1.0,Entire home/apt,52.50399867107649,13.429266106359016,0.0,0,4.382026634673881,1,1,0
135.0,3,1.0,1.0,Entire home/apt,52.50967637868736,13.394589051604273,0.0,0,4.90527477843843,1,1,0
72.0,3,1.0,1.0,Private room,52.52429002400739,13.394661177663586,0.0,0,4.276666119016055,1,1,0
59.0,3,1.0,1.0,Entire home/apt,52.481922476912125,13.349134326983656,0.0,0,4.07753744390572,1,1,0
55.0,2,1.0,1.0,Private room,52.3991813,13.5590964,0.0,0,4.007333185232471,1,1,0
42.0,2,1.0,1.0,Entire home/apt,52.51194191007456,13.30172570412749,0.0,0,3.7376696182833684,1,1,0
65.0,1,1.0,1.0,Private room,52.500947290684586,13.340195327277872,0.0,0,4.174387269895637,1,1,0
1000.0,6,2.0,1.0,Entire home/apt,52.549858727295934,13.368809439472646,0.0,0,6.907755278982137,1,1,0
1000.0,6,1.0,1.0,Entire home/apt,52.54977867378352,13.36735112514986,0.0,0,6.907755278982137,1,1,0
73.0,4,1.0,1.0,Entire home/apt,52.55685,13.47981,0.0,0,4.290459441148391,1,1,0
72.0,4,1.0,1.0,Entire home/apt,52.54797,13.36915,0.0,0,4.276666119016055,1,1,0
1000.0,4,1.0,1.0,Entire home/apt,52.54966198336385,13.369092961386436,0.0,0,6.907755278982137,1,1,0
1000.0,4,2.0,1.0,Entire home/apt,52.55012,13.36883,0.0,0,6.907755278982137,1,1,0
49.0,2,1.0,1.0,Private room,52.470103556800446,13.423912057672114,0.0,0,3.8918202981106265,1,1,0
55.0,2,1.0,1.0,Entire home/apt,52.50485637185862,13.379831329249969,0.0,0,4.007333185232471,1,1,1
108.0,3,1.0,1.0,Entire home/apt,52.48192574390542,13.349128962565628,0.0,0,4.68213122712422,1,1,0
88.0,3,1.0,1.0,Private room,52.48746419395879,13.45249383526782,0.0,0,4.477336814478207,1,1,0
81.0,3,1.0,1.0,Entire home/apt,52.506,13.31416,0.0,0,4.394449154672439,1,1,0
180.0,2,1.0,3.0,Private room,52.56497,13.42801,0.0,0,5.19295685089021,1,1,0
180.0,2,1.0,1.0,Private room,52.56304849029369,13.426118167103336,0.0,0,5.19295685089021,1,1,0
180.0,2,1.0,1.0,Private room,52.56478,13.4275,0.0,0,5.19295685089021,1,1,0
128.0,2,2.0,1.0,Entire home/apt,52.55525643558807,13.388609118147665,0.0,0,4.852030263919617,1,1,0
48.0,2,1.0,1.0,Entire home/apt,52.4944212,13.4385798,0.0,0,3.871201010907891,1,1,0
60.0,2,2.0,1.0,Entire home/apt,52.5106412522175,13.313750950901325,0.0,0,4.0943445622221,1,1,0
45.0,1,1.0,1.0,Entire home/apt,52.52213987788969,13.47868926299004,0.0,0,3.8066624897703196,1,1,0
79.0,3,1.0,1.0,Entire home/apt,52.503223390444255,13.358180026898422,0.0,0,4.3694478524670215,1,1,0
107.0,4,1.0,1.0,Entire home/apt,52.5029661039663,13.3596176236541,0.0,0,4.672828834461906,1,1,0
103.0,3,1.0,1.0,Entire home/apt,52.50143474405844,13.35899934165188,0.0,0,4.634728988229636,1,1,0
59.0,4,2.0,1.0,Entire home/apt,52.49376512890603,13.400947563120145,0.0,0,4.07753744390572,1,1,0
100.0,4,1.0,1.0,Private room,52.3991813,13.5590964,0.0,0,4.605170185988092,1,1,0
71.0,2,0.0,1.0,Entire home/apt,52.45891484604765,13.374635619866943,0.0,0,4.2626798770413155,1,1,0
