price,accommodates,bedrooms,bathrooms,room_type,latitude,longitude,review_scores_rating,number_of_reviews,log_price,wifi,kitchen,air_conditioning
89.0,1,1.0,1.5,Private room,46.20198,6.15672,4.75,82,4.48863636973214,1,1,0
136.0,2,1.0,1.0,Entire home/apt,46.19964,6.1558,4.91,98,4.912654885736052,1,1,0
81.0,3,1.0,1.0,Entire home/apt,46.28031,6.16833,4.64,123,4.394449154672439,1,1,0
55.0,2,1.0,1.0,Private room,46.18904,6.13908,4.86,61,4.007333185232471,1,1,0
100.0,2,1.0,1.5,Private room,46.1995,6.17308,4.94,83,4.605170185988092,1,1,0
93.0,2,1.0,1.0,Entire home/apt,46.20175,6.14852,4.93,200,4.532599493153256,1,1,0
112.0,4,1.0,1.0,Entire home/apt,46.211998,6.150082,4.77,150,4.718498871295094,1,1,0
302.0,4,2.0,1.5,Entire home/apt,46.19788,6.13691,4.33,24,5.71042701737487,1,1,0
177.0,4,2.0,1.5,Entire home/apt,46.20234,6.1621,4.29,73,5.176149732573829,1,1,1
76.0,2,1.0,1.5,Private room,46.20282,6.16197,4.51,76,4.330733340286331,1,1,0
140.0,4,1.0,1.0,Entire home/apt,46.20146,6.13148,4.9,242,4.941642422609304,1,1,1
75.0,1,1.0,1.5,Private room,46.2116,6.12765,4.61,28,4.31748811353631,1,1,0
222.0,2,2.0,1.0,Entire home/apt,46.25937,6.14957,5.0,1,5.402677381872279,1,0,1
171.0,5,2.0,1.0,Entire home/apt,46.20508,6.13086,4.56,306,5.14166355650266,1,1,0
150.0,4,1.0,1.0,Entire home/apt,46.19201,6.15662,4.92,13,5.0106352940962555,1,1,0
140.0,4,1.0,1.0,Entire home/apt,46.19202,6.15335,5.0,5,4.941642422609304,1,1,0
140.0,4,2.0,1.0,Entire home/apt,46.23633,6.21691,4.92,13,4.941642422609304,1,1,0
160.0,2,1.0,1.0,Entire home/apt,46.18905,6.13824,4.88,44,5.075173815233827,1,1,0
120.0,2,1.0,1.0,Entire home/apt,46.21209,6.13035,4.89,76,4.787491742782046,1,1,0
84.0,2,1.0,1.5,Private room,46.20411,6.12994,4.91,273,4.430816798843313,1,1,0
69.0,2,1.0,1.0,Private room,46.21005,6.14517,4.85,725,4.23410650459726,1,0,0
79.0,2,1.0,1.0,Private room,46.20884,6.14587,4.82,685,4.3694478524670215,1,0,0
130.0,3,1.0,1.0,Entire home/apt,46.21998,6.13856,4.57,53,4.867534450455582,1,1,0
92.0,2,1.0,1.0,Private room,46.19881,6.13772,4.44,18,4.5217885770490405,1,1,0
279.0,5,3.0,2.0,Entire home/apt,46.20698,6.16053,5.0,19,5.631211781821365,1,1,0
99.0,3,1.0,1.0,Private room,46.22591,6.13007,4.7,246,4.59511985013459,1,1,1
90.0,2,1.0,1.0,Entire home/apt,46.18928,6.14318,4.67,6,4.499809670330265,1,1,0
55.0,3,1.0,2.0,Private room,46.20451,6.19309,5.0,4,4.007333185232471,1,1,1
238.0,6,3.0,2.5,Entire home/apt,46.21275,6.15116,5.0,1,5.472270673671475,1,1,0
345.0,4,2.0,2.5,Entire home/apt,46.1991,6.17898,4.94,34,5.84354441703136,1,1,0
61.0,1,1.0,1.0,Entire home/apt,46.20426,6.16193,4.57,50,4.110873864173311,1,1,1
198.0,3,2.0,1.0,Entire home/apt,46.20016,6.15691,4.83,47,5.288267030694535,1,1,1
338.0,4,2.0,1.0,Entire home/apt,46.20409,6.14667,4.8,340,5.823045895483019,1,1,1
394.0,6,3.0,2.0,Entire home/apt,46.20375,6.14667,4.85,478,5.976350909297934,1,1,1
368.0,4,2.0,1.0,Entire home/apt,46.20266,6.14637,4.82,347,5.908082938168931,1,1,1
222.0,2,1.0,1.0,Entire home/apt,46.20429,6.14489,4.84,110,5.402677381872279,1,1,1
120.0,1,1.0,1.0,Private room,46.20279,6.13424,4.74,87,4.787491742782046,1,1,0
115.0,2,1.0,1.0,Entire home/apt,46.18939,6.14365,4.4,5,4.74493212836325,1,1,0
68.0,2,1.0,2.0,Private room,46.22086,6.14058,4.85,137,4.219507705176107,1,1,0
74.0,1,1.0,1.0,Entire home/apt,46.21109,6.1462,4.72,180,4.30406509320417,1,1,0
92.0,2,0.0,1.0,Entire home/apt,46.21461,6.14808,4.73,282,4.5217885770490405,1,1,0
112.0,1,0.0,1.0,Entire home/apt,46.19987,6.15656,4.68,23,4.718498871295094,1,1,0
140.0,4,2.0,2.0,Private room,46.19715,6.17072,4.75,119,4.941642422609304,1,1,0
110.0,2,1.0,1.0,Entire home/apt,46.21321,6.1351,4.84,136,4.700480365792417,1,1,0
69.0,1,1.0,1.0,Private room,46.18977,6.13583,4.6,40,4.23410650459726,1,1,0
78.0,2,1.0,1.0,Entire home/apt,46.19284,6.14486,4.75,4,4.356708826689592,1,1,0
141.0,2,2.0,1.5,Entire home/apt,46.24577,6.14319,4.86,14,4.948759890378168,1,1,0
1376.0,11,5.0,3.5,Entire home/apt,46.17677,6.17199,4.88,52,7.226936018493289,1,1,1
114.0,2,0.0,1.0,Entire home/apt,46.20232,6.14875,4.88,17,4.736198448394496,1,1,0
150.0,2,1.0,1.5,Entire home/apt,46.20483,6.16063,4.94,69,5.0106352940962555,1,1,0
60.0,1,1.0,0.0,Private room,46.16335,6.11348,4.77,31,4.0943445622221,1,1,0
100.0,3,1.0,1.0,Entire home/apt,46.19357,6.14182,4.79,70,4.605170185988092,1,1,0
101.0,2,1.0,1.0,Entire home/apt,46.16419,6.11254,4.66,50,4.61512051684126,1,1,0
130.0,2,1.0,1.0,Entire home/apt,46.19854,6.13942,4.8,60,4.867534450455582,1,1,0
91.0,2,1.0,1.5,Private room,46.21334,6.12568,4.73,70,4.51085950651685,1,1,0
63.0,1,1.0,1.0,Private room,46.21273,6.14591,5.0,6,4.143134726391533,1,1,0
47.0,1,1.0,1.0,Private room,46.16557,6.11387,4.86,50,3.8501476017100584,1,1,0
119.0,2,1.0,1.0,Entire home/apt,46.19288,6.18267,4.67,42,4.77912349311153,1,1,1
41.0,1,1.0,1.0,Private room,46.21107,6.13763,4.72,64,3.713572066704308,1,1,0
96.0,2,1.0,1.0,Entire home/apt,46.21046,6.1089,4.23,13,4.564348191467836,0,0,0
126.0,2,1.0,1.0,Entire home/apt,46.20961,6.14568,4.62,190,4.836281906951478,1,1,1
115.0,1,1.0,1.0,Entire home/apt,46.21204,6.13113,4.72,36,4.74493212836325,1,1,0
72.0,2,1.0,1.0,Private room,46.20967,6.14519,4.9,29,4.276666119016055,0,1,0
100.0,2,1.0,1.0,Private room,46.20283,6.16262,5.0,11,4.605170185988092,1,1,0
455.0,6,2.0,1.5,Entire home/apt,46.19562,6.16128,4.73,52,6.12029741895095,1,1,1
150.0,1,1.0,1.0,Private room,46.25677,6.15335,4.25,4,5.0106352940962555,1,1,0
102.0,2,0.0,1.0,Entire home/apt,46.17339,6.11178,4.98,42,4.624972813284271,1,1,0
150.0,4,2.0,1.0,Entire home/apt,46.207040031294845,6.143300044271106,5.0,1,5.0106352940962555,0,1,0
118.0,2,1.0,1.0,Entire home/apt,46.18373,6.1419,4.97,101,4.770684624465665,1,1,0
99.0,2,1.0,1.0,Entire home/apt,46.19071,6.14316,4.43,14,4.59511985013459,1,1,0
106.0,2,1.0,1.0,Entire home/apt,46.19471,6.1474,4.8,49,4.663439094112067,1,1,0
134.0,2,1.0,1.0,Entire home/apt,46.19665261456508,6.160740661388401,4.86,81,4.897839799950911,1,1,0
251.0,4,1.0,2.0,Entire home/apt,46.21058,6.14202,4.9,276,5.5254529391317835,1,1,0
65.0,2,0.0,1.0,Entire home/apt,46.17193,6.14334,4.73,22,4.174387269895637,1,1,0
56.0,1,1.0,2.0,Shared room,46.22009,6.14187,4.83,149,4.02535169073515,1,1,0
182.0,4,1.0,1.0,Entire home/apt,46.20474,6.15923,4.8,99,5.204006687076795,1,1,1
75.0,1,1.0,2.0,Private room,46.2177,6.08851,4.57,21,4.31748811353631,1,0,0
312.0,4,2.0,1.5,Entire home/apt,46.20281,6.14509,4.74,94,5.7430031878094825,1,1,1
150.0,2,1.0,1.0,Entire home/apt,46.20677,6.13482,4.94,47,5.0106352940962555,1,1,0
53.0,1,1.0,2.0,Private room,46.22018,6.1414,4.83,124,3.970291913552122,1,1,0
80.0,2,1.0,1.0,Entire home/apt,46.19993,6.16844,4.33,27,4.382026634673881,1,1,0
99.0,2,1.0,1.0,Entire home/apt,46.19471,6.1474,4.63,83,4.59511985013459,1,1,0
61.0,1,1.0,0.0,Entire home/apt,46.19439,6.14425,0.0,0,4.110873864173311,0,1,0
64.0,2,1.0,1.0,Private room,46.18947,6.139,4.88,58,4.1588830833596715,1,1,0
464.0,8,4.0,4.0,Entire home/apt,46.1986,6.17833,5.0,3,6.139884552226255,1,1,0
484.0,2,1.0,0.0,Entire home/apt,46.20988,6.14834,4.94,63,6.182084906716632,1,1,1
102.0,1,1.0,1.0,Private room,46.22082,6.20303,4.91,45,4.624972813284271,1,1,0
800.0,6,3.0,3.5,Entire home/apt,46.20357,6.13495,5.0,2,6.684611727667927,1,1,1
94.0,2,1.0,1.0,Entire home/apt,46.18968,6.15711,4.84,362,4.543294782270004,1,1,0
100.0,2,1.0,1.0,Entire home/apt,46.21878,6.14898,5.0,6,4.605170185988092,1,1,0
90.0,1,1.0,1.0,Private room,46.20164,6.18311,0.0,0,4.499809670330265,1,1,1
61.0,1,1.0,1.5,Private room,46.20986,6.14907,4.93,175,4.110873864173311,1,1,0
805.0,4,1.0,1.0,Entire home/apt,46.21035,6.15004,4.67,3,6.690842277418564,1,1,1
251.0,5,1.0,2.0,Entire home/apt,46.2212,6.1407,0.0,0,5.5254529391317835,1,1,0
273.0,4,1.0,1.0,Entire home/apt,46.2004,6.14866,4.92,154,5.60947179518496,1,1,0
121.0,2,1.0,1.0,Entire home/apt,46.17765,6.08651,4.92,52,4.795790545596741,1,1,0
96.0,2,1.0,1.5,Entire home/apt,46.2085118,6.1385726,4.63,30,4.564348191467836,1,1,0
162.0,2,2.0,1.0,Entire home/apt,46.20539,6.12515,0.0,0,5.087596335232384,1,1,0
70.0,1,1.0,0.5,Private room,46.20178,6.13789,4.63,82,4.248495242049359,1,1,0
95.0,1,1.0,1.0,Private room,46.20626,6.16267,4.58,12,4.553876891600541,1,1,1
56.0,4,1.0,1.0,Private room,46.17956,6.0943,5.0,1,4.02535169073515,1,0,0
69.0,2,1.0,1.0,Private room,46.20103839999999,6.208647099999999,4.83,46,4.23410650459726,1,1,0
135.0,1,1.0,2.5,Private room,46.2157,6.14596,4.88,25,4.90527477843843,1,1,0
90.0,2,1.0,1.5,Entire home/apt,46.20104,6.15011,4.74,117,4.499809670330265,1,1,0
141.0,3,1.0,1.0,Entire home/apt,46.205,6.16295,4.67,3,4.948759890378168,1,1,1
111.0,4,0.0,1.0,Entire home/apt,46.20259,6.14457,4.9,144,4.709530201312334,1,1,0
61.0,1,1.0,1.0,Private room,46.23652,6.08247,4.82,28,4.110873864173311,1,1,0
60.0,4,1.0,1.0,Private room,46.21046555887467,6.140715022877897,4.62,254,4.0943445622221,1,1,0
107.0,4,0.0,1.0,Entire home/apt,46.20259,6.14457,4.8,239,4.672828834461906,1,1,0
69.0,2,1.0,1.0,Entire home/apt,46.20869,6.1111,4.82,56,4.23410650459726,1,1,0
141.0,3,1.0,1.0,Entire home/apt,46.21021,6.14757,4.73,425,4.948759890378168,1,1,0
190.0,5,2.0,1.0,Entire home/apt,46.25373,6.21792,4.81,43,5.247024072160486,1,0,0
96.0,3,1.0,1.0,Entire home/apt,46.19071,6.14332,4.29,7,4.564348191467836,1,1,0
115.0,3,3.0,1.0,Entire home/apt,46.18935,6.1444,5.0,1,4.74493212836325,1,1,0
75.0,2,1.0,1.0,Private room,46.21155,6.13092,4.78,162,4.31748811353631,1,0,0
65.0,1,1.0,1.0,Private room,46.21137,6.13409,4.37,263,4.174387269895637,1,0,0
112.0,2,1.0,1.0,Entire home/apt,46.20596,6.18554,5.0,1,4.718498871295094,1,1,0
60.0,2,1.0,1.0,Private room,46.18913,6.13753,4.61,69,4.0943445622221,1,1,0
138.0,3,1.0,1.0,Entire home/apt,46.20285,6.15188,4.84,110,4.927253685157205,1,1,0
252.0,6,3.0,2.0,Entire home/apt,46.25202,6.14698,4.75,8,5.529429087511423,1,1,0
150.0,2,1.0,1.0,Entire home/apt,46.1962,6.14538,4.87,79,5.0106352940962555,1,1,0
322.0,4,3.0,2.0,Entire home/apt,46.26083,6.1508,0.0,0,5.7745515455444085,1,1,0
50.0,1,1.0,1.5,Private room,46.18860045517046,6.136716149723223,4.75,4,3.912023005428146,1,1,0
120.0,2,1.0,1.0,Entire home/apt,46.2011,6.15622,4.0,1,4.787491742782046,1,1,0
440.0,7,4.0,3.0,Entire home/apt,46.208274841308594,6.146061897277832,4.79,285,6.0867747269123065,1,1,0
645.0,4,1.0,1.0,Entire home/apt,46.20965,6.14942,4.99,82,6.4692503167957724,1,1,1
65.0,2,2.0,1.0,Entire home/apt,46.22917,6.07946,4.71,49,4.174387269895637,1,1,0
440.0,7,4.0,3.0,Entire home/apt,46.20862,6.14719,4.68,212,6.0867747269123065,1,1,0
476.0,8,3.0,3.0,Entire home/apt,46.21947,6.1214,5.0,2,6.16541785423142,1,1,1
133.0,2,1.0,1.0,Entire home/apt,46.20459,6.15648,4.0,1,4.890349128221754,1,1,1
162.0,4,1.0,1.0,Entire home/apt,46.20546,6.16119,4.85,59,5.087596335232384,1,1,1
112.0,4,0.0,1.0,Entire home/apt,46.20259,6.14457,4.69,155,4.718498871295094,1,1,0
72.0,1,1.0,1.0,Private room,46.21039,6.14597,4.91,23,4.276666119016055,1,1,0
320.0,6,3.0,3.5,Entire home/apt,46.20537,6.17473,4.27,11,5.768320995793772,1,1,0
48.0,1,1.0,1.5,Private room,46.20823,6.20185,5.0,6,3.871201010907891,1,1,0
127.0,6,2.0,1.0,Private room,46.20695,6.07419,4.58,19,4.844187086458591,1,1,0
123.0,2,0.0,1.5,Entire home/apt,46.20259,6.14457,4.88,77,4.812184355372417,1,1,0
73.0,1,1.0,1.0,Private room,46.21003,6.13545,4.73,11,4.290459441148391,1,1,0
59.0,2,1.0,1.0,Private room,46.21093746860373,6.141936878886584,4.75,430,4.07753744390572,1,1,0
85.0,2,1.0,1.0,Private room,46.1986,6.14303,4.9,41,4.442651256490317,1,1,0
87.0,2,1.0,1.5,Private room,46.21384,6.12436,4.75,44,4.465908118654584,1,1,0
138.0,2,1.0,1.0,Entire home/apt,46.21053,6.13351,4.7,87,4.927253685157205,1,1,0
95.0,1,1.0,1.0,Private room,46.21489,6.14776,5.0,3,4.553876891600541,1,1,0
139.0,4,1.0,1.0,Entire home/apt,46.20919,6.12581,4.71,116,4.9344739331306915,1,1,0
68.0,1,1.0,1.0,Private room,46.17265,6.18199,0.0,0,4.219507705176107,1,1,1
167.0,3,1.0,1.0,Entire home/apt,46.20215,6.14731,4.8,257,5.117993812416755,1,1,1
46.0,1,1.0,1.0,Private room,46.25317,6.14569,4.64,11,3.828641396489095,1,1,0
125.0,2,1.0,1.0,Entire home/apt,46.18923,6.1538,4.55,11,4.8283137373023015,1,1,0
229.0,1,1.0,1.0,Entire home/apt,46.20246,6.16172,4.13,8,5.43372200355424,1,1,1
137.0,2,1.0,1.0,Entire home/apt,46.20426,6.15806,4.81,16,4.919980925828125,1,1,1
74.0,1,1.0,1.0,Private room,46.20949,6.12809,4.89,9,4.30406509320417,1,0,0
89.0,2,0.0,1.0,Entire home/apt,46.2034512,6.1569959,4.65,23,4.48863636973214,1,1,0
113.0,2,1.0,1.5,Entire home/apt,46.24573,6.14329,5.0,2,4.727387818712341,1,1,0
110.0,2,1.0,1.0,Entire home/apt,46.21574,6.12594,4.96,167,4.700480365792417,1,1,0
180.0,5,2.0,1.0,Entire home/apt,46.20741,6.14465,4.6,43,5.19295685089021,1,1,0
86.0,2,1.0,1.0,Entire home/apt,46.2059,6.12044,5.0,4,4.454347296253507,1,1,0
75.0,2,0.0,1.0,Entire home/apt,46.20083,6.14004,4.66,95,4.31748811353631,1,1,0
65.0,1,1.0,1.0,Private room,46.19206,6.10545,4.93,29,4.174387269895637,1,0,0
144.0,4,2.0,1.0,Entire home/apt,46.20486,6.15867,0.0,0,4.969813299576001,1,1,0
184.0,2,1.0,1.0,Private room,46.21065,6.14419,4.85,113,5.214935757608986,1,0,1
331.0,4,2.0,2.0,Entire home/apt,46.25495,6.15405,4.8,10,5.802118375377063,1,1,0
233.0,4,1.0,1.0,Entire home/apt,46.19774,6.13663,4.11,19,5.4510384535657,1,1,0
83.0,2,1.0,1.0,Entire home/apt,46.2086,6.14574,4.86,35,4.418840607796598,0,1,0
92.0,4,1.0,1.5,Entire home/apt,46.16941,6.13544,5.0,94,4.5217885770490405,1,0,0
59.0,2,0.0,1.0,Entire home/apt,46.21437,6.13078,4.76,93,4.07753744390572,1,1,0
120.0,2,1.0,1.0,Entire home/apt,46.20232,6.15942,4.61,67,4.787491742782046,1,1,0
111.0,2,1.0,1.0,Entire home/apt,46.20272,6.15772,4.88,161,4.709530201312334,1,1,0
104.0,2,1.0,1.0,Entire home/apt,46.20243,6.15906,4.74,172,4.6443908991413725,1,1,0
113.0,2,1.0,1.0,Entire home/apt,46.1956,6.19409,4.94,17,4.727387818712341,1,1,0
85.0,2,1.0,1.5,Entire home/apt,46.28179,6.15947,4.95,66,4.442651256490317,1,1,0
70.0,2,0.0,1.0,Entire home/apt,46.19595,6.14024,4.63,78,4.248495242049359,1,1,0
530.0,7,3.0,2.5,Entire home/apt,46.21539,6.18199,4.11,47,6.272877006546167,1,1,0
81.0,2,1.0,1.5,Entire home/apt,46.20263,6.16051,4.61,62,4.394449154672439,1,1,1
59.0,2,1.0,1.0,Private room,46.20906,6.12396,4.78,123,4.07753744390572,1,0,0
60.0,2,1.0,1.0,Private room,46.18721389770508,6.113607883453369,4.8,82,4.0943445622221,1,1,0
180.0,4,3.0,2.0,Entire home/apt,46.21512,6.1477,4.78,73,5.19295685089021,1,1,0
77.0,2,0.0,1.0,Entire home/apt,46.19448722726549,6.144247344970864,4.41,17,4.343805421853684,0,1,0
140.0,2,1.0,1.0,Entire home/apt,46.192996978759766,6.152504920959473,4.58,300,4.941642422609304,1,1,0
111.0,4,1.0,1.5,Entire home/apt,46.20191,6.18332,4.93,40,4.709530201312334,1,1,0
285.0,3,1.0,1.5,Entire home/apt,46.17844,6.13699,5.0,1,5.652489180268651,1,1,0
63.0,2,1.0,1.5,Private room,46.18661,6.11388,4.86,173,4.143134726391533,1,1,0
110.0,2,1.0,1.0,Entire home/apt,46.18929,6.14252,4.33,3,4.700480365792417,1,1,0
87.0,2,1.0,1.0,Entire home/apt,46.19141,6.14432,5.0,3,4.465908118654584,1,1,0
50.0,3,1.0,1.0,Entire home/apt,46.18883,6.15518,4.78,45,3.912023005428146,1,1,0
91.0,2,1.0,1.0,Entire home/apt,46.198752945058914,6.135116994238913,4.46,13,4.51085950651685,1,1,0
90.0,2,1.0,2.0,Private room,46.2270706,6.0731048,5.0,3,4.499809670330265,0,0,0
132.0,2,1.0,1.0,Entire home/apt,46.21212,6.1494,4.73,51,4.882801922586371,1,1,0
85.0,1,1.0,1.0,Private room,46.28487,6.16292,4.73,15,4.442651256490317,1,1,0
95.0,2,1.0,1.0,Private room,46.28461,6.16426,4.72,18,4.553876891600541,1,0,0
101.0,5,1.0,1.0,Entire home/apt,46.22182,6.14917,4.92,116,4.61512051684126,1,1,0
809.0,6,3.0,3.5,Entire home/apt,46.20676,6.17932,4.8,10,6.695798917058491,1,1,1
90.0,2,0.0,1.0,Entire home/apt,46.18946,6.13844,4.63,137,4.499809670330265,1,1,0
90.0,2,0.0,1.0,Entire home/apt,46.1996,6.16137,4.49,140,4.499809670330265,1,1,0
89.0,1,1.0,1.5,Private room,46.20714,6.127,5.0,17,4.48863636973214,1,1,1
102.0,3,1.0,1.0,Entire home/apt,46.23639,6.14068,4.91,64,4.624972813284271,1,1,0
130.0,2,1.0,1.0,Entire home/apt,46.20597,6.13063,0.0,0,4.867534450455582,1,1,0
190.0,2,1.0,1.0,Entire home/apt,46.198543548583984,6.162888050079346,5.0,1,5.247024072160486,1,1,0
200.0,2,1.0,1.0,Private room,46.23169,6.11996,4.85,171,5.298317366548036,1,1,0
77.0,1,1.0,1.0,Private room,46.20994,6.13938,4.8,361,4.343805421853684,1,1,0
111.0,2,1.0,1.0,Entire home/apt,46.20312,6.11708,4.97,86,4.709530201312334,1,1,0
196.0,4,1.0,1.0,Entire home/apt,46.20119,6.14965,4.93,97,5.278114659230517,1,1,0
133.0,2,1.0,1.5,Entire home/apt,46.20935,6.14424,4.52,77,4.890349128221754,1,1,0
120.0,2,1.0,1.5,Private room,46.19303,6.16177,4.86,7,4.787491742782046,1,1,0
82.0,2,1.0,1.0,Entire home/apt,46.18606,6.14211,4.75,348,4.406719247264253,1,1,0
268.0,4,2.0,2.0,Entire home/apt,46.21882,6.12361,5.0,9,5.5909869805108565,1,1,1
90.0,1,1.0,1.5,Private room,46.21799,6.13935,4.93,137,4.499809670330265,1,1,0
200.0,4,2.0,1.5,Entire home/apt,46.19278,6.16005,4.8,5,5.298317366548036,1,1,0
100.0,2,1.0,1.0,Entire home/apt,46.20324,6.1855,4.33,6,4.605170185988092,1,1,0
53.0,1,1.0,1.0,Private room,46.18677,6.11297,4.78,126,3.970291913552122,1,1,0
121.0,2,2.0,1.0,Entire home/apt,46.21174,6.13095,5.0,6,4.795790545596741,1,1,0
176.0,4,2.0,1.5,Entire home/apt,46.1939,6.14672,4.94,33,5.170483995038151,1,1,1
100.0,3,1.0,1.0,Private room,46.20314,6.14471,4.64,407,4.605170185988092,0,0,0
69.0,2,1.0,1.0,Entire home/apt,46.20965,6.12452,4.76,164,4.23410650459726,1,0,0
91.0,4,2.0,1.0,Private room,46.21209,6.08033,4.94,120,4.51085950651685,1,1,0
72.0,2,1.0,1.0,Private room,46.21349334716797,6.148183822631836,4.67,94,4.276666119016055,1,1,0
135.0,2,1.0,1.0,Private room,46.22986,6.12148,4.82,191,4.90527477843843,1,1,0
83.0,2,1.0,1.0,Entire home/apt,46.20592,6.15985,4.82,17,4.418840607796598,1,1,0
69.0,2,1.0,1.0,Private room,46.16442,6.18224,5.0,50,4.23410650459726,1,1,0
197.0,2,1.0,1.0,Entire home/apt,46.265852,6.153059,4.67,3,5.2832037287379885,0,1,0
114.0,2,1.0,1.0,Entire home/apt,46.21575,6.14742,4.94,18,4.736198448394496,1,1,0
119.0,2,1.0,1.0,Entire home/apt,46.20121,6.14472,4.71,226,4.77912349311153,1,1,0
66.0,2,1.0,1.0,Entire home/apt,46.21085069999999,6.1410858,4.67,172,4.189654742026425,1,1,0
145.0,2,1.0,1.0,Entire home/apt,46.206,6.14444,4.94,90,4.976733742420574,1,1,0
33.0,1,1.0,1.5,Private room,46.23428,6.07754,5.0,1,3.4965075614664802,0,1,0
130.0,2,0.0,1.0,Entire home/apt,46.21186,6.14482,4.46,13,4.867534450455582,1,1,0
111.0,3,1.0,1.0,Entire home/apt,46.21255,6.12758,4.78,89,4.709530201312334,1,1,0
266.0,4,0.0,1.0,Private room,46.20044,6.1616,4.41,22,5.583496308781699,1,0,1
277.0,4,0.0,1.0,Entire home/apt,46.20044,6.1616,4.0,13,5.6240175061873385,1,1,1
54.0,2,1.0,1.0,Private room,46.19,6.13696,4.88,43,3.9889840465642745,0,1,0
85.0,1,1.0,1.0,Private room,46.21462,6.13507,4.96,161,4.442651256490317,1,1,0
157.0,5,3.0,1.5,Entire home/apt,46.2268,6.11678,5.0,4,5.056245805348308,1,1,0
120.0,4,1.0,1.0,Entire home/apt,46.18558,6.11917,4.91,43,4.787491742782046,1,1,0
74.0,2,1.0,1.0,Private room,46.21343,6.14658,4.93,555,4.30406509320417,1,1,0
56.0,2,1.0,1.0,Entire home/apt,46.14243,6.045,4.87,83,4.02535169073515,1,1,0
125.0,1,2.0,1.5,Private room,46.25008,6.14772,0.0,0,4.8283137373023015,1,1,1
231.0,7,3.0,2.5,Entire home/apt,46.19002,6.16833,4.54,26,5.442417710521793,1,1,0
380.0,5,3.0,2.5,Entire home/apt,46.19907,6.17235,4.9,41,5.940171252720432,1,1,0
153.0,2,0.0,1.0,Entire home/apt,46.20001,6.16193,4.28,39,5.030437921392435,1,0,1
220.0,4,2.0,2.0,Entire home/apt,46.20631,6.15899,5.0,11,5.393627546352362,1,1,0
195.0,1,1.0,1.0,Entire home/apt,46.22518,6.13314,4.91,104,5.272999558563747,1,1,0
115.0,2,1.0,1.0,Entire home/apt,46.19877,6.15612,4.91,151,4.74493212836325,1,1,0
110.0,4,1.0,1.0,Entire home/apt,46.28275,6.15876,4.65,31,4.700480365792417,1,1,0
50.0,1,1.0,1.0,Private room,46.19563,6.16536,0.0,0,3.912023005428146,0,0,0
188.0,2,1.0,1.0,Private room,46.21438,6.15147,0.0,0,5.236441962829949,1,1,0
68.0,3,1.0,1.0,Entire home/apt,46.17395,6.12329,4.57,118,4.219507705176107,1,1,0
250.0,1,1.0,1.0,Entire home/apt,46.20414,6.16135,0.0,0,5.521460917862246,1,1,0
78.0,1,1.0,1.0,Private room,46.20377,6.1141,4.91,11,4.356708826689592,1,0,0
102.0,3,6.0,1.0,Entire home/apt,46.19191,6.15558,4.54,79,4.624972813284271,1,1,0
130.0,2,1.0,1.0,Entire home/apt,46.22386,6.13326,4.45,11,4.867534450455582,1,1,0
87.0,1,1.0,1.0,Private room,46.21519,6.13401,4.59,222,4.465908118654584,1,1,0
116.0,2,1.0,1.0,Entire home/apt,46.20128,6.14628,4.78,41,4.7535901911063645,1,1,0
283.0,4,1.0,1.0,Entire home/apt,46.21125,6.12191,4.86,14,5.645446897643238,1,1,0
94.0,4,1.0,1.0,Entire home/apt,46.18367,6.11211,4.55,112,4.543294782270004,1,1,1
86.0,2,1.0,1.5,Private room,46.22654,6.11822,4.67,3,4.454347296253507,1,1,0
67.0,1,1.0,1.0,Private room,46.212188720703125,6.13279390335083,4.56,170,4.204692619390966,1,0,0
76.0,1,1.0,1.0,Entire home/apt,46.21078132311629,6.144089644418104,5.0,2,4.330733340286331,0,1,0
177.0,2,1.0,1.0,Entire home/apt,46.286736,6.1621659,0.0,0,5.176149732573829,1,1,0
2215.0,8,4.0,4.0,Entire home/apt,46.26296,6.21025,0.0,0,7.703007682479236,1,1,1
239.0,5,2.0,2.0,Entire home/apt,46.22289,6.13455,4.62,69,5.476463551931511,1,1,0
167.0,2,1.0,1.0,Entire home/apt,46.20567,6.15718,4.71,201,5.117993812416755,1,1,1
159.0,2,1.0,1.0,Entire home/apt,46.20179,6.14635,4.92,329,5.0689042022202315,1,1,0
152.0,2,1.0,1.0,Entire home/apt,46.20535,6.12352,4.67,6,5.0238805208462765,1,1,0
121.0,3,1.0,1.0,Entire home/apt,46.20452,6.12331,4.93,30,4.795790545596741,1,1,0
119.0,2,1.0,1.0,Entire home/apt,46.20438,6.13245,4.86,83,4.77912349311153,1,1,0
38.0,1,1.0,1.0,Private room,46.29122,6.16228,0.0,0,3.6375861597263857,0,0,0
72.0,2,1.0,1.0,Entire home/apt,46.18616,6.19187,4.81,27,4.276666119016055,1,1,0
111.0,3,1.0,1.0,Entire home/apt,46.1878,6.14225,4.94,17,4.709530201312334,1,1,0
173.0,4,1.0,1.0,Entire home/apt,46.19853,6.16296,4.84,50,5.153291594497779,1,1,0
609.0,6,4.0,3.0,Entire home/apt,46.19122,6.15402,4.91,33,6.411818267709897,1,1,0
497.0,3,1.0,1.5,Entire home/apt,46.19888,6.16287,5.0,8,6.208590026096629,1,1,0
55.0,1,0.0,1.0,Private room,46.2166,6.09229,4.64,294,4.007333185232471,1,1,0
437.0,9,5.0,3.0,Entire home/apt,46.19930267333984,6.200679779052734,4.93,68,6.07993319509559,1,1,1
108.0,2,1.0,1.0,Entire home/apt,46.20756,6.13264,4.88,40,4.68213122712422,1,1,0
127.0,2,1.0,2.5,Entire home/apt,46.20636,6.13698,5.0,9,4.844187086458591,1,1,1
85.0,4,1.0,1.5,Entire home/apt,46.19238,6.14607,4.86,206,4.442651256490317,1,1,0
145.0,5,2.0,1.0,Entire home/apt,46.20157,6.16184,4.84,114,4.976733742420574,1,1,0
151.0,2,1.0,1.5,Entire home/apt,46.2024,6.15958,4.82,176,5.017279836814924,1,1,0
76.0,4,1.0,0.5,Entire home/apt,46.22849,6.0718,4.83,582,4.330733340286331,0,0,0
99.0,3,1.0,1.0,Entire home/apt,46.18897,6.14462,4.11,9,4.59511985013459,1,1,0
49.0,1,1.0,1.0,Private room,46.2103,6.13565,4.89,18,3.8918202981106265,1,1,0
144.0,4,1.0,1.0,Entire home/apt,46.20259,6.14457,4.91,128,4.969813299576001,1,1,0
132.0,2,1.0,1.0,Entire home/apt,46.19555,6.16004,4.45,29,4.882801922586371,1,1,0
134.0,4,2.0,1.5,Entire home/apt,46.29421,6.16398,4.48,44,4.897839799950911,1,1,0
124.0,2,1.0,1.0,Entire home/apt,46.20204,6.12909,4.48,27,4.820281565605037,1,1,0
500.0,6,2.0,1.0,Entire home/apt,46.20058,6.16132,4.33,15,6.214608098422191,0,1,0
71.0,2,1.0,1.0,Entire home/apt,46.17514,6.12089,4.73,26,4.2626798770413155,1,1,0
45.0,1,1.0,1.0,Private room,46.1502,6.12366,4.86,128,3.8066624897703196,1,0,0
220.0,6,4.0,2.5,Entire home/apt,46.19563,6.16736,4.67,39,5.393627546352362,1,1,0
106.0,2,1.0,1.0,Private room,46.20006,6.16312,4.75,12,4.663439094112067,1,1,0
62.0,1,1.0,1.0,Private room,46.21023,6.13953,4.74,31,4.127134385045092,1,1,0
135.0,5,2.0,2.0,Entire home/apt,46.20602,6.11406,0.0,0,4.90527477843843,1,1,0
100.0,2,1.0,1.0,Entire home/apt,46.18062,6.14299,4.75,4,4.605170185988092,1,1,1
162.0,2,1.0,1.5,Entire home/apt,46.2025,6.14444,4.74,39,5.087596335232384,1,1,0
125.0,2,1.0,1.0,Entire home/apt,46.1984,6.14851,4.0,4,4.8283137373023015,1,1,0
72.0,2,1.0,1.0,Private room,46.19497,6.1496,4.89,9,4.276666119016055,1,1,0
211.0,6,3.0,1.5,Entire home/apt,46.18613,6.13209,4.65,124,5.351858133476067,1,1,0
123.0,1,0.0,1.0,Entire home/apt,46.20044,6.1616,4.56,27,4.812184355372417,1,0,1
153.0,2,1.0,1.0,Private room,46.20044,6.1616,4.25,20,5.030437921392435,1,0,1
286.0,2,0.0,0.0,Entire home/apt,46.20815,6.14608,4.89,38,5.655991810819852,1,1,0
176.0,2,0.0,1.0,Entire home/apt,46.20263,6.14822,4.95,41,5.170483995038151,1,1,0
138.0,4,1.0,1.5,Entire home/apt,46.205,6.15869,4.88,33,4.927253685157205,1,1,0
180.0,1,1.0,1.0,Entire home/apt,46.2416,6.146,5.0,5,5.19295685089021,1,1,0
117.0,3,1.0,1.0,Entire home/apt,46.19056,6.13459,4.84,38,4.762173934797756,1,1,0
42.0,1,2.0,1.0,Private room,46.22099,6.11285,4.95,61,3.7376696182833684,1,1,0
44.0,1,1.0,1.0,Private room,46.25205,6.14586,4.5,6,3.784189633918261,1,1,0
109.0,4,1.0,1.0,Entire home/apt,46.21044,6.12603,4.25,4,4.6913478822291435,1,1,0
140.0,2,1.0,1.0,Entire home/apt,46.21,6.14725,4.36,14,4.941642422609304,1,1,0
166.0,2,1.0,1.0,Entire home/apt,46.21433,6.14742,4.66,219,5.111987788356544,1,1,0
369.0,6,3.0,2.5,Entire home/apt,46.2027,6.14662,4.94,346,5.910796644040527,1,1,1
115.0,4,2.0,1.0,Entire home/apt,46.2114,6.14476,0.0,0,4.74493212836325,0,1,0
70.0,2,2.0,1.5,Private room,46.2109,6.14797,4.71,197,4.248495242049359,1,1,0
80.0,1,1.0,2.0,Private room,46.2158,6.12622,3.5,4,4.382026634673881,1,1,0
150.0,1,1.0,1.0,Private room,46.20039,6.17554,4.88,41,5.0106352940962555,1,1,0
101.0,1,1.0,2.0,Private room,46.21707,6.12602,4.89,9,4.61512051684126,1,1,0
417.0,4,2.0,1.5,Entire home/apt,46.20985,6.15087,4.6,25,6.0330862217988015,1,1,0
203.0,5,2.0,2.0,Entire home/apt,46.22522,6.12886,4.31,29,5.313205979041787,1,1,0
67.0,1,1.0,1.5,Private room,46.212440490722656,6.133524894714356,4.37,125,4.204692619390966,1,0,0
390.0,6,2.0,1.0,Private room,46.23532721638205,6.125270724296579,4.87,39,5.966146739123692,1,1,0
80.0,2,1.0,1.0,Private room,46.2297,6.12332,4.93,15,4.382026634673881,1,1,0
325.0,5,3.0,2.0,Entire home/apt,46.29627,6.24443,5.0,16,5.783825182329737,1,1,0
314.0,7,4.0,1.0,Entire home/apt,46.21763,6.18478,4.94,48,5.749392985908253,1,1,0
233.0,2,2.0,1.0,Entire home/apt,46.24333,6.14638,4.98,42,5.4510384535657,1,0,0
140.0,4,1.0,1.0,Private room,46.23313,6.12515,4.88,24,4.941642422609304,1,1,0
99.0,2,1.0,1.0,Entire home/apt,46.2014,6.16594,5.0,1,4.59511985013459,1,1,0
65.0,2,1.0,1.0,Entire home/apt,46.24905,6.23523,4.25,4,4.174387269895637,1,1,0
112.0,2,0.0,1.0,Entire home/apt,46.2204,6.14778,4.97,31,4.718498871295094,1,1,0
84.0,2,1.0,1.0,Private room,46.1968,6.19994,5.0,16,4.430816798843313,1,1,0
77.0,1,1.0,1.0,Private room,46.21848,6.14014,4.96,54,4.343805421853684,1,1,0
105.0,1,1.0,1.0,Private room,46.23291,6.12485,4.96,53,4.653960350157523,1,1,0
115.0,2,1.0,1.0,Private room,46.23375,6.12115,4.93,46,4.74493212836325,1,1,0
131.0,4,2.0,1.0,Entire home/apt,46.18968,6.11073,4.59,51,4.875197323201151,1,1,1
57.0,1,1.0,1.5,Private room,46.20409,6.16148,4.5,36,4.04305126783455,1,1,0
32.0,1,1.0,1.0,Private room,46.20696,6.07411,4.9,21,3.4657359027997265,1,1,0
59.0,2,1.0,1.0,Private room,46.22195,6.10421,4.59,74,4.07753744390572,1,1,0
45.0,2,1.0,1.0,Private room,46.14545,6.13742,4.8,41,3.8066624897703196,1,1,0
104.0,2,1.0,1.0,Entire home/apt,46.18884,6.13909,4.92,25,4.6443908991413725,1,1,0
115.0,4,1.0,1.0,Entire home/apt,46.20574,6.12499,4.76,38,4.74493212836325,1,1,0
108.0,7,4.0,2.0,Entire home/apt,46.28403,6.16222,0.0,0,4.68213122712422,1,1,0
206.0,4,2.0,1.0,Entire home/apt,46.21342,6.148,4.41,172,5.327876168789581,1,1,0
63.0,2,0.0,1.0,Entire home/apt,46.23664,6.12731,4.91,141,4.143134726391533,1,1,0
57.0,1,1.0,1.0,Private room,46.20242,6.16269,4.5,12,4.04305126783455,1,1,0
66.0,1,1.0,1.0,Private room,46.21497,6.12993,4.88,80,4.189654742026425,1,1,0
176.0,4,2.0,1.0,Entire home/apt,46.20381,6.15824,4.51,221,5.170483995038151,1,1,1
68.0,1,1.0,1.0,Private room,46.21651,6.13464,4.83,168,4.219507705176107,1,1,0
200.0,6,3.0,2.5,Entire home/apt,46.20339,6.17003,5.0,33,5.298317366548036,1,1,0
286.0,4,1.0,1.5,Entire home/apt,46.18503,6.14044,4.8,5,5.655991810819852,1,1,0
90.0,1,0.0,1.0,Entire home/apt,46.20408,6.18533,0.0,0,4.499809670330265,1,1,0
1000.0,2,1.0,1.0,Entire home/apt,46.21839,6.14759,5.0,6,6.907755278982137,1,1,0
135.0,1,1.0,2.0,Private room,46.20039,6.17554,5.0,16,4.90527477843843,1,1,0
250.0,2,1.0,2.0,Private room,46.19524,6.1705,4.63,8,5.521460917862246,1,1,0
190.0,4,2.0,2.0,Entire home/apt,46.18002,6.14046,5.0,6,5.247024072160486,1,1,0
45.0,1,1.0,1.0,Private room,46.25065,6.14732,4.75,4,3.8066624897703196,1,1,0
234.0,4,0.0,1.0,Entire home/apt,46.18502,6.14066,4.83,12,5.455321115357702,1,1,0
120.0,1,0.0,1.0,Entire home/apt,46.18857,6.15386,4.96,115,4.787491742782046,1,1,0
94.0,2,1.0,1.0,Entire home/apt,46.20257,6.14666,4.56,9,4.543294782270004,1,1,0
260.0,2,1.0,1.0,Entire home/apt,46.21196,6.13057,4.67,12,5.560681631015528,1,1,0
41.0,1,1.0,1.0,Private room,46.29156,6.16426,5.0,1,3.713572066704308,1,0,0
153.0,3,1.0,1.0,Entire home/apt,46.18847,6.15473,4.62,26,5.030437921392435,1,1,0
43.0,2,1.0,1.0,Private room,46.20774,6.14742,4.69,133,3.7612001156935624,1,1,0
90.0,1,1.0,2.5,Private room,46.20149,6.15042,4.85,48,4.499809670330265,1,1,0
120.0,2,1.0,2.0,Entire home/apt,46.20216,6.16586,4.9,10,4.787491742782046,1,1,1
184.0,2,1.0,1.0,Entire home/apt,46.20277724644337,6.15890174988702,5.0,18,5.214935757608986,1,1,0
97.0,2,1.0,1.0,Entire home/apt,46.20487,6.14311,4.85,53,4.574710978503383,1,1,0
100.0,2,1.0,1.0,Entire home/apt,46.24617,6.13733,0.0,0,4.605170185988092,1,1,0
179.0,6,3.0,1.5,Entire home/apt,46.19761,6.15408,4.97,76,5.187385805840755,1,1,0
77.0,1,1.0,1.0,Private room,46.20285,6.15887,4.95,135,4.343805421853684,1,1,0
168.0,3,1.0,1.0,Entire home/apt,46.20092,6.12982,4.7,20,5.123963979403259,1,1,0
68.0,2,1.0,1.5,Private room,46.20803,6.1462,4.49,127,4.219507705176107,1,1,1
250.0,4,1.0,1.0,Entire home/apt,46.18708,6.15541,4.83,18,5.521460917862246,1,1,0
133.0,4,1.0,1.0,Entire home/apt,46.2136,6.12633,4.76,188,4.890349128221754,1,1,0
96.0,2,0.0,1.0,Entire home/apt,46.21318,6.15187,4.9,110,4.564348191467836,1,1,0
85.0,2,1.0,1.0,Private room,46.20781,6.07608,0.0,0,4.442651256490317,1,1,0
145.0,2,1.0,1.0,Entire home/apt,46.19856,6.14409,5.0,1,4.976733742420574,1,1,0
75.0,2,1.0,1.0,Private room,46.19667,6.14271,5.0,1,4.31748811353631,1,1,0
129.0,4,2.0,1.5,Entire home/apt,46.20514,6.12995,4.78,37,4.859812404361672,1,1,0
147.0,4,2.0,1.0,Entire home/apt,46.20463,6.16084,4.55,40,4.990432586778736,1,1,0
176.0,4,2.0,2.0,Entire home/apt,46.17495,6.14041,0.0,0,5.170483995038151,0,0,0
136.0,1,1.0,1.0,Private room,46.2227,6.1104,4.0,6,4.912654885736052,1,1,0
96.0,4,1.0,1.5,Entire home/apt,46.19992,6.1683,4.33,92,4.564348191467836,1,1,0
109.0,2,1.0,1.0,Entire home/apt,46.21232,6.11506,4.87,94,4.6913478822291435,1,1,0
301.0,4,1.0,1.5,Entire home/apt,46.20252,6.17706,5.0,3,5.707110264748875,1,1,0
47.0,3,1.0,1.0,Private room,46.21089,6.12286,4.67,52,3.8501476017100584,1,0,0
285.0,2,0.0,1.0,Entire home/apt,46.20306,6.1356,0.0,0,5.652489180268651,1,1,0
89.0,2,0.0,1.0,Entire home/apt,46.2062,6.1316,0.0,0,4.48863636973214,1,1,0
327.0,6,3.0,2.5,Entire home/apt,46.24078,6.20126,5.0,12,5.7899601708972535,1,1,0
69.0,2,1.0,1.0,Private room,46.21044,6.12421,4.83,12,4.23410650459726,1,1,0
72.0,2,1.0,1.0,Private room,46.20949,6.12429,5.0,7,4.276666119016055,1,1,0
47.0,3,1.0,1.0,Private room,46.21124,6.12273,4.5,8,3.8501476017100584,1,1,0
109.0,2,1.0,1.0,Entire home/apt,46.20319,6.15962,4.79,38,4.6913478822291435,1,1,0
145.0,2,1.0,1.0,Private room,46.19978,6.16107,4.36,11,4.976733742420574,1,0,1
158.0,2,1.0,1.0,Entire home/apt,46.20122,6.13001,4.73,37,5.062595033026967,1,1,0
120.0,2,1.0,1.5,Entire home/apt,46.21015,6.13387,4.97,59,4.787491742782046,1,1,0
105.0,8,2.0,1.0,Entire home/apt,46.20978,6.12304,4.51,81,4.653960350157523,1,1,0
99.0,1,1.0,1.0,Private room,46.21058,6.14929,5.0,28,4.59511985013459,1,1,0
141.0,2,1.0,1.0,Entire home/apt,46.1954,6.16009,4.8,25,4.948759890378168,1,1,0
97.0,2,1.0,1.0,Private room,46.20281,6.13132,4.73,22,4.574710978503383,1,0,0
100.0,3,1.0,1.0,Entire home/apt,46.20153,6.15741,4.84,19,4.605170185988092,1,1,0
86.0,2,0.0,1.0,Entire home/apt,46.2029,6.12137,5.0,7,4.454347296253507,1,1,0
35.0,1,3.0,1.0,Private room,46.16669,6.15102,5.0,11,3.5553480614894135,1,1,0
259.0,2,0.0,1.0,Entire home/apt,46.21123,6.14643,4.79,190,5.556828061699537,1,1,0
308.0,2,1.0,1.0,Private room,46.21314,6.13025,4.45,75,5.730099782973574,1,0,0
160.0,4,2.0,1.0,Entire home/apt,46.21262,6.13183,5.0,1,5.075173815233827,1,1,0
74.0,2,1.0,1.0,Private room,46.20547,6.14337,4.77,157,4.30406509320417,1,1,0
429.0,6,3.0,2.5,Entire home/apt,46.28825,6.23114,4.92,74,6.061456918928017,1,1,0
95.0,2,1.0,1.0,Entire home/apt,46.21087,6.13089,4.85,110,4.553876891600541,1,1,0
219.0,5,2.0,2.0,Entire home/apt,46.20207,6.15648,4.96,25,5.389071729816501,1,1,0
155.0,4,2.0,1.0,Entire home/apt,46.21363,6.13141,5.0,3,5.043425116919247,1,1,0
84.0,4,0.0,1.0,Entire home/apt,46.21349,6.14894,4.75,20,4.430816798843313,1,1,0
198.0,2,1.0,1.0,Private room,46.18443,6.1449,4.0,1,5.288267030694535,1,1,0
130.0,3,1.0,1.0,Entire home/apt,46.22053,6.15035,4.71,31,4.867534450455582,1,1,0
105.0,2,1.0,1.0,Entire home/apt,46.22293,6.12683,4.87,233,4.653960350157523,1,1,0
99.0,3,1.0,1.0,Entire home/apt,46.19022,6.14365,4.21,14,4.59511985013459,1,1,0
150.0,1,0.0,1.0,Entire home/apt,46.18849,6.15536,4.5,2,5.0106352940962555,1,1,0
52.0,2,1.0,1.0,Private room,46.19539,6.13806,4.88,82,3.9512437185814275,1,0,0
56.0,2,1.0,1.0,Private room,46.19527,6.14022,4.78,27,4.02535169073515,1,0,0
209.0,4,2.0,1.0,Entire home/apt,46.20287,6.15853,4.45,260,5.342334251964811,1,1,1
91.0,3,1.0,1.0,Entire home/apt,46.19269,6.14479,5.0,2,4.51085950651685,1,1,0
145.0,3,2.0,1.0,Entire home/apt,46.24044,6.08876,1.0,1,4.976733742420574,1,1,0
126.0,1,1.0,1.0,Private room,46.19602,6.14308,5.0,5,4.836281906951478,1,1,0
140.0,3,1.0,1.0,Entire home/apt,46.22527,6.12422,4.86,35,4.941642422609304,1,1,0
68.0,1,1.0,1.0,Private room,46.2112,6.13867,4.85,241,4.219507705176107,1,1,0
165.0,4,2.0,1.0,Private room,46.23632,6.12825,4.74,47,5.10594547390058,1,0,0
79.0,2,0.0,1.0,Entire home/apt,46.18365,6.15964,4.67,107,4.3694478524670215,1,1,0
239.0,4,2.0,1.0,Entire home/apt,46.19049,6.14377,4.78,49,5.476463551931511,1,1,0
69.0,2,1.0,1.0,Private room,46.28303,6.22921,5.0,14,4.23410650459726,1,0,0
248.0,5,2.0,1.5,Entire home/apt,46.20654,6.14192,4.94,98,5.5134287461649825,1,1,0
73.0,2,1.0,1.0,Private room,46.22726,6.10902,5.0,29,4.290459441148391,1,0,0
95.0,2,1.0,1.0,Entire home/apt,46.20474,6.15716,4.73,59,4.553876891600541,1,1,0
72.0,1,1.0,1.0,Private room,46.22907,6.12544,4.94,48,4.276666119016055,1,1,0
81.0,1,1.0,1.5,Private room,46.18263,6.14762,4.93,60,4.394449154672439,1,1,0
68.0,1,1.0,1.0,Private room,46.18403,6.14809,4.92,36,4.219507705176107,1,1,0
95.0,2,1.0,1.0,Entire home/apt,46.20038,6.15041,4.36,11,4.553876891600541,1,1,0
97.0,2,0.0,1.0,Entire home/apt,46.19492,6.16093,4.77,22,4.574710978503383,1,1,0
162.0,3,3.0,1.5,Entire home/apt,46.20671,6.12854,4.25,4,5.087596335232384,1,1,1
142.0,5,2.0,2.0,Entire home/apt,46.20494,6.18262,4.5,2,4.955827057601261,1,1,0
149.0,2,1.0,1.0,Entire home/apt,46.20561,6.13262,4.65,17,5.003946305945459,1,1,0
94.0,4,3.0,1.0,Entire home/apt,46.17385,6.12615,0.0,0,4.543294782270004,1,1,0
62.0,1,1.0,1.0,Private room,46.20339,6.16886,4.86,14,4.127134385045092,1,1,0
217.0,4,2.0,2.5,Entire home/apt,46.19064,6.143,4.94,31,5.37989735354046,1,1,0
130.0,5,2.0,1.0,Entire home/apt,46.20015,6.13832,4.71,148,4.867534450455582,1,1,0
135.0,4,1.0,1.0,Entire home/apt,46.18682,6.13495,4.75,4,4.90527477843843,1,0,0
85.0,3,1.0,1.0,Entire home/apt,46.22016,6.14026,4.81,16,4.442651256490317,1,1,0
226.0,6,1.0,1.0,Entire home/apt,46.18672,6.14096,4.85,13,5.420534999272286,1,1,1
140.0,2,1.0,1.0,Entire home/apt,46.19651,6.15356,4.92,13,4.941642422609304,1,1,0
119.0,2,1.0,1.0,Entire home/apt,46.17512,6.15439,4.96,25,4.77912349311153,1,1,0
145.0,3,0.0,1.0,Entire home/apt,46.28027,6.1563,4.67,58,4.976733742420574,1,1,0
32.0,1,2.0,1.0,Private room,46.20628,6.07446,4.71,17,3.4657359027997265,1,1,0
58.0,1,1.0,2.0,Private room,46.18929,6.14237,4.89,61,4.060443010546419,1,1,0
81.0,1,0.0,1.0,Entire home/apt,46.20923,6.13679,4.78,50,4.394449154672439,1,1,0
54.0,1,3.0,2.0,Private room,46.20661,6.10804,0.0,0,3.9889840465642745,0,1,0
85.0,1,1.0,1.0,Entire home/apt,46.20535,6.18518,0.0,0,4.442651256490317,1,1,0
82.0,1,3.0,2.0,Private room,46.20767,6.10917,0.0,0,4.406719247264253,0,1,0
160.0,2,1.0,1.0,Private room,46.21483,6.14492,4.95,21,5.075173815233827,1,1,0
251.0,3,1.0,1.0,Entire home/apt,46.21493,6.14643,0.0,0,5.5254529391317835,1,0,0
161.0,5,1.0,1.5,Entire home/apt,46.19653,6.14348,4.81,156,5.081404364984463,1,1,0
71.0,2,0.0,1.0,Entire home/apt,46.19223,6.16591,4.58,26,4.2626798770413155,1,1,0
212.0,5,2.0,2.5,Entire home/apt,46.22203,6.13629,4.77,78,5.356586274672012,1,1,0
119.0,2,1.0,1.0,Entire home/apt,46.21434,6.14588,5.0,3,4.77912349311153,1,1,1
108.0,1,1.0,2.0,Private room,46.20039,6.17554,5.0,25,4.68213122712422,1,1,0
54.0,1,1.0,1.5,Private room,46.19671,6.14571,4.93,141,3.9889840465642745,1,1,0
99.0,3,0.0,1.0,Entire home/apt,46.21388,6.1841,4.88,24,4.59511985013459,1,1,0
103.0,4,2.0,1.0,Entire home/apt,46.20139,6.21366,4.79,33,4.634728988229636,1,1,0
90.0,2,1.0,1.0,Entire home/apt,46.21357,6.18563,4.76,33,4.499809670330265,1,1,0
196.0,6,3.0,1.5,Entire home/apt,46.18607,6.1321,4.83,35,5.278114659230517,1,1,0
70.0,2,0.0,1.0,Entire home/apt,46.22644,6.1287,4.34,195,4.248495242049359,1,1,0
750.0,7,4.0,3.0,Entire home/apt,46.26075,6.20304,5.0,2,6.620073206530356,1,1,0
135.0,1,1.0,2.0,Private room,46.20039,6.17554,5.0,5,4.90527477843843,1,1,0
135.0,1,1.0,2.0,Private room,46.20039,6.17554,5.0,3,4.90527477843843,1,1,0
234.0,4,2.0,1.5,Entire home/apt,46.20465,6.13866,4.73,30,5.455321115357702,1,1,1
251.0,2,1.0,1.0,Private room,46.19698,6.1477,5.0,1,5.5254529391317835,1,0,0
51.0,2,1.0,1.5,Private room,46.19292,6.20845,0.0,0,3.9318256327243257,0,1,0
84.0,2,1.0,1.0,Private room,46.27092,6.21973,4.79,29,4.430816798843313,1,0,0
170.0,2,0.0,1.0,Entire home/apt,46.20763,6.13351,5.0,1,5.135798437050262,1,1,0
110.0,2,0.0,1.0,Entire home/apt,46.20666,6.14308,4.63,67,4.700480365792417,1,1,1
91.0,2,1.0,1.0,Entire home/apt,46.19906,6.15724,4.81,58,4.51085950651685,1,1,0
79.0,2,1.0,1.0,Private room,46.21425,6.12736,4.84,25,4.3694478524670215,1,1,0
135.0,2,0.0,1.0,Entire home/apt,46.20193,6.14968,0.0,0,4.90527477843843,1,1,0
90.0,1,1.0,1.0,Private room,46.20649,6.19619,4.0,1,4.499809670330265,1,0,1
142.0,4,1.0,1.0,Entire home/apt,46.21531,6.14683,4.65,34,4.955827057601261,1,1,0
145.0,1,1.0,1.0,Entire home/apt,46.20535,6.13339,5.0,2,4.976733742420574,1,1,0
275.0,2,1.0,1.0,Entire home/apt,46.2043,6.15948,4.77,13,5.616771097666572,1,1,0
206.0,6,2.0,1.5,Entire home/apt,46.21977,6.1195,4.92,49,5.327876168789581,1,1,0
129.0,4,2.0,1.0,Entire home/apt,46.20812,6.12912,3.75,4,4.859812404361672,1,1,0
97.0,2,1.0,1.0,Entire home/apt,46.21108,6.15062,5.0,4,4.574710978503383,1,1,0
135.0,5,4.0,2.0,Entire home/apt,46.26028,6.12051,4.9,20,4.90527477843843,1,1,0
81.0,2,1.0,1.0,Entire home/apt,46.20994,6.14688,4.81,122,4.394449154672439,1,1,0
128.0,2,0.0,1.0,Entire home/apt,46.21443557739258,6.147445201873779,4.4,5,4.852030263919617,1,1,0
238.0,2,1.0,1.0,Entire home/apt,46.2056212,6.1613912,0.0,0,5.472270673671475,1,1,1
75.0,2,1.0,1.0,Private room,46.19064,6.14727,4.89,124,4.31748811353631,1,1,0
149.0,7,4.0,3.0,Entire home/apt,46.35164,6.19474,5.0,2,5.003946305945459,1,1,0
316.0,15,4.0,2.5,Entire home/apt,46.20902,6.12326,4.83,12,5.755742213586912,1,1,0
43.0,2,1.0,1.0,Private room,46.2105884,6.1138552,3.67,3,3.7612001156935624,1,1,0
113.0,4,1.0,1.0,Entire home/apt,46.20183,6.1358,4.8,99,4.727387818712341,1,1,0
85.0,2,0.0,1.0,Entire home/apt,46.20108,6.16266,4.68,31,4.442651256490317,0,1,0
75.0,2,1.0,2.0,Private room,46.1954958117553,6.152654157701922,5.0,4,4.31748811353631,1,1,0
126.0,2,1.0,1.0,Entire home/apt,46.21495,6.13441,4.79,42,4.836281906951478,1,1,1
244.0,5,3.0,1.0,Entire home/apt,46.19801,6.16774,4.86,132,5.497168225293202,1,1,0
55.0,1,1.0,1.0,Private room,46.18766,6.15831,4.91,33,4.007333185232471,1,1,0
176.0,4,2.0,1.5,Entire home/apt,46.19356,6.14783,5.0,6,5.170483995038151,1,1,1
198.0,4,1.0,1.0,Private room,46.2128,6.1492,0.0,0,5.288267030694535,1,1,1
510.0,6,1.0,1.0,Entire home/apt,46.20751,6.15905,0.0,0,6.234410725718371,1,1,0
58.0,2,1.0,1.0,Private room,46.20282,6.18425,4.9,41,4.060443010546419,1,1,0
54.0,2,1.0,1.0,Private room,46.20569,6.12384,4.71,24,3.9889840465642745,1,1,0
65.0,2,1.0,1.0,Private room,46.23757,6.12429,4.86,21,4.174387269895637,1,1,1
158.0,1,1.0,1.0,Private room,46.20627,6.1406,4.48,102,5.062595033026967,1,0,0
72.0,2,1.0,1.0,Entire home/apt,46.21414,6.1331,4.67,9,4.276666119016055,1,1,0
59.0,1,1.0,1.0,Private room,46.2264,6.06614,4.99,78,4.07753744390572,1,1,0
136.0,2,1.0,1.0,Private room,46.18752,6.10367,5.0,2,4.912654885736052,1,1,1
64.0,1,1.0,1.0,Private room,46.29206,6.16474,0.0,0,4.1588830833596715,1,0,0
161.0,2,1.0,1.0,Private room,46.20537,6.14066,4.68,94,5.081404364984463,1,0,0
69.0,1,1.0,2.0,Private room,46.22778,6.12031,4.64,22,4.23410650459726,1,1,0
48.0,1,1.0,1.0,Private room,46.16795,6.12656,4.78,9,3.871201010907891,1,1,0
104.0,2,1.0,1.0,Entire home/apt,46.20005,6.14944,0.0,0,4.6443908991413725,1,1,0
102.0,2,0.0,1.5,Entire home/apt,46.20367,6.13934,4.4,113,4.624972813284271,1,1,0
121.0,2,0.0,1.0,Entire home/apt,46.20236,6.16431,4.78,88,4.795790545596741,1,1,0
140.0,4,1.0,1.0,Private room,46.23543930053711,6.125635147094727,5.0,2,4.941642422609304,1,1,0
115.0,2,1.0,1.0,Private room,46.2361122044908,6.124198148649927,4.92,13,4.74493212836325,1,1,0
105.0,1,1.0,1.0,Private room,46.23554,6.1247,4.92,12,4.653960350157523,1,1,0
97.0,2,0.0,1.0,Entire home/apt,46.21388626098633,6.150111198425293,4.78,68,4.574710978503383,1,1,0
108.0,2,0.0,1.0,Entire home/apt,46.19541,6.09611,4.14,7,4.68213122712422,1,1,0
270.0,4,2.0,2.0,Entire home/apt,46.19775,6.2054,0.0,0,5.598421958998375,1,1,0
315.0,5,3.0,3.0,Entire home/apt,46.19825,6.2041,0.0,0,5.752572638825633,1,1,0
115.0,2,1.0,1.0,Entire home/apt,46.207886,6.142184,4.69,26,4.74493212836325,1,1,0
113.0,2,0.0,1.0,Entire home/apt,46.207886,6.142184,4.64,108,4.727387818712341,1,1,0
115.0,1,2.0,1.5,Private room,46.20406,6.15862,5.0,7,4.74493212836325,1,1,0
177.0,2,0.0,1.0,Entire home/apt,46.20723,6.12503,5.0,1,5.176149732573829,1,1,0
108.0,4,2.0,1.0,Entire home/apt,46.18722,6.01386,4.91,11,4.68213122712422,1,1,0
65.0,1,1.0,1.0,Private room,46.211666,6.133802,4.35,60,4.174387269895637,1,0,0
60.0,1,1.0,1.0,Private room,46.21084,6.20947,0.0,0,4.0943445622221,1,1,0
150.0,2,1.0,1.5,Entire home/apt,46.20182,6.16421,4.67,3,5.0106352940962555,1,1,0
112.0,4,2.0,1.5,Entire home/apt,46.21955,6.13929,4.89,9,4.718498871295094,1,1,0
103.0,1,1.0,1.0,Private room,46.22478,6.11975,3.0,1,4.634728988229636,1,1,0
106.0,2,1.0,1.0,Entire home/apt,46.25282,6.14899,4.99,97,4.663439094112067,1,1,0
98.0,1,1.0,1.0,Entire home/apt,46.17925,6.14113,4.67,3,4.584967478670572,1,1,1
112.0,2,1.0,1.0,Entire home/apt,46.20797,6.1423,4.51,76,4.718498871295094,1,1,0
67.0,1,1.0,1.5,Private room,46.21260070800781,6.133721828460693,4.67,136,4.204692619390966,1,1,0
128.0,3,1.0,1.0,Entire home/apt,46.20449,6.12643,4.93,43,4.852030263919617,1,1,0
115.0,2,1.0,1.0,Entire home/apt,46.20797,6.142303,4.57,75,4.74493212836325,1,1,0
113.0,2,1.0,1.0,Entire home/apt,46.20789,6.14218,4.57,51,4.727387818712341,1,1,0
91.0,2,1.0,1.5,Entire home/apt,46.21109,6.13339,4.37,57,4.51085950651685,1,1,1
110.0,2,0.0,1.0,Entire home/apt,46.21184,6.14528,4.56,150,4.700480365792417,1,1,0
112.0,2,1.0,1.0,Entire home/apt,46.207969665527344,6.142302989959717,4.58,322,4.718498871295094,1,1,0
99.0,2,2.0,1.5,Entire home/apt,46.23644,6.19787,5.0,13,4.59511985013459,1,1,0
59.0,1,1.0,1.0,Private room,46.22473,6.06845,4.97,78,4.07753744390572,1,1,0
77.0,1,1.0,1.0,Private room,46.2869,6.16442,5.0,1,4.343805421853684,1,1,0
140.0,2,1.0,1.0,Entire home/apt,46.20554,6.17425,0.0,0,4.941642422609304,1,1,0
99.0,4,3.0,1.0,Entire home/apt,46.1926,6.19933,4.0,1,4.59511985013459,1,1,0
72.0,1,1.0,1.0,Entire home/apt,46.25572,6.21092,4.87,23,4.276666119016055,1,1,0
150.0,1,1.0,1.0,Entire home/apt,46.22035,6.14075,4.85,53,5.0106352940962555,1,1,0
335.0,4,2.0,1.5,Entire home/apt,46.20607,6.16559,4.67,3,5.814130531825066,1,1,0
64.0,1,0.0,1.0,Entire home/apt,46.21496,6.14991,4.81,412,4.1588830833596715,1,1,0
88.0,2,1.0,1.0,Entire home/apt,46.22417,6.12708,4.42,79,4.477336814478207,1,1,0
159.0,2,1.0,1.0,Private room,46.23488,6.12537,5.0,1,5.0689042022202315,1,1,0
151.0,2,1.0,1.0,Private room,46.23565,6.12441,5.0,3,5.017279836814924,1,1,0
85.0,4,0.0,1.0,Entire home/apt,46.18859,6.15666,4.84,67,4.442651256490317,1,1,0
210.0,4,1.0,1.0,Private room,46.23426,6.12543,5.0,2,5.3471075307174685,1,1,0
208.0,3,1.0,1.0,Private room,46.23433,6.12458,5.0,2,5.337538079701318,1,1,1
88.0,2,0.0,1.0,Entire home/apt,46.20068,6.1639,4.76,29,4.477336814478207,1,1,0
204.0,2,1.0,1.0,Private room,46.20141,6.1583,4.69,13,5.318119993844216,1,1,1
341.0,4,2.0,2.0,Entire home/apt,46.22118898223417,6.125487126410008,5.0,1,5.831882477283517,1,1,1
132.0,2,1.0,1.0,Entire home/apt,46.23578,6.12835,4.8,113,4.882801922586371,1,1,0
91.0,1,1.0,1.0,Entire home/apt,46.18096,6.14238,5.0,2,4.51085950651685,1,1,1
99.0,1,1.0,1.0,Entire home/apt,46.17983,6.14159,5.0,4,4.59511985013459,1,1,1
103.0,1,1.0,1.0,Entire home/apt,46.18039,6.14311,5.0,1,4.634728988229636,1,1,1
73.0,1,1.0,1.0,Private room,46.17807,6.0698,0.0,0,4.290459441148391,1,1,1
89.0,1,1.0,1.0,Entire home/apt,46.18106,6.14128,5.0,1,4.48863636973214,1,1,1
95.0,2,1.0,1.5,Entire home/apt,46.21135,6.12399,4.82,28,4.553876891600541,1,1,0
65.0,1,1.0,1.0,Private room,46.18339,6.14615,4.95,19,4.174387269895637,1,1,0
140.0,2,0.0,1.0,Entire home/apt,46.21217,6.14321,4.47,15,4.941642422609304,1,1,1
140.0,2,0.0,1.0,Entire home/apt,46.2106,6.14171,4.4,20,4.941642422609304,1,1,1
140.0,2,0.0,1.0,Entire home/apt,46.21194,6.14098,4.73,26,4.941642422609304,1,1,1
140.0,2,0.0,1.0,Entire home/apt,46.21076,6.14098,5.0,1,4.941642422609304,1,1,1
140.0,2,0.0,1.0,Entire home/apt,46.2114,6.14265,4.61,18,4.941642422609304,1,1,1
140.0,2,0.0,1.0,Entire home/apt,46.21012,6.14166,4.5,6,4.941642422609304,1,1,1
140.0,2,0.0,1.0,Entire home/apt,46.2103,6.14256,4.33,6,4.941642422609304,1,1,1
140.0,2,0.0,1.0,Entire home/apt,46.21022,6.14155,4.5,8,4.941642422609304,1,1,1
140.0,2,0.0,1.0,Entire home/apt,46.21221,6.14157,4.33,6,4.941642422609304,1,1,1
119.0,2,0.0,1.0,Entire home/apt,46.21227,6.14108,4.41,29,4.77912349311153,1,1,1
1287.0,6,1.0,0.0,Entire home/apt,46.20942,6.14895,4.91,35,7.160069207596127,1,1,1
276.0,4,1.0,1.0,Private room,46.20208,6.15908,5.0,3,5.62040086571715,1,1,1
240.0,2,1.0,1.0,Private room,46.20045,6.15825,4.4,10,5.480638923341991,1,1,1
80.0,2,1.0,1.0,Entire home/apt,46.20139,6.13087,4.63,72,4.382026634673881,0,1,0
50.0,2,0.0,1.0,Entire home/apt,46.18313,6.19369,4.8,20,3.912023005428146,1,1,0
63.0,2,0.0,1.0,Entire home/apt,46.19453,6.14361,4.28,127,4.143134726391533,1,1,0
52.0,1,1.0,1.0,Private room,46.21048,6.13747,4.89,350,3.9512437185814275,1,1,0
75.0,2,0.0,1.0,Entire home/apt,46.19166,6.16825,4.75,4,4.31748811353631,1,1,0
118.0,2,1.0,1.0,Entire home/apt,46.28195,6.16486,0.0,0,4.770684624465665,1,1,0
110.0,1,1.0,1.0,Private room,46.21001,6.14309,4.77,13,4.700480365792417,1,0,1
130.0,2,1.0,1.0,Private room,46.21027,6.14153,4.71,70,4.867534450455582,1,0,1
62.0,1,1.0,1.0,Private room,46.28198,6.16658,5.0,6,4.127134385045092,1,1,0
140.0,2,1.0,1.0,Entire home/apt,46.21138,6.13178,5.0,1,4.941642422609304,1,1,0
181.0,4,3.0,1.0,Entire home/apt,46.21138,6.1118,3.33,3,5.198497031265826,1,1,0
201.0,4,1.0,1.0,Entire home/apt,46.19332,6.13893,0.0,0,5.303304908059076,1,1,0
198.0,2,1.0,1.0,Private room,46.20196,6.15162,0.0,0,5.288267030694535,1,0,0
215.0,2,1.0,1.0,Private room,46.20193,6.15234,0.0,0,5.3706380281276624,1,0,0
233.0,2,1.0,1.0,Private room,46.20211,6.15167,0.0,0,5.4510384535657,1,0,0
136.0,3,2.0,1.0,Entire home/apt,46.20775,6.12408,0.0,0,4.912654885736052,1,1,0
105.0,2,1.0,1.0,Entire home/apt,46.21294,6.15051,0.0,0,4.653960350157523,1,1,0
114.0,2,1.0,1.5,Entire home/apt,46.26473,6.13518,4.94,16,4.736198448394496,1,1,0
78.0,2,1.0,1.0,Entire home/apt,46.21393,6.13288,4.5,6,4.356708826689592,1,1,0
108.0,4,1.0,1.0,Entire home/apt,46.21079,6.1493,4.74,31,4.68213122712422,1,1,0
105.0,3,1.0,1.0,Entire home/apt,46.24254,6.13208,5.0,18,4.653960350157523,1,1,0
130.0,1,1.0,1.0,Private room,46.21188,6.1414,5.0,2,4.867534450455582,1,0,1
130.0,2,1.0,1.0,Private room,46.21173,6.14181,4.5,16,4.867534450455582,1,0,1
130.0,2,1.0,1.0,Private room,46.21012,6.14304,4.6,10,4.867534450455582,1,0,1
130.0,2,1.0,1.0,Private room,46.21078,6.14231,4.5,10,4.867534450455582,1,0,1
72.0,1,1.0,1.0,Private room,46.21002,6.14844,4.89,163,4.276666119016055,1,1,0
130.0,2,1.0,1.0,Private room,46.21074,6.14319,4.67,24,4.867534450455582,1,0,1
130.0,2,1.0,1.0,Private room,46.2102,6.1416,4.8,5,4.867534450455582,1,0,1
117.0,2,1.0,1.0,Entire home/apt,46.20356,6.1631,4.75,8,4.762173934797756,1,1,0
257.0,4,2.0,2.0,Entire home/apt,46.2220838,6.1358199,4.81,27,5.54907608489522,1,1,0
119.0,1,1.0,1.0,Private room,46.20449,6.14064,4.61,23,4.77912349311153,1,0,0
136.0,2,1.0,0.0,Private room,46.20488,6.13942,4.53,17,4.912654885736052,1,0,0
1000.0,1,1.0,1.0,Entire home/apt,46.2005046,6.1718582,0.0,0,6.907755278982137,1,1,1
72.0,4,1.0,1.0,Entire home/apt,46.15829,6.15788,4.82,17,4.276666119016055,1,1,0
123.0,2,1.0,1.0,Entire home/apt,46.20148,6.16052,4.88,113,4.812184355372417,1,1,0
125.0,4,3.0,1.0,Entire home/apt,46.21396,6.1477,0.0,0,4.8283137373023015,1,1,0
577.0,2,1.0,1.5,Entire home/apt,46.20636,6.16369,0.0,0,6.3578422665081,1,1,0
121.0,4,2.0,1.0,Entire home/apt,46.20981,6.13568,4.5,2,4.795790545596741,1,1,0
103.0,2,1.0,1.0,Entire home/apt,46.20799,6.14329,4.84,101,4.634728988229636,1,1,1
49.0,1,1.0,1.0,Private room,46.22233,6.13546,0.0,0,3.8918202981106265,1,1,0
149.0,1,0.0,1.0,Entire home/apt,46.19289,6.16031,0.0,0,5.003946305945459,1,1,0
103.0,1,1.0,1.5,Private room,46.21012,6.13268,4.89,38,4.634728988229636,1,1,0
150.0,4,2.0,1.0,Entire home/apt,46.27745,6.16942,5.0,5,5.0106352940962555,1,1,0
72.0,3,1.0,1.0,Entire home/apt,46.21106,6.12291,4.74,50,4.276666119016055,1,1,0
51.0,1,1.0,1.0,Private room,46.22315,6.13496,5.0,3,3.9318256327243257,1,1,0
131.0,2,1.0,1.0,Entire home/apt,46.29217,6.16412,4.96,24,4.875197323201151,1,1,0
57.0,2,1.0,1.5,Private room,46.21688,6.08165,4.67,443,4.04305126783455,1,1,1
119.0,2,1.0,1.5,Entire home/apt,46.1946,6.14464,4.88,33,4.77912349311153,0,1,0
256.0,4,1.0,1.0,Entire home/apt,46.19105,6.14427,5.0,7,5.545177444479562,1,1,1
169.0,4,1.0,1.5,Entire home/apt,46.19754,6.16193,5.0,5,5.1298987149230735,1,1,0
45.0,1,1.0,1.0,Private room,46.22178,6.1351,5.0,3,3.8066624897703196,1,1,0
101.0,2,0.0,1.0,Private room,46.203,6.18274,0.0,0,4.61512051684126,1,1,0
97.0,2,1.0,1.0,Entire home/apt,46.24181,6.13309,4.7,60,4.574710978503383,1,1,0
95.0,2,1.0,1.0,Entire home/apt,46.21254,6.14755,4.82,34,4.553876891600541,1,1,0
40.0,2,1.0,1.0,Entire home/apt,46.15912,6.15917,4.81,16,3.6888794541139363,1,1,0
159.0,3,1.0,1.0,Entire home/apt,46.21155,6.12824,5.0,1,5.0689042022202315,1,1,0
73.0,1,0.0,1.0,Entire home/apt,46.20175,6.15582,0.0,0,4.290459441148391,1,1,0
80.0,1,1.0,2.0,Private room,46.21755,6.12601,5.0,2,4.382026634673881,1,1,0
80.0,1,1.0,2.0,Private room,46.21713264956783,6.125588500896983,4.76,21,4.382026634673881,1,1,0
95.0,3,1.0,1.0,Entire home/apt,46.24442,6.13789,5.0,35,4.553876891600541,1,1,0
67.0,1,1.0,1.5,Private room,46.20973,6.13589,4.97,66,4.204692619390966,1,1,0
180.0,5,3.0,2.0,Entire home/apt,46.21448,6.1479,0.0,0,5.19295685089021,1,1,0
355.0,6,3.0,2.0,Entire home/apt,46.21526,6.14666,4.9,207,5.872117789475416,1,1,1
1439.0,4,1.0,1.5,Private room,46.21279,6.11328,0.0,0,7.271703706887368,1,0,1
330.0,4,2.0,2.5,Entire home/apt,46.18617,6.15599,4.38,21,5.799092654460526,1,1,0
121.0,2,0.0,1.0,Entire home/apt,46.18819,6.13355,0.0,0,4.795790545596741,1,1,1
146.0,2,1.0,1.0,Private room,46.20109,6.1315,4.18,11,4.983606621708336,1,1,0
100.0,2,1.0,1.0,Private room,46.2131,6.15279,4.89,88,4.605170185988092,1,1,0
57.0,2,1.0,1.0,Private room,46.21013,6.13912,4.71,7,4.04305126783455,1,1,0
174.0,4,3.0,1.0,Entire home/apt,46.2092,6.11208,4.56,9,5.159055299214529,1,1,0
149.0,1,0.0,1.0,Entire home/apt,46.19466,6.16211,5.0,2,5.003946305945459,1,1,0
68.0,2,1.0,1.0,Entire home/apt,46.16862,6.16552,4.91,32,4.219507705176107,1,1,0
201.0,3,2.0,2.0,Entire home/apt,46.19442,6.1556,4.8,15,5.303304908059076,1,1,0
389.0,5,2.0,2.0,Entire home/apt,46.22584,6.12993,0.0,0,5.963579343618446,1,1,0
108.0,8,4.0,2.0,Entire home/apt,46.1676,6.17955,0.0,0,4.68213122712422,1,1,0
135.0,2,1.0,1.0,Entire home/apt,46.2039938,6.1598013,4.8,5,4.90527477843843,0,1,0
207.0,2,1.0,1.0,Entire home/apt,46.21655,6.14974,4.53,15,5.332718793265369,1,1,0
298.0,4,3.0,2.5,Entire home/apt,46.20352,6.13469,4.91,74,5.697093486505405,1,1,0
110.0,2,1.0,1.0,Entire home/apt,46.18754,6.14359,5.0,4,4.700480365792417,1,1,0
87.0,4,0.0,1.0,Entire home/apt,46.20948,6.12451,4.18,11,4.465908118654584,1,1,0
330.0,4,3.0,1.0,Entire home/apt,46.20384,6.16314,4.89,9,5.799092654460526,1,1,0
350.0,4,2.0,1.0,Entire home/apt,46.221581,6.149194,4.78,18,5.857933154483459,1,1,0
108.0,3,1.0,1.0,Entire home/apt,46.19266,6.15409,4.5,22,4.68213122712422,1,1,0
92.0,1,1.0,1.0,Private room,46.20601,6.12613,5.0,2,4.5217885770490405,1,1,0
229.0,4,2.0,1.0,Entire home/apt,46.20255,6.13013,3.78,9,5.43372200355424,1,1,0
405.0,4,2.0,2.0,Entire home/apt,46.21067,6.151451,4.49,118,6.003887067106539,1,1,0
222.0,2,1.0,1.5,Entire home/apt,46.21096,6.151971,4.77,48,5.402677381872279,1,1,0
360.0,4,1.0,1.0,Entire home/apt,46.21254,6.13303,0.0,0,5.886104031450156,0,1,0
475.0,15,6.0,2.5,Entire home/apt,46.23568,6.11958,5.0,2,6.163314804034641,1,1,0
330.0,4,2.0,1.5,Entire home/apt,46.20675,6.12221,4.83,35,5.799092654460526,1,1,0
165.0,2,1.0,1.0,Entire home/apt,46.19778,6.13899,5.0,4,5.10594547390058,1,1,0
100.0,3,1.0,1.5,Entire home/apt,46.20388,6.1601,4.27,11,4.605170185988092,1,1,0
190.0,3,2.0,1.0,Entire home/apt,46.19134,6.1558,5.0,1,5.247024072160486,1,1,0
96.0,2,1.0,1.0,Entire home/apt,46.19976,6.15006,4.62,21,4.564348191467836,1,1,0
64.0,1,1.0,1.0,Private room,46.19039,6.14981,4.75,16,4.1588830833596715,1,0,0
99.0,8,4.0,1.0,Entire home/apt,46.21514,6.27308,4.59,112,4.59511985013459,1,1,0
131.0,5,1.0,1.0,Entire home/apt,46.174,6.0709,4.67,18,4.875197323201151,1,1,0
129.0,4,1.0,1.0,Entire home/apt,46.21266,6.14948,4.58,188,4.859812404361672,1,1,0
89.0,1,1.0,1.5,Entire home/apt,46.2011,6.14629,4.58,184,4.48863636973214,1,1,0
69.0,1,1.0,1.0,Private room,46.21434,6.13554,4.77,60,4.23410650459726,1,1,0
90.0,1,1.0,1.0,Entire home/apt,46.19996,6.16753,4.71,7,4.499809670330265,1,1,0
115.0,4,1.0,1.0,Entire home/apt,46.19661,6.14344,4.85,52,4.74493212836325,1,1,0
95.0,2,1.0,1.0,Private room,46.19329,6.14122,4.95,214,4.553876891600541,1,1,0
293.0,4,2.0,2.0,Private room,46.2103,6.14276,4.79,131,5.680172609017068,1,0,1
56.0,1,1.0,1.0,Private room,46.22447,6.12473,4.88,8,4.02535169073515,1,1,0
98.0,2,0.0,1.0,Entire home/apt,46.21651,6.13625,4.42,31,4.584967478670572,1,1,0
105.0,2,1.0,1.0,Entire home/apt,46.20403,6.16222,4.0,2,4.653960350157523,1,0,0
226.0,2,1.0,2.0,Entire home/apt,46.21291,6.15089,4.96,28,5.420534999272286,1,1,0
93.0,2,1.0,1.0,Entire home/apt,46.21557,6.14719,4.17,23,4.532599493153256,1,1,1
80.0,2,1.0,1.5,Entire home/apt,46.2061,6.15898,5.0,3,4.382026634673881,1,1,0
280.0,6,3.0,2.5,Entire home/apt,46.19455,6.16377,0.0,0,5.634789603169249,1,1,0
105.0,2,0.0,1.0,Entire home/apt,46.20033,6.1503,5.0,3,4.653960350157523,1,1,0
187.0,4,2.0,1.0,Entire home/apt,46.19699,6.16134,4.68,63,5.231108616854587,1,1,0
117.0,4,1.0,1.0,Entire home/apt,46.21114,6.14802,4.71,140,4.762173934797756,1,1,0
120.0,2,1.0,1.0,Entire home/apt,46.18943,6.14386,4.89,174,4.787491742782046,1,1,1
121.0,1,1.0,2.0,Private room,46.17989,6.12084,5.0,2,4.795790545596741,1,1,0
91.0,2,0.0,1.0,Entire home/apt,46.20979,6.14984,4.26,39,4.51085950651685,1,1,0
59.0,2,1.0,1.5,Private room,46.21084,6.1339,4.83,161,4.07753744390572,1,1,0
111.0,2,1.0,1.0,Entire home/apt,46.18634,6.13823,4.93,30,4.709530201312334,1,1,0
663.0,8,4.0,3.0,Entire home/apt,46.19733,6.15698,4.92,38,6.4967749901858625,1,1,1
164.0,5,2.0,1.0,Entire home/apt,46.21499,6.1293,4.84,51,5.099866427824199,1,1,0
122.0,2,1.0,1.5,Entire home/apt,46.20247,6.15811,4.5,2,4.804021044733257,1,1,0
99.0,2,1.0,1.0,Entire home/apt,46.18598,6.13837,5.0,13,4.59511985013459,1,1,0
74.0,2,2.0,1.0,Private room,46.20416,6.15678,4.97,35,4.30406509320417,1,1,1
200.0,2,1.0,1.0,Entire home/apt,46.29781,6.24395,5.0,1,5.298317366548036,1,1,0
109.0,1,0.0,1.0,Entire home/apt,46.21455,6.14943,4.79,14,4.6913478822291435,1,1,0
81.0,2,1.0,1.0,Private room,46.21554,6.13175,4.74,19,4.394449154672439,1,1,0
63.0,2,1.0,1.0,Private room,46.21696,6.13317,4.48,33,4.143134726391533,0,0,0
200.0,3,2.0,1.0,Entire home/apt,46.20084,6.16025,4.82,61,5.298317366548036,1,1,0
113.0,2,0.0,1.0,Entire home/apt,46.207886,6.142184,4.6,269,4.727387818712341,1,1,0
79.0,1,1.0,1.0,Private room,46.15524036334775,6.03634424507618,5.0,3,4.3694478524670215,1,1,1
130.0,4,1.0,1.0,Entire home/apt,46.21052,6.14668,4.73,100,4.867534450455582,1,1,0
76.0,1,1.0,1.0,Private room,46.18696,6.14459,0.0,0,4.330733340286331,1,1,0
162.0,4,2.0,1.0,Entire home/apt,46.18382,6.14218,4.71,14,5.087596335232384,1,1,0
50.0,1,1.0,1.0,Private room,46.2129,6.1474,4.76,55,3.912023005428146,1,1,0
46.0,1,1.0,1.0,Private room,46.2211,6.11094,4.94,66,3.828641396489095,1,1,0
113.0,2,1.0,1.0,Entire home/apt,46.207272,6.142974,4.6,104,4.727387818712341,1,1,0
198.0,4,1.0,1.0,Entire home/apt,46.19565,6.15671,5.0,3,5.288267030694535,1,1,0
50.0,1,1.0,1.5,Private room,46.19881,6.13818,4.96,76,3.912023005428146,1,1,0
73.0,2,1.0,1.5,Private room,46.19408,6.19048,5.0,2,4.290459441148391,1,1,0
92.0,4,2.0,1.0,Entire home/apt,46.20149,6.12769,5.0,2,4.5217885770490405,1,1,0
142.0,3,1.0,1.5,Entire home/apt,46.19857,6.14928,4.94,17,4.955827057601261,1,1,0
77.0,2,0.0,1.0,Entire home/apt,46.20947,6.13421,4.55,66,4.343805421853684,1,1,0
166.0,3,2.0,0.0,Entire home/apt,46.19331,6.14446,4.85,150,5.111987788356544,1,1,1
325.0,3,1.0,1.0,Entire home/apt,46.20011,6.1502,4.97,90,5.783825182329737,1,1,0
39.0,1,1.0,1.5,Private room,46.20609,6.0752,4.79,76,3.6635616461296463,1,1,0
110.0,1,1.0,1.0,Entire home/apt,46.20043,6.16669,5.0,14,4.700480365792417,1,1,0
110.0,2,1.0,1.0,Entire home/apt,46.20094,6.12993,4.51,97,4.700480365792417,1,1,0
80.0,3,1.0,1.0,Entire home/apt,46.20892,6.1359,4.5,8,4.382026634673881,1,1,1
142.0,4,1.0,1.0,Entire home/apt,46.20939,6.13352,4.17,6,4.955827057601261,1,1,0
50.0,2,1.0,1.5,Private room,46.20672,6.07312,4.87,38,3.912023005428146,1,1,0
37.0,1,1.0,1.0,Private room,46.20693,6.07398,4.77,56,3.6109179126442243,1,1,1
60.0,1,1.0,1.5,Private room,46.2097,6.14918,4.91,132,4.0943445622221,1,1,0
39.0,1,1.0,1.5,Private room,46.20675,6.07446,4.87,83,3.6635616461296463,1,1,1
54.0,1,1.0,1.0,Private room,46.21737,6.14762,0.0,0,3.9889840465642745,1,1,0
133.0,3,1.0,1.0,Entire home/apt,46.21105,6.13071,4.56,36,4.890349128221754,1,1,0
110.0,1,1.0,1.0,Private room,46.21152,6.14306,4.92,12,4.700480365792417,1,0,1
121.0,1,1.0,1.0,Entire home/apt,46.21263,6.12727,4.94,53,4.795790545596741,1,1,0
81.0,2,1.0,1.0,Private room,46.20265,6.16028,4.78,36,4.394449154672439,1,1,0
68.0,1,1.0,1.5,Private room,46.211704,6.132181,4.52,25,4.219507705176107,1,0,0
80.0,4,1.0,1.0,Entire home/apt,46.20289,6.0958,0.0,0,4.382026634673881,1,1,0
101.0,3,1.0,1.0,Entire home/apt,46.2104791,6.148369400000001,4.67,18,4.61512051684126,1,1,0
110.0,2,1.0,1.0,Entire home/apt,46.18633,6.13818,5.0,1,4.700480365792417,1,1,0
90.0,2,1.0,1.0,Entire home/apt,46.20072,6.16441,4.73,22,4.499809670330265,1,1,0
235.0,2,1.0,1.0,Entire home/apt,46.21452,6.15028,4.0,3,5.459585514144159,1,1,0
254.0,2,1.0,1.0,Entire home/apt,46.21497,6.14816,4.5,2,5.537334267018537,1,1,0
350.0,8,4.0,2.5,Entire home/apt,46.16412,6.14309,4.5,2,5.857933154483459,1,1,0
108.0,2,1.0,0.0,Entire home/apt,46.20341,6.15874,4.18,11,4.68213122712422,1,1,0
90.0,2,1.0,1.0,Entire home/apt,46.203365,6.184675,4.5,2,4.499809670330265,1,1,1
160.0,2,1.0,1.0,Entire home/apt,46.20491,6.15887,5.0,10,5.075173815233827,1,1,0
81.0,2,1.0,1.0,Entire home/apt,46.19611,6.19442,4.2,5,4.394449154672439,1,1,0
75.0,1,1.0,1.0,Private room,46.19224,6.1678,5.0,9,4.31748811353631,1,1,0
146.0,2,1.0,1.0,Entire home/apt,46.19732,6.16257,5.0,1,4.983606621708336,1,1,0
113.0,2,1.0,1.0,Entire home/apt,46.2078857421875,6.142183780670166,4.7,10,4.727387818712341,1,1,0
113.0,2,1.0,1.0,Entire home/apt,46.2078857421875,6.142183780670166,4.64,100,4.727387818712341,1,1,0
112.0,4,1.0,1.5,Entire home/apt,46.19112,6.15549,4.75,12,4.718498871295094,1,1,1
58.0,1,1.0,1.0,Private room,46.17285,6.18101,5.0,48,4.060443010546419,1,0,0
200.0,2,1.0,1.0,Entire home/apt,46.20515,6.1613,4.83,6,5.298317366548036,1,1,0
133.0,2,1.0,1.0,Entire home/apt,46.19686,6.14281,4.76,80,4.890349128221754,1,1,0
156.0,2,1.0,1.0,Entire home/apt,46.20322,6.14372,4.94,16,5.049856007249537,1,1,0
62.0,1,1.0,1.5,Shared room,46.21483,6.14605,4.97,33,4.127134385045092,1,1,0
40.0,1,1.0,1.0,Private room,46.18063,6.09611,5.0,6,3.6888794541139363,1,1,0
135.0,4,1.0,1.0,Entire home/apt,46.198284,6.136284,3.33,3,4.90527477843843,0,1,0
212.0,4,1.0,1.0,Entire home/apt,46.19709,6.13555,4.0,1,5.356586274672012,1,1,0
158.0,2,0.0,1.0,Entire home/apt,46.20808,6.14089,4.75,85,5.062595033026967,1,1,0
69.0,1,1.0,1.0,Private room,46.211704,6.132181,4.68,298,4.23410650459726,1,0,0
68.0,1,1.0,1.0,Private room,46.21170425415039,6.132181167602539,4.68,257,4.219507705176107,1,0,0
47.0,2,1.0,1.0,Private room,46.21289,6.12513,4.62,39,3.8501476017100584,1,1,0
500.0,5,4.0,3.0,Entire home/apt,46.19121,6.1564,4.86,7,6.214608098422191,1,1,0
88.0,1,1.0,1.0,Entire home/apt,46.20169,6.14578,4.63,56,4.477336814478207,1,1,0
113.0,2,1.0,1.0,Entire home/apt,46.20697,6.14374,4.66,103,4.727387818712341,1,1,0
290.0,2,1.0,1.0,Entire home/apt,46.19055,6.15173,0.0,0,5.66988092298052,1,1,1
145.0,3,2.0,1.0,Entire home/apt,46.18551,6.10187,0.0,0,4.976733742420574,1,1,0
239.0,6,1.0,1.0,Entire home/apt,46.21301,6.14534,4.7,125,5.476463551931511,1,1,0
95.0,2,1.0,1.0,Entire home/apt,46.19798,6.15979,4.92,13,4.553876891600541,1,1,0
110.0,2,1.0,1.0,Entire home/apt,46.18517,6.14046,4.86,14,4.700480365792417,1,1,0
69.0,2,1.0,1.0,Private room,46.20228,6.15917,4.9,10,4.23410650459726,1,1,0
69.0,2,1.0,1.0,Private room,46.20216,6.15922,4.71,7,4.23410650459726,1,1,0
50.0,1,1.0,1.0,Entire home/apt,46.188614,6.14588,5.0,3,3.912023005428146,0,1,0
72.0,4,2.0,1.0,Entire home/apt,46.1974727,6.1912959,5.0,3,4.276666119016055,1,1,0
148.0,2,1.0,1.0,Entire home/apt,46.21425,6.14675,5.0,3,4.997212273764115,1,1,0
180.0,4,2.0,1.0,Entire home/apt,46.189812,6.144594,4.63,30,5.19295685089021,1,1,0
110.0,2,1.0,1.0,Entire home/apt,46.21278,6.13047,4.78,36,4.700480365792417,1,1,0
190.0,2,1.0,1.0,Entire home/apt,46.19669,6.15918,5.0,2,5.247024072160486,1,1,0
108.0,2,1.0,1.0,Entire home/apt,46.20789,6.14222,5.0,2,4.68213122712422,1,1,0
65.0,1,1.0,1.0,Private room,46.21171,6.13218,4.64,190,4.174387269895637,1,0,0
83.0,2,1.0,1.0,Private room,46.18482,6.14869,4.72,25,4.418840607796598,1,0,0
133.0,2,1.0,1.0,Entire home/apt,46.21254,6.14705,1.0,1,4.890349128221754,1,1,0
58.0,1,1.0,1.5,Private room,46.21455,6.14677,5.0,7,4.060443010546419,1,1,0
108.0,2,0.0,1.0,Private room,46.20374,6.15922,4.86,58,4.68213122712422,1,1,1
135.0,2,1.0,1.0,Entire home/apt,46.18802,6.13411,1.0,1,4.90527477843843,1,1,0
180.0,5,3.0,2.0,Entire home/apt,46.20383,6.17663,0.0,0,5.19295685089021,0,0,0
250.0,6,1.0,0.5,Entire home/apt,46.27202339999999,6.141177400000001,0.0,0,5.521460917862246,0,1,0
75.0,1,1.0,1.0,Private room,46.20221,6.17516,0.0,0,4.31748811353631,1,0,0
93.0,2,1.0,1.0,Entire home/apt,46.1924568,6.1435472,4.73,186,4.532599493153256,1,1,0
128.0,3,1.0,1.0,Entire home/apt,46.20205,6.15559,4.86,28,4.852030263919617,1,1,1
2000.0,2,1.0,1.0,Entire home/apt,46.19285,6.1539,0.0,0,7.600902459542082,1,1,0
106.0,3,1.0,1.0,Entire home/apt,46.19505,6.14189,4.86,181,4.663439094112067,1,1,1
158.0,2,1.0,1.5,Entire home/apt,46.193930426210144,6.154481470584869,4.82,17,5.062595033026967,1,1,0
1051.0,8,4.0,4.0,Entire home/apt,46.19817,6.15079,0.0,0,6.957497370876951,1,1,1
349.0,4,2.0,2.5,Entire home/apt,46.18569,6.15485,0.0,0,5.855071922202427,1,1,0
146.0,4,1.0,1.0,Entire home/apt,46.21465,6.14766,4.48,115,4.983606621708336,1,0,0
132.0,2,1.0,1.0,Entire home/apt,46.30269284416841,6.243118084967136,4.85,13,4.882801922586371,0,1,0
72.0,2,0.0,1.5,Entire home/apt,46.2168317,6.1415007,4.78,9,4.276666119016055,1,1,0
96.0,2,1.0,1.0,Entire home/apt,46.2605,6.22937,4.9,10,4.564348191467836,0,1,0
85.0,2,1.0,1.0,Entire home/apt,46.21167,6.14797,0.0,0,4.442651256490317,0,0,0
129.0,4,2.0,1.5,Entire home/apt,46.2042466,6.1662386,5.0,4,4.859812404361672,1,1,0
227.0,5,2.0,1.5,Entire home/apt,46.202,6.16301,4.86,7,5.424950017481403,1,1,0
206.0,2,1.0,1.0,Entire home/apt,46.20773,6.16219,5.0,40,5.327876168789581,1,1,1
100.0,2,1.0,2.5,Entire home/apt,46.2088,6.12,5.0,11,4.605170185988092,1,1,0
78.0,2,0.0,1.0,Entire home/apt,46.22404,6.12645,4.83,41,4.356708826689592,1,1,0
110.0,2,0.0,1.0,Entire home/apt,46.20749,6.14469,4.72,79,4.700480365792417,1,1,1
60.0,1,1.0,1.0,Private room,46.17216,6.18269,4.93,27,4.0943445622221,1,0,0
131.0,3,1.0,1.0,Entire home/apt,46.2067,6.13174,4.82,45,4.875197323201151,1,1,0
171.0,3,1.0,1.0,Entire home/apt,46.20101,6.1664,5.0,16,5.14166355650266,1,1,0
227.0,6,4.0,2.5,Entire home/apt,46.16752,5.99867,5.0,3,5.424950017481403,1,1,1
115.0,3,2.0,1.0,Private room,46.20489,6.16035,4.33,3,4.74493212836325,1,1,0
72.0,2,1.0,1.0,Private room,46.19851,6.20821,5.0,2,4.276666119016055,1,0,1
102.0,3,1.0,1.0,Entire home/apt,46.19561,6.14349,4.81,42,4.624972813284271,1,1,1
73.0,4,2.0,2.0,Entire home/apt,46.20108,6.19822,4.0,1,4.290459441148391,1,1,0
225.0,6,4.0,2.0,Entire home/apt,46.16156,6.10388,4.4,5,5.41610040220442,1,1,0
190.0,2,2.0,1.0,Entire home/apt,46.19778,6.16347,0.0,0,5.247024072160486,1,1,0
450.0,4,2.0,2.0,Entire home/apt,46.1676155,6.1449082,5.0,1,6.1092475827643655,1,1,0
138.0,2,1.0,1.0,Entire home/apt,46.21347,6.14851,0.0,0,4.927253685157205,1,1,0
138.0,2,1.0,1.0,Entire home/apt,46.21218,6.14784,0.0,0,4.927253685157205,1,1,0
248.0,4,2.0,1.0,Entire home/apt,46.21431,6.14783,5.0,1,5.5134287461649825,1,1,0
165.0,2,1.0,1.0,Entire home/apt,46.20502,6.16217,0.0,0,5.10594547390058,1,1,0
137.0,4,2.0,1.5,Entire home/apt,46.21247,6.14909,4.67,27,4.919980925828125,1,1,0
2000.0,4,4.0,2.0,Entire home/apt,46.201982,6.1466705,0.0,0,7.600902459542082,1,1,0
86.0,2,1.0,1.0,Private room,46.20406,6.17178,4.5,18,4.454347296253507,1,1,0
80.0,2,0.0,1.0,Entire home/apt,46.21164,6.13432,4.64,14,4.382026634673881,1,1,0
129.0,2,1.0,1.0,Entire home/apt,46.20466241057461,6.159252593254094,4.94,52,4.859812404361672,1,1,0
55.0,2,1.0,1.0,Private room,46.23066679999999,6.121394700000001,4.77,472,4.007333185232471,1,1,0
53.0,3,1.0,1.0,Private room,46.20982,6.12386,4.78,18,3.970291913552122,1,1,0
91.0,2,1.0,1.0,Entire home/apt,46.20375,6.14455,4.8,5,4.51085950651685,1,1,0
121.0,3,1.0,1.0,Entire home/apt,46.17957,6.14341,4.88,8,4.795790545596741,1,1,0
95.0,2,1.0,1.0,Entire home/apt,46.2212,6.14716,4.78,92,4.553876891600541,1,1,0
119.0,4,2.0,1.0,Entire home/apt,46.19234,6.1421,4.87,46,4.77912349311153,1,1,0
198.0,2,1.0,1.0,Entire home/apt,46.22375,6.12422,4.88,17,5.288267030694535,1,1,0
181.0,2,1.0,1.0,Entire home/apt,46.22974,6.12759,5.0,2,5.198497031265826,1,1,1
87.0,2,1.0,1.0,Entire home/apt,46.21171,6.14496,4.33,15,4.465908118654584,1,1,0
102.0,2,1.0,1.0,Entire home/apt,46.21292,6.14563,4.5,6,4.624972813284271,1,1,0
144.0,2,1.0,1.0,Entire home/apt,46.2034,6.16124,0.0,0,4.969813299576001,1,1,1
73.0,1,1.0,1.0,Private room,46.26676,6.1253,5.0,1,4.290459441148391,1,1,1
150.0,3,2.0,1.5,Entire home/apt,46.19201899999999,6.162071699999999,4.94,16,5.0106352940962555,1,1,0
63.0,2,1.0,1.0,Private room,46.21836,6.12119,4.89,62,4.143134726391533,1,0,0
70.0,2,1.0,1.0,Entire home/apt,46.23196,6.26776,4.97,59,4.248495242049359,1,1,0
121.0,2,0.0,1.5,Private room,46.21563,6.13072,4.75,4,4.795790545596741,1,1,0
67.0,1,1.0,1.5,Private room,46.211706,6.132181,4.74,113,4.204692619390966,1,0,0
35.0,1,1.0,1.0,Private room,46.1728231,6.1143774,4.67,3,3.5553480614894135,1,1,0
189.0,4,1.0,2.0,Entire home/apt,46.26596,6.16191,3.0,1,5.241747015059643,1,1,1
276.0,4,2.0,2.0,Entire home/apt,46.20600859782339,6.174105307409672,5.0,4,5.62040086571715,1,1,0
212.0,2,1.0,1.0,Private room,46.20675,6.1944,5.0,1,5.356586274672012,1,1,0
92.0,2,1.0,1.0,Private room,46.19681,6.1389,4.58,81,4.5217885770490405,1,0,0
152.0,4,2.0,1.0,Entire home/apt,46.16552,6.11112,4.91,80,5.0238805208462765,1,1,0
113.0,2,1.0,1.0,Entire home/apt,46.19732,6.13723,4.85,52,4.727387818712341,1,1,0
107.0,2,1.0,1.0,Entire home/apt,46.21902,6.14861,4.68,112,4.672828834461906,1,1,0
112.0,2,2.0,1.0,Entire home/apt,46.21964,6.14161,4.88,51,4.718498871295094,1,1,0
90.0,2,1.0,1.0,Entire home/apt,46.20984,6.12511,4.71,7,4.499809670330265,1,1,1
885.0,4,2.0,2.0,Entire home/apt,46.20064,6.16175,4.92,12,6.785587645007929,1,1,1
101.0,2,1.0,1.0,Private room,46.19522439486491,6.139225028521083,0.0,0,4.61512051684126,1,1,1
58.0,1,1.0,1.0,Private room,46.23287,6.07739,5.0,1,4.060443010546419,1,0,0
99.0,2,1.0,1.0,Entire home/apt,46.1908519,6.137829,4.81,26,4.59511985013459,1,1,0
149.0,2,2.0,2.0,Private room,46.21284,6.14581,0.0,0,5.003946305945459,1,1,0
180.0,4,2.0,1.0,Entire home/apt,46.20364,6.14572,0.0,0,5.19295685089021,0,0,0
104.0,2,1.0,2.0,Entire home/apt,46.19929,6.15703,4.88,8,4.6443908991413725,1,1,0
2000.0,6,4.0,4.0,Entire home/apt,46.19026,6.16639,0.0,0,7.600902459542082,1,1,1
280.0,3,2.0,2.0,Entire home/apt,46.21385337325853,6.134705543518066,4.85,13,5.634789603169249,1,1,0
266.0,4,2.0,1.0,Entire home/apt,46.2074147,6.1316209,4.9,10,5.583496308781699,1,1,1
155.0,2,1.0,1.0,Entire home/apt,46.21032,6.14824,4.72,81,5.043425116919247,1,1,0
600.0,2,1.0,1.0,Entire home/apt,46.20558,6.14194,5.0,2,6.396929655216146,1,1,0
80.0,1,1.0,1.0,Private room,46.28909,6.16362,5.0,2,4.382026634673881,1,1,0
84.0,1,1.0,1.0,Private room,46.22094,6.12859,5.0,1,4.430816798843313,1,1,0
196.0,5,2.0,1.0,Entire home/apt,46.20706234987416,6.139196503704838,4.77,30,5.278114659230517,1,1,0
143.0,2,1.0,1.0,Private room,46.1992263,6.148228500000001,4.75,4,4.962844630259907,0,1,0
120.0,2,1.0,1.0,Entire home/apt,46.21831,6.14964,5.0,4,4.787491742782046,1,1,0
98.0,2,1.0,1.0,Entire home/apt,46.28641,6.16276,0.0,0,4.584967478670572,0,1,0
148.0,2,1.0,1.0,Entire home/apt,46.2131121,6.1475404,0.0,0,4.997212273764115,1,1,0
212.0,4,2.0,2.0,Entire home/apt,46.1896,6.1448,4.74,88,5.356586274672012,1,1,0
50.0,1,1.0,1.5,Private room,46.2079,6.13136,4.71,7,3.912023005428146,1,1,0
378.0,2,1.0,1.0,Entire home/apt,46.19954,6.17138,5.0,1,5.934894195619588,1,1,0
298.0,4,2.0,1.0,Entire home/apt,46.19867,6.14853,0.0,0,5.697093486505405,0,1,0
75.0,1,1.0,1.0,Private room,46.20165600000001,6.2233525,0.0,0,4.31748811353631,1,1,1
153.0,2,1.0,1.0,Entire home/apt,46.21501,6.13478,5.0,7,5.030437921392435,1,1,1
71.0,2,1.0,1.0,Entire home/apt,46.21271,6.15066,4.8,70,4.2626798770413155,1,1,0
150.0,4,1.0,1.0,Entire home/apt,46.21064,6.14817,0.0,0,5.0106352940962555,1,1,0
51.0,2,1.0,1.0,Private room,46.21716595614271,6.11903718961075,5.0,7,3.9318256327243257,0,0,0
199.0,2,1.0,1.0,Entire home/apt,46.20479,6.16281,5.0,16,5.293304824724492,1,1,0
334.0,15,5.0,3.5,Entire home/apt,46.20988,6.12416,4.86,7,5.811140992976701,1,1,0
139.0,4,1.0,1.0,Entire home/apt,46.19142,6.15544,4.87,60,4.9344739331306915,1,1,0
180.0,4,2.0,2.5,Entire home/apt,46.19716,6.14598,5.0,6,5.19295685089021,1,1,0
94.0,2,1.0,1.0,Entire home/apt,46.18581,6.15511,4.57,7,4.543294782270004,1,1,0
590.0,9,5.0,4.5,Entire home/apt,46.2436,6.13338,5.0,1,6.380122536899765,1,1,0
61.0,1,1.0,1.0,Private room,46.1928947,6.1438529,4.79,47,4.110873864173311,1,0,0
110.0,2,1.0,1.0,Entire home/apt,46.2078875,6.142183699999999,4.51,35,4.700480365792417,1,1,0
145.0,5,1.0,1.0,Entire home/apt,46.238487,6.0810586,4.92,13,4.976733742420574,1,1,0
202.0,1,1.0,1.0,Entire home/apt,46.2017389,6.1498352,0.0,0,5.308267697401205,1,1,0
130.0,2,1.0,1.0,Entire home/apt,46.21759,6.1319,4.13,15,4.867534450455582,1,1,0
300.0,6,3.0,2.0,Entire home/apt,46.25382,6.14348,0.0,0,5.703782474656201,1,1,0
81.0,2,1.0,1.0,Entire home/apt,46.1961,6.1499,4.67,51,4.394449154672439,1,1,0
96.0,3,1.0,1.0,Entire home/apt,46.21595,6.13622,4.86,84,4.564348191467836,1,1,0
159.0,4,3.0,1.5,Entire home/apt,46.20763,6.2001,0.0,0,5.0689042022202315,1,1,0
63.0,1,1.0,1.5,Private room,46.1970803,6.138798599999999,5.0,2,4.143134726391533,1,0,0
50.0,1,1.0,1.0,Private room,46.18444179999999,6.1461101,4.82,164,3.912023005428146,1,0,0
43.0,2,1.0,1.0,Private room,46.20737,6.07451,4.67,39,3.7612001156935624,1,1,1
121.0,2,1.0,1.0,Entire home/apt,46.22028453891014,6.147880542327875,4.0,1,4.795790545596741,1,1,0
120.0,1,1.0,1.0,Private room,46.20841,6.14168,5.0,15,4.787491742782046,1,0,1
160.0,2,1.0,1.0,Private room,46.20901094664951,6.141083544921884,4.71,24,5.075173815233827,1,0,1
180.0,4,2.0,1.0,Entire home/apt,46.19177,6.14617,4.71,7,5.19295685089021,1,1,0
84.0,2,1.0,1.0,Entire home/apt,46.20953,6.12779,4.67,42,4.430816798843313,1,1,0
69.0,2,1.0,1.0,Private room,46.197,6.14167,5.0,1,4.23410650459726,1,1,0
86.0,2,1.0,1.0,Private room,46.2002901057829,6.163110136985779,4.99,147,4.454347296253507,1,1,0
81.0,2,1.0,1.0,Private room,46.19655,6.1603,5.0,12,4.394449154672439,1,1,0
119.0,5,2.0,1.0,Entire home/apt,46.2106,6.14671,3.43,7,4.77912349311153,1,1,0
122.0,2,1.0,1.0,Entire home/apt,46.21283,6.14618,4.6,25,4.804021044733257,1,1,0
183.0,6,3.0,2.5,Entire home/apt,46.20298,6.18515,0.0,0,5.209486152841421,1,1,0
289.0,5,4.0,4.5,Entire home/apt,46.24313,6.208,0.0,0,5.666426688112432,1,1,0
137.0,2,1.0,1.0,Entire home/apt,46.19957,6.15938,4.95,100,4.919980925828125,1,1,0
165.0,5,1.0,1.0,Entire home/apt,46.20445,6.1602,4.77,108,5.10594547390058,1,1,0
50.0,2,1.0,1.5,Private room,46.20446,6.16964,4.72,141,3.912023005428146,1,1,1
120.0,1,1.0,1.0,Private room,46.20964,6.14093,4.67,3,4.787491742782046,1,0,1
140.0,2,1.0,1.0,Private room,46.21019,6.14107,5.0,4,4.941642422609304,1,0,1
67.0,2,1.0,1.0,Private room,46.2164,6.11989,4.0,7,4.204692619390966,0,1,0
120.0,1,1.0,1.0,Private room,46.209318,6.141718,4.75,12,4.787491742782046,1,0,1
131.0,2,1.0,1.0,Entire home/apt,46.20669,6.15945,4.86,7,4.875197323201151,1,1,0
160.0,2,1.0,1.0,Entire home/apt,46.20019,6.14981,0.0,0,5.075173815233827,1,1,0
65.0,1,1.0,1.0,Private room,46.23028,6.06797,4.97,30,4.174387269895637,1,1,0
90.0,1,1.0,1.0,Private room,46.22298,6.13379,5.0,18,4.499809670330265,1,1,0
120.0,2,1.0,1.0,Entire home/apt,46.1934226197854,6.145939640700817,0.0,0,4.787491742782046,0,1,0
168.0,2,1.0,1.0,Private room,46.21115,6.14793,0.0,0,5.123963979403259,1,1,1
69.0,1,1.0,1.5,Private room,46.2117052,6.1321764,4.67,3,4.23410650459726,1,1,0
226.0,4,2.0,1.0,Entire home/apt,46.20303,6.12181,4.79,24,5.420534999272286,1,1,0
189.0,3,2.0,1.0,Entire home/apt,46.20582,6.13066,4.71,58,5.241747015059643,1,1,0
65.0,1,1.0,1.0,Private room,46.1681895,6.1141267,4.72,25,4.174387269895637,1,1,0
270.0,4,2.0,2.0,Private room,46.209318,6.141718,4.84,82,5.598421958998375,1,0,1
143.0,2,0.0,1.5,Entire home/apt,46.21475050966509,6.147373951971531,4.72,53,4.962844630259907,1,1,0
90.0,2,1.0,1.0,Entire home/apt,46.21089390425591,6.136562973260879,5.0,1,4.499809670330265,0,1,0
95.0,2,1.0,1.0,Entire home/apt,46.20172,6.16592,4.91,164,4.553876891600541,1,1,1
130.0,4,1.0,1.0,Entire home/apt,46.21716,6.12184,4.44,32,4.867534450455582,1,1,0
228.0,5,2.0,2.0,Entire home/apt,46.20023,6.17278,4.62,52,5.429345628954441,1,1,0
135.0,4,1.0,1.0,Entire home/apt,46.19289,6.14525,4.81,37,4.90527477843843,1,1,0
64.0,2,1.0,1.5,Private room,46.21134,6.14521,4.83,40,4.1588830833596715,1,1,0
100.0,2,1.0,1.0,Entire home/apt,46.21044,6.14567,4.69,334,4.605170185988092,1,1,0
90.0,2,1.0,1.0,Entire home/apt,46.21506185308621,6.132512837648392,4.98,43,4.499809670330265,1,1,0
120.0,4,1.0,1.0,Entire home/apt,46.23094,6.07652,4.55,22,4.787491742782046,1,1,1
180.0,3,1.0,1.0,Private room,46.209318,6.141718,4.73,40,5.19295685089021,1,0,1
66.0,2,1.0,1.5,Private room,46.2168457,6.111439799999999,4.81,26,4.189654742026425,1,1,0
81.0,2,1.0,1.0,Entire home/apt,46.21166,6.14555,4.52,44,4.394449154672439,1,1,0
164.0,4,2.0,1.0,Entire home/apt,46.20392,6.16128,4.86,28,5.099866427824199,1,1,0
73.0,2,1.0,0.5,Private room,46.20911,6.13635,4.88,8,4.290459441148391,1,1,0
193.0,2,1.0,1.0,Entire home/apt,46.20923,6.14457,4.9,10,5.262690188904886,1,1,0
148.0,4,1.0,1.0,Entire home/apt,46.20557,6.15833,4.74,261,4.997212273764115,1,1,1
95.0,2,1.0,1.0,Private room,46.21638,6.13301,4.82,22,4.553876891600541,1,0,1
204.0,4,2.0,2.0,Private room,46.21611,6.13386,4.9,20,5.318119993844216,1,0,1
123.0,3,1.0,1.0,Private room,46.21528,6.13248,4.55,11,4.812184355372417,1,0,1
130.0,2,1.0,1.0,Entire home/apt,46.20729,6.14783,4.73,85,4.867534450455582,1,1,0
90.0,2,1.0,1.5,Private room,46.20079553334244,6.139409802854061,4.92,59,4.499809670330265,0,1,0
107.0,2,1.0,1.0,Entire home/apt,46.18241729447882,6.141165961376944,0.0,0,4.672828834461906,1,1,0
714.0,6,3.0,3.0,Entire home/apt,46.19296,6.15417,4.86,7,6.570882962339584,1,1,1
71.0,2,1.0,1.0,Entire home/apt,46.21097,6.12819,4.98,50,4.2626798770413155,1,1,0
96.0,2,1.0,1.0,Entire home/apt,46.2792942,6.1266221,0.0,0,4.564348191467836,0,1,0
106.0,2,1.0,1.0,Entire home/apt,46.21101,6.14838,4.7,10,4.663439094112067,0,1,0
58.0,1,1.0,1.0,Private room,46.17305,6.1806,5.0,11,4.060443010546419,1,0,0
153.0,2,1.0,1.5,Entire home/apt,46.2109192,6.147658,4.92,13,5.030437921392435,1,1,0
97.0,5,2.0,1.0,Entire home/apt,46.21475,6.12949,5.0,18,4.574710978503383,1,1,1
136.0,2,1.0,1.5,Entire home/apt,46.19648090673284,6.148259514819343,4.82,11,4.912654885736052,1,1,0
137.0,1,1.0,1.0,Entire home/apt,46.1882,6.15335,0.0,0,4.919980925828125,1,1,0
49.0,2,1.0,1.0,Private room,46.16986,6.15848,4.96,57,3.8918202981106265,1,1,0
100.0,4,1.0,1.0,Entire home/apt,46.20225,6.13944,4.64,70,4.605170185988092,1,1,0
64.0,2,1.0,1.0,Private room,46.19068,6.13617,4.88,103,4.1588830833596715,1,1,1
352.0,2,1.0,1.5,Entire home/apt,46.19917,6.14749,4.93,44,5.863631175598097,1,1,0
796.0,6,3.0,2.5,Entire home/apt,46.20113,6.1626,4.52,44,6.679599185844383,1,1,0
144.0,3,2.0,2.0,Entire home/apt,46.25776,6.14222,4.53,15,4.969813299576001,1,1,0
200.0,4,2.0,1.0,Entire home/apt,46.19188,6.15656,0.0,0,5.298317366548036,1,1,0
103.0,2,0.0,1.0,Entire home/apt,46.2150987,6.1290646,4.8,5,4.634728988229636,1,0,0
86.0,2,1.0,1.0,Private room,46.21716,6.14735,5.0,1,4.454347296253507,1,1,0
225.0,6,2.0,1.0,Entire home/apt,46.2038952,6.1577145,4.88,58,5.41610040220442,1,1,0
78.0,2,1.0,1.0,Entire home/apt,46.20134903101973,6.1276897593997575,4.71,48,4.356708826689592,1,1,0
78.0,2,1.0,1.0,Entire home/apt,46.187,6.15239,5.0,1,4.356708826689592,1,1,0
179.0,4,1.0,1.0,Entire home/apt,46.2031386,6.1446912,4.78,88,5.187385805840755,1,1,0
69.0,2,1.0,1.0,Private room,46.18963369999999,6.1423676,5.0,4,4.23410650459726,1,1,0
117.0,2,1.0,1.0,Entire home/apt,46.20368,6.16113,4.58,24,4.762173934797756,1,1,0
106.0,2,1.0,1.0,Entire home/apt,46.20330300000001,6.159154,4.87,52,4.663439094112067,1,1,0
73.0,2,1.0,1.0,Entire home/apt,46.19864,6.13631,4.51,47,4.290459441148391,1,1,0
149.0,2,1.0,1.0,Entire home/apt,46.20375,6.12909,5.0,1,5.003946305945459,1,1,0
96.0,3,0.0,1.0,Entire home/apt,46.19816,6.15768,4.56,108,4.564348191467836,1,1,0
222.0,6,3.0,1.0,Entire home/apt,46.25541,6.21062,4.93,43,5.402677381872279,1,1,0
56.0,1,1.0,1.0,Private room,46.19825,6.20834,5.0,1,4.02535169073515,1,1,0
179.0,4,2.0,2.0,Private room,46.21599,6.13179,4.57,14,5.187385805840755,1,0,1
113.0,5,2.0,1.0,Entire home/apt,46.21059281643593,6.147998064056506,3.0,2,4.727387818712341,1,1,0
77.0,2,1.0,1.0,Private room,46.21293,6.14794,4.87,23,4.343805421853684,1,1,0
85.0,2,1.0,1.0,Entire home/apt,46.1963913218599,6.141725088146716,4.92,26,4.442651256490317,1,1,1
175.0,2,1.0,1.0,Entire home/apt,46.18834,6.14265,0.0,0,5.1647859739235145,1,1,0
94.0,2,1.0,1.0,Private room,46.21524,6.13153,4.56,18,4.543294782270004,1,0,1
90.0,2,1.0,1.0,Private room,46.21652,6.13157,4.71,17,4.499809670330265,1,0,1
83.0,1,1.0,1.0,Private room,46.21583,6.13175,4.71,14,4.418840607796598,1,0,1
96.0,2,1.0,1.0,Entire home/apt,46.20577,6.13354,5.0,1,4.564348191467836,1,1,0
179.0,4,2.0,1.5,Entire home/apt,46.19223,6.13637,4.47,17,5.187385805840755,1,1,0
94.0,1,1.0,1.0,Private room,46.21523,6.13165,4.67,24,4.543294782270004,1,0,1
83.0,1,1.0,1.0,Private room,46.21469,6.13385,4.77,30,4.418840607796598,1,0,1
90.0,2,1.0,1.0,Private room,46.1963374,6.144236299999999,4.9,39,4.499809670330265,1,0,0
96.0,2,1.0,1.0,Entire home/apt,46.209910617167886,6.13947208170568,5.0,1,4.564348191467836,1,1,0
86.0,2,1.0,1.5,Private room,46.20149,6.16123,4.75,8,4.454347296253507,1,1,0
103.0,2,1.0,1.0,Private room,46.2429376,6.2052824,5.0,12,4.634728988229636,1,1,0
78.0,1,1.0,1.0,Private room,46.20926559999999,6.148042299999999,5.0,3,4.356708826689592,0,0,0
200.0,4,2.0,1.0,Entire home/apt,46.2061027,6.1627708,0.0,0,5.298317366548036,1,1,0
245.0,4,2.0,1.0,Entire home/apt,46.220512,6.240786,0.0,0,5.501258210544727,1,1,0
150.0,2,1.0,1.0,Entire home/apt,46.20243,6.13899,0.0,0,5.0106352940962555,1,1,0
321.0,5,3.0,1.0,Entire home/apt,46.19216230409994,6.2018590191542815,5.0,2,5.771441123130016,1,1,0
70.0,1,1.0,1.0,Private room,46.17241,6.1811,5.0,20,4.248495242049359,1,0,0
225.0,7,4.0,2.5,Entire home/apt,46.24347,6.19397,5.0,20,5.41610040220442,1,1,0
60.0,2,1.0,1.0,Private room,46.21511,6.14773,0.0,0,4.0943445622221,1,1,0
85.0,2,1.0,1.0,Private room,46.2279671,6.1166224,4.59,34,4.442651256490317,1,1,1
103.0,4,1.0,1.0,Entire home/apt,46.19196,6.14369,4.5,6,4.634728988229636,1,1,1
103.0,2,1.0,1.0,Entire home/apt,46.21045,6.14794,4.59,64,4.634728988229636,1,1,0
79.0,1,1.0,2.0,Private room,46.196693810731865,6.161994169311509,4.88,25,4.3694478524670215,1,0,0
100.0,2,1.0,1.0,Entire home/apt,46.19013,6.13591,5.0,3,4.605170185988092,1,1,0
203.0,3,1.0,1.0,Entire home/apt,46.20304,6.15911,4.86,71,5.313205979041787,1,1,0
85.0,2,1.0,1.0,Entire home/apt,46.27493,6.15977,4.94,17,4.442651256490317,1,1,0
200.0,2,1.0,1.0,Private room,46.19764,6.19307,0.0,0,5.298317366548036,1,1,0
114.0,2,1.0,1.0,Entire home/apt,46.20823,6.13581,4.0,1,4.736198448394496,1,1,0
91.0,2,1.0,1.0,Entire home/apt,46.196696582226686,6.144139878451824,4.88,24,4.51085950651685,1,1,0
182.0,2,0.0,1.0,Entire home/apt,46.20331,6.15469,0.0,0,5.204006687076795,1,1,1
63.0,1,1.0,1.0,Entire home/apt,46.2109801,6.146731,0.0,0,4.143134726391533,0,1,0
55.0,1,1.0,1.5,Private room,46.21026,6.13764,4.96,28,4.007333185232471,1,0,0
130.0,2,0.0,1.0,Entire home/apt,46.20288439999999,6.160951799999999,4.78,73,4.867534450455582,1,1,0
46.0,1,1.0,1.0,Private room,46.19862,6.14006,5.0,3,3.828641396489095,1,1,0
224.0,3,2.0,1.0,Entire home/apt,46.17795417752872,6.135472320020199,0.0,0,5.4116460518550396,1,1,0
75.0,4,1.0,1.0,Entire home/apt,46.2082825,6.1434471,4.5,2,4.31748811353631,1,1,1
73.0,2,1.0,1.0,Private room,46.20426,6.09826,4.83,6,4.290459441148391,1,0,0
132.0,2,1.0,1.0,Entire home/apt,46.20617,6.135,0.0,0,4.882801922586371,1,1,0
125.0,2,1.0,1.0,Entire home/apt,46.2711219,6.2213828,5.0,7,4.8283137373023015,1,1,0
164.0,4,2.0,1.5,Entire home/apt,46.21059,6.13464,4.97,59,5.099866427824199,1,1,0
52.0,1,1.0,1.0,Private room,46.2170324,6.0911893,4.77,95,3.9512437185814275,1,1,1
162.0,4,2.0,1.0,Entire home/apt,46.1884,6.14625,4.6,5,5.087596335232384,1,1,0
83.0,4,0.0,1.0,Entire home/apt,46.18909106545012,6.146002230834448,4.61,33,4.418840607796598,1,1,0
164.0,4,2.0,1.0,Entire home/apt,46.20406,6.13873,4.79,185,5.099866427824199,1,1,0
115.0,2,1.0,1.0,Entire home/apt,46.21161,6.14797,4.5,2,4.74493212836325,1,1,0
176.0,4,2.0,2.0,Entire home/apt,46.17607,6.14262,0.0,0,5.170483995038151,1,1,0
117.0,4,1.0,1.0,Entire home/apt,46.29212,6.16206,4.97,29,4.762173934797756,1,1,0
95.0,2,1.0,1.0,Entire home/apt,46.20707,6.14808,4.81,36,4.553876891600541,1,1,0
109.0,4,0.0,1.0,Entire home/apt,46.20262,6.15657,4.79,241,4.6913478822291435,1,1,0
129.0,2,1.0,1.0,Entire home/apt,46.21531,6.1344,5.0,25,4.859812404361672,1,1,0
78.0,4,2.0,1.5,Entire home/apt,46.2104,6.124,4.75,16,4.356708826689592,1,1,0
50.0,1,1.0,1.0,Private room,46.22631676650151,6.11590839325407,4.92,13,3.912023005428146,1,1,0
270.0,5,2.0,2.0,Entire home/apt,46.20107,6.16292,4.94,18,5.598421958998375,1,1,0
200.0,4,2.0,1.0,Entire home/apt,46.21431969379194,6.14740714430809,4.43,87,5.298317366548036,1,1,0
81.0,1,1.0,1.0,Private room,46.22076999999999,6.1483833,0.0,0,4.394449154672439,0,1,0
112.0,2,1.0,1.0,Entire home/apt,46.20136,6.14964,4.67,54,4.718498871295094,1,1,0
57.0,1,1.0,1.0,Private room,46.18331,6.14358,4.75,20,4.04305126783455,1,0,0
1888.0,4,3.0,3.0,Entire home/apt,46.20479,6.14523,0.0,0,7.543273346705446,1,1,1
147.0,4,2.0,1.5,Entire home/apt,46.2931,6.16435,4.64,14,4.990432586778736,1,1,0
77.0,2,1.0,1.0,Entire home/apt,46.20153,6.16262,5.0,10,4.343805421853684,1,1,0
97.0,2,1.0,1.0,Entire home/apt,46.19465,6.14608,4.98,42,4.574710978503383,1,1,0
47.0,1,1.0,1.0,Private room,46.17511,6.12268,4.93,28,3.8501476017100584,1,1,1
144.0,4,3.0,1.5,Entire home/apt,46.2123922,6.1413968,5.0,4,4.969813299576001,1,1,0
45.0,2,1.0,1.0,Entire home/apt,46.19552,6.2057,0.0,0,3.8066624897703196,0,1,0
143.0,2,1.0,1.0,Entire home/apt,46.19936,6.13961,4.63,68,4.962844630259907,1,1,0
100.0,2,1.0,1.5,Entire home/apt,46.188348380625165,6.154180174515228,5.0,12,4.605170185988092,1,1,0
135.0,2,1.0,1.0,Entire home/apt,46.18973,6.13356,3.0,1,4.90527477843843,1,1,0
91.0,3,1.0,1.0,Entire home/apt,46.21349,6.1491,4.86,57,4.51085950651685,1,1,0
194.0,5,3.0,1.0,Entire home/apt,46.21134,6.13234,4.73,11,5.267858159063328,1,1,0
210.0,2,1.0,1.0,Entire home/apt,46.19855,6.16492,0.0,0,5.3471075307174685,1,1,0
99.0,2,1.0,1.0,Private room,46.21839,6.09236,5.0,16,4.59511985013459,1,1,0
129.0,2,1.0,1.0,Entire home/apt,46.20406,6.13407,3.2,5,4.859812404361672,1,1,1
118.0,2,1.0,1.0,Entire home/apt,46.209329,6.147859,4.78,45,4.770684624465665,1,1,0
108.0,2,1.0,1.0,Entire home/apt,46.2060358,6.1620537,4.33,6,4.68213122712422,1,1,0
98.0,2,1.0,1.0,Entire home/apt,46.18828,6.156,0.0,0,4.584967478670572,1,1,0
74.0,2,1.0,2.0,Private room,46.21475,6.14891,4.82,22,4.30406509320417,1,1,0
200.0,2,1.0,1.0,Entire home/apt,46.19464,6.15572,4.82,17,5.298317366548036,0,1,0
67.0,1,1.0,1.0,Private room,46.2066656,6.135387499999999,5.0,9,4.204692619390966,1,1,0
405.0,4,2.0,2.0,Entire home/apt,46.20705,6.16333,5.0,15,6.003887067106539,1,1,0
136.0,2,0.0,1.0,Entire home/apt,46.20208,6.13907,4.5,6,4.912654885736052,0,1,0
59.0,2,1.0,1.0,Private room,46.19743,6.20168,4.92,12,4.07753744390572,1,1,0
95.0,2,1.0,1.0,Private room,46.19860976268235,6.137019421594962,4.95,20,4.553876891600541,1,1,0
145.0,2,1.0,1.0,Entire home/apt,46.19927874693245,6.149387094581584,4.89,81,4.976733742420574,1,1,1
135.0,4,1.0,0.0,Entire home/apt,46.20361,6.15776,4.81,47,4.90527477843843,1,1,0
99.0,2,1.0,1.0,Private room,46.19401,6.14474,0.0,0,4.59511985013459,1,1,0
72.0,2,1.0,1.0,Private room,46.20922,6.14807,0.0,0,4.276666119016055,0,0,0
96.0,2,1.0,1.0,Entire home/apt,46.19233,6.16327,0.0,0,4.564348191467836,1,1,0
200.0,2,1.0,1.5,Entire home/apt,46.19887,6.16394,4.6,5,5.298317366548036,1,1,0
139.0,2,1.0,1.0,Entire home/apt,46.25025523608031,6.150758031032564,4.86,7,4.9344739331306915,1,1,1
55.0,2,1.0,1.0,Private room,46.2204959,6.1289908,5.0,1,4.007333185232471,1,1,0
69.0,2,1.0,1.0,Private room,46.1940725477613,6.1439838140524605,4.8,5,4.23410650459726,1,1,0
55.0,2,1.0,1.0,Private room,46.193998280794034,6.143933726983648,4.1,10,4.007333185232471,1,1,0
110.0,5,1.0,1.0,Entire home/apt,46.21012,6.14643,4.36,14,4.700480365792417,1,1,0
128.0,4,1.0,1.0,Entire home/apt,46.20778716141539,6.135064288973808,5.0,5,4.852030263919617,1,1,1
140.0,2,1.0,1.0,Entire home/apt,46.20678,6.16032,0.0,0,4.941642422609304,1,1,0
540.0,8,4.0,2.0,Entire home/apt,46.20022,6.16474,4.9,10,6.29156913955832,1,1,0
109.0,2,1.0,1.0,Private room,46.19605,6.14401,5.0,1,4.6913478822291435,1,1,0
40.0,3,1.0,1.0,Private room,46.21131,6.12313,4.62,21,3.6888794541139363,1,0,0
53.0,1,1.0,1.0,Private room,46.2547319,6.1360777,0.0,0,3.970291913552122,1,1,0
137.0,2,1.0,1.0,Entire home/apt,46.207042,6.143588,4.59,27,4.919980925828125,1,1,0
180.0,3,1.0,1.0,Entire home/apt,46.21171,6.14718,4.91,23,5.19295685089021,1,1,0
80.0,1,1.0,1.5,Private room,46.21425,6.12553,5.0,76,4.382026634673881,1,0,0
148.0,2,0.0,1.5,Entire home/apt,46.20285,6.15712,4.67,9,4.997212273764115,1,1,0
45.0,2,0.0,1.0,Private room,46.19915,6.1404,5.0,14,3.8066624897703196,1,1,0
354.0,4,2.0,2.0,Entire home/apt,46.21597212152128,6.131611449060697,5.0,3,5.869296913133774,1,1,0
126.0,3,1.0,1.0,Entire home/apt,46.203717840195615,6.144472589047874,5.0,16,4.836281906951478,1,1,0
149.0,2,1.0,1.0,Entire home/apt,46.19031,6.1643,0.0,0,5.003946305945459,1,1,0
77.0,2,1.0,1.5,Entire home/apt,46.19302,6.14017,4.2,5,4.343805421853684,1,1,1
63.0,2,1.0,1.0,Entire home/apt,46.19573,6.20009,5.0,6,4.143134726391533,1,1,0
171.0,4,4.0,1.5,Entire home/apt,46.1957284,6.1948259,5.0,3,5.14166355650266,1,1,0
67.0,2,0.0,0.0,Entire home/apt,46.194083459068736,6.163437504577153,5.0,5,4.204692619390966,1,1,0
131.0,2,1.0,1.0,Entire home/apt,46.21,6.14645,4.5,8,4.875197323201151,1,1,0
136.0,2,1.0,1.0,Entire home/apt,46.20759,6.14142,4.59,22,4.912654885736052,1,1,0
195.0,2,1.0,1.0,Entire home/apt,46.23043,6.12238,5.0,1,5.272999558563747,1,1,0
119.0,2,1.0,1.0,Entire home/apt,46.190025,6.144346,4.71,7,4.77912349311153,1,1,0
90.0,3,1.0,1.0,Entire home/apt,46.2087076,6.1392316,4.38,45,4.499809670330265,1,1,0
159.0,2,1.0,1.0,Entire home/apt,46.2014559,6.1370536,4.95,19,5.0689042022202315,1,1,0
139.0,2,1.0,1.0,Entire home/apt,46.22242,6.11706,5.0,1,4.9344739331306915,1,1,0
91.0,4,1.0,1.0,Entire home/apt,46.19493,6.14627,4.38,90,4.51085950651685,1,1,0
135.0,2,3.0,1.0,Entire home/apt,46.20589,6.14468,4.86,14,4.90527477843843,1,1,0
229.0,2,1.0,1.0,Entire home/apt,46.2120189,6.1500805,4.75,16,5.43372200355424,1,1,0
108.0,2,1.0,2.0,Private room,46.18616687174231,6.14494688808918,0.0,0,4.68213122712422,1,1,0
106.0,3,1.0,1.0,Entire home/apt,46.20123,6.16063,4.81,21,4.663439094112067,1,1,0
70.0,2,1.0,1.0,Entire home/apt,46.21523,6.14665,3.0,2,4.248495242049359,1,1,0
85.0,1,1.0,1.0,Private room,46.2092017,6.144925,4.8,60,4.442651256490317,1,1,0
98.0,4,1.0,1.0,Entire home/apt,46.21038425727944,6.149032303704827,4.65,23,4.584967478670572,1,1,0
113.0,2,1.0,1.0,Entire home/apt,46.2078875,6.142183699999999,4.69,16,4.727387818712341,1,1,0
57.0,2,1.0,1.0,Entire home/apt,46.19725,6.1411,5.0,1,4.04305126783455,1,1,0
219.0,6,3.0,2.0,Entire home/apt,46.180367,6.1402278,4.88,52,5.389071729816501,1,1,0
78.0,2,0.0,1.5,Entire home/apt,46.18719,6.12325,5.0,8,4.356708826689592,1,1,0
82.0,2,1.0,1.0,Entire home/apt,46.26447,6.15711,0.0,0,4.406719247264253,1,1,0
360.0,6,3.0,2.5,Entire home/apt,46.2334,6.12162,4.83,6,5.886104031450156,1,1,0
109.0,1,1.0,1.0,Entire home/apt,46.19778,6.17327,5.0,1,4.6913478822291435,1,1,1
128.0,2,0.0,1.0,Entire home/apt,46.21399,6.14692,0.0,0,4.852030263919617,1,1,0
128.0,2,0.0,1.0,Entire home/apt,46.21486,6.14653,0.0,0,4.852030263919617,1,1,0
114.0,2,1.0,1.0,Entire home/apt,46.19746244176542,6.146138042961796,4.78,9,4.736198448394496,1,1,0
46.0,2,1.0,1.0,Private room,46.19454,6.11356,5.0,57,3.828641396489095,1,0,0
126.0,4,2.0,1.0,Entire home/apt,46.19602,6.1544,4.94,62,4.836281906951478,1,1,0
98.0,2,1.0,1.0,Private room,46.21801288206041,6.141685313464326,5.0,13,4.584967478670572,1,1,0
115.0,2,0.0,1.0,Entire home/apt,46.19396,6.1555,0.0,0,4.74493212836325,1,1,0
186.0,4,1.0,1.0,Entire home/apt,46.2034,6.15855,4.81,58,5.225746673713202,1,1,0
65.0,2,1.0,1.0,Private room,46.20845,6.14218,4.43,7,4.174387269895637,1,1,0
123.0,2,0.0,1.0,Entire home/apt,46.21471,6.14705,4.5,2,4.812184355372417,1,1,0
128.0,2,0.0,1.0,Entire home/apt,46.21357,6.148,3.67,3,4.852030263919617,1,1,0
128.0,2,0.0,1.0,Entire home/apt,46.21489,6.14792,4.0,1,4.852030263919617,1,1,0
128.0,2,0.0,1.0,Entire home/apt,46.21414,6.14654,4.33,3,4.852030263919617,1,1,0
128.0,2,0.0,1.0,Entire home/apt,46.2155,6.14629,5.0,1,4.852030263919617,1,1,0
128.0,2,0.0,1.0,Entire home/apt,46.21391,6.14692,4.67,3,4.852030263919617,1,1,0
128.0,2,0.0,1.0,Entire home/apt,46.21513,6.14835,0.0,0,4.852030263919617,1,1,0
128.0,2,0.0,1.0,Entire home/apt,46.21338,6.14773,0.0,0,4.852030263919617,1,1,0
128.0,2,0.0,1.0,Entire home/apt,46.21386,6.14695,0.0,0,4.852030263919617,1,1,0
128.0,2,0.0,1.0,Entire home/apt,46.21545,6.14807,5.0,1,4.852030263919617,1,1,0
125.0,2,0.0,1.0,Entire home/apt,46.21409,6.14665,4.0,1,4.8283137373023015,1,1,0
128.0,2,0.0,1.0,Entire home/apt,46.21512,6.14667,0.0,0,4.852030263919617,1,1,0
125.0,2,0.0,1.0,Entire home/apt,46.21482,6.14656,0.0,0,4.8283137373023015,1,1,0
148.0,2,1.0,1.0,Entire home/apt,46.21248,6.14871,5.0,1,4.997212273764115,1,1,0
238.0,4,2.0,1.0,Entire home/apt,46.21412,6.14826,4.67,3,5.472270673671475,1,1,0
148.0,2,1.0,1.0,Entire home/apt,46.21392,6.14796,0.0,0,4.997212273764115,1,1,0
148.0,2,1.0,1.0,Entire home/apt,46.21402,6.14849,5.0,1,4.997212273764115,1,1,0
148.0,2,1.0,1.0,Entire home/apt,46.21223,6.14823,0.0,0,4.997212273764115,1,1,0
138.0,2,1.0,1.0,Entire home/apt,46.21282,6.14807,0.0,0,4.927253685157205,1,1,0
138.0,2,1.0,1.0,Entire home/apt,46.21286,6.1482,3.5,2,4.927253685157205,1,1,0
123.0,2,0.0,1.0,Entire home/apt,46.21423,6.14654,0.0,0,4.812184355372417,1,1,0
138.0,2,1.0,1.0,Entire home/apt,46.21405,6.14715,0.0,0,4.927253685157205,1,1,0
77.0,1,1.0,1.0,Private room,46.18847,6.13867,5.0,1,4.343805421853684,1,1,0
452.0,4,2.0,1.0,Entire home/apt,46.19843,6.15559,4.97,34,6.113682179832232,1,1,0
45.0,2,1.0,1.0,Private room,46.20675,6.19537,5.0,11,3.8066624897703196,1,1,0
135.0,2,0.0,1.0,Entire home/apt,46.18813,6.13555,0.0,0,4.90527477843843,1,1,0
135.0,2,0.0,1.0,Entire home/apt,46.18797,6.13368,5.0,1,4.90527477843843,1,1,0
121.0,2,0.0,1.0,Entire home/apt,46.19019,6.13387,0.0,0,4.795790545596741,1,1,0
135.0,2,0.0,1.0,Entire home/apt,46.1885,6.13525,0.0,0,4.90527477843843,1,1,0
124.0,2,0.0,1.0,Entire home/apt,46.18876,6.13543,0.0,0,4.820281565605037,1,1,0
135.0,2,0.0,1.0,Entire home/apt,46.1894,6.13425,0.0,0,4.90527477843843,1,1,0
135.0,2,0.0,1.0,Entire home/apt,46.18815,6.13367,0.0,0,4.90527477843843,1,1,0
135.0,2,0.0,1.0,Entire home/apt,46.18801,6.13485,0.0,0,4.90527477843843,1,1,0
135.0,2,0.0,1.0,Entire home/apt,46.18944,6.13576,0.0,0,4.90527477843843,1,1,0
135.0,2,0.0,1.0,Entire home/apt,46.18877,6.13506,4.0,1,4.90527477843843,1,1,0
135.0,2,0.0,1.0,Entire home/apt,46.18788,6.13387,2.5,2,4.90527477843843,1,1,0
122.0,2,0.0,1.0,Entire home/apt,46.18783,6.13434,5.0,1,4.804021044733257,1,1,0
135.0,2,0.0,1.0,Entire home/apt,46.18851,6.13384,0.0,0,4.90527477843843,1,1,0
122.0,2,0.0,1.0,Entire home/apt,46.18956,6.13394,0.0,0,4.804021044733257,1,1,0
135.0,2,0.0,1.0,Entire home/apt,46.18824,6.13491,0.0,0,4.90527477843843,1,1,0
135.0,2,0.0,1.0,Entire home/apt,46.18968,6.13435,0.0,0,4.90527477843843,1,1,0
122.0,2,0.0,1.0,Entire home/apt,46.18941,6.13497,0.0,0,4.804021044733257,1,1,0
135.0,2,0.0,1.0,Entire home/apt,46.18803,6.13503,0.0,0,4.90527477843843,1,1,0
135.0,2,0.0,1.0,Entire home/apt,46.18791,6.13542,0.0,0,4.90527477843843,1,1,0
135.0,2,0.0,1.0,Entire home/apt,46.18862,6.13516,5.0,1,4.90527477843843,1,1,0
135.0,2,0.0,1.0,Entire home/apt,46.18965,6.1343,4.25,4,4.90527477843843,1,1,0
135.0,2,0.0,1.0,Entire home/apt,46.18855,6.13506,5.0,3,4.90527477843843,1,1,0
115.0,2,0.0,1.0,Entire home/apt,46.2135809,6.150329999999999,4.63,38,4.74493212836325,1,1,0
115.0,5,2.0,1.0,Entire home/apt,46.1772729,6.0731099,4.88,8,4.74493212836325,0,1,0
95.0,2,1.0,1.0,Entire home/apt,46.20981,6.14682,4.7,43,4.553876891600541,1,1,0
60.0,1,1.0,0.5,Private room,46.24632,6.13965,4.92,24,4.0943445622221,1,0,0
122.0,4,1.0,1.0,Entire home/apt,46.22646,6.10957,4.63,16,4.804021044733257,1,1,0
104.0,2,1.0,1.0,Entire home/apt,46.21424,6.13208,5.0,1,4.6443908991413725,1,1,0
131.0,2,1.0,1.0,Entire home/apt,46.1840462,6.0981979,5.0,3,4.875197323201151,1,1,0
232.0,4,2.0,2.0,Entire home/apt,46.2033655,6.184675200000001,4.95,61,5.44673737166631,1,1,0
95.0,3,1.0,1.0,Entire home/apt,46.19497,6.14531,0.0,0,4.553876891600541,0,0,0
116.0,3,1.0,1.0,Entire home/apt,46.20109,6.14898,4.73,75,4.7535901911063645,1,1,0
159.0,2,1.0,1.0,Entire home/apt,46.20104,6.16258,4.93,43,5.0689042022202315,1,1,0
181.0,2,1.0,1.0,Entire home/apt,46.21448090072573,6.146896407185776,4.93,30,5.198497031265826,1,1,0
148.0,2,1.0,1.0,Entire home/apt,46.21415,6.14789,2.0,1,4.997212273764115,1,1,0
94.0,6,3.0,3.0,Entire home/apt,46.221494,6.12384,5.0,4,4.543294782270004,1,1,0
150.0,2,2.0,1.0,Entire home/apt,46.20663,6.14055,4.2,5,5.0106352940962555,1,1,0
117.0,4,2.0,1.5,Entire home/apt,46.19525,6.11645,0.0,0,4.762173934797756,1,1,1
132.0,2,1.0,1.0,Entire home/apt,46.20659,6.14218,4.38,13,4.882801922586371,1,1,0
117.0,4,2.0,1.5,Entire home/apt,46.19483,6.11593,0.0,0,4.762173934797756,1,1,1
50.0,2,1.0,1.0,Private room,46.22532,6.11679,5.0,2,3.912023005428146,1,1,0
360.0,2,1.0,1.0,Entire home/apt,46.2034902,6.1486126,0.0,0,5.886104031450156,1,1,0
86.0,2,1.0,1.5,Entire home/apt,46.20652,6.14316,5.0,7,4.454347296253507,1,1,0
63.0,3,1.0,1.0,Private room,46.21478,6.03262,4.84,50,4.143134726391533,1,0,0
72.0,2,1.0,0.5,Private room,46.21187,6.13882,5.0,11,4.276666119016055,1,1,0
50.0,1,1.0,2.0,Private room,46.2034998,6.1738334,4.91,44,3.912023005428146,1,1,0
59.0,1,1.0,0.0,Private room,46.20404,6.17339,5.0,4,4.07753744390572,1,1,0
81.0,2,1.0,1.0,Private room,46.1998678,6.1388893,4.84,68,4.394449154672439,1,1,0
108.0,2,1.0,1.0,Entire home/apt,46.20574,6.18328,4.88,34,4.68213122712422,1,1,0
1035.0,12,6.0,4.0,Entire home/apt,46.17233,6.15727,0.0,0,6.942156705699469,1,1,0
40.0,2,1.0,1.0,Private room,46.17179,6.11547,0.0,0,3.6888794541139363,1,1,0
81.0,3,2.0,1.0,Entire home/apt,46.17167,6.11522,0.0,0,4.394449154672439,1,1,0
105.0,2,1.0,1.0,Entire home/apt,46.19332,6.14482,5.0,9,4.653960350157523,1,1,0
187.0,2,1.0,1.0,Entire home/apt,46.20504,6.15863,4.4,10,5.231108616854587,1,1,0
60.0,1,1.0,1.0,Private room,46.20675579836517,6.119503293550841,4.72,69,4.0943445622221,1,0,0
91.0,2,1.0,1.0,Entire home/apt,46.2417,6.15084,4.88,8,4.51085950651685,1,1,0
186.0,2,2.0,2.0,Entire home/apt,46.21101,6.14942,0.0,0,5.225746673713202,1,1,1
146.0,2,1.0,1.0,Entire home/apt,46.21919283022132,6.092472895718766,0.0,0,4.983606621708336,1,1,0
52.0,1,1.0,1.0,Entire home/apt,46.19644,6.14143,0.0,0,3.9512437185814275,1,1,0
111.0,2,1.0,1.0,Entire home/apt,46.21296460000001,6.1492353,0.0,0,4.709530201312334,1,1,0
117.0,3,1.0,1.0,Entire home/apt,46.20802,6.13011,5.0,6,4.762173934797756,1,1,0
240.0,6,2.0,1.0,Entire home/apt,46.20246,6.13771,4.75,4,5.480638923341991,1,1,0
196.0,4,2.0,2.0,Entire home/apt,46.19452,6.15255,4.89,9,5.278114659230517,1,1,0
180.0,6,2.0,1.5,Entire home/apt,46.18889,6.15364,4.84,19,5.19295685089021,1,1,0
62.0,2,1.0,1.0,Private room,46.2033,6.1815,0.0,0,4.127134385045092,0,1,0
196.0,2,1.0,1.0,Entire home/apt,46.19709,6.16385,5.0,6,5.278114659230517,1,1,0
143.0,7,3.0,2.5,Entire home/apt,46.20916,6.12468,4.6,15,4.962844630259907,1,1,0
134.0,2,0.0,1.0,Entire home/apt,46.20365,6.15969,4.65,48,4.897839799950911,1,1,0
143.0,1,1.0,1.0,Entire home/apt,46.19034,6.14245,0.0,0,4.962844630259907,0,1,0
54.0,2,1.0,1.0,Private room,46.21084,6.10684,4.17,6,3.9889840465642745,1,1,0
49.0,2,1.0,1.0,Private room,46.20951970000001,6.1077387,5.0,5,3.8918202981106265,1,1,0
146.0,2,1.0,1.0,Entire home/apt,46.21251,6.14803,4.0,3,4.983606621708336,1,1,0
104.0,2,1.0,1.0,Private room,46.2175,6.14763,5.0,6,4.6443908991413725,1,1,0
129.0,2,0.0,1.0,Entire home/apt,46.2225,6.13184,4.0,3,4.859812404361672,0,1,0
91.0,2,1.0,1.0,Entire home/apt,46.23587,6.12649,4.81,52,4.51085950651685,1,1,0
263.0,3,2.0,1.0,Entire home/apt,46.2099166,6.148325,4.83,36,5.572154032177765,1,1,0
95.0,2,1.0,1.5,Entire home/apt,46.20258,6.1025,5.0,2,4.553876891600541,1,1,0
89.0,2,0.0,0.0,Entire home/apt,46.20061,6.13528,5.0,15,4.48863636973214,1,1,0
142.0,2,1.0,1.0,Entire home/apt,46.19648,6.14398,4.94,16,4.955827057601261,1,1,1
78.0,4,1.0,1.0,Entire home/apt,46.21317,6.11961,5.0,2,4.356708826689592,0,1,0
131.0,2,0.0,1.0,Entire home/apt,46.20531,6.15953,0.0,0,4.875197323201151,1,1,0
76.0,1,1.0,1.0,Private room,46.2169187,6.1191041,5.0,4,4.330733340286331,1,1,0
89.0,2,1.0,1.0,Entire home/apt,46.20314,6.13486,4.7,223,4.48863636973214,1,1,0
68.0,2,1.0,1.0,Entire home/apt,46.183065318259416,6.140273730163592,4.68,28,4.219507705176107,1,1,0
159.0,4,2.0,1.0,Entire home/apt,46.20519,6.12783,0.0,0,5.0689042022202315,1,1,0
100.0,2,2.0,1.0,Private room,46.347589,6.2031974,0.0,0,4.605170185988092,1,1,0
188.0,4,2.0,1.0,Entire home/apt,46.21445,6.14886,4.25,4,5.236441962829949,1,1,0
81.0,1,1.0,2.0,Private room,46.20975,6.14834,5.0,4,4.394449154672439,0,1,0
119.0,3,2.0,1.0,Entire home/apt,46.21165,6.12915,5.0,1,4.77912349311153,1,1,0
169.0,3,2.0,1.0,Entire home/apt,46.21967,6.12824,5.0,3,5.1298987149230735,1,1,0
101.0,2,1.0,1.0,Entire home/apt,46.21239,6.15082,0.0,0,4.61512051684126,1,1,0
108.0,3,1.0,1.0,Entire home/apt,46.20238,6.16218,4.17,6,4.68213122712422,1,1,0
81.0,2,1.0,1.0,Private room,46.1972,6.14292,5.0,2,4.394449154672439,1,1,0
80.0,2,1.0,1.0,Private room,46.1964449,6.142363,5.0,1,4.382026634673881,1,1,0
175.0,3,1.0,1.0,Entire home/apt,46.21,6.14947,4.9,20,5.1647859739235145,1,1,0
48.0,1,1.0,1.0,Private room,46.2109,6.14641,5.0,4,3.871201010907891,1,1,0
64.0,1,1.0,0.0,Entire home/apt,46.2133,6.1504,4.0,5,4.1588830833596715,1,1,0
79.0,2,1.0,1.0,Private room,46.21408,6.14591,4.91,55,4.3694478524670215,1,1,0
83.0,2,1.0,1.0,Private room,46.21236,6.14483,4.59,39,4.418840607796598,1,0,0
232.0,2,1.0,1.0,Entire home/apt,46.19716,6.15644,5.0,2,5.44673737166631,1,1,0
117.0,4,1.0,1.0,Entire home/apt,46.18888,6.19536,4.89,37,4.762173934797756,1,1,0
72.0,2,1.0,1.0,Private room,46.2022,6.13017,4.87,115,4.276666119016055,1,1,0
105.0,4,1.0,1.0,Entire home/apt,46.19205,6.14086,4.85,27,4.653960350157523,1,1,0
129.0,2,1.0,1.0,Entire home/apt,46.20692,6.13066,4.94,17,4.859812404361672,1,1,0
72.0,4,3.0,1.0,Entire home/apt,46.23483,6.0918,4.7,10,4.276666119016055,0,1,0
65.0,2,1.0,1.0,Private room,46.2124,6.1483,5.0,2,4.174387269895637,1,1,0
360.0,7,2.0,1.0,Entire home/apt,46.2152031,6.1337017,4.51,112,5.886104031450156,1,1,1
129.0,4,1.0,1.0,Entire home/apt,46.19425,6.1448,4.78,27,4.859812404361672,1,1,0
212.0,2,1.0,2.0,Entire home/apt,46.2237,6.13251,5.0,5,5.356586274672012,1,1,0
185.0,2,1.0,1.0,Entire home/apt,46.21241,6.14841,0.0,0,5.220355825078324,1,1,0
114.0,2,0.0,1.0,Entire home/apt,46.2128,6.14882,5.0,2,4.736198448394496,1,1,0
60.0,2,1.0,1.0,Entire home/apt,46.21142,6.13078,4.67,138,4.0943445622221,1,1,0
74.0,2,1.0,1.0,Entire home/apt,46.2078751,6.1434544,4.53,74,4.30406509320417,1,1,0
99.0,4,1.0,1.0,Entire home/apt,46.21107000062364,6.114296226065429,5.0,6,4.59511985013459,1,1,0
83.0,1,1.0,1.0,Private room,46.20642,6.12764,0.0,0,4.418840607796598,1,1,0
49.0,2,1.0,1.0,Private room,46.2015,6.09343,4.7,10,3.8918202981106265,1,0,0
181.0,2,1.0,1.0,Entire home/apt,46.2001792,6.1623866,4.67,12,5.198497031265826,1,1,0
41.0,2,1.0,3.0,Private room,46.24274,6.20919,3.0,2,3.713572066704308,1,1,0
125.0,2,1.0,1.0,Entire home/apt,46.20479352114737,6.160977914954202,0.0,0,4.8283137373023015,0,1,1
91.0,2,1.0,1.0,Entire home/apt,46.2112803,6.1399257,5.0,1,4.51085950651685,1,1,0
90.0,2,0.0,2.0,Private room,46.1975144,6.1422341,4.88,25,4.499809670330265,1,1,0
79.0,2,1.0,1.0,Private room,46.20236,6.17064,4.93,42,4.3694478524670215,1,0,0
57.0,1,1.0,2.0,Private room,46.203834,6.1863489,5.0,1,4.04305126783455,1,1,0
131.0,2,0.0,1.0,Entire home/apt,46.20868,6.12494,0.0,0,4.875197323201151,1,1,0
999.0,2,1.0,1.0,Entire home/apt,46.21978,6.14046,5.0,1,6.906754778648554,1,1,0
76.0,1,1.0,1.0,Private room,46.2604216,6.1457096,5.0,4,4.330733340286331,1,1,0
70.0,2,1.0,1.0,Entire home/apt,46.19581,6.14272,3.0,1,4.248495242049359,1,1,0
80.0,1,1.0,1.0,Private room,46.20653,6.13918,5.0,10,4.382026634673881,1,0,1
129.0,2,1.0,1.0,Entire home/apt,46.25533040220112,6.151053800374332,5.0,1,4.859812404361672,1,1,0
75.0,1,1.0,1.0,Entire home/apt,46.19542,6.15483,4.67,3,4.31748811353631,1,1,0
138.0,2,1.0,1.0,Entire home/apt,46.21143,6.15111,5.0,7,4.927253685157205,1,1,0
135.0,3,1.0,1.0,Private room,46.19115,6.14564,4.11,9,4.90527477843843,1,1,0
144.0,4,1.0,1.5,Entire home/apt,46.18679205090102,6.158857759784177,2.83,6,4.969813299576001,0,1,0
90.0,2,1.0,1.0,Entire home/apt,46.20006826789417,6.156027764081955,3.5,8,4.499809670330265,1,1,1
60.0,1,1.0,1.0,Entire home/apt,46.19551,6.14332,3.5,2,4.0943445622221,1,1,0
152.0,4,1.0,1.0,Entire home/apt,46.18838,6.14489,4.82,22,5.0238805208462765,1,1,0
221.0,4,2.0,1.0,Entire home/apt,46.208505500089295,6.130518615245819,0.0,0,5.3981627015177525,1,1,0
109.0,2,1.0,1.0,Entire home/apt,46.19864,6.16225,0.0,0,4.6913478822291435,0,1,0
89.0,2,1.0,1.0,Entire home/apt,46.21313,6.14737,4.66,41,4.48863636973214,1,1,0
122.0,2,1.0,1.0,Entire home/apt,46.19562546346863,6.1542705819010735,5.0,6,4.804021044733257,1,1,0
87.0,2,1.0,1.0,Private room,46.22201,6.14909,4.88,68,4.465908118654584,1,1,0
140.0,2,1.0,1.0,Entire home/apt,46.20133,6.12852,0.0,0,4.941642422609304,1,1,0
135.0,4,2.0,1.5,Entire home/apt,46.2880188,6.162880599999999,4.53,19,4.90527477843843,1,1,0
80.0,2,0.0,1.0,Entire home/apt,46.19825,6.13579,4.43,47,4.382026634673881,1,0,0
81.0,4,0.0,1.0,Entire home/apt,46.20471,6.16066,4.32,97,4.394449154672439,1,1,0
82.0,1,1.0,1.0,Entire home/apt,46.2121,6.14882,4.25,8,4.406719247264253,1,1,0
96.0,1,1.0,0.5,Private room,46.22249,6.14009,4.85,47,4.564348191467836,1,1,0
80.0,1,1.0,1.0,Entire home/apt,46.19267,6.16159,5.0,3,4.382026634673881,1,1,0
223.0,6,2.0,1.0,Entire home/apt,46.1941363,6.1438234,4.79,14,5.407171771460119,1,1,0
129.0,1,1.0,1.0,Entire home/apt,46.19538,6.15264,0.0,0,4.859812404361672,1,1,0
130.0,2,1.0,1.0,Private room,46.210983565781824,6.141902153967274,0.0,0,4.867534450455582,1,0,1
130.0,2,1.0,1.0,Private room,46.21094,6.14184,0.0,0,4.867534450455582,1,0,1
140.0,2,0.0,1.0,Private room,46.21096871696772,6.141859238623035,0.0,0,4.941642422609304,1,1,1
140.0,2,0.0,1.0,Private room,46.21074,6.1421,0.0,0,4.941642422609304,1,1,1
120.0,1,1.0,1.0,Private room,46.21099841459195,6.141902153967274,0.0,0,4.787491742782046,1,0,1
120.0,1,1.0,1.0,Private room,46.21146,6.14273,5.0,1,4.787491742782046,1,0,1
120.0,1,1.0,1.0,Private room,46.21048,6.14092,5.0,1,4.787491742782046,1,0,1
120.0,1,1.0,1.0,Private room,46.21218,6.1429,0.0,0,4.787491742782046,1,0,1
120.0,1,1.0,1.0,Private room,46.21145,6.14157,0.0,0,4.787491742782046,1,0,1
110.0,1,1.0,1.0,Private room,46.21181,6.1415,0.0,0,4.700480365792417,1,0,1
110.0,1,1.0,1.0,Private room,46.21162,6.1408,0.0,0,4.700480365792417,1,0,1
110.0,1,1.0,1.0,Private room,46.21008,6.14164,5.0,1,4.700480365792417,1,0,1
140.0,2,1.0,1.0,Private room,46.21193,6.14231,0.0,0,4.941642422609304,1,1,1
140.0,2,1.0,1.0,Private room,46.21144,6.14141,5.0,1,4.941642422609304,1,1,1
140.0,2,1.0,1.0,Private room,46.21229,6.14237,0.0,0,4.941642422609304,1,1,1
92.0,6,1.0,1.0,Entire home/apt,46.20588,6.11911,3.92,12,4.5217885770490405,1,1,0
88.0,2,1.0,1.0,Entire home/apt,46.1667,6.18736,0.0,0,4.477336814478207,1,1,0
58.0,2,1.0,1.0,Private room,46.2258601,6.0710931,4.93,15,4.060443010546419,1,1,0
540.0,5,2.0,3.0,Entire home/apt,46.19443,6.16084,0.0,0,6.29156913955832,1,1,1
234.0,6,3.0,3.0,Entire home/apt,46.16588,6.12489,0.0,0,5.455321115357702,1,1,1
79.0,4,2.0,1.0,Private room,46.22803,6.10568,4.54,41,4.3694478524670215,1,1,0
129.0,2,1.0,1.0,Entire home/apt,46.20525244024367,6.158837713301182,4.6,25,4.859812404361672,1,1,1
226.0,2,1.0,1.0,Entire home/apt,46.21155,6.14909,0.0,0,5.420534999272286,1,1,0
162.0,2,1.0,1.0,Entire home/apt,46.19454,6.14406,4.67,6,5.087596335232384,1,1,0
59.0,2,1.0,1.0,Private room,46.28964920000001,6.155387,3.0,2,4.07753744390572,1,1,0
96.0,2,1.0,1.0,Entire home/apt,46.19028,6.14603,4.67,27,4.564348191467836,1,1,0
155.0,4,1.0,1.0,Entire home/apt,46.20041,6.14871,0.0,0,5.043425116919247,1,1,0
130.0,2,1.0,1.0,Entire home/apt,46.20294989062248,6.161427386105061,4.75,56,4.867534450455582,1,1,1
189.0,5,1.0,1.0,Entire home/apt,46.20649521993774,6.141761094331741,4.86,37,5.241747015059643,1,1,0
108.0,2,1.0,1.0,Entire home/apt,46.20951,6.13662,5.0,1,4.68213122712422,1,1,0
80.0,2,1.0,1.0,Private room,46.2078668,6.142404,5.0,3,4.382026634673881,1,1,1
90.0,2,1.0,1.0,Private room,46.20692,6.14282,4.0,2,4.499809670330265,1,1,1
198.0,1,1.0,1.0,Entire home/apt,46.20651,6.16303,0.0,0,5.288267030694535,0,1,0
90.0,1,1.0,1.0,Entire home/apt,46.2025263,6.1591749,5.0,2,4.499809670330265,1,1,0
130.0,2,1.0,1.0,Entire home/apt,46.2047298,6.1592408,4.85,40,4.867534450455582,1,1,1
72.0,3,1.0,1.0,Private room,46.21044,6.02049,4.89,19,4.276666119016055,1,1,0
72.0,3,1.0,1.0,Private room,46.21063,6.01951,4.8,5,4.276666119016055,1,1,0
117.0,2,1.0,1.0,Entire home/apt,46.21164,6.14551,0.0,0,4.762173934797756,1,1,0
130.0,2,1.0,1.0,Entire home/apt,46.21011,6.14564,0.0,0,4.867534450455582,1,1,0
144.0,2,1.0,1.0,Entire home/apt,46.2124659,6.1493448,5.0,1,4.969813299576001,1,1,1
200.0,3,1.0,1.0,Entire home/apt,46.21732,6.13212,0.0,0,5.298317366548036,1,1,0
36.0,1,0.0,1.0,Shared room,46.2102,6.14727,4.95,55,3.58351893845611,1,1,0
54.0,2,1.0,1.0,Private room,46.24358,6.13183,5.0,2,3.9889840465642745,1,1,0
100.0,2,1.0,1.0,Entire home/apt,46.21103,6.14893,4.92,13,4.605170185988092,1,1,0
135.0,2,1.0,1.0,Entire home/apt,46.21134,6.14629,0.0,0,4.90527477843843,1,1,0
120.0,2,1.0,1.0,Entire home/apt,46.20587,6.15833,4.57,44,4.787491742782046,1,1,1
100.0,2,1.0,1.0,Entire home/apt,46.20304,6.14447,4.5,4,4.605170185988092,1,1,0
136.0,7,3.0,2.0,Entire home/apt,46.21461,6.14758,5.0,7,4.912654885736052,1,1,1
98.0,2,1.0,1.0,Entire home/apt,46.20641,6.16295,4.86,7,4.584967478670572,0,1,0
160.0,3,1.0,1.0,Entire home/apt,46.20553,6.16022,4.86,14,5.075173815233827,1,1,1
99.0,4,1.0,1.0,Entire home/apt,46.2123316852011,6.1482571755937965,4.8,5,4.59511985013459,1,1,0
58.0,1,1.0,1.0,Private room,46.25436,6.14831,0.0,0,4.060443010546419,1,1,0
90.0,2,1.0,1.0,Entire home/apt,46.21376293591696,6.1295250277055295,5.0,4,4.499809670330265,0,0,0
86.0,2,1.0,1.0,Entire home/apt,46.21559,6.13919,0.0,0,4.454347296253507,1,1,0
203.0,4,2.0,1.0,Entire home/apt,46.22881,6.12396,4.38,8,5.313205979041787,1,1,0
63.0,2,1.0,1.0,Entire home/apt,46.216218,6.1312149,4.75,4,4.143134726391533,1,1,0
115.0,2,1.0,1.0,Private room,46.20984,6.13764,4.31,13,4.74493212836325,1,0,0
137.0,2,1.0,1.0,Entire home/apt,46.20772508129575,6.142399792337699,4.57,7,4.919980925828125,1,1,0
197.0,2,1.0,1.0,Private room,46.21539,6.148645,5.0,1,5.2832037287379885,1,0,1
116.0,3,1.0,1.0,Entire home/apt,46.18826,6.13614,4.85,27,4.7535901911063645,1,1,0
287.0,3,1.0,1.0,Private room,46.2134,6.145529,0.0,0,5.659482215759621,1,1,1
240.0,2,1.0,1.0,Private room,46.21539,6.148645,0.0,0,5.480638923341991,1,1,1
309.0,2,1.0,1.0,Private room,46.2153734,6.1478273,0.0,0,5.733341276897746,1,1,1
85.0,1,1.0,1.0,Private room,46.189443486334646,6.145223090982847,5.0,1,4.442651256490317,0,1,0
57.0,1,1.0,1.0,Entire home/apt,46.197,6.14315,3.0,1,4.04305126783455,1,1,0
8461.0,12,6.0,6.0,Entire home/apt,46.26668,6.20956,0.0,0,9.0432226489245,1,1,0
71.0,1,1.0,0.5,Private room,46.19689,6.16005,0.0,0,4.2626798770413155,1,1,0
85.0,2,1.0,1.0,Entire home/apt,46.21343,6.1336,4.84,69,4.442651256490317,1,1,0
130.0,2,1.0,1.0,Entire home/apt,46.21087989999999,6.1461935,4.0,1,4.867534450455582,1,1,0
225.0,4,2.0,2.0,Entire home/apt,46.1651681,6.1395884,0.0,0,5.41610040220442,1,1,0
467.0,8,4.0,2.0,Entire home/apt,46.24452,6.20573,5.0,1,6.1463292576688975,1,1,0
288.0,6,2.0,1.0,Entire home/apt,46.19968,6.1374,4.95,21,5.662960480135946,1,1,0
251.0,6,3.0,2.0,Entire home/apt,46.21671,6.13301,5.0,3,5.5254529391317835,1,1,0
160.0,4,1.0,1.0,Entire home/apt,46.20245,6.15763,4.45,20,5.075173815233827,1,1,0
181.0,4,2.0,1.0,Entire home/apt,46.203866694582416,6.15502193570137,5.0,31,5.198497031265826,1,1,0
206.0,2,1.0,1.0,Private room,46.2134,6.145529,4.89,47,5.327876168789581,1,0,1
526.0,9,4.0,2.0,Entire home/apt,46.16159786390208,6.124334700851394,0.0,0,6.26530121273771,1,1,0
87.0,4,0.0,1.0,Entire home/apt,46.19865,6.15716,4.69,45,4.465908118654584,1,0,0
114.0,2,1.0,1.0,Entire home/apt,46.2067406,6.1347953,0.0,0,4.736198448394496,1,1,0
200.0,7,3.0,2.0,Entire home/apt,46.2161960749586,6.131900958716869,4.0,2,5.298317366548036,1,1,1
199.0,4,2.0,1.0,Entire home/apt,46.286736,6.1621659,5.0,2,5.293304824724492,1,1,0
708.0,2,1.0,1.0,Private room,46.203204,6.145677,0.0,0,6.56244409369372,1,1,1
185.0,2,1.0,1.0,Entire home/apt,46.20608,6.16062,0.0,0,5.220355825078324,1,1,0
65.0,2,1.0,1.0,Private room,46.18940155464785,6.145595774205019,4.82,17,4.174387269895637,1,1,0
96.0,2,1.0,1.0,Entire home/apt,46.207371956542296,6.131194058335878,4.72,46,4.564348191467836,1,1,0
81.0,2,1.0,1.5,Entire home/apt,46.14895,6.10296,4.96,23,4.394449154672439,1,1,0
111.0,2,1.0,1.0,Entire home/apt,46.20468614006959,6.124173998725098,4.75,8,4.709530201312334,1,1,0
91.0,2,1.0,1.0,Entire home/apt,46.18064,6.0788,0.0,0,4.51085950651685,1,1,0
119.0,2,0.0,1.0,Entire home/apt,46.20554,6.16307,5.0,11,4.77912349311153,1,1,0
100.0,5,2.0,1.0,Entire home/apt,46.17223,6.18458,5.0,2,4.605170185988092,1,1,0
113.0,4,1.0,1.0,Entire home/apt,46.23009,6.12039,4.67,3,4.727387818712341,1,1,0
80.0,4,2.0,1.0,Entire home/apt,46.17177,6.18437,5.0,1,4.382026634673881,1,1,0
145.0,4,2.0,1.0,Entire home/apt,46.17242,6.18438,4.67,3,4.976733742420574,1,1,0
275.0,4,2.0,2.0,Entire home/apt,46.21893,6.12016,0.0,0,5.616771097666572,1,1,0
500.0,6,3.0,2.5,Entire home/apt,46.28859,6.16783,5.0,8,6.214608098422191,1,1,0
165.0,2,1.0,1.0,Entire home/apt,46.19702,6.16281,5.0,6,5.10594547390058,1,1,0
134.0,3,2.0,1.0,Entire home/apt,46.21157,6.13147,4.2,15,4.897839799950911,1,1,0
80.0,1,1.0,1.0,Private room,46.18155,6.10023,0.0,0,4.382026634673881,1,1,0
91.0,3,0.0,1.0,Entire home/apt,46.19712064760704,6.157907134384516,4.38,26,4.51085950651685,1,1,0
115.0,2,0.0,1.0,Entire home/apt,46.19708,6.19611,0.0,0,4.74493212836325,1,1,0
170.0,2,1.0,1.0,Entire home/apt,46.20436,6.15954,0.0,0,5.135798437050262,1,1,0
160.0,4,2.0,1.0,Entire home/apt,46.21176,6.12695,4.75,4,5.075173815233827,1,1,0
290.0,3,1.0,2.0,Entire home/apt,46.2067172,6.1826121,0.0,0,5.66988092298052,1,1,1
110.0,2,1.0,1.0,Entire home/apt,46.20965,6.13762,5.0,5,4.700480365792417,1,1,0
200.0,4,2.0,1.0,Entire home/apt,46.21257,6.14467,4.96,26,5.298317366548036,1,1,0
115.0,2,1.0,1.0,Entire home/apt,46.21142,6.13475,5.0,19,4.74493212836325,1,1,0
90.0,2,1.0,1.0,Entire home/apt,46.21005,6.13828,4.84,37,4.499809670330265,1,1,0
311.0,10,4.0,2.0,Entire home/apt,46.20001,6.19657,5.0,4,5.739792912179234,1,1,0
92.0,2,1.0,1.0,Entire home/apt,46.29368,6.16535,4.86,14,4.5217885770490405,1,1,1
107.0,1,1.0,1.0,Private room,46.21361,6.15121,4.9,21,4.672828834461906,1,1,0
66.0,2,1.0,1.0,Private room,46.20989,6.13328,4.8,176,4.189654742026425,1,1,0
57.0,1,1.0,1.0,Private room,46.23701,6.12559,4.55,55,4.04305126783455,1,1,0
81.0,2,1.0,1.0,Entire home/apt,46.2064366,6.075391,4.92,53,4.394449154672439,1,1,0
76.0,3,1.0,1.0,Private room,46.20802,6.13628,4.93,14,4.330733340286331,1,1,1
827.0,2,1.0,1.0,Entire home/apt,46.20276,6.19378,0.0,0,6.717804695023691,1,1,0
72.0,1,1.0,1.0,Private room,46.2068,6.12833,5.0,2,4.276666119016055,1,1,1
90.0,4,1.0,1.0,Entire home/apt,46.17182,6.18303,4.0,3,4.499809670330265,1,1,0
106.0,4,1.0,1.0,Entire home/apt,46.21635,6.1458,0.0,0,4.663439094112067,1,1,0
68.0,2,2.0,1.0,Private room,46.220665420527496,6.095923148095608,4.96,26,4.219507705176107,1,1,0
74.0,2,0.0,1.0,Entire home/apt,46.20363,6.12758,4.61,44,4.30406509320417,1,0,0
92.0,4,0.0,1.0,Entire home/apt,46.19765,6.14729,4.57,68,4.5217885770490405,1,1,0
203.0,4,2.0,1.0,Entire home/apt,46.20117256438481,6.131541522957878,4.35,20,5.313205979041787,1,1,0
315.0,3,2.0,1.0,Entire home/apt,46.20116729999999,6.1562239,4.0,2,5.752572638825633,1,1,0
160.0,4,2.0,1.0,Entire home/apt,46.20603,6.12657,4.86,7,5.075173815233827,1,1,0
43.0,1,1.0,2.0,Private room,46.18393,6.19746,4.6,5,3.7612001156935624,1,1,0
93.0,5,3.0,1.0,Entire home/apt,46.17155,6.1843,5.0,2,4.532599493153256,1,1,0
150.0,2,1.0,1.0,Entire home/apt,46.22093171105716,6.122211217016893,5.0,2,5.0106352940962555,1,1,0
105.0,1,1.0,1.0,Private room,46.20903178155864,6.138435365934658,4.27,33,4.653960350157523,1,1,1
99.0,1,1.0,1.0,Private room,46.19609054164514,6.140832616012032,5.0,4,4.59511985013459,1,1,0
136.0,4,1.0,1.0,Entire home/apt,46.20717,6.14435,4.51,102,4.912654885736052,1,1,0
128.0,2,0.0,0.0,Entire home/apt,46.207546249786354,6.130216254798276,4.71,14,4.852030263919617,1,1,0
180.0,2,1.0,0.0,Entire home/apt,46.1656595,6.147164699999999,0.0,0,5.19295685089021,1,1,0
79.0,2,1.0,1.0,Entire home/apt,46.21309,6.14918,4.6,10,4.3694478524670215,1,1,0
144.0,4,1.0,1.0,Entire home/apt,46.17363843287501,6.118128565535935,5.0,4,4.969813299576001,1,1,0
114.0,2,1.0,1.0,Entire home/apt,46.19697325459628,6.161592320310602,5.0,4,4.736198448394496,1,1,0
75.0,2,1.0,1.0,Entire home/apt,46.1709904274684,6.184321815664657,4.25,4,4.31748811353631,1,1,0
350.0,5,4.0,2.5,Entire home/apt,46.17283662129227,6.182030726130687,5.0,1,5.857933154483459,1,1,0
66.0,2,1.0,1.5,Private room,46.2509205,6.1477572,5.0,9,4.189654742026425,0,1,0
66.0,2,1.0,1.0,Private room,46.209745794348855,6.1337220387907125,4.79,145,4.189654742026425,1,1,1
98.0,2,1.0,1.0,Private room,46.2038642,6.159964899999999,0.0,0,4.584967478670572,1,0,1
90.0,4,1.0,1.0,Entire home/apt,46.20271948513629,6.131110226935978,1.0,1,4.499809670330265,0,1,0
333.0,2,1.0,1.0,Entire home/apt,46.20892200806874,6.148996932510634,4.68,19,5.808142489980444,1,1,0
207.0,4,2.0,1.0,Entire home/apt,46.24395928355214,6.141088298323685,4.0,1,5.332718793265369,1,1,0
108.0,2,1.0,1.0,Entire home/apt,46.2029499,6.1614274,4.0,1,4.68213122712422,0,1,0
234.0,5,2.0,1.0,Entire home/apt,46.20188606294655,6.160906151319429,4.89,28,5.455321115357702,1,1,0
113.0,4,2.0,1.0,Entire home/apt,46.17348676262075,6.114979860913604,5.0,5,4.727387818712341,1,1,0
85.0,2,1.0,1.5,Private room,46.20091097087968,6.130048115384907,5.0,1,4.442651256490317,1,1,0
280.0,4,2.0,2.0,Entire home/apt,46.19427769026672,6.152376062450378,4.92,12,5.634789603169249,1,1,0
165.0,2,1.0,1.0,Entire home/apt,46.246522,6.235039,3.0,1,5.10594547390058,1,1,0
138.0,5,2.0,2.5,Entire home/apt,46.20997077938375,6.076053164652538,4.8,5,4.927253685157205,1,1,0
132.0,2,1.0,1.0,Private room,46.2119,6.12786,0.0,0,4.882801922586371,1,0,1
135.0,2,1.0,1.0,Private room,46.2119012,6.1278606,0.0,0,4.90527477843843,1,0,1
145.0,3,1.0,1.0,Private room,46.2119012,6.1278606,4.66,35,4.976733742420574,1,0,1
179.0,4,2.0,1.0,Entire home/apt,46.1981595,6.1365075,4.75,8,5.187385805840755,1,1,0
110.0,2,1.0,1.0,Entire home/apt,46.21248037308061,6.132724732160568,4.84,19,4.700480365792417,1,1,0
77.0,5,1.0,1.0,Entire home/apt,46.21196132291111,6.1492237171977,4.51,74,4.343805421853684,1,1,0
111.0,1,1.0,1.0,Entire home/apt,46.1821175,6.144442199999999,0.0,0,4.709530201312334,1,1,0
100.0,1,1.0,1.0,Private room,46.2233369,6.148361299999999,4.75,4,4.605170185988092,1,1,0
62.0,2,1.0,1.0,Entire home/apt,46.21198228689611,6.148736836011431,0.0,0,4.127134385045092,1,1,0
103.0,2,1.0,1.0,Entire home/apt,46.21587986334323,6.136598251107094,4.85,13,4.634728988229636,1,1,0
77.0,2,1.0,1.0,Entire home/apt,46.23700940000001,6.1255906,4.75,4,4.343805421853684,1,1,0
47.0,3,1.0,1.0,Private room,46.20957839294442,6.122582894545404,1.0,1,3.8501476017100584,1,0,0
228.0,2,1.0,1.0,Private room,46.21539,6.148645,0.0,0,5.429345628954441,1,0,1
212.0,2,1.0,1.0,Private room,46.21539,6.148645,0.0,0,5.356586274672012,1,0,1
144.0,3,1.0,1.0,Entire home/apt,46.20544082587036,6.161621974789499,4.5,2,4.969813299576001,1,1,0
180.0,2,1.0,2.0,Entire home/apt,46.205536289993645,6.174616285780376,0.0,0,5.19295685089021,1,1,0
242.0,2,1.0,1.0,Private room,46.2134,6.145529,0.0,0,5.488937726156687,1,1,1
214.0,2,1.0,1.0,Private room,46.2134,6.145529,0.0,0,5.365976015021851,1,0,1
60.0,2,1.0,1.0,Entire home/apt,46.17434,6.01835,5.0,4,4.0943445622221,1,1,0
53.0,3,2.0,2.0,Private room,46.20050813850306,6.157576617530375,4.64,162,3.970291913552122,1,1,0
152.0,2,1.0,1.0,Entire home/apt,46.2211651,6.1294632,4.14,7,5.0238805208462765,1,1,0
85.0,2,0.0,1.0,Entire home/apt,46.20159,6.13057,4.57,30,4.442651256490317,1,1,0
100.0,2,1.0,1.0,Entire home/apt,46.19509912714384,6.141706778637612,3.67,3,4.605170185988092,1,1,0
83.0,2,1.0,1.0,Private room,46.20823274310644,6.138675182078066,4.67,12,4.418840607796598,1,0,0
315.0,4,2.0,1.0,Entire home/apt,46.20692,6.12846,5.0,1,5.752572638825633,0,1,0
51.0,2,1.0,1.0,Private room,46.2021092,6.0950793,4.88,33,3.9318256327243257,1,1,0
108.0,2,1.0,1.0,Entire home/apt,46.19003915529878,6.161968857049942,0.0,0,4.68213122712422,1,1,0
170.0,4,2.0,1.0,Entire home/apt,46.2094998143098,6.138341476717375,4.33,3,5.135798437050262,1,1,0
101.0,2,1.0,1.0,Entire home/apt,46.21237,6.14686,4.78,23,4.61512051684126,1,1,0
206.0,1,0.0,1.0,Entire home/apt,46.21326449353484,6.151879113697095,5.0,1,5.327876168789581,1,1,0
60.0,1,1.0,0.5,Private room,46.17865366071709,6.108773352304766,4.5,2,4.0943445622221,1,1,1
93.0,2,1.0,1.0,Private room,46.2145956,6.1321539,0.0,0,4.532599493153256,1,1,0
81.0,4,2.0,1.0,Entire home/apt,46.2038493,6.140190599999999,5.0,1,4.394449154672439,1,1,1
69.0,2,2.0,1.5,Private room,46.194569688976856,6.139862292559362,5.0,2,4.23410650459726,1,1,0
78.0,2,1.0,1.0,Private room,46.21269,6.14993,4.53,57,4.356708826689592,1,1,0
114.0,2,1.0,1.0,Entire home/apt,46.2080444935,6.142183699999999,4.74,23,4.736198448394496,1,1,0
138.0,4,1.0,1.0,Entire home/apt,46.19886383037792,6.139179952031498,4.93,57,4.927253685157205,1,1,0
177.0,6,2.0,1.5,Entire home/apt,46.20868592129222,6.141105971801479,4.73,15,5.176149732573829,1,1,0
99.0,2,1.0,1.0,Entire home/apt,46.28360079723038,6.140182055320048,0.0,0,4.59511985013459,1,1,0
196.0,4,2.0,1.0,Entire home/apt,46.20768055207699,6.144436398472504,0.0,0,5.278114659230517,1,1,0
49.0,2,1.0,1.0,Private room,46.19576947237388,6.122170617672183,0.0,0,3.8918202981106265,1,1,0
63.0,2,1.0,1.0,Private room,46.20131198243801,6.131640956214491,0.0,0,4.143134726391533,1,1,0
408.0,12,5.0,3.0,Entire home/apt,46.19913,6.20509,5.0,3,6.0112671744041615,1,1,0
115.0,2,1.0,1.0,Entire home/apt,46.2078329,6.1421332,4.38,8,4.74493212836325,1,1,0
102.0,2,1.0,1.5,Entire home/apt,46.21018380242754,6.147897523523421,4.62,21,4.624972813284271,1,1,1
63.0,2,1.0,1.0,Private room,46.2040798728436,6.124294048541679,4.8,5,4.143134726391533,1,1,0
138.0,3,1.0,1.0,Entire home/apt,46.2009638084766,6.148135456988003,4.71,14,4.927253685157205,1,1,1
89.0,4,1.0,1.0,Entire home/apt,46.19459,6.1471,4.6,25,4.48863636973214,1,0,0
162.0,2,1.0,1.5,Entire home/apt,46.20335067527574,6.166553360987958,4.78,23,5.087596335232384,1,1,0
129.0,2,1.0,1.0,Entire home/apt,46.2141,6.13529,0.0,0,4.859812404361672,0,1,0
73.0,2,0.0,1.5,Private room,46.21088437010316,6.1369966657602415,5.0,8,4.290459441148391,1,1,1
81.0,3,1.0,1.0,Entire home/apt,46.21155264473146,6.128345894432415,0.0,0,4.394449154672439,1,1,0
112.0,2,1.0,1.0,Entire home/apt,46.1724714183044,6.126805732752562,4.5,4,4.718498871295094,1,1,0
81.0,2,1.0,1.0,Entire home/apt,46.20170551067592,6.163305344382933,5.0,2,4.394449154672439,1,1,0
135.0,2,1.0,1.0,Entire home/apt,46.21527703299704,6.14499406235508,5.0,5,4.90527477843843,1,1,0
57.0,1,1.0,1.5,Private room,46.20924016222433,6.137534094431967,5.0,9,4.04305126783455,1,1,1
85.0,4,1.0,1.0,Entire home/apt,46.203569622792735,6.157488609514625,0.0,0,4.442651256490317,1,1,0
94.0,2,1.0,1.0,Private room,46.17899020231364,6.139626377770981,5.0,19,4.543294782270004,1,1,0
190.0,2,1.0,0.0,Entire home/apt,46.20486025142053,6.158509438623061,0.0,0,5.247024072160486,1,1,0
70.0,1,1.0,1.0,Private room,46.19083833710395,6.139599803815978,4.0,2,4.248495242049359,1,1,0
63.0,2,1.0,1.0,Entire home/apt,46.222678417437606,6.125373040927929,0.0,0,4.143134726391533,1,0,0
110.0,5,2.0,1.0,Entire home/apt,46.17391219457222,6.184219430648576,5.0,1,4.700480365792417,1,1,0
79.0,2,1.0,1.0,Entire home/apt,46.2067463316318,6.132802624296325,4.55,62,4.3694478524670215,1,1,1
112.0,2,1.0,1.0,Entire home/apt,46.21570616199557,6.136431760350639,4.75,12,4.718498871295094,1,1,1
125.0,3,1.0,1.0,Entire home/apt,46.21406685703519,6.131862096074209,5.0,1,4.8283137373023015,1,1,0
75.0,2,1.0,0.5,Private room,46.19079568442235,6.162366743212648,0.0,0,4.31748811353631,1,1,0
114.0,2,1.0,1.0,Entire home/apt,46.21995094687208,6.147729679942131,4.67,6,4.736198448394496,0,1,0
131.0,2,1.0,1.0,Entire home/apt,46.209548889600754,6.14375364035368,4.89,18,4.875197323201151,1,1,0
69.0,1,1.0,1.5,Private room,46.2117052,6.1321764,4.55,11,4.23410650459726,1,1,0
138.0,2,1.0,1.0,Entire home/apt,46.1970899,6.1422211,0.0,0,4.927253685157205,1,1,1
153.0,2,1.0,1.0,Entire home/apt,46.2187097,6.1022554,5.0,3,5.030437921392435,1,1,0
255.0,6,2.0,1.0,Entire home/apt,46.2187097,6.1022554,4.83,35,5.541263545158426,1,1,0
106.0,2,1.0,1.0,Entire home/apt,46.2061283687198,6.160691119730473,5.0,2,4.663439094112067,1,1,0
170.0,2,1.0,1.0,Entire home/apt,46.16458741092001,6.147470884607421,0.0,0,5.135798437050262,1,1,0
150.0,2,1.0,1.0,Entire home/apt,46.1970899,6.1422211,0.0,0,5.0106352940962555,1,1,1
176.0,2,1.0,1.0,Entire home/apt,46.1970899,6.1422211,0.0,0,5.170483995038151,1,1,1
174.0,4,1.0,1.0,Entire home/apt,46.2187097,6.1022554,4.6,45,5.159055299214529,1,1,0
165.0,4,1.0,1.0,Entire home/apt,46.2187097,6.1022554,4.57,35,5.10594547390058,1,1,0
86.0,2,1.0,1.0,Entire home/apt,46.206609917312576,6.138441537336632,4.44,18,4.454347296253507,1,1,0
109.0,2,1.0,1.0,Entire home/apt,46.198811756199845,6.160809876013443,5.0,1,4.6913478822291435,0,1,0
96.0,1,1.0,1.0,Entire home/apt,46.19913,6.15433,4.9,10,4.564348191467836,1,1,0
73.0,3,1.0,1.0,Entire home/apt,46.19213,6.14503,5.0,2,4.290459441148391,1,1,1
200.0,4,1.0,1.0,Entire home/apt,46.21094,6.14635,0.0,0,5.298317366548036,1,1,0
56.0,1,1.0,1.5,Private room,46.22441,6.12396,0.0,0,4.02535169073515,1,1,0
96.0,2,1.0,1.0,Entire home/apt,46.14377,6.12875,5.0,5,4.564348191467836,1,1,0
200.0,6,0.0,1.0,Entire home/apt,46.20992,6.14714,0.0,0,5.298317366548036,1,1,0
61.0,3,1.0,2.0,Private room,46.14383,6.13741,2.0,2,4.110873864173311,1,1,1
50.0,1,1.0,1.0,Private room,46.20982,6.13379,4.49,37,3.912023005428146,1,1,0
45.0,1,1.0,1.0,Private room,46.20982,6.13379,4.66,44,3.8066624897703196,1,1,0
68.0,3,1.0,1.0,Entire home/apt,46.19313,6.20883,4.48,29,4.219507705176107,1,1,0
144.0,2,28.0,1.0,Private room,46.2079929,6.143529399999999,4.62,39,4.969813299576001,1,0,0
55.0,2,1.0,1.0,Private room,46.1938646,6.1439981,0.0,0,4.007333185232471,1,1,0
116.0,2,1.0,1.0,Private room,46.2137731,6.0793665,4.94,105,4.7535901911063645,1,0,1
147.0,2,1.0,1.0,Entire home/apt,46.204477649244346,6.157429379951272,5.0,1,4.990432586778736,1,1,1
91.0,2,1.0,1.0,Entire home/apt,46.21063892352229,6.145491919696749,4.5,24,4.51085950651685,1,1,0
63.0,1,1.0,1.0,Private room,46.19265791491086,6.138486174445652,4.86,7,4.143134726391533,1,1,0
108.0,2,1.0,1.0,Entire home/apt,46.21656,6.13681,4.83,18,4.68213122712422,1,1,1
167.0,2,1.0,1.0,Entire home/apt,46.19097712309893,6.155912177135442,0.0,0,5.117993812416755,1,1,0
246.0,5,2.0,1.0,Entire home/apt,46.21532889735413,6.147007043442336,4.75,4,5.5053315359323625,1,1,0
171.0,2,1.0,1.0,Entire home/apt,46.20506,6.16037,5.0,3,5.14166355650266,1,0,1
196.0,2,1.0,0.0,Entire home/apt,46.20354315206531,6.159104635181342,5.0,1,5.278114659230517,1,1,0
198.0,2,1.0,1.0,Entire home/apt,46.2064244413176,6.161302328109741,4.88,8,5.288267030694535,1,1,1
71.0,4,1.0,1.0,Private room,46.19399423286071,6.154471392994833,5.0,1,4.2626798770413155,1,1,0
64.0,2,1.0,1.0,Private room,46.20382894644523,6.183748184358144,5.0,4,4.1588830833596715,1,1,0
124.0,4,2.0,1.5,Entire home/apt,46.19991924957107,6.172323800769799,5.0,1,4.820281565605037,1,1,0
184.0,4,1.0,1.0,Entire home/apt,46.20346340453151,6.1598483344478,4.5,6,5.214935757608986,1,1,0
143.0,2,0.0,1.0,Entire home/apt,46.20689742025004,6.142073867277633,4.81,26,4.962844630259907,1,1,0
123.0,2,2.0,1.0,Private room,46.2121473,6.1334816,4.71,7,4.812184355372417,1,1,0
100.0,2,1.0,1.0,Entire home/apt,46.21092588107565,6.145241248223685,5.0,9,4.605170185988092,0,1,0
143.0,2,0.0,1.0,Entire home/apt,46.20735279960315,6.143651746208415,4.76,25,4.962844630259907,1,1,0
57.0,2,0.0,1.0,Entire home/apt,46.230413,6.1202171,4.7,10,4.04305126783455,1,1,0
77.0,2,1.0,1.0,Private room,46.2115514402405,6.112191342891239,4.92,26,4.343805421853684,1,1,0
69.0,3,1.0,1.0,Entire home/apt,46.20947846260162,6.122642944726545,4.64,14,4.23410650459726,1,0,0
238.0,6,2.0,2.0,Entire home/apt,46.21025359999999,6.1069882,5.0,7,5.472270673671475,1,1,0
46.0,2,1.0,2.0,Private room,46.20041006255871,6.220443119578265,4.86,7,3.828641396489095,1,1,0
169.0,3,2.0,1.0,Entire home/apt,46.2170959,6.088111899999999,5.0,2,5.1298987149230735,1,1,0
132.0,2,0.0,1.0,Entire home/apt,46.20678852230181,6.142301629943338,4.55,20,4.882801922586371,1,1,0
77.0,2,1.0,1.0,Private room,46.222082072657656,6.121855485087186,0.0,0,4.343805421853684,1,1,1
150.0,2,1.0,1.0,Private room,46.21254,6.12921,4.8,20,5.0106352940962555,1,1,1
136.0,3,0.0,1.0,Entire home/apt,46.21800894389786,6.14113363009117,4.79,34,4.912654885736052,1,1,0
73.0,2,1.0,1.0,Private room,46.21288307486504,6.144314115827815,3.0,2,4.290459441148391,0,1,0
130.0,2,1.0,1.0,Entire home/apt,46.216462785614695,6.128672843731524,4.67,12,4.867534450455582,1,1,0
140.0,2,0.0,1.0,Entire home/apt,46.20895830811849,6.143556608494428,4.58,12,4.941642422609304,1,1,0
135.0,3,1.0,1.0,Entire home/apt,46.202943728853306,6.159279868244098,4.75,12,4.90527477843843,1,1,0
56.0,2,1.0,1.5,Private room,46.16814015622332,6.176157206602877,4.86,14,4.02535169073515,1,1,0
147.0,1,1.0,1.0,Shared room,46.2101019,6.1456577,0.0,0,4.990432586778736,1,1,0
52.0,2,1.0,1.5,Private room,46.16820666801594,6.176467041192738,4.77,13,3.9512437185814275,1,1,0
143.0,2,3.0,1.5,Entire home/apt,46.20756153557952,6.161770613535671,4.86,7,4.962844630259907,1,1,1
150.0,2,1.0,1.0,Entire home/apt,46.19341977446973,6.144886447355428,0.0,0,5.0106352940962555,1,1,0
110.0,1,1.0,1.0,Entire home/apt,46.19947010946178,6.137816925501743,0.0,0,4.700480365792417,0,1,0
94.0,2,1.0,1.0,Entire home/apt,46.20667907784914,6.163323092229573,5.0,2,4.543294782270004,1,1,0
106.0,2,1.0,1.0,Entire home/apt,46.1868141274466,6.144629943537115,5.0,1,4.663439094112067,1,1,0
160.0,6,3.0,1.0,Entire home/apt,46.20880546531952,6.137361345860011,5.0,2,5.075173815233827,1,1,0
99.0,2,1.0,1.0,Entire home/apt,46.20306,6.18387,0.0,0,4.59511985013459,1,1,0
112.0,3,1.0,1.0,Entire home/apt,46.16201,6.17934,0.0,0,4.718498871295094,1,1,0
162.0,2,1.0,1.0,Entire home/apt,46.2061,6.12622,5.0,5,5.087596335232384,1,1,0
180.0,4,2.0,1.0,Entire home/apt,46.2102749970557,6.14552304139304,4.8,30,5.19295685089021,1,1,0
100.0,2,1.0,1.0,Entire home/apt,46.214179841902855,6.1518895783662,4.86,22,4.605170185988092,1,1,0
139.0,3,1.0,1.0,Entire home/apt,46.21783695231622,6.138730170478064,4.6,5,4.9344739331306915,1,1,0
89.0,4,1.0,1.0,Entire home/apt,46.22114977967375,6.140131283270416,4.56,25,4.48863636973214,1,1,1
102.0,4,2.0,1.5,Entire home/apt,46.2247981,6.1228465,5.0,2,4.624972813284271,1,1,0
103.0,3,1.0,1.0,Entire home/apt,46.20717990000001,6.1102193,0.0,0,4.634728988229636,1,1,0
101.0,2,1.0,1.0,Private room,46.20730951395891,6.180180794616576,5.0,4,4.61512051684126,1,1,0
286.0,2,1.0,1.0,Entire home/apt,46.20727889860035,6.145459505280539,5.0,4,5.655991810819852,1,1,0
171.0,2,1.0,1.0,Entire home/apt,46.20203175675812,6.145962944796801,4.88,8,5.14166355650266,1,1,0
93.0,2,1.0,1.0,Entire home/apt,46.22046726401744,6.12397583947181,5.0,2,4.532599493153256,1,1,0
98.0,2,1.0,1.0,Private room,46.2785155,6.1673447,4.82,22,4.584967478670572,1,0,0
150.0,2,0.0,1.0,Entire home/apt,46.2084480718899,6.141776155674616,4.71,7,5.0106352940962555,1,1,0
75.0,2,1.0,1.0,Private room,46.1889906,6.1001048,4.67,3,4.31748811353631,0,1,0
117.0,2,1.0,1.0,Entire home/apt,46.21038675236713,6.140519204915942,0.0,0,4.762173934797756,1,1,0
158.0,2,0.0,1.0,Entire home/apt,46.207508255318245,6.144120149216003,5.0,15,5.062595033026967,1,1,0
150.0,2,1.0,1.0,Private room,46.21429085041519,6.128794790638946,4.86,7,5.0106352940962555,1,1,1
474.0,8,4.0,2.0,Entire home/apt,46.265651,6.14509,5.0,1,6.161207321695077,1,1,0
93.0,2,1.0,1.5,Entire home/apt,46.200173895743134,6.13031080072611,5.0,4,4.532599493153256,1,1,0
225.0,3,2.0,1.0,Entire home/apt,46.20094879044921,6.1681713100024185,5.0,23,5.41610040220442,1,1,1
48.0,1,1.0,1.0,Private room,46.18935704733634,6.134700760787553,5.0,5,3.871201010907891,1,1,0
65.0,2,1.0,1.0,Entire home/apt,46.21106291914335,6.148554469272044,4.5,2,4.174387269895637,0,1,0
720.0,8,3.0,3.0,Entire home/apt,46.27700979799701,6.168323071399167,5.0,3,6.579251212010101,1,1,0
72.0,1,1.0,1.0,Private room,46.18165426389128,6.137858708805727,4.0,1,4.276666119016055,1,1,0
165.0,2,1.0,1.0,Entire home/apt,46.20296896302219,6.161212510862217,3.0,2,5.10594547390058,1,0,1
225.0,4,2.0,2.0,Entire home/apt,46.18715,6.01455,5.0,3,5.41610040220442,1,1,0
162.0,3,1.0,1.0,Entire home/apt,46.19967103760935,6.16379107845914,5.0,1,5.087596335232384,1,1,0
289.0,6,3.0,1.0,Entire home/apt,46.2062981,6.122246,4.22,18,5.666426688112432,1,1,0
70.0,2,1.0,1.0,Private room,46.19679946715267,6.1393566661480055,4.83,18,4.248495242049359,1,1,0
14000.0,8,3.0,3.0,Entire home/apt,46.25005723539666,6.150487025933824,0.0,0,9.546812608597396,1,1,1
137.0,4,1.0,1.0,Entire home/apt,46.210135,6.1474442,4.62,29,4.919980925828125,1,1,1
180.0,2,1.0,0.0,Entire home/apt,46.210135,6.1474442,3.62,13,5.19295685089021,0,0,0
112.0,2,1.0,2.0,Private room,46.187958673357365,6.139222728499938,0.0,0,4.718498871295094,1,1,1
107.0,2,1.0,1.0,Entire home/apt,46.19211856534519,6.167334332793766,4.96,25,4.672828834461906,1,1,0
140.0,4,0.0,1.0,Entire home/apt,46.210135,6.1474442,4.1,29,4.941642422609304,1,1,1
99.0,4,1.0,1.0,Entire home/apt,46.20853161959111,6.125999058557603,0.0,0,4.59511985013459,0,1,0
102.0,4,0.0,1.0,Entire home/apt,46.20727679714522,6.1442790406630605,4.71,51,4.624972813284271,1,1,0
326.0,5,2.0,2.0,Entire home/apt,46.18138,6.09884,5.0,3,5.786897381366708,1,1,1
315.0,10,5.0,5.0,Private room,46.20768166068216,6.161247098425275,0.0,0,5.752572638825633,1,1,0
369.0,4,2.0,2.0,Entire home/apt,46.19336981714744,6.1669456023190845,5.0,1,5.910796644040527,1,1,0
99.0,2,1.0,1.0,Private room,46.2185448,6.1396402,5.0,8,4.59511985013459,1,1,0
270.0,4,2.0,1.5,Entire home/apt,46.19412019469422,6.153793874057483,0.0,0,5.598421958998375,1,1,0
93.0,1,1.0,1.0,Private room,46.21749335120675,6.143773668594449,5.0,5,4.532599493153256,1,0,1
36.0,1,1.0,1.0,Private room,46.18341244042532,6.197757397108688,4.75,8,3.58351893845611,1,1,0
70.0,2,1.0,1.0,Private room,46.18543745585829,6.136980988142874,5.0,2,4.248495242049359,0,1,0
126.0,2,1.0,1.0,Entire home/apt,46.23522675026695,6.125250949931821,5.0,5,4.836281906951478,1,1,0
159.0,2,1.0,1.0,Entire home/apt,46.21451504238431,6.1455876007676125,5.0,4,5.0689042022202315,1,1,0
119.0,3,0.0,1.0,Entire home/apt,46.20641176806599,6.1303556214510895,4.88,8,4.77912349311153,1,1,0
89.0,2,1.0,1.0,Entire home/apt,46.1919115,6.1464511,4.5,2,4.48863636973214,1,1,0
136.0,4,1.0,2.0,Entire home/apt,46.2221,6.13001,4.58,12,4.912654885736052,1,1,1
130.0,6,4.0,2.0,Entire home/apt,46.1438454,6.130592999999999,0.0,0,4.867534450455582,1,1,0
250.0,1,2.0,1.0,Entire home/apt,46.211417209318,6.147464063085629,0.0,0,5.521460917862246,1,1,0
100.0,2,1.0,1.0,Entire home/apt,46.209228971382906,6.148207496079765,4.25,4,4.605170185988092,0,1,0
120.0,2,1.0,1.0,Entire home/apt,46.28433394651741,6.155416555702686,5.0,2,4.787491742782046,1,1,0
153.0,3,2.0,1.0,Entire home/apt,46.2138812195311,6.131834295545406,5.0,1,5.030437921392435,0,1,0
90.0,2,1.0,1.0,Private room,46.21522523289699,6.133641500038933,4.5,2,4.499809670330265,1,0,1
83.0,1,1.0,1.0,Private room,46.2151,6.1323,5.0,1,4.418840607796598,1,0,1
111.0,2,1.0,1.0,Entire home/apt,46.21240248542265,6.144968383412926,4.92,26,4.709530201312334,1,1,0
60.0,1,1.0,1.0,Private room,46.18153419999999,6.138938899999999,0.0,0,4.0943445622221,1,1,0
85.0,2,1.0,1.0,Entire home/apt,46.1833,6.14028,0.0,0,4.442651256490317,1,1,0
117.0,2,1.0,1.5,Entire home/apt,46.21903,6.10225,5.0,2,4.762173934797756,1,1,0
84.0,1,1.0,1.0,Entire home/apt,46.1980734,6.1627457,4.83,6,4.430816798843313,1,1,0
100.0,4,1.0,1.0,Entire home/apt,46.21637236705829,6.145225778159057,4.8,5,4.605170185988092,1,1,0
45.0,1,1.0,0.5,Private room,46.187520145558345,6.197986123524678,0.0,0,3.8066624897703196,1,1,0
105.0,2,1.0,1.0,Entire home/apt,46.21042004824027,6.145165430324964,0.0,0,4.653960350157523,0,1,0
4000.0,6,3.0,3.5,Entire home/apt,46.23375355552719,6.198519267436275,3.0,2,8.294049640102028,1,1,0
150.0,4,2.0,1.5,Entire home/apt,46.25483,6.1556,5.0,3,5.0106352940962555,1,1,0
114.0,3,1.0,1.0,Entire home/apt,46.21268732987358,6.13326806844553,0.0,0,4.736198448394496,1,1,0
117.0,4,1.0,1.5,Entire home/apt,46.19674623163082,6.1892069724898136,0.0,0,4.762173934797756,1,1,0
145.0,4,1.0,1.5,Entire home/apt,46.21367053515095,6.148323989166284,0.0,0,4.976733742420574,1,1,0
84.0,1,1.0,1.0,Private room,46.21116,6.14592,5.0,6,4.430816798843313,1,1,0
63.0,2,1.0,1.0,Private room,46.2079871,6.1285817,4.48,54,4.143134726391533,1,0,0
60.0,1,1.0,1.0,Private room,46.2079871,6.1285817,4.68,28,4.0943445622221,1,0,0
203.0,4,2.0,1.0,Entire home/apt,46.1956563,6.119629400000001,0.0,0,5.313205979041787,1,1,0
143.0,3,1.0,1.0,Entire home/apt,46.19774338583002,6.133317577228875,4.0,2,4.962844630259907,0,1,0
198.0,3,1.0,1.5,Entire home/apt,46.19359995235319,6.15297711034368,0.0,0,5.288267030694535,1,1,0
243.0,4,2.0,1.5,Entire home/apt,46.193467786952354,6.153251175422509,5.0,2,5.493061443340548,1,1,0
131.0,2,1.0,1.0,Entire home/apt,46.18854514464728,6.154334355735406,4.73,11,4.875197323201151,1,1,0
68.0,2,1.0,1.0,Entire home/apt,46.21867027219692,6.13771372367098,4.0,1,4.219507705176107,1,1,0
103.0,3,1.0,1.0,Entire home/apt,46.19314993035769,6.1901909391230605,5.0,1,4.634728988229636,1,1,0
98.0,2,0.0,1.0,Entire home/apt,46.21069005709624,6.146231424864008,4.22,23,4.584967478670572,1,1,0
108.0,1,1.0,1.5,Private room,46.21561162754868,6.149978235778603,5.0,1,4.68213122712422,1,1,0
58.0,1,0.0,0.5,Shared room,46.21261,6.13166,0.0,0,4.060443010546419,1,1,0
79.0,4,1.0,0.5,Entire home/apt,46.16958030260717,6.1822943700362405,0.0,0,4.3694478524670215,0,1,0
99.0,3,1.0,1.0,Entire home/apt,46.16923964063984,6.124409327379836,0.0,0,4.59511985013459,1,1,0
181.0,5,2.0,1.0,Entire home/apt,46.21042821809191,6.134812200615464,4.0,11,5.198497031265826,1,1,0
171.0,2,1.0,1.0,Entire home/apt,46.2024465,6.163338599999999,5.0,3,5.14166355650266,1,1,0
250.0,2,1.0,1.0,Entire home/apt,46.23679417427129,6.2040406193842,0.0,0,5.521460917862246,1,1,0
99.0,2,1.0,1.0,Entire home/apt,46.21798899882984,6.136659019342597,4.0,2,4.59511985013459,1,1,0
112.0,2,1.0,1.0,Entire home/apt,46.2126877,6.1456177,4.48,23,4.718498871295094,1,1,0
104.0,1,1.0,2.0,Private room,46.20552,6.12168,4.83,6,4.6443908991413725,1,0,0
90.0,2,1.0,1.0,Private room,46.25281,6.14837,5.0,10,4.499809670330265,1,1,1
128.0,4,2.0,1.0,Entire home/apt,46.19273,6.1378,4.52,25,4.852030263919617,1,1,0
17250.0,10,5.0,5.0,Entire home/apt,46.2605628,6.1593747,0.0,0,9.755567422459507,1,1,1
366.0,4,2.0,1.5,Entire home/apt,46.21193938759897,6.115819100034984,0.0,0,5.902633333401366,1,1,0
64.0,2,1.0,1.0,Private room,46.20982,6.14673,4.63,8,4.1588830833596715,1,1,1
114.0,4,2.0,1.0,Entire home/apt,46.20486017480231,6.096550859656549,0.0,0,4.736198448394496,1,1,0
99.0,2,1.0,1.0,Entire home/apt,46.199817731328615,6.1506335007101125,4.75,4,4.59511985013459,1,0,0
65.0,2,1.0,1.0,Private room,46.23671248631389,6.1257002307928,0.0,0,4.174387269895637,1,1,0
78.0,2,1.0,1.0,Entire home/apt,46.21268928153952,6.149575395098485,4.17,23,4.356708826689592,1,1,0
95.0,3,1.0,1.0,Entire home/apt,46.212125267850894,6.111783150835381,5.0,7,4.553876891600541,1,1,0
112.0,2,1.0,1.0,Private room,46.2322333,6.0720488,0.0,0,4.718498871295094,1,0,0
104.0,2,1.0,1.0,Private room,46.2322333,6.0720488,0.0,0,4.6443908991413725,1,0,0
112.0,2,1.0,1.0,Private room,46.2322333,6.0720488,0.0,0,4.718498871295094,1,0,0
99.0,2,1.0,1.0,Private room,46.2322333,6.0720488,5.0,1,4.59511985013459,1,0,0
59.0,1,1.0,1.0,Private room,46.1743452,6.1163704,4.88,8,4.07753744390572,1,0,0
120.0,3,1.0,1.0,Entire home/apt,46.20117791687805,6.158100350945415,4.57,14,4.787491742782046,1,1,0
128.0,3,1.0,1.0,Entire home/apt,46.212243655266704,6.145800297309489,4.5,2,4.852030263919617,1,1,0
106.0,2,1.0,1.0,Entire home/apt,46.18097,6.14111,4.0,2,4.663439094112067,1,1,0
96.0,1,1.0,1.0,Entire home/apt,46.203449976521,6.158728430420106,0.0,0,4.564348191467836,1,1,0
81.0,2,0.0,1.0,Entire home/apt,46.20341373024967,6.122619544982422,5.0,2,4.394449154672439,1,1,0
150.0,4,1.0,1.0,Entire home/apt,46.19909759629973,6.1551299873515815,4.0,4,5.0106352940962555,1,1,0
68.0,2,1.0,1.0,Private room,46.19175,6.14597,5.0,1,4.219507705176107,1,1,0
135.0,4,1.0,1.0,Entire home/apt,46.20278122775755,6.166985992807962,0.0,0,4.90527477843843,1,1,0
99.0,2,1.0,1.0,Private room,46.2322333,6.0720488,5.0,1,4.59511985013459,1,0,0
78.0,2,1.0,1.0,Entire home/apt,46.19514007823121,6.142581975383578,4.8,5,4.356708826689592,1,1,0
81.0,2,1.0,1.0,Private room,46.2322333,6.0720488,0.0,0,4.394449154672439,1,0,0
224.0,2,1.0,1.0,Private room,46.2019881,6.1392794,5.0,2,5.4116460518550396,1,0,1
81.0,2,1.0,1.0,Private room,46.2322333,6.0720488,5.0,4,4.394449154672439,1,0,0
99.0,2,1.0,1.0,Private room,46.2322333,6.0720488,5.0,1,4.59511985013459,1,0,0
180.0,3,1.0,1.0,Entire home/apt,46.20426558172748,6.166234575212002,4.33,3,5.19295685089021,1,1,0
50.0,2,1.0,1.0,Private room,46.2037736115315,6.160652270945992,4.46,35,3.912023005428146,1,1,0
68.0,1,1.0,1.5,Private room,46.21643440283809,6.139763351334695,4.94,18,4.219507705176107,1,1,0
62.0,1,1.0,1.5,Private room,46.20642228878551,6.141171711462603,4.4,5,4.127134385045092,1,1,0
193.0,4,2.0,1.0,Entire home/apt,46.20214352889197,6.159101120237724,0.0,0,5.262690188904886,1,1,0
63.0,2,1.0,1.0,Private room,46.22620092095153,6.107243075966835,5.0,13,4.143134726391533,1,1,0
90.0,1,1.0,2.0,Private room,46.20204538629363,6.131631473751938,4.5,10,4.499809670330265,0,1,0
238.0,5,2.0,2.0,Entire home/apt,46.23519897340679,6.096118130538227,5.0,4,5.472270673671475,1,1,0
46.0,4,1.0,1.0,Shared room,46.213942,6.1497002,4.71,21,3.828641396489095,0,0,0
125.0,2,1.0,1.0,Entire home/apt,46.19505095827489,6.147229061905464,0.0,0,4.8283137373023015,1,1,0
72.0,3,1.0,1.0,Private room,46.22671,6.1068,4.75,8,4.276666119016055,1,1,0
81.0,2,1.0,1.0,Private room,46.2322333,6.0720488,4.2,5,4.394449154672439,1,0,0
50.0,1,1.0,2.0,Private room,46.1922033,6.1987127,5.0,13,3.912023005428146,1,0,0
110.0,1,1.0,1.0,Private room,46.220148354945685,6.111187847858997,0.0,0,4.700480365792417,1,1,0
206.0,4,2.0,1.0,Entire home/apt,46.19316785851382,6.199036219112859,0.0,0,5.327876168789581,1,1,0
110.0,1,1.0,0.5,Private room,46.21555726602185,6.134512617724787,3.0,1,4.700480365792417,1,1,0
281.0,3,2.0,1.0,Entire home/apt,46.18101148528686,6.140045871435467,0.0,0,5.638354669333745,1,1,1
76.0,1,1.0,1.0,Private room,46.17736628734876,6.070790536595426,0.0,0,4.330733340286331,1,1,0
95.0,2,1.0,1.0,Entire home/apt,46.2041459,6.159648799999999,4.33,9,4.553876891600541,1,1,0
406.0,8,5.0,3.5,Entire home/apt,46.234665813677374,6.204075151695418,5.0,5,6.0063531596017325,1,1,1
66.0,1,1.0,1.5,Private room,46.21590888157157,6.141382856139148,4.79,14,4.189654742026425,1,1,0
192.0,4,0.0,1.0,Entire home/apt,46.2036639,6.1864306,0.0,0,5.2574953720277815,1,1,0
154.0,5,4.0,2.0,Entire home/apt,46.2866472081248,6.161966314537848,0.0,0,5.0369526024136295,1,1,0
370.0,8,3.0,1.0,Entire home/apt,46.18343,6.14185,4.9,10,5.91350300563827,1,1,0
65.0,2,1.0,2.0,Private room,46.21834198987625,6.110826425886582,4.36,14,4.174387269895637,1,1,0
81.0,1,1.0,0.5,Private room,46.19899,6.15397,5.0,1,4.394449154672439,1,1,0
71.0,1,1.0,1.0,Private room,46.2092714,6.1480141,4.2,5,4.2626798770413155,1,1,0
61.0,1,1.0,2.0,Private room,46.2092714,6.1480141,4.73,11,4.110873864173311,1,1,0
80.0,1,1.0,1.0,Private room,46.19005794828775,6.193813554492178,0.0,0,4.382026634673881,1,1,0
127.0,2,1.0,1.0,Private room,46.19723,6.14757,5.0,8,4.844187086458591,1,1,0
312.0,5,2.0,2.0,Entire home/apt,46.21105812735257,6.150567939865485,5.0,5,5.7430031878094825,1,1,1
64.0,1,1.0,1.0,Private room,46.206152299259216,6.130895788730428,4.6,10,4.1588830833596715,1,0,0
239.0,4,1.0,1.0,Entire home/apt,46.21107935074989,6.133456796006321,4.5,2,5.476463551931511,0,1,1
78.0,2,0.0,1.0,Entire home/apt,46.1989523,6.135378,0.0,0,4.356708826689592,0,1,0
90.0,2,0.0,1.0,Entire home/apt,46.1954802,6.1424075,3.0,1,4.499809670330265,1,1,1
114.0,4,2.0,1.5,Entire home/apt,46.19237560558047,6.146772378679438,5.0,3,4.736198448394496,1,1,1
124.0,1,1.0,2.0,Private room,46.2132173,6.1255968,5.0,5,4.820281565605037,1,0,1
68.0,3,1.0,2.0,Private room,46.2129381298323,6.129183303684132,4.48,27,4.219507705176107,1,1,0
226.0,4,1.0,1.0,Entire home/apt,46.2058772263992,6.164914044110943,0.0,0,5.420534999272286,1,0,0
104.0,4,1.0,1.0,Entire home/apt,46.20733007246616,6.123982973761255,4.92,12,4.6443908991413725,1,1,0
81.0,2,1.0,1.0,Entire home/apt,46.2361541,6.1264752,4.67,3,4.394449154672439,1,1,0
350.0,6,3.0,3.5,Entire home/apt,46.26354743454251,6.213452517986298,5.0,1,5.857933154483459,1,1,0
83.0,1,1.0,1.0,Private room,46.21643,6.13245,5.0,1,4.418840607796598,1,0,1
60.0,2,1.0,3.0,Private room,46.18841,6.11299,4.73,11,4.0943445622221,1,1,0
84.0,4,1.0,1.0,Entire home/apt,46.20748,6.1295,4.87,15,4.430816798843313,1,1,0
143.0,2,1.0,1.0,Entire home/apt,46.18853,6.15257,5.0,1,4.962844630259907,1,1,0
147.0,2,1.0,1.0,Entire home/apt,46.2013794364355,6.162403675180005,5.0,1,4.990432586778736,1,1,0
147.0,2,1.0,1.0,Entire home/apt,46.1654023995468,6.148406635161245,5.0,1,4.990432586778736,1,1,0
147.0,2,1.0,1.0,Entire home/apt,46.16431448821483,6.146777821896153,0.0,0,4.990432586778736,1,1,0
147.0,2,1.0,1.0,Entire home/apt,46.16365,6.14632,0.0,0,4.990432586778736,1,1,0
147.0,2,1.0,1.0,Entire home/apt,46.16570560348174,6.147776157888978,0.0,0,4.990432586778736,1,1,0
75.0,2,1.0,1.0,Shared room,46.2122416,6.1308908,4.95,20,4.31748811353631,1,1,1
64.0,2,1.0,1.0,Private room,46.2741,6.16313,5.0,2,4.1588830833596715,1,1,0
125.0,4,2.0,1.5,Entire home/apt,46.1906846,6.1675204,5.0,4,4.8283137373023015,1,1,0
63.0,1,1.0,1.0,Entire home/apt,46.1886199,6.1458702,5.0,3,4.143134726391533,1,1,0
72.0,1,1.0,1.0,Private room,46.20252,6.16154,5.0,1,4.276666119016055,1,1,0
204.0,2,1.0,1.0,Entire home/apt,46.23675,6.2049,5.0,5,5.318119993844216,1,1,0
47.0,2,1.0,2.0,Private room,46.19564360633593,6.139906462911039,5.0,1,3.8501476017100584,0,1,0
161.0,6,3.0,2.0,Entire home/apt,46.18426,6.14068,5.0,1,5.081404364984463,1,1,0
103.0,2,1.0,1.0,Entire home/apt,46.19592,6.16277,3.83,6,4.634728988229636,1,1,0
77.0,1,1.0,0.5,Private room,46.2022512,6.1591494,0.0,0,4.343805421853684,1,1,0
99.0,1,3.0,1.0,Entire home/apt,46.19434351688019,6.141783355241523,4.0,2,4.59511985013459,1,1,0
101.0,1,1.0,1.0,Entire home/apt,46.190588,6.1453957,4.75,4,4.61512051684126,1,1,0
106.0,2,1.0,1.0,Entire home/apt,46.21162,6.1511,0.0,0,4.663439094112067,0,1,0
229.0,6,3.0,2.0,Entire home/apt,46.22505,6.1226,4.75,8,5.43372200355424,1,1,0
65.0,2,1.0,1.0,Private room,46.1889,6.13855,4.75,4,4.174387269895637,0,1,0
214.0,2,1.0,1.0,Entire home/apt,46.1992,6.17659,0.0,0,5.365976015021851,1,1,1
102.0,3,1.0,1.0,Entire home/apt,46.2142366,6.1314134,5.0,4,4.624972813284271,1,1,0
128.0,4,2.0,1.0,Entire home/apt,46.21252,6.12591,5.0,3,4.852030263919617,1,1,0
107.0,1,1.0,0.5,Private room,46.20785,6.13656,0.0,0,4.672828834461906,1,1,0
56.0,2,1.0,1.0,Private room,46.28964920000001,6.155387,5.0,1,4.02535169073515,1,1,0
150.0,3,1.0,1.0,Entire home/apt,46.20488699457791,6.157497250116028,0.0,0,5.0106352940962555,1,1,0
72.0,2,1.0,1.0,Entire home/apt,46.20892705760659,6.120833611434099,5.0,1,4.276666119016055,1,1,0
315.0,6,2.0,1.5,Entire home/apt,46.22075998405826,6.149765869984406,5.0,1,5.752572638825633,1,1,0
143.0,2,1.0,1.0,Entire home/apt,46.20325087051098,6.1658230431255925,5.0,7,4.962844630259907,1,1,0
355.0,8,5.0,5.0,Entire home/apt,46.20612,6.19154,5.0,2,5.872117789475416,1,1,0
154.0,4,2.0,1.0,Entire home/apt,46.20709,6.14219,4.0,6,5.0369526024136295,1,1,1
70.0,1,0.0,0.5,Entire home/apt,46.19368918607021,6.147879114539928,4.13,8,4.248495242049359,1,0,0
550.0,7,5.0,3.0,Entire home/apt,46.26229131886974,6.214287464068539,0.0,0,6.309918278226516,1,1,0
329.0,4,2.0,1.0,Entire home/apt,46.20328238374948,6.14645130793456,5.0,4,5.796057750765372,1,1,0
117.0,4,1.0,1.0,Entire home/apt,46.21324,6.14586,4.75,4,4.762173934797756,1,1,0
128.0,2,1.0,1.0,Entire home/apt,46.20044,6.14789,4.89,9,4.852030263919617,1,1,1
45.0,1,1.0,0.5,Private room,46.1965814,6.170139700000001,1.0,1,3.8066624897703196,1,1,0
133.0,2,1.0,1.0,Entire home/apt,46.20880168222172,6.1321398252639305,4.75,8,4.890349128221754,1,1,0
220.0,4,1.0,1.0,Entire home/apt,46.18726,6.15645,5.0,2,5.393627546352362,1,1,0
90.0,2,1.0,1.0,Private room,46.21097,6.12891,0.0,0,4.499809670330265,1,1,0
240.0,4,2.0,1.0,Entire home/apt,46.21426,6.14747,5.0,1,5.480638923341991,1,1,0
81.0,3,1.0,1.0,Entire home/apt,46.2047021976599,6.097535032328871,5.0,1,4.394449154672439,1,1,0
234.0,2,0.0,1.0,Entire home/apt,46.22608,6.13142,0.0,0,5.455321115357702,1,1,0
86.0,4,1.0,1.0,Entire home/apt,46.21450352739828,6.131043590206358,4.25,4,4.454347296253507,1,1,0
99.0,1,1.0,0.5,Private room,46.2130260493428,6.150853112339973,0.0,0,4.59511985013459,1,0,1
80.0,2,1.0,1.0,Entire home/apt,46.2027687,6.1759688,0.0,0,4.382026634673881,1,1,0
72.0,2,1.0,1.0,Entire home/apt,46.18468,6.19235,5.0,3,4.276666119016055,1,1,0
62.0,4,1.0,1.0,Shared room,46.21427,6.15034,4.56,9,4.127134385045092,0,0,0
64.0,2,1.0,1.0,Entire home/apt,46.19272,6.16161,5.0,1,4.1588830833596715,0,1,0
109.0,2,1.0,1.0,Entire home/apt,46.174692070187696,6.114493235366769,4.83,6,4.6913478822291435,1,1,0
181.0,6,2.0,1.0,Entire home/apt,46.20904612190143,6.138270422581389,0.0,0,5.198497031265826,1,1,0
134.0,4,3.0,2.0,Entire home/apt,46.21798,6.12216,0.0,0,4.897839799950911,1,1,0
61.0,2,0.0,1.0,Private room,46.1988926518014,6.143488832271508,4.0,5,4.110873864173311,1,1,0
108.0,2,1.0,1.0,Entire home/apt,46.19469,6.16366,5.0,2,4.68213122712422,1,1,1
165.0,4,1.0,1.0,Entire home/apt,46.21626,6.14916,0.0,0,5.10594547390058,1,1,0
90.0,2,1.0,1.0,Entire home/apt,46.2091448,6.126706299999999,4.93,14,4.499809670330265,1,1,0
90.0,2,1.0,1.0,Entire home/apt,46.1661912,6.091013600000001,5.0,1,4.499809670330265,1,1,1
250.0,6,2.0,1.0,Entire home/apt,46.20951,6.13726,0.0,0,5.521460917862246,1,1,0
105.0,2,1.0,1.0,Entire home/apt,46.18605,6.14188,5.0,3,4.653960350157523,1,1,0
333.0,8,3.0,1.0,Entire home/apt,46.18257,6.14158,4.63,8,5.808142489980444,1,1,1
475.0,8,6.0,3.0,Entire home/apt,46.22602,6.11733,5.0,1,6.163314804034641,1,1,0
198.0,4,2.0,1.0,Entire home/apt,46.20116729999999,6.1562239,5.0,13,5.288267030694535,1,1,1
77.0,2,0.0,0.0,Entire home/apt,46.2393595035856,6.121913462640709,0.0,0,4.343805421853684,1,1,0
76.0,1,1.0,1.0,Private room,46.18932539810381,6.159727511847818,0.0,0,4.330733340286331,1,1,0
474.0,6,3.0,2.5,Entire home/apt,46.2088,6.11967,0.0,0,6.161207321695077,1,1,0
81.0,2,1.0,1.0,Entire home/apt,46.18195171626054,6.143758804794894,4.5,10,4.394449154672439,1,1,0
270.0,6,3.0,1.0,Entire home/apt,46.23691,6.09417,5.0,2,5.598421958998375,1,1,0
72.0,1,1.0,1.0,Private room,46.20496,6.16714,0.0,0,4.276666119016055,1,1,0
157.0,2,1.0,0.5,Private room,46.21989,6.14022,5.0,1,5.056245805348308,1,1,0
151.0,1,2.0,1.0,Private room,46.21555,6.13076,0.0,0,5.017279836814924,1,1,0
101.0,1,1.0,1.0,Private room,46.21537,6.13212,0.0,0,4.61512051684126,1,1,0
207.0,3,1.0,1.5,Entire home/apt,46.19972,6.143,4.5,4,5.332718793265369,1,1,0
72.0,2,1.0,1.0,Private room,46.219182438495,6.124768898398947,5.0,3,4.276666119016055,1,1,0
151.0,1,3.0,2.0,Private room,46.21588243569604,6.130911046208574,0.0,0,5.017279836814924,1,1,0
77.0,2,0.0,0.0,Entire home/apt,46.23797,6.12282,0.0,0,4.343805421853684,1,1,0
83.0,2,0.0,0.0,Entire home/apt,46.23880390237303,6.12311752180712,5.0,1,4.418840607796598,1,1,0
110.0,2,0.0,0.0,Entire home/apt,46.23804,6.12176,0.0,0,4.700480365792417,1,1,0
96.0,2,1.0,1.0,Entire home/apt,46.20471898003062,6.1295027285814285,4.5,2,4.564348191467836,0,1,0
270.0,2,1.0,1.5,Entire home/apt,46.196452630221,6.149276111552447,0.0,0,5.598421958998375,1,1,1
110.0,3,1.0,1.0,Entire home/apt,46.18939,6.15315,4.0,3,4.700480365792417,1,1,0
106.0,1,1.0,1.0,Private room,46.20656,6.13089,0.0,0,4.663439094112067,0,1,0
95.0,2,1.0,1.0,Entire home/apt,46.20288,6.15961,4.75,4,4.553876891600541,1,1,0
305.0,7,3.0,1.0,Entire home/apt,46.19487,6.1455,3.75,4,5.720311776607412,1,1,0
148.0,4,2.0,1.0,Entire home/apt,46.2034512,6.1569959,0.0,0,4.997212273764115,1,1,0
133.0,3,1.0,1.0,Entire home/apt,46.21124,6.14653,4.6,5,4.890349128221754,1,1,1
154.0,4,2.0,2.5,Entire home/apt,46.18773350775245,6.012315665094155,0.0,0,5.0369526024136295,1,1,0
77.0,1,1.0,0.5,Private room,46.20653095098744,6.144826992879213,5.0,1,4.343805421853684,1,1,0
81.0,2,1.0,1.0,Private room,46.22228,6.12342,4.88,16,4.394449154672439,1,1,0
83.0,2,0.0,0.0,Entire home/apt,46.23823,6.12114,0.0,0,4.418840607796598,1,1,0
185.0,4,1.0,1.0,Entire home/apt,46.19678,6.14451,0.0,0,5.220355825078324,1,1,0
140.0,1,1.0,0.5,Private room,46.2205110146856,6.139233339366132,0.0,0,4.941642422609304,1,1,0
102.0,2,1.0,1.0,Entire home/apt,46.1875751,6.1439631,0.0,0,4.624972813284271,1,1,0
140.0,3,1.0,1.0,Entire home/apt,46.216769405002125,6.134110725773633,0.0,0,4.941642422609304,1,1,0
83.0,2,0.0,0.0,Entire home/apt,46.23738,6.12313,0.0,0,4.418840607796598,1,1,0
92.0,2,0.0,0.0,Entire home/apt,46.23769,6.12313,0.0,0,4.5217885770490405,1,1,0
161.0,2,1.0,1.5,Entire home/apt,46.21787806743252,6.1491399664235855,4.67,3,5.081404364984463,1,1,1
83.0,2,0.0,0.0,Entire home/apt,46.23921,6.12236,0.0,0,4.418840607796598,1,1,0
120.0,2,1.0,1.0,Entire home/apt,46.2060358,6.1620537,0.0,0,4.787491742782046,1,1,0
135.0,2,1.0,1.0,Entire home/apt,46.2067406,6.1347953,0.0,0,4.90527477843843,1,1,0
85.0,1,1.0,1.0,Entire home/apt,46.186273391983015,6.111634233262103,5.0,3,4.442651256490317,0,0,0
98.0,1,2.0,0.5,Private room,46.221760763292,6.140208310268207,0.0,0,4.584967478670572,1,1,0
96.0,3,0.0,1.0,Entire home/apt,46.21123,6.12502,5.0,1,4.564348191467836,1,1,0
99.0,2,1.0,1.0,Private room,46.201547330290026,6.166002822979917,4.33,3,4.59511985013459,1,1,0
566.0,6,3.0,3.0,Entire home/apt,46.2871622,6.1565389,0.0,0,6.338594078203183,1,1,0
59.0,2,3.0,2.0,Private room,46.19991705574949,6.159287208230109,0.0,0,4.07753744390572,1,1,1
148.0,1,1.0,1.0,Entire home/apt,46.20605910208834,6.1840159404253,0.0,0,4.997212273764115,1,1,0
108.0,4,1.0,1.0,Entire home/apt,46.21156373549727,6.133783402525257,5.0,1,4.68213122712422,1,1,1
87.0,2,1.0,0.0,Entire home/apt,46.20393,6.13483,4.0,3,4.465908118654584,1,1,0
83.0,2,0.0,0.0,Entire home/apt,46.23784,6.12098,0.0,0,4.418840607796598,1,1,0
83.0,2,0.0,0.0,Entire home/apt,46.23876,6.12121,0.0,0,4.418840607796598,1,1,0
79.0,2,0.0,0.0,Entire home/apt,46.2388,6.12254,0.0,0,4.3694478524670215,1,1,0
73.0,2,1.0,1.5,Entire home/apt,46.18343652017902,6.143220753591719,0.0,0,4.290459441148391,1,1,0
46.0,3,1.0,1.0,Shared room,46.21284,6.15106,3.0,5,3.828641396489095,0,0,0
231.0,5,2.0,1.0,Entire home/apt,46.20025,6.16015,5.0,1,5.442417710521793,1,1,0
151.0,1,1.0,1.0,Private room,46.2000043,6.173018,0.0,0,5.017279836814924,1,1,0
97.0,2,1.0,1.0,Entire home/apt,46.20445653107257,6.135910598866673,4.77,13,4.574710978503383,1,1,0
200.0,4,2.0,2.0,Entire home/apt,46.18056439933741,6.096796543274192,0.0,0,5.298317366548036,1,1,0
31.0,2,1.0,1.0,Private room,46.21149,6.14538,0.0,0,3.4339872044851463,1,1,1
153.0,4,2.0,1.0,Entire home/apt,46.20671,6.12764,5.0,1,5.030437921392435,1,1,0
85.0,4,2.0,1.0,Entire home/apt,46.2062981,6.122246,5.0,1,4.442651256490317,1,1,0
237.0,8,3.0,1.0,Entire home/apt,46.20216,6.17153,0.0,0,5.4680601411351315,1,1,0
167.0,4,1.0,1.0,Entire home/apt,46.21174,6.1508,5.0,1,5.117993812416755,1,1,0
90.0,4,2.0,1.0,Entire home/apt,46.187777386592295,6.144031370681313,0.0,0,4.499809670330265,1,1,0
107.0,1,1.0,1.0,Entire home/apt,46.19299,6.16115,0.0,0,4.672828834461906,1,0,0
63.0,2,0.0,1.0,Entire home/apt,46.21693596517059,6.080707650661884,4.0,1,4.143134726391533,1,1,0
134.0,2,1.0,1.0,Entire home/apt,46.20236656957127,6.160329168585579,4.5,2,4.897839799950911,1,1,0
50.0,4,1.0,1.0,Shared room,46.20720904468243,6.135630276483969,0.0,0,3.912023005428146,0,1,1
108.0,2,1.0,1.0,Private room,46.2174604,6.1175786,0.0,0,4.68213122712422,1,1,0
82.0,2,1.0,1.0,Private room,46.2015,6.12713,5.0,5,4.406719247264253,1,1,0
74.0,1,1.0,1.0,Private room,46.20548,6.16188,5.0,1,4.30406509320417,1,1,0
140.0,2,1.0,1.0,Private room,46.217309676663405,6.267192526945923,0.0,0,4.941642422609304,1,1,0
175.0,6,3.0,1.0,Entire home/apt,46.2291817,6.0801112,5.0,6,5.1647859739235145,0,1,0
72.0,1,1.0,1.0,Entire home/apt,46.16869892993411,6.11353385519616,0.0,0,4.276666119016055,1,1,0
88.0,2,1.0,2.5,Private room,46.2100763,6.1388584,0.0,0,4.477336814478207,1,1,1
63.0,1,1.0,1.0,Private room,46.18339116097707,6.137399219014749,0.0,0,4.143134726391533,1,1,0
83.0,2,0.0,0.0,Entire home/apt,46.23886,6.12132,0.0,0,4.418840607796598,1,1,0
83.0,2,0.0,0.0,Entire home/apt,46.2384627,6.1221548,0.0,0,4.418840607796598,1,1,0
110.0,1,1.0,1.0,Entire home/apt,46.22408448298292,6.14904567387879,0.0,0,4.700480365792417,1,1,0
77.0,2,0.0,0.0,Entire home/apt,46.2384627,6.1221548,0.0,0,4.343805421853684,1,1,0
105.0,2,0.0,0.0,Entire home/apt,46.2384627,6.1221548,0.0,0,4.653960350157523,1,1,0
90.0,2,0.0,0.0,Entire home/apt,46.2384627,6.1221548,0.0,0,4.499809670330265,1,1,0
105.0,2,0.0,0.0,Entire home/apt,46.2384627,6.1221548,0.0,0,4.653960350157523,1,1,0
135.0,4,2.0,1.0,Entire home/apt,46.20381,6.16239,5.0,1,4.90527477843843,1,1,0
55.0,2,1.0,1.0,Private room,46.1924819835968,6.146073285929589,4.38,8,4.007333185232471,1,1,0
162.0,4,1.0,1.0,Entire home/apt,46.19577663701881,6.155803129076958,0.0,0,5.087596335232384,1,0,0
167.0,4,1.0,2.0,Entire home/apt,46.22889,6.11884,0.0,0,5.117993812416755,1,1,0
77.0,2,0.0,0.0,Entire home/apt,46.2384627,6.1221548,0.0,0,4.343805421853684,1,1,0
83.0,2,0.0,0.0,Entire home/apt,46.2384627,6.1221548,0.0,0,4.418840607796598,1,1,0
90.0,2,0.0,0.0,Entire home/apt,46.2384627,6.1221548,0.0,0,4.499809670330265,1,1,0
76.0,2,1.0,1.0,Private room,46.17482264626664,6.125391554639477,5.0,1,4.330733340286331,1,1,1
204.0,2,2.0,1.0,Entire home/apt,46.18407,6.14054,0.0,0,5.318119993844216,0,1,0
204.0,1,1.0,1.0,Private room,46.18291,6.13893,0.0,0,5.318119993844216,0,1,0
204.0,2,1.0,1.0,Private room,46.183763954664926,6.139588226557731,0.0,0,5.318119993844216,0,0,0
88.0,2,1.0,1.0,Entire home/apt,46.23489339442596,6.124618687630556,5.0,3,4.477336814478207,1,1,0
78.0,2,1.0,1.0,Shared room,46.21037,6.14611,0.0,0,4.356708826689592,1,1,0
141.0,2,1.0,1.0,Entire home/apt,46.20317619805958,6.159770909419473,5.0,2,4.948759890378168,1,1,0
124.0,4,1.0,1.0,Entire home/apt,46.21014,6.14744,5.0,3,4.820281565605037,0,0,0
127.0,4,1.0,1.0,Entire home/apt,46.210135,6.1474442,5.0,1,4.844187086458591,1,0,1
69.0,1,1.0,0.5,Private room,46.2092714,6.1480141,4.75,12,4.23410650459726,1,1,0
98.0,3,1.0,1.0,Entire home/apt,46.21497,6.13341,5.0,2,4.584967478670572,0,1,0
731.0,4,2.0,2.5,Entire home/apt,46.20467,6.17658,0.0,0,6.594413459749778,1,1,1
161.0,2,1.0,1.0,Private room,46.2214070260674,6.149297196689419,5.0,2,5.081404364984463,1,0,0
67.0,2,1.0,1.5,Private room,46.1971651934853,6.137516509626717,4.57,7,4.204692619390966,1,1,0
218.0,6,3.0,1.0,Entire home/apt,46.20802659854947,6.144909672439098,4.67,3,5.384495062789089,1,1,0
101.0,2,1.0,1.0,Entire home/apt,46.2134685,6.1495155,5.0,3,4.61512051684126,1,1,0
85.0,2,1.0,1.0,Entire home/apt,46.17417,6.12385,4.67,3,4.442651256490317,1,1,0
112.0,4,1.0,1.0,Entire home/apt,46.21516,6.14795,5.0,1,4.718498871295094,1,1,1
86.0,2,1.0,1.0,Entire home/apt,46.19261915552839,6.161348980856774,0.0,0,4.454347296253507,0,1,0
70.0,1,1.0,0.5,Private room,46.21176498137533,6.129116242330558,5.0,1,4.248495242049359,1,1,0
94.0,1,1.0,2.0,Private room,46.20272408689025,6.152099876664195,0.0,0,4.543294782270004,1,1,0
67.0,2,1.0,1.0,Entire home/apt,46.228086,6.1130063,5.0,1,4.204692619390966,1,1,0
63.0,2,1.0,1.0,Entire home/apt,46.16651,6.18361,5.0,2,4.143134726391533,1,1,0
212.0,2,1.0,1.0,Entire home/apt,46.198,6.14248,0.0,0,5.356586274672012,1,1,0
108.0,2,1.0,1.0,Entire home/apt,46.19629400365703,6.135522529715889,0.0,0,4.68213122712422,1,1,0
163.0,2,1.0,0.5,Private room,46.20292004939808,6.152157923144397,0.0,0,5.093750200806762,1,1,0
160.0,2,1.0,1.0,Entire home/apt,46.18789,6.15626,0.0,0,5.075173815233827,1,1,0
133.0,3,2.0,2.5,Entire home/apt,46.21607,6.18237,0.0,0,4.890349128221754,1,1,0
40.0,2,1.0,1.0,Private room,46.209788384195214,6.114221931402929,0.0,0,3.6888794541139363,1,0,0
120.0,2,0.0,1.0,Entire home/apt,46.20976,6.13828,0.0,0,4.787491742782046,1,1,0
72.0,2,1.0,1.0,Private room,46.20174513820969,6.159077766928527,0.0,0,4.276666119016055,1,1,1
77.0,2,0.0,0.0,Entire home/apt,46.2384627,6.1221548,0.0,0,4.343805421853684,1,1,0
79.0,2,0.0,0.0,Entire home/apt,46.2384627,6.1221548,0.0,0,4.3694478524670215,1,1,0
97.0,2,0.0,0.0,Entire home/apt,46.2384627,6.1221548,0.0,0,4.574710978503383,1,1,0
83.0,2,0.0,0.0,Entire home/apt,46.2384627,6.1221548,0.0,0,4.418840607796598,1,1,0
187.0,3,2.0,1.5,Entire home/apt,46.21100623269388,6.148327170716723,5.0,1,5.231108616854587,1,1,0
66.0,2,4.0,2.0,Private room,46.20032387073133,6.161131117388709,0.0,0,4.189654742026425,1,1,1
441.0,4,2.0,2.0,Entire home/apt,46.19099615122322,6.1007831940680255,4.5,2,6.089044875446846,1,1,0
60.0,1,1.0,0.5,Private room,46.23015915319344,6.068379272151241,0.0,0,4.0943445622221,1,1,0
133.0,5,1.0,1.0,Entire home/apt,46.21184518940166,6.146108054955628,0.0,0,4.890349128221754,1,1,0
96.0,4,2.0,1.0,Entire home/apt,46.1881,6.14664,0.0,0,4.564348191467836,1,1,0
79.0,2,0.0,0.0,Entire home/apt,46.23762788178385,6.121720317220257,0.0,0,4.3694478524670215,1,1,0
90.0,2,0.0,0.0,Entire home/apt,46.2384627,6.1221548,0.0,0,4.499809670330265,1,1,0
90.0,2,0.0,0.0,Entire home/apt,46.2384627,6.1221548,0.0,0,4.499809670330265,1,1,0
83.0,2,0.0,0.0,Entire home/apt,46.2384627,6.1221548,0.0,0,4.418840607796598,1,1,0
123.0,2,0.0,0.0,Entire home/apt,46.23846,6.12216,0.0,0,4.812184355372417,1,1,0
123.0,2,0.0,0.0,Entire home/apt,46.2384627,6.1221548,0.0,0,4.812184355372417,1,1,0
95.0,2,1.0,1.0,Entire home/apt,46.19131,6.20165,0.0,0,4.553876891600541,1,1,0
83.0,2,0.0,0.0,Entire home/apt,46.2384627,6.1221548,0.0,0,4.418840607796598,1,1,0
97.0,2,0.0,0.0,Entire home/apt,46.2384627,6.1221548,0.0,0,4.574710978503383,1,1,0
83.0,2,0.0,0.0,Entire home/apt,46.2384627,6.1221548,0.0,0,4.418840607796598,1,1,0
97.0,2,0.0,0.0,Entire home/apt,46.2384627,6.1221548,0.0,0,4.574710978503383,1,1,0
97.0,2,0.0,0.0,Entire home/apt,46.2384627,6.1221548,0.0,0,4.574710978503383,1,1,0
83.0,2,0.0,0.0,Entire home/apt,46.2384627,6.1221548,0.0,0,4.418840607796598,1,1,0
92.0,2,0.0,0.0,Entire home/apt,46.2384627,6.1221548,0.0,0,4.5217885770490405,1,1,0
96.0,2,0.0,0.0,Entire home/apt,46.2384627,6.1221548,0.0,0,4.564348191467836,1,1,0
97.0,2,0.0,0.0,Entire home/apt,46.2384627,6.1221548,0.0,0,4.574710978503383,1,1,0
97.0,2,0.0,0.0,Entire home/apt,46.2384627,6.1221548,0.0,0,4.574710978503383,1,1,0
83.0,2,0.0,0.0,Entire home/apt,46.2384627,6.1221548,0.0,0,4.418840607796598,1,1,0
83.0,2,0.0,0.0,Entire home/apt,46.2384627,6.1221548,0.0,0,4.418840607796598,1,1,0
83.0,2,0.0,0.0,Entire home/apt,46.2384627,6.1221548,0.0,0,4.418840607796598,1,1,0
77.0,2,0.0,0.0,Entire home/apt,46.2384627,6.1221548,0.0,0,4.343805421853684,1,1,0
81.0,2,0.0,0.0,Entire home/apt,46.2384627,6.1221548,0.0,0,4.394449154672439,1,1,0
83.0,2,0.0,0.0,Entire home/apt,46.2384627,6.1221548,0.0,0,4.418840607796598,1,1,0
97.0,2,0.0,0.0,Entire home/apt,46.2384627,6.1221548,0.0,0,4.574710978503383,1,1,0
247.0,4,2.0,2.0,Entire home/apt,46.1802676,6.1414721,0.0,0,5.5093883366279774,1,1,0
104.0,3,2.0,1.0,Entire home/apt,46.20779,6.13867,0.0,0,4.6443908991413725,1,1,0
100.0,2,1.0,1.0,Entire home/apt,46.1681651,6.1483564,0.0,0,4.605170185988092,1,1,0
191.0,2,2.0,1.5,Entire home/apt,46.199472,6.1560274,5.0,2,5.25227342804663,1,1,0
117.0,4,1.0,1.0,Entire home/apt,46.20628111310789,6.13053309176883,0.0,0,4.762173934797756,1,1,0
106.0,2,0.0,0.0,Entire home/apt,46.2384627,6.1221548,0.0,0,4.663439094112067,1,1,0
84.0,3,1.0,1.0,Entire home/apt,46.2256023,6.0697623,5.0,2,4.430816798843313,1,1,0
113.0,2,0.0,0.0,Entire home/apt,46.2384627,6.1221548,0.0,0,4.727387818712341,1,1,0
120.0,2,0.0,0.0,Entire home/apt,46.2384627,6.1221548,0.0,0,4.787491742782046,1,1,0
120.0,2,0.0,0.0,Entire home/apt,46.2384627,6.1221548,0.0,0,4.787491742782046,1,1,0
106.0,2,0.0,0.0,Entire home/apt,46.2384627,6.1221548,0.0,0,4.663439094112067,1,1,0
120.0,2,0.0,0.0,Entire home/apt,46.2384627,6.1221548,0.0,0,4.787491742782046,1,1,0
99.0,2,0.0,0.0,Entire home/apt,46.2384627,6.1221548,0.0,0,4.59511985013459,1,1,0
95.0,2,0.0,0.0,Entire home/apt,46.2384627,6.1221548,0.0,0,4.553876891600541,1,1,0
79.0,2,0.0,0.0,Entire home/apt,46.2384627,6.1221548,0.0,0,4.3694478524670215,1,1,0
86.0,2,0.0,0.0,Entire home/apt,46.2384627,6.1221548,0.0,0,4.454347296253507,1,1,0
60.0,2,1.0,1.0,Private room,46.20562,6.12154,0.0,0,4.0943445622221,1,1,0
84.0,2,1.0,1.0,Private room,46.22033649999999,6.139618599999999,0.0,0,4.430816798843313,1,0,0
82.0,2,0.0,1.0,Entire home/apt,46.19590892764148,6.141881021483828,0.0,0,4.406719247264253,1,1,0
144.0,2,1.0,1.0,Entire home/apt,46.20008,6.1403,5.0,1,4.969813299576001,1,1,0
133.0,6,1.0,1.0,Entire home/apt,46.20393,6.16016,0.0,0,4.890349128221754,1,1,0
284.0,6,4.0,3.0,Entire home/apt,46.1895214,6.1653229,0.0,0,5.648974238161206,1,1,0
129.0,2,1.0,1.0,Entire home/apt,46.20181,6.1383,5.0,1,4.859812404361672,1,1,0
99.0,2,0.0,1.0,Entire home/apt,46.20406,6.16062,0.0,0,4.59511985013459,1,1,0
113.0,4,2.0,1.5,Entire home/apt,46.19555567842269,6.215809169006208,5.0,2,4.727387818712341,1,1,0
96.0,2,1.0,1.0,Entire home/apt,46.20941112897536,6.134238290972523,0.0,0,4.564348191467836,1,1,0
99.0,2,1.0,1.0,Entire home/apt,46.2137464926053,6.145360172389235,0.0,0,4.59511985013459,1,1,0
258.0,2,1.0,1.0,Entire home/apt,46.19015194071587,6.162713671758396,0.0,0,5.552959584921617,1,1,1
83.0,2,1.0,1.0,Entire home/apt,46.20287418847333,6.1350172072105815,5.0,1,4.418840607796598,1,1,0
61.0,4,1.0,0.0,Shared room,46.21462,6.15078,5.0,1,4.110873864173311,0,1,0
103.0,4,1.0,1.0,Entire home/apt,46.18534,6.10201,0.0,0,4.634728988229636,1,1,0
45.0,1,1.0,1.0,Private room,46.28672150014196,6.163021715667367,0.0,0,3.8066624897703196,1,1,0
93.0,2,1.0,1.0,Entire home/apt,46.19722,6.16302,5.0,1,4.532599493153256,1,1,0
154.0,4,1.0,1.0,Entire home/apt,46.20463,6.16193,0.0,0,5.0369526024136295,1,1,0
115.0,2,1.0,1.0,Entire home/apt,46.19193,6.14235,0.0,0,4.74493212836325,1,1,0
585.0,6,3.0,1.0,Entire home/apt,46.21973089999999,6.121788599999999,0.0,0,6.371611847231857,1,1,1
114.0,2,6.0,6.0,Private room,46.27302,6.12494,0.0,0,4.736198448394496,1,1,0
252.0,6,2.0,1.0,Entire home/apt,46.2041735,6.1593404,0.0,0,5.529429087511423,1,1,0
90.0,2,1.0,1.0,Private room,46.2711,6.12627,0.0,0,4.499809670330265,1,1,0
114.0,2,1.0,1.0,Private room,46.27189,6.12677,0.0,0,4.736198448394496,1,1,0
102.0,2,1.0,1.0,Private room,46.27108,6.12494,0.0,0,4.624972813284271,1,1,0
150.0,2,1.0,1.0,Entire home/apt,46.19117,6.20041,0.0,0,5.0106352940962555,1,1,0
53.0,2,1.0,0.0,Private room,46.20091,6.13764,0.0,0,3.970291913552122,1,1,0
46.0,1,1.0,1.0,Private room,46.20956,6.12675,0.0,0,3.828641396489095,1,1,0
275.0,3,2.0,1.0,Entire home/apt,46.21206,6.13051,0.0,0,5.616771097666572,1,1,0
119.0,4,1.0,1.0,Entire home/apt,46.210135,6.1474442,0.0,0,4.77912349311153,1,1,1
114.0,4,1.0,1.0,Entire home/apt,46.210135,6.1474442,0.0,0,4.736198448394496,1,1,1
122.0,4,1.0,1.0,Entire home/apt,46.210135,6.1474442,0.0,0,4.804021044733257,1,1,1
125.0,2,0.0,1.0,Entire home/apt,46.210135,6.1474442,0.0,0,4.8283137373023015,1,1,1
44.0,1,1.0,0.5,Private room,46.17405,6.13128,0.0,0,3.784189633918261,1,1,0
124.0,4,1.0,1.0,Entire home/apt,46.210135,6.1474442,0.0,0,4.820281565605037,1,1,1
67.0,2,1.0,1.0,Private room,46.17644129866623,6.119364212780648,0.0,0,4.204692619390966,1,1,0
125.0,4,1.0,1.0,Entire home/apt,46.210135,6.1474442,0.0,0,4.8283137373023015,1,1,1
